ISO-10303-21;
HEADER;
FILE_DESCRIPTION(('FreeCAD Model'),'2;1');
FILE_NAME('Open CASCADE Shape Model','2026-10-09T15:30:34',('FreeCAD'),(
    'FreeCAD'),'Open CASCADE STEP processor 7.5','FreeCAD','Unknown');
FILE_SCHEMA(('AUTOMOTIVE_DESIGN { 1 0 10303 214 1 1 1 1 }'));
ENDSEC;
DATA;
#1 = APPLICATION_PROTOCOL_DEFINITION('international standard',
  'automotive_design',2000,#2);
#2 = APPLICATION_CONTEXT(
  'core data for automotive mechanical design processes');
#3 = SHAPE_DEFINITION_REPRESENTATION(#4,#10);
#4 = PRODUCT_DEFINITION_SHAPE('','',#5);
#5 = PRODUCT_DEFINITION('design','',#6,#9);
#6 = PRODUCT_DEFINITION_FORMATION('','',#7);
#7 = PRODUCT('Open CASCADE STEP translator 7.5 7',
  'Open CASCADE STEP translator 7.5 7','',(#8));
#8 = PRODUCT_CONTEXT('',#2,'mechanical');
#9 = PRODUCT_DEFINITION_CONTEXT('part definition',#2,'design');
#10 = ADVANCED_BREP_SHAPE_REPRESENTATION('',(#11,#15),#16969);
#11 = AXIS2_PLACEMENT_3D('',#12,#13,#14);
#12 = CARTESIAN_POINT('',(0.,0.,0.));
#13 = DIRECTION('',(0.,0.,1.));
#14 = DIRECTION('',(1.,0.,-0.));
#15 = MANIFOLD_SOLID_BREP('',#16);
#16 = CLOSED_SHELL('',(#17,#1074,#1252,#1301,#1350,#1399,#1448,#1497,
    #1546,#1595,#1644,#1693,#1742,#1791,#1840,#1889,#1938,#1987,#2036,
    #2085,#2134,#2183,#2232,#2281,#2330,#2379,#2428,#2477,#2526,#2575,
    #2624,#2673,#2722,#2771,#2820,#2869,#2918,#2967,#3016,#3063,#3258,
    #6366,#6413,#7197,#7203,#7253,#7672,#7719,#7746,#7773,#7800,#7827,
    #7854,#7881,#7908,#7935,#7962,#7989,#8016,#8043,#8070,#8097,#8124,
    #8151,#8178,#8205,#8232,#8259,#8286,#8313,#8340,#8367,#8394,#8421,
    #8448,#8475,#8500,#8527,#8554,#8581,#8608,#8635,#8642,#8716,#8763,
    #8810,#8857,#8904,#8951,#8998,#9045,#9092,#9139,#9186,#9233,#9280,
    #9327,#9374,#9421,#9468,#9515,#9562,#9609,#9656,#9703,#9750,#9797,
    #9844,#9891,#9938,#9985,#10032,#10079,#10126,#10173,#10220,#10267,
    #10314,#10361,#10408,#10455,#10502,#10549,#10596,#10643,#10690,
    #10737,#10784,#10831,#10878,#10925,#10972,#11019,#11066,#11113,
    #11160,#11207,#11254,#11301,#11348,#11395,#11442,#11489,#11536,
    #11583,#11630,#11677,#11724,#11771,#11818,#11865,#11912,#11959,
    #11984,#12039,#12094,#12170,#12219,#12268,#12366,#12457,#12506,
    #12555,#12604,#12653,#12680,#13172,#13176,#13180,#13193,#13265,
    #13341,#13390,#13439,#13488,#13537,#13586,#13635,#13684,#13733,
    #13782,#13831,#13880,#13929,#13978,#14027,#14054,#15111,#15185,
    #15232,#15279,#15326,#15373,#15420,#15467,#15514,#15561,#15608,
    #15655,#15702,#15749,#15796,#15843,#15890,#15937,#15984,#16031,
    #16078,#16125,#16172,#16219,#16266,#16313,#16360,#16407,#16454,
    #16501,#16548,#16595,#16642,#16689,#16736,#16783,#16830,#16855,
    #16895,#16922,#16949,#16956));
#17 = ADVANCED_FACE('',(#18),#33,.T.);
#18 = FACE_BOUND('',#19,.T.);
#19 = EDGE_LOOP('',(#20,#56,#85,#114,#140,#166,#192,#218,#244,#270,#296,
    #322,#348,#374,#400,#426,#452,#478,#504,#530,#556,#582,#608,#634,
    #660,#686,#712,#738,#764,#790,#816,#842,#868,#894,#920,#946,#972,
    #998,#1024,#1050));
#20 = ORIENTED_EDGE('',*,*,#21,.F.);
#21 = EDGE_CURVE('',#22,#24,#26,.T.);
#22 = VERTEX_POINT('',#23);
#23 = CARTESIAN_POINT('',(11.670433789954,0.831249152957,12.3204));
#24 = VERTEX_POINT('',#25);
#25 = CARTESIAN_POINT('',(9.992381494322,0.541264073797,12.3204));
#26 = SURFACE_CURVE('',#27,(#32,#44),.PCURVE_S1.);
#27 = CIRCLE('',#28,1.1);
#28 = AXIS2_PLACEMENT_3D('',#29,#30,#31);
#29 = CARTESIAN_POINT('',(10.95,0.,12.3204));
#30 = DIRECTION('',(0.,0.,1.));
#31 = DIRECTION('',(1.,0.,-0.));
#32 = PCURVE('',#33,#38);
#33 = PLANE('',#34);
#34 = AXIS2_PLACEMENT_3D('',#35,#36,#37);
#35 = CARTESIAN_POINT('',(0.,0.,12.3204));
#36 = DIRECTION('',(0.,0.,1.));
#37 = DIRECTION('',(1.,0.,-0.));
#38 = DEFINITIONAL_REPRESENTATION('',(#39),#43);
#39 = CIRCLE('',#40,1.1);
#40 = AXIS2_PLACEMENT_2D('',#41,#42);
#41 = CARTESIAN_POINT('',(10.95,0.));
#42 = DIRECTION('',(1.,0.));
#43 = ( GEOMETRIC_REPRESENTATION_CONTEXT(2) 
PARAMETRIC_REPRESENTATION_CONTEXT() REPRESENTATION_CONTEXT('2D SPACE',''
  ) );
#44 = PCURVE('',#45,#50);
#45 = CYLINDRICAL_SURFACE('',#46,1.1);
#46 = AXIS2_PLACEMENT_3D('',#47,#48,#49);
#47 = CARTESIAN_POINT('',(10.95,0.,11.2204));
#48 = DIRECTION('',(0.,0.,1.));
#49 = DIRECTION('',(1.,0.,-0.));
#50 = DEFINITIONAL_REPRESENTATION('',(#51),#55);
#51 = LINE('',#52,#53);
#52 = CARTESIAN_POINT('',(0.,1.1));
#53 = VECTOR('',#54,1.);
#54 = DIRECTION('',(1.,0.));
#55 = ( GEOMETRIC_REPRESENTATION_CONTEXT(2) 
PARAMETRIC_REPRESENTATION_CONTEXT() REPRESENTATION_CONTEXT('2D SPACE',''
  ) );
#56 = ORIENTED_EDGE('',*,*,#57,.T.);
#57 = EDGE_CURVE('',#22,#58,#60,.T.);
#58 = VERTEX_POINT('',#59);
#59 = CARTESIAN_POINT('',(-11.67043378995,0.831249152957,12.3204));
#60 = SURFACE_CURVE('',#61,(#66,#73),.PCURVE_S1.);
#61 = CIRCLE('',#62,11.7);
#62 = AXIS2_PLACEMENT_3D('',#63,#64,#65);
#63 = CARTESIAN_POINT('',(0.,0.,12.3204));
#64 = DIRECTION('',(0.,0.,1.));
#65 = DIRECTION('',(1.,0.,-0.));
#66 = PCURVE('',#33,#67);
#67 = DEFINITIONAL_REPRESENTATION('',(#68),#72);
#68 = CIRCLE('',#69,11.7);
#69 = AXIS2_PLACEMENT_2D('',#70,#71);
#70 = CARTESIAN_POINT('',(0.,0.));
#71 = DIRECTION('',(1.,0.));
#72 = ( GEOMETRIC_REPRESENTATION_CONTEXT(2) 
PARAMETRIC_REPRESENTATION_CONTEXT() REPRESENTATION_CONTEXT('2D SPACE',''
  ) );
#73 = PCURVE('',#74,#79);
#74 = CYLINDRICAL_SURFACE('',#75,11.7);
#75 = AXIS2_PLACEMENT_3D('',#76,#77,#78);
#76 = CARTESIAN_POINT('',(0.,0.,10.6204));
#77 = DIRECTION('',(0.,0.,1.));
#78 = DIRECTION('',(1.,0.,-0.));
#79 = DEFINITIONAL_REPRESENTATION('',(#80),#84);
#80 = LINE('',#81,#82);
#81 = CARTESIAN_POINT('',(0.,1.7));
#82 = VECTOR('',#83,1.);
#83 = DIRECTION('',(1.,0.));
#84 = ( GEOMETRIC_REPRESENTATION_CONTEXT(2) 
PARAMETRIC_REPRESENTATION_CONTEXT() REPRESENTATION_CONTEXT('2D SPACE',''
  ) );
#85 = ORIENTED_EDGE('',*,*,#86,.F.);
#86 = EDGE_CURVE('',#87,#58,#89,.T.);
#87 = VERTEX_POINT('',#88);
#88 = CARTESIAN_POINT('',(-9.990362053416,0.537675563399,12.3204));
#89 = SURFACE_CURVE('',#90,(#95,#102),.PCURVE_S1.);
#90 = CIRCLE('',#91,1.1);
#91 = AXIS2_PLACEMENT_3D('',#92,#93,#94);
#92 = CARTESIAN_POINT('',(-10.95,1.340988245066E-15,12.3204));
#93 = DIRECTION('',(0.,0.,1.));
#94 = DIRECTION('',(1.,0.,-0.));
#95 = PCURVE('',#33,#96);
#96 = DEFINITIONAL_REPRESENTATION('',(#97),#101);
#97 = CIRCLE('',#98,1.1);
#98 = AXIS2_PLACEMENT_2D('',#99,#100);
#99 = CARTESIAN_POINT('',(-10.95,1.340988245066E-15));
#100 = DIRECTION('',(1.,0.));
#101 = ( GEOMETRIC_REPRESENTATION_CONTEXT(2) 
PARAMETRIC_REPRESENTATION_CONTEXT() REPRESENTATION_CONTEXT('2D SPACE',''
  ) );
#102 = PCURVE('',#103,#108);
#103 = CYLINDRICAL_SURFACE('',#104,1.1);
#104 = AXIS2_PLACEMENT_3D('',#105,#106,#107);
#105 = CARTESIAN_POINT('',(-10.95,1.340988245066E-15,11.2204));
#106 = DIRECTION('',(0.,0.,1.));
#107 = DIRECTION('',(1.,0.,-0.));
#108 = DEFINITIONAL_REPRESENTATION('',(#109),#113);
#109 = LINE('',#110,#111);
#110 = CARTESIAN_POINT('',(6.28318530718,1.1));
#111 = VECTOR('',#112,1.);
#112 = DIRECTION('',(1.,0.));
#113 = ( GEOMETRIC_REPRESENTATION_CONTEXT(2) 
PARAMETRIC_REPRESENTATION_CONTEXT() REPRESENTATION_CONTEXT('2D SPACE',''
  ) );
#114 = ORIENTED_EDGE('',*,*,#115,.T.);
#115 = EDGE_CURVE('',#87,#116,#118,.T.);
#116 = VERTEX_POINT('',#117);
#117 = CARTESIAN_POINT('',(-9.976534386921,0.858135558395,12.3204));
#118 = SURFACE_CURVE('',#119,(#123,#129),.PCURVE_S1.);
#119 = LINE('',#120,#121);
#120 = CARTESIAN_POINT('',(-9.98574374881,0.64470604982,12.3204));
#121 = VECTOR('',#122,1.);
#122 = DIRECTION('',(4.310931778129E-02,0.999070361246,-0.));
#123 = PCURVE('',#33,#124);
#124 = DEFINITIONAL_REPRESENTATION('',(#125),#128);
#125 = B_SPLINE_CURVE_WITH_KNOTS('',1,(#126,#127),.UNSPECIFIED.,.F.,.F.,
  (2,2),(-0.639463179141,0.213628105541),.PIECEWISE_BEZIER_KNOTS.);
#126 = CARTESIAN_POINT('',(-10.0133105702,5.83734043175E-03));
#127 = CARTESIAN_POINT('',(-9.976534386921,0.858135558395));
#128 = ( GEOMETRIC_REPRESENTATION_CONTEXT(2) 
PARAMETRIC_REPRESENTATION_CONTEXT() REPRESENTATION_CONTEXT('2D SPACE',''
  ) );
#129 = PCURVE('',#130,#135);
#130 = PLANE('',#131);
#131 = AXIS2_PLACEMENT_3D('',#132,#133,#134);
#132 = CARTESIAN_POINT('',(-9.976534386921,0.858135558395,12.2704));
#133 = DIRECTION('',(0.999070361246,-4.310931778129E-02,0.));
#134 = DIRECTION('',(-4.310931778129E-02,-0.999070361246,0.));
#135 = DEFINITIONAL_REPRESENTATION('',(#136),#139);
#136 = B_SPLINE_CURVE_WITH_KNOTS('',1,(#137,#138),.UNSPECIFIED.,.F.,.F.,
  (2,2),(-0.639463179141,0.213628105541),.PIECEWISE_BEZIER_KNOTS.);
#137 = CARTESIAN_POINT('',(0.853091284682,-5.E-02));
#138 = CARTESIAN_POINT('',(0.,-5.E-02));
#139 = ( GEOMETRIC_REPRESENTATION_CONTEXT(2) 
PARAMETRIC_REPRESENTATION_CONTEXT() REPRESENTATION_CONTEXT('2D SPACE',''
  ) );
#140 = ORIENTED_EDGE('',*,*,#141,.T.);
#141 = EDGE_CURVE('',#116,#142,#144,.T.);
#142 = VERTEX_POINT('',#143);
#143 = CARTESIAN_POINT('',(-9.867237129524,1.704243961335,12.3204));
#144 = SURFACE_CURVE('',#145,(#149,#155),.PCURVE_S1.);
#145 = LINE('',#146,#147);
#146 = CARTESIAN_POINT('',(-9.894530698988,1.492954867535,12.3204));
#147 = VECTOR('',#148,1.);
#148 = DIRECTION('',(0.128111972334,0.991759710083,-0.));
#149 = PCURVE('',#33,#150);
#150 = DEFINITIONAL_REPRESENTATION('',(#151),#154);
#151 = B_SPLINE_CURVE_WITH_KNOTS('',1,(#152,#153),.UNSPECIFIED.,.F.,.F.,
  (2,2),(-0.640093868189,0.213044643426),.PIECEWISE_BEZIER_KNOTS.);
#152 = CARTESIAN_POINT('',(-9.976534386921,0.858135558395));
#153 = CARTESIAN_POINT('',(-9.867237129524,1.704243961335));
#154 = ( GEOMETRIC_REPRESENTATION_CONTEXT(2) 
PARAMETRIC_REPRESENTATION_CONTEXT() REPRESENTATION_CONTEXT('2D SPACE',''
  ) );
#155 = PCURVE('',#156,#161);
#156 = PLANE('',#157);
#157 = AXIS2_PLACEMENT_3D('',#158,#159,#160);
#158 = CARTESIAN_POINT('',(-9.867237129524,1.704243961335,12.2704));
#159 = DIRECTION('',(0.991759710083,-0.128111972334,0.));
#160 = DIRECTION('',(-0.128111972334,-0.991759710083,0.));
#161 = DEFINITIONAL_REPRESENTATION('',(#162),#165);
#162 = B_SPLINE_CURVE_WITH_KNOTS('',1,(#163,#164),.UNSPECIFIED.,.F.,.F.,
  (2,2),(-0.640093868189,0.213044643426),.PIECEWISE_BEZIER_KNOTS.);
#163 = CARTESIAN_POINT('',(0.853138511615,-5.E-02));
#164 = CARTESIAN_POINT('',(0.,-5.E-02));
#165 = ( GEOMETRIC_REPRESENTATION_CONTEXT(2) 
PARAMETRIC_REPRESENTATION_CONTEXT() REPRESENTATION_CONTEXT('2D SPACE',''
  ) );
#166 = ORIENTED_EDGE('',*,*,#167,.T.);
#167 = EDGE_CURVE('',#142,#168,#170,.T.);
#168 = VERTEX_POINT('',#169);
#169 = CARTESIAN_POINT('',(-9.686376939589,2.537902999369,12.3204));
#170 = SURFACE_CURVE('',#171,(#175,#181),.PCURVE_S1.);
#171 = LINE('',#172,#173);
#172 = CARTESIAN_POINT('',(-9.731594087214,2.329478559442,12.3204));
#173 = VECTOR('',#174,1.);
#174 = DIRECTION('',(0.212015421493,0.977266320431,-0.));
#175 = PCURVE('',#33,#176);
#176 = DEFINITIONAL_REPRESENTATION('',(#177),#180);
#177 = B_SPLINE_CURVE_WITH_KNOTS('',1,(#178,#179),.UNSPECIFIED.,.F.,.F.,
  (2,2),(-0.639779131887,0.213272918108),.PIECEWISE_BEZIER_KNOTS.);
#178 = CARTESIAN_POINT('',(-9.867237129524,1.704243961335));
#179 = CARTESIAN_POINT('',(-9.686376939589,2.537902999369));
#180 = ( GEOMETRIC_REPRESENTATION_CONTEXT(2) 
PARAMETRIC_REPRESENTATION_CONTEXT() REPRESENTATION_CONTEXT('2D SPACE',''
  ) );
#181 = PCURVE('',#182,#187);
#182 = PLANE('',#183);
#183 = AXIS2_PLACEMENT_3D('',#184,#185,#186);
#184 = CARTESIAN_POINT('',(-9.686376939589,2.537902999369,12.2704));
#185 = DIRECTION('',(0.977266320431,-0.212015421493,0.));
#186 = DIRECTION('',(-0.212015421493,-0.977266320431,0.));
#187 = DEFINITIONAL_REPRESENTATION('',(#188),#191);
#188 = B_SPLINE_CURVE_WITH_KNOTS('',1,(#189,#190),.UNSPECIFIED.,.F.,.F.,
  (2,2),(-0.639779131887,0.213272918108),.PIECEWISE_BEZIER_KNOTS.);
#189 = CARTESIAN_POINT('',(0.853052049995,-5.E-02));
#190 = CARTESIAN_POINT('',(0.,-5.E-02));
#191 = ( GEOMETRIC_REPRESENTATION_CONTEXT(2) 
PARAMETRIC_REPRESENTATION_CONTEXT() REPRESENTATION_CONTEXT('2D SPACE',''
  ) );
#192 = ORIENTED_EDGE('',*,*,#193,.T.);
#193 = EDGE_CURVE('',#168,#194,#196,.T.);
#194 = VERTEX_POINT('',#195);
#195 = CARTESIAN_POINT('',(-9.435158368848,3.353226327697,12.3204));
#196 = SURFACE_CURVE('',#197,(#201,#207),.PCURVE_S1.);
#197 = LINE('',#198,#199);
#198 = CARTESIAN_POINT('',(-9.497919040002,3.149538204073,12.3204));
#199 = VECTOR('',#200,1.);
#200 = DIRECTION('',(0.294460434588,0.955663671206,-0.));
#201 = PCURVE('',#33,#202);
#202 = DEFINITIONAL_REPRESENTATION('',(#203),#206);
#203 = B_SPLINE_CURVE_WITH_KNOTS('',1,(#204,#205),.UNSPECIFIED.,.F.,.F.,
  (2,2),(-0.640010940179,0.213137874507),.PIECEWISE_BEZIER_KNOTS.);
#204 = CARTESIAN_POINT('',(-9.686376939589,2.537902999369));
#205 = CARTESIAN_POINT('',(-9.435158368848,3.353226327697));
#206 = ( GEOMETRIC_REPRESENTATION_CONTEXT(2) 
PARAMETRIC_REPRESENTATION_CONTEXT() REPRESENTATION_CONTEXT('2D SPACE',''
  ) );
#207 = PCURVE('',#208,#213);
#208 = PLANE('',#209);
#209 = AXIS2_PLACEMENT_3D('',#210,#211,#212);
#210 = CARTESIAN_POINT('',(-9.435158368848,3.353226327697,12.2704));
#211 = DIRECTION('',(0.955663671206,-0.294460434588,0.));
#212 = DIRECTION('',(-0.294460434588,-0.955663671206,0.));
#213 = DEFINITIONAL_REPRESENTATION('',(#214),#217);
#214 = B_SPLINE_CURVE_WITH_KNOTS('',1,(#215,#216),.UNSPECIFIED.,.F.,.F.,
  (2,2),(-0.640010940179,0.213137874507),.PIECEWISE_BEZIER_KNOTS.);
#215 = CARTESIAN_POINT('',(0.853148814686,-5.E-02));
#216 = CARTESIAN_POINT('',(0.,-5.E-02));
#217 = ( GEOMETRIC_REPRESENTATION_CONTEXT(2) 
PARAMETRIC_REPRESENTATION_CONTEXT() REPRESENTATION_CONTEXT('2D SPACE',''
  ) );
#218 = ORIENTED_EDGE('',*,*,#219,.T.);
#219 = EDGE_CURVE('',#194,#220,#222,.T.);
#220 = VERTEX_POINT('',#221);
#221 = CARTESIAN_POINT('',(-9.115555584277,4.144194588814,12.3204));
#222 = SURFACE_CURVE('',#223,(#227,#233),.PCURVE_S1.);
#223 = LINE('',#224,#225);
#224 = CARTESIAN_POINT('',(-9.195605827292,3.946082417782,12.3204));
#225 = VECTOR('',#226,1.);
#226 = DIRECTION('',(0.374637694227,0.927171288417,-0.));
#227 = PCURVE('',#33,#228);
#228 = DEFINITIONAL_REPRESENTATION('',(#229),#232);
#229 = B_SPLINE_CURVE_WITH_KNOTS('',1,(#230,#231),.UNSPECIFIED.,.F.,.F.,
  (2,2),(-0.639424556705,0.213673755332),.PIECEWISE_BEZIER_KNOTS.);
#230 = CARTESIAN_POINT('',(-9.435158368848,3.353226327697));
#231 = CARTESIAN_POINT('',(-9.115555584277,4.144194588814));
#232 = ( GEOMETRIC_REPRESENTATION_CONTEXT(2) 
PARAMETRIC_REPRESENTATION_CONTEXT() REPRESENTATION_CONTEXT('2D SPACE',''
  ) );
#233 = PCURVE('',#234,#239);
#234 = PLANE('',#235);
#235 = AXIS2_PLACEMENT_3D('',#236,#237,#238);
#236 = CARTESIAN_POINT('',(-9.115555584277,4.144194588814,12.2704));
#237 = DIRECTION('',(0.927171288417,-0.374637694227,0.));
#238 = DIRECTION('',(-0.374637694227,-0.927171288417,0.));
#239 = DEFINITIONAL_REPRESENTATION('',(#240),#243);
#240 = B_SPLINE_CURVE_WITH_KNOTS('',1,(#241,#242),.UNSPECIFIED.,.F.,.F.,
  (2,2),(-0.639424556705,0.213673755332),.PIECEWISE_BEZIER_KNOTS.);
#241 = CARTESIAN_POINT('',(0.853098312037,-5.E-02));
#242 = CARTESIAN_POINT('',(0.,-5.E-02));
#243 = ( GEOMETRIC_REPRESENTATION_CONTEXT(2) 
PARAMETRIC_REPRESENTATION_CONTEXT() REPRESENTATION_CONTEXT('2D SPACE',''
  ) );
#244 = ORIENTED_EDGE('',*,*,#245,.T.);
#245 = EDGE_CURVE('',#220,#246,#248,.T.);
#246 = VERTEX_POINT('',#247);
#247 = CARTESIAN_POINT('',(-8.729702560472,4.905111630298,12.3204));
#248 = SURFACE_CURVE('',#249,(#253,#259),.PCURVE_S1.);
#249 = LINE('',#250,#251);
#250 = CARTESIAN_POINT('',(-8.826182316011,4.714849832103,12.3204));
#251 = VECTOR('',#252,1.);
#252 = DIRECTION('',(0.452264833956,0.89188369195,-0.));
#253 = PCURVE('',#33,#254);
#254 = DEFINITIONAL_REPRESENTATION('',(#255),#258);
#255 = B_SPLINE_CURVE_WITH_KNOTS('',1,(#256,#257),.UNSPECIFIED.,.F.,.F.,
  (2,2),(-0.63983145834,0.213325795629),.PIECEWISE_BEZIER_KNOTS.);
#256 = CARTESIAN_POINT('',(-9.115555584277,4.144194588814));
#257 = CARTESIAN_POINT('',(-8.729702560472,4.905111630298));
#258 = ( GEOMETRIC_REPRESENTATION_CONTEXT(2) 
PARAMETRIC_REPRESENTATION_CONTEXT() REPRESENTATION_CONTEXT('2D SPACE',''
  ) );
#259 = PCURVE('',#260,#265);
#260 = PLANE('',#261);
#261 = AXIS2_PLACEMENT_3D('',#262,#263,#264);
#262 = CARTESIAN_POINT('',(-8.729702560472,4.905111630298,12.2704));
#263 = DIRECTION('',(0.89188369195,-0.452264833956,0.));
#264 = DIRECTION('',(-0.452264833956,-0.89188369195,0.));
#265 = DEFINITIONAL_REPRESENTATION('',(#266),#269);
#266 = B_SPLINE_CURVE_WITH_KNOTS('',1,(#267,#268),.UNSPECIFIED.,.F.,.F.,
  (2,2),(-0.63983145834,0.213325795629),.PIECEWISE_BEZIER_KNOTS.);
#267 = CARTESIAN_POINT('',(0.853157253969,-5.E-02));
#268 = CARTESIAN_POINT('',(0.,-5.E-02));
#269 = ( GEOMETRIC_REPRESENTATION_CONTEXT(2) 
PARAMETRIC_REPRESENTATION_CONTEXT() REPRESENTATION_CONTEXT('2D SPACE',''
  ) );
#270 = ORIENTED_EDGE('',*,*,#271,.T.);
#271 = EDGE_CURVE('',#246,#272,#274,.T.);
#272 = VERTEX_POINT('',#273);
#273 = CARTESIAN_POINT('',(-8.280489489813,5.630371492105,12.3204));
#274 = SURFACE_CURVE('',#275,(#279,#285),.PCURVE_S1.);
#275 = LINE('',#276,#277);
#276 = CARTESIAN_POINT('',(-8.39275609892,5.449115712331,12.3204));
#277 = VECTOR('',#278,1.);
#278 = DIRECTION('',(0.526560253836,0.850137811816,-0.));
#279 = PCURVE('',#33,#280);
#280 = DEFINITIONAL_REPRESENTATION('',(#281),#284);
#281 = B_SPLINE_CURVE_WITH_KNOTS('',1,(#282,#283),.UNSPECIFIED.,.F.,.F.,
  (2,2),(-0.639901054243,0.213207526185),.PIECEWISE_BEZIER_KNOTS.);
#282 = CARTESIAN_POINT('',(-8.729702560472,4.905111630298));
#283 = CARTESIAN_POINT('',(-8.280489489813,5.630371492105));
#284 = ( GEOMETRIC_REPRESENTATION_CONTEXT(2) 
PARAMETRIC_REPRESENTATION_CONTEXT() REPRESENTATION_CONTEXT('2D SPACE',''
  ) );
#285 = PCURVE('',#286,#291);
#286 = PLANE('',#287);
#287 = AXIS2_PLACEMENT_3D('',#288,#289,#290);
#288 = CARTESIAN_POINT('',(-8.280489489813,5.630371492105,12.2704));
#289 = DIRECTION('',(0.850137811816,-0.526560253836,0.));
#290 = DIRECTION('',(-0.526560253836,-0.850137811816,0.));
#291 = DEFINITIONAL_REPRESENTATION('',(#292),#295);
#292 = B_SPLINE_CURVE_WITH_KNOTS('',1,(#293,#294),.UNSPECIFIED.,.F.,.F.,
  (2,2),(-0.639901054243,0.213207526185),.PIECEWISE_BEZIER_KNOTS.);
#293 = CARTESIAN_POINT('',(0.853108580428,-5.E-02));
#294 = CARTESIAN_POINT('',(0.,-5.E-02));
#295 = ( GEOMETRIC_REPRESENTATION_CONTEXT(2) 
PARAMETRIC_REPRESENTATION_CONTEXT() REPRESENTATION_CONTEXT('2D SPACE',''
  ) );
#296 = ORIENTED_EDGE('',*,*,#297,.T.);
#297 = EDGE_CURVE('',#272,#298,#300,.T.);
#298 = VERTEX_POINT('',#299);
#299 = CARTESIAN_POINT('',(-7.771139577378,6.314791419272,12.3204));
#300 = SURFACE_CURVE('',#301,(#305,#311),.PCURVE_S1.);
#301 = LINE('',#302,#303);
#302 = CARTESIAN_POINT('',(-7.898409118766,6.143777724911,12.3204));
#303 = VECTOR('',#304,1.);
#304 = DIRECTION('',(0.597021445394,0.802225276178,-0.));
#305 = PCURVE('',#33,#306);
#306 = DEFINITIONAL_REPRESENTATION('',(#307),#310);
#307 = B_SPLINE_CURVE_WITH_KNOTS('',1,(#308,#309),.UNSPECIFIED.,.F.,.F.,
  (2,2),(-0.639977632284,0.213174153742),.PIECEWISE_BEZIER_KNOTS.);
#308 = CARTESIAN_POINT('',(-8.280489489813,5.630371492105));
#309 = CARTESIAN_POINT('',(-7.771139577378,6.314791419272));
#310 = ( GEOMETRIC_REPRESENTATION_CONTEXT(2) 
PARAMETRIC_REPRESENTATION_CONTEXT() REPRESENTATION_CONTEXT('2D SPACE',''
  ) );
#311 = PCURVE('',#312,#317);
#312 = PLANE('',#313);
#313 = AXIS2_PLACEMENT_3D('',#314,#315,#316);
#314 = CARTESIAN_POINT('',(-7.771139577378,6.314791419272,12.2704));
#315 = DIRECTION('',(0.802225276178,-0.597021445394,0.));
#316 = DIRECTION('',(-0.597021445394,-0.802225276178,0.));
#317 = DEFINITIONAL_REPRESENTATION('',(#318),#321);
#318 = B_SPLINE_CURVE_WITH_KNOTS('',1,(#319,#320),.UNSPECIFIED.,.F.,.F.,
  (2,2),(-0.639977632284,0.213174153742),.PIECEWISE_BEZIER_KNOTS.);
#319 = CARTESIAN_POINT('',(0.853151786026,-5.E-02));
#320 = CARTESIAN_POINT('',(0.,-5.E-02));
#321 = ( GEOMETRIC_REPRESENTATION_CONTEXT(2) 
PARAMETRIC_REPRESENTATION_CONTEXT() REPRESENTATION_CONTEXT('2D SPACE',''
  ) );
#322 = ORIENTED_EDGE('',*,*,#323,.T.);
#323 = EDGE_CURVE('',#298,#324,#326,.T.);
#324 = VERTEX_POINT('',#325);
#325 = CARTESIAN_POINT('',(-7.205495643493,6.953315451755,12.3204));
#326 = SURFACE_CURVE('',#327,(#331,#337),.PCURVE_S1.);
#327 = LINE('',#328,#329);
#328 = CARTESIAN_POINT('',(-7.347015889883,6.793561102791,12.3204));
#329 = VECTOR('',#330,1.);
#330 = DIRECTION('',(0.663097044853,0.74853343887,-0.));
#331 = PCURVE('',#33,#332);
#332 = DEFINITIONAL_REPRESENTATION('',(#333),#336);
#333 = B_SPLINE_CURVE_WITH_KNOTS('',1,(#334,#335),.UNSPECIFIED.,.F.,.F.,
  (2,2),(-0.639610281462,0.213423129373),.PIECEWISE_BEZIER_KNOTS.);
#334 = CARTESIAN_POINT('',(-7.771139577378,6.314791419272));
#335 = CARTESIAN_POINT('',(-7.205495643493,6.953315451755));
#336 = ( GEOMETRIC_REPRESENTATION_CONTEXT(2) 
PARAMETRIC_REPRESENTATION_CONTEXT() REPRESENTATION_CONTEXT('2D SPACE',''
  ) );
#337 = PCURVE('',#338,#343);
#338 = PLANE('',#339);
#339 = AXIS2_PLACEMENT_3D('',#340,#341,#342);
#340 = CARTESIAN_POINT('',(-7.205495643493,6.953315451755,12.2704));
#341 = DIRECTION('',(0.74853343887,-0.663097044853,0.));
#342 = DIRECTION('',(-0.663097044853,-0.74853343887,0.));
#343 = DEFINITIONAL_REPRESENTATION('',(#344),#347);
#344 = B_SPLINE_CURVE_WITH_KNOTS('',1,(#345,#346),.UNSPECIFIED.,.F.,.F.,
  (2,2),(-0.639610281462,0.213423129373),.PIECEWISE_BEZIER_KNOTS.);
#345 = CARTESIAN_POINT('',(0.853033410835,-5.E-02));
#346 = CARTESIAN_POINT('',(0.,-5.E-02));
#347 = ( GEOMETRIC_REPRESENTATION_CONTEXT(2) 
PARAMETRIC_REPRESENTATION_CONTEXT() REPRESENTATION_CONTEXT('2D SPACE',''
  ) );
#348 = ORIENTED_EDGE('',*,*,#349,.T.);
#349 = EDGE_CURVE('',#324,#350,#352,.T.);
#350 = VERTEX_POINT('',#351);
#351 = CARTESIAN_POINT('',(-6.5874603161,7.541384039671,12.3204));
#352 = SURFACE_CURVE('',#353,(#357,#363),.PCURVE_S1.);
#353 = LINE('',#354,#355);
#354 = CARTESIAN_POINT('',(-6.741829755226,7.394499526666,12.3204));
#355 = VECTOR('',#356,1.);
#356 = DIRECTION('',(0.724451912447,0.689325341585,-0.));
#357 = PCURVE('',#33,#358);
#358 = DEFINITIONAL_REPRESENTATION('',(#359),#362);
#359 = B_SPLINE_CURVE_WITH_KNOTS('',1,(#360,#361),.UNSPECIFIED.,.F.,.F.,
  (2,2),(-0.640023002631,0.2130844525),.PIECEWISE_BEZIER_KNOTS.);
#360 = CARTESIAN_POINT('',(-7.205495643493,6.953315451755));
#361 = CARTESIAN_POINT('',(-6.5874603161,7.541384039671));
#362 = ( GEOMETRIC_REPRESENTATION_CONTEXT(2) 
PARAMETRIC_REPRESENTATION_CONTEXT() REPRESENTATION_CONTEXT('2D SPACE',''
  ) );
#363 = PCURVE('',#364,#369);
#364 = PLANE('',#365);
#365 = AXIS2_PLACEMENT_3D('',#366,#367,#368);
#366 = CARTESIAN_POINT('',(-6.5874603161,7.541384039671,12.2704));
#367 = DIRECTION('',(0.689325341585,-0.724451912447,0.));
#368 = DIRECTION('',(-0.724451912447,-0.689325341585,0.));
#369 = DEFINITIONAL_REPRESENTATION('',(#370),#373);
#370 = B_SPLINE_CURVE_WITH_KNOTS('',1,(#371,#372),.UNSPECIFIED.,.F.,.F.,
  (2,2),(-0.640023002631,0.2130844525),.PIECEWISE_BEZIER_KNOTS.);
#371 = CARTESIAN_POINT('',(0.853107455131,-5.E-02));
#372 = CARTESIAN_POINT('',(0.,-5.E-02));
#373 = ( GEOMETRIC_REPRESENTATION_CONTEXT(2) 
PARAMETRIC_REPRESENTATION_CONTEXT() REPRESENTATION_CONTEXT('2D SPACE',''
  ) );
#374 = ORIENTED_EDGE('',*,*,#375,.T.);
#375 = EDGE_CURVE('',#350,#376,#378,.T.);
#376 = VERTEX_POINT('',#377);
#377 = CARTESIAN_POINT('',(-5.921542440927,8.07478763314,12.3204));
#378 = SURFACE_CURVE('',#379,(#383,#389),.PCURVE_S1.);
#379 = LINE('',#380,#381);
#380 = CARTESIAN_POINT('',(-6.087965548757,7.941481880189,12.3204));
#381 = VECTOR('',#382,1.);
#382 = DIRECTION('',(0.780486008218,0.625173248769,-0.));
#383 = PCURVE('',#33,#384);
#384 = DEFINITIONAL_REPRESENTATION('',(#385),#388);
#385 = B_SPLINE_CURVE_WITH_KNOTS('',1,(#386,#387),.UNSPECIFIED.,.F.,.F.,
  (2,2),(-0.639979143871,0.213230097757),.PIECEWISE_BEZIER_KNOTS.);
#386 = CARTESIAN_POINT('',(-6.5874603161,7.541384039671));
#387 = CARTESIAN_POINT('',(-5.921542440927,8.07478763314));
#388 = ( GEOMETRIC_REPRESENTATION_CONTEXT(2) 
PARAMETRIC_REPRESENTATION_CONTEXT() REPRESENTATION_CONTEXT('2D SPACE',''
  ) );
#389 = PCURVE('',#390,#395);
#390 = PLANE('',#391);
#391 = AXIS2_PLACEMENT_3D('',#392,#393,#394);
#392 = CARTESIAN_POINT('',(-5.921542440927,8.07478763314,12.2704));
#393 = DIRECTION('',(0.625173248769,-0.780486008218,0.));
#394 = DIRECTION('',(-0.780486008218,-0.625173248769,0.));
#395 = DEFINITIONAL_REPRESENTATION('',(#396),#399);
#396 = B_SPLINE_CURVE_WITH_KNOTS('',1,(#397,#398),.UNSPECIFIED.,.F.,.F.,
  (2,2),(-0.639979143871,0.213230097757),.PIECEWISE_BEZIER_KNOTS.);
#397 = CARTESIAN_POINT('',(0.853209241628,-5.E-02));
#398 = CARTESIAN_POINT('',(0.,-5.E-02));
#399 = ( GEOMETRIC_REPRESENTATION_CONTEXT(2) 
PARAMETRIC_REPRESENTATION_CONTEXT() REPRESENTATION_CONTEXT('2D SPACE',''
  ) );
#400 = ORIENTED_EDGE('',*,*,#401,.T.);
#401 = EDGE_CURVE('',#376,#402,#404,.T.);
#402 = VERTEX_POINT('',#403);
#403 = CARTESIAN_POINT('',(-5.212733876402,8.549480079737,12.3204));
#404 = SURFACE_CURVE('',#405,(#409,#415),.PCURVE_S1.);
#405 = LINE('',#406,#407);
#406 = CARTESIAN_POINT('',(-5.38977626003,8.430913958443,12.3204));
#407 = VECTOR('',#408,1.);
#408 = DIRECTION('',(0.83088340938,0.556446547313,-0.));
#409 = PCURVE('',#33,#410);
#410 = DEFINITIONAL_REPRESENTATION('',(#411),#414);
#411 = B_SPLINE_CURVE_WITH_KNOTS('',1,(#412,#413),.UNSPECIFIED.,.F.,.F.,
  (2,2),(-0.640000961499,0.213077288136),.PIECEWISE_BEZIER_KNOTS.);
#412 = CARTESIAN_POINT('',(-5.921542440927,8.07478763314));
#413 = CARTESIAN_POINT('',(-5.212733876402,8.549480079737));
#414 = ( GEOMETRIC_REPRESENTATION_CONTEXT(2) 
PARAMETRIC_REPRESENTATION_CONTEXT() REPRESENTATION_CONTEXT('2D SPACE',''
  ) );
#415 = PCURVE('',#416,#421);
#416 = PLANE('',#417);
#417 = AXIS2_PLACEMENT_3D('',#418,#419,#420);
#418 = CARTESIAN_POINT('',(-5.212733876402,8.549480079737,12.2704));
#419 = DIRECTION('',(0.556446547313,-0.83088340938,0.));
#420 = DIRECTION('',(-0.83088340938,-0.556446547313,0.));
#421 = DEFINITIONAL_REPRESENTATION('',(#422),#425);
#422 = B_SPLINE_CURVE_WITH_KNOTS('',1,(#423,#424),.UNSPECIFIED.,.F.,.F.,
  (2,2),(-0.640000961499,0.213077288136),.PIECEWISE_BEZIER_KNOTS.);
#423 = CARTESIAN_POINT('',(0.853078249635,-5.E-02));
#424 = CARTESIAN_POINT('',(0.,-5.E-02));
#425 = ( GEOMETRIC_REPRESENTATION_CONTEXT(2) 
PARAMETRIC_REPRESENTATION_CONTEXT() REPRESENTATION_CONTEXT('2D SPACE',''
  ) );
#426 = ORIENTED_EDGE('',*,*,#427,.T.);
#427 = EDGE_CURVE('',#402,#428,#430,.T.);
#428 = VERTEX_POINT('',#429);
#429 = CARTESIAN_POINT('',(-4.466159493656,8.962184842282,12.3204));
#430 = SURFACE_CURVE('',#431,(#435,#441),.PCURVE_S1.);
#431 = LINE('',#432,#433);
#432 = CARTESIAN_POINT('',(-4.65309385844,8.858847915094,12.3204));
#433 = VECTOR('',#434,1.);
#434 = DIRECTION('',(0.87517990055,0.483797624709,-0.));
#435 = PCURVE('',#33,#436);
#436 = DEFINITIONAL_REPRESENTATION('',(#437),#440);
#437 = B_SPLINE_CURVE_WITH_KNOTS('',1,(#438,#439),.UNSPECIFIED.,.F.,.F.,
  (2,2),(-0.639457119171,0.213595358699),.PIECEWISE_BEZIER_KNOTS.);
#438 = CARTESIAN_POINT('',(-5.212733876402,8.549480079737));
#439 = CARTESIAN_POINT('',(-4.466159493656,8.962184842282));
#440 = ( GEOMETRIC_REPRESENTATION_CONTEXT(2) 
PARAMETRIC_REPRESENTATION_CONTEXT() REPRESENTATION_CONTEXT('2D SPACE',''
  ) );
#441 = PCURVE('',#442,#447);
#442 = PLANE('',#443);
#443 = AXIS2_PLACEMENT_3D('',#444,#445,#446);
#444 = CARTESIAN_POINT('',(-4.466159493656,8.962184842282,12.2704));
#445 = DIRECTION('',(0.483797624709,-0.87517990055,0.));
#446 = DIRECTION('',(-0.87517990055,-0.483797624709,0.));
#447 = DEFINITIONAL_REPRESENTATION('',(#448),#451);
#448 = B_SPLINE_CURVE_WITH_KNOTS('',1,(#449,#450),.UNSPECIFIED.,.F.,.F.,
  (2,2),(-0.639457119171,0.213595358699),.PIECEWISE_BEZIER_KNOTS.);
#449 = CARTESIAN_POINT('',(0.85305247787,-5.E-02));
#450 = CARTESIAN_POINT('',(0.,-5.E-02));
#451 = ( GEOMETRIC_REPRESENTATION_CONTEXT(2) 
PARAMETRIC_REPRESENTATION_CONTEXT() REPRESENTATION_CONTEXT('2D SPACE',''
  ) );
#452 = ORIENTED_EDGE('',*,*,#453,.T.);
#453 = EDGE_CURVE('',#428,#454,#456,.T.);
#454 = VERTEX_POINT('',#455);
#455 = CARTESIAN_POINT('',(-3.6870673689,9.309811986135,12.3204));
#456 = SURFACE_CURVE('',#457,(#461,#467),.PCURVE_S1.);
#457 = LINE('',#458,#459);
#458 = CARTESIAN_POINT('',(-3.881767404609,9.222937770403,12.3204));
#459 = VECTOR('',#460,1.);
#460 = DIRECTION('',(0.913217206637,0.407473107703,-0.));
#461 = PCURVE('',#33,#462);
#462 = DEFINITIONAL_REPRESENTATION('',(#463),#466);
#463 = B_SPLINE_CURVE_WITH_KNOTS('',1,(#464,#465),.UNSPECIFIED.,.F.,.F.,
  (2,2),(-0.639926717105,0.213202329406),.PIECEWISE_BEZIER_KNOTS.);
#464 = CARTESIAN_POINT('',(-4.466159493656,8.962184842282));
#465 = CARTESIAN_POINT('',(-3.6870673689,9.309811986135));
#466 = ( GEOMETRIC_REPRESENTATION_CONTEXT(2) 
PARAMETRIC_REPRESENTATION_CONTEXT() REPRESENTATION_CONTEXT('2D SPACE',''
  ) );
#467 = PCURVE('',#468,#473);
#468 = PLANE('',#469);
#469 = AXIS2_PLACEMENT_3D('',#470,#471,#472);
#470 = CARTESIAN_POINT('',(-3.6870673689,9.309811986135,12.2704));
#471 = DIRECTION('',(0.407473107703,-0.913217206637,0.));
#472 = DIRECTION('',(-0.913217206637,-0.407473107703,0.));
#473 = DEFINITIONAL_REPRESENTATION('',(#474),#477);
#474 = B_SPLINE_CURVE_WITH_KNOTS('',1,(#475,#476),.UNSPECIFIED.,.F.,.F.,
  (2,2),(-0.639926717105,0.213202329406),.PIECEWISE_BEZIER_KNOTS.);
#475 = CARTESIAN_POINT('',(0.853129046511,-5.E-02));
#476 = CARTESIAN_POINT('',(0.,-5.E-02));
#477 = ( GEOMETRIC_REPRESENTATION_CONTEXT(2) 
PARAMETRIC_REPRESENTATION_CONTEXT() REPRESENTATION_CONTEXT('2D SPACE',''
  ) );
#478 = ORIENTED_EDGE('',*,*,#479,.T.);
#479 = EDGE_CURVE('',#454,#480,#482,.T.);
#480 = VERTEX_POINT('',#481);
#481 = CARTESIAN_POINT('',(-2.881161796129,9.589881384278,12.3204));
#482 = SURFACE_CURVE('',#483,(#487,#493),.PCURVE_S1.);
#483 = LINE('',#484,#485);
#484 = CARTESIAN_POINT('',(-3.08259757423,9.519878149355,12.3204));
#485 = VECTOR('',#486,1.);
#486 = DIRECTION('',(0.944586075902,0.32826383476,-0.));
#487 = PCURVE('',#33,#488);
#488 = DEFINITIONAL_REPRESENTATION('',(#489),#492);
#489 = B_SPLINE_CURVE_WITH_KNOTS('',1,(#490,#491),.UNSPECIFIED.,.F.,.F.,
  (2,2),(-0.639930875641,0.213252961524),.PIECEWISE_BEZIER_KNOTS.);
#490 = CARTESIAN_POINT('',(-3.6870673689,9.309811986135));
#491 = CARTESIAN_POINT('',(-2.881161796129,9.589881384278));
#492 = ( GEOMETRIC_REPRESENTATION_CONTEXT(2) 
PARAMETRIC_REPRESENTATION_CONTEXT() REPRESENTATION_CONTEXT('2D SPACE',''
  ) );
#493 = PCURVE('',#494,#499);
#494 = PLANE('',#495);
#495 = AXIS2_PLACEMENT_3D('',#496,#497,#498);
#496 = CARTESIAN_POINT('',(-2.881161796129,9.589881384278,12.2704));
#497 = DIRECTION('',(0.32826383476,-0.944586075902,0.));
#498 = DIRECTION('',(-0.944586075902,-0.32826383476,0.));
#499 = DEFINITIONAL_REPRESENTATION('',(#500),#503);
#500 = B_SPLINE_CURVE_WITH_KNOTS('',1,(#501,#502),.UNSPECIFIED.,.F.,.F.,
  (2,2),(-0.639930875641,0.213252961524),.PIECEWISE_BEZIER_KNOTS.);
#501 = CARTESIAN_POINT('',(0.853183837165,-5.E-02));
#502 = CARTESIAN_POINT('',(0.,-5.E-02));
#503 = ( GEOMETRIC_REPRESENTATION_CONTEXT(2) 
PARAMETRIC_REPRESENTATION_CONTEXT() REPRESENTATION_CONTEXT('2D SPACE',''
  ) );
#504 = ORIENTED_EDGE('',*,*,#505,.T.);
#505 = EDGE_CURVE('',#480,#506,#508,.T.);
#506 = VERTEX_POINT('',#507);
#507 = CARTESIAN_POINT('',(-2.054480082038,9.800336114772,12.3204));
#508 = SURFACE_CURVE('',#509,(#513,#519),.PCURVE_S1.);
#509 = LINE('',#510,#511);
#510 = CARTESIAN_POINT('',(-2.261309017923,9.747682079709,12.3204));
#511 = VECTOR('',#512,1.);
#512 = DIRECTION('',(0.969089702969,0.246708628952,-0.));
#513 = PCURVE('',#33,#514);
#514 = DEFINITIONAL_REPRESENTATION('',(#515),#518);
#515 = B_SPLINE_CURVE_WITH_KNOTS('',1,(#516,#517),.UNSPECIFIED.,.F.,.F.,
  (2,2),(-0.639623737933,0.213425996842),.PIECEWISE_BEZIER_KNOTS.);
#516 = CARTESIAN_POINT('',(-2.881161796129,9.589881384278));
#517 = CARTESIAN_POINT('',(-2.054480082038,9.800336114772));
#518 = ( GEOMETRIC_REPRESENTATION_CONTEXT(2) 
PARAMETRIC_REPRESENTATION_CONTEXT() REPRESENTATION_CONTEXT('2D SPACE',''
  ) );
#519 = PCURVE('',#520,#525);
#520 = PLANE('',#521);
#521 = AXIS2_PLACEMENT_3D('',#522,#523,#524);
#522 = CARTESIAN_POINT('',(-2.054480082038,9.800336114772,12.2704));
#523 = DIRECTION('',(0.246708628952,-0.969089702969,0.));
#524 = DIRECTION('',(-0.969089702969,-0.246708628952,0.));
#525 = DEFINITIONAL_REPRESENTATION('',(#526),#529);
#526 = B_SPLINE_CURVE_WITH_KNOTS('',1,(#527,#528),.UNSPECIFIED.,.F.,.F.,
  (2,2),(-0.639623737933,0.213425996842),.PIECEWISE_BEZIER_KNOTS.);
#527 = CARTESIAN_POINT('',(0.853049734775,-5.E-02));
#528 = CARTESIAN_POINT('',(0.,-5.E-02));
#529 = ( GEOMETRIC_REPRESENTATION_CONTEXT(2) 
PARAMETRIC_REPRESENTATION_CONTEXT() REPRESENTATION_CONTEXT('2D SPACE',''
  ) );
#530 = ORIENTED_EDGE('',*,*,#531,.T.);
#531 = EDGE_CURVE('',#506,#532,#534,.T.);
#532 = VERTEX_POINT('',#533);
#533 = CARTESIAN_POINT('',(-1.212759533323,9.939638870922,12.3204));
#534 = SURFACE_CURVE('',#535,(#539,#545),.PCURVE_S1.);
#535 = LINE('',#536,#537);
#536 = CARTESIAN_POINT('',(-1.423111673319,9.904826090233,12.3204));
#537 = VECTOR('',#538,1.);
#538 = DIRECTION('',(0.986580314962,0.163276704182,-0.));
#539 = PCURVE('',#33,#540);
#540 = DEFINITIONAL_REPRESENTATION('',(#541),#544);
#541 = B_SPLINE_CURVE_WITH_KNOTS('',1,(#542,#543),.UNSPECIFIED.,.F.,.F.,
  (2,2),(-0.639956422345,0.213213396625),.PIECEWISE_BEZIER_KNOTS.);
#542 = CARTESIAN_POINT('',(-2.054480082038,9.800336114772));
#543 = CARTESIAN_POINT('',(-1.212759533323,9.939638870922));
#544 = ( GEOMETRIC_REPRESENTATION_CONTEXT(2) 
PARAMETRIC_REPRESENTATION_CONTEXT() REPRESENTATION_CONTEXT('2D SPACE',''
  ) );
#545 = PCURVE('',#546,#551);
#546 = PLANE('',#547);
#547 = AXIS2_PLACEMENT_3D('',#548,#549,#550);
#548 = CARTESIAN_POINT('',(-1.212759533323,9.939638870922,12.2704));
#549 = DIRECTION('',(0.163276704182,-0.986580314962,0.));
#550 = DIRECTION('',(-0.986580314962,-0.163276704182,0.));
#551 = DEFINITIONAL_REPRESENTATION('',(#552),#555);
#552 = B_SPLINE_CURVE_WITH_KNOTS('',1,(#553,#554),.UNSPECIFIED.,.F.,.F.,
  (2,2),(-0.639956422345,0.213213396625),.PIECEWISE_BEZIER_KNOTS.);
#553 = CARTESIAN_POINT('',(0.853169818969,-5.E-02));
#554 = CARTESIAN_POINT('',(0.,-5.E-02));
#555 = ( GEOMETRIC_REPRESENTATION_CONTEXT(2) 
PARAMETRIC_REPRESENTATION_CONTEXT() REPRESENTATION_CONTEXT('2D SPACE',''
  ) );
#556 = ORIENTED_EDGE('',*,*,#557,.T.);
#557 = EDGE_CURVE('',#532,#558,#560,.T.);
#558 = VERTEX_POINT('',#559);
#559 = CARTESIAN_POINT('',(-0.362330277003,10.006825551111,12.3204));
#560 = SURFACE_CURVE('',#561,(#565,#571),.PCURVE_S1.);
#561 = LINE('',#562,#563);
#562 = CARTESIAN_POINT('',(-0.575122890373,9.990014241816,12.3204));
#563 = VECTOR('',#564,1.);
#564 = DIRECTION('',(0.996893775894,7.875785411427E-02,-0.));
#565 = PCURVE('',#33,#566);
#566 = DEFINITIONAL_REPRESENTATION('',(#567),#570);
#567 = B_SPLINE_CURVE_WITH_KNOTS('',1,(#568,#569),.UNSPECIFIED.,.F.,.F.,
  (2,2),(-0.63962345675,0.21345565447),.PIECEWISE_BEZIER_KNOTS.);
#568 = CARTESIAN_POINT('',(-1.212759533323,9.939638870922));
#569 = CARTESIAN_POINT('',(-0.362330277003,10.006825551111));
#570 = ( GEOMETRIC_REPRESENTATION_CONTEXT(2) 
PARAMETRIC_REPRESENTATION_CONTEXT() REPRESENTATION_CONTEXT('2D SPACE',''
  ) );
#571 = PCURVE('',#572,#577);
#572 = PLANE('',#573);
#573 = AXIS2_PLACEMENT_3D('',#574,#575,#576);
#574 = CARTESIAN_POINT('',(-0.362330277003,10.006825551111,12.2704));
#575 = DIRECTION('',(7.875785411427E-02,-0.996893775894,0.));
#576 = DIRECTION('',(-0.996893775894,-7.875785411427E-02,0.));
#577 = DEFINITIONAL_REPRESENTATION('',(#578),#581);
#578 = B_SPLINE_CURVE_WITH_KNOTS('',1,(#579,#580),.UNSPECIFIED.,.F.,.F.,
  (2,2),(-0.63962345675,0.21345565447),.PIECEWISE_BEZIER_KNOTS.);
#579 = CARTESIAN_POINT('',(0.85307911122,-5.E-02));
#580 = CARTESIAN_POINT('',(0.,-5.E-02));
#581 = ( GEOMETRIC_REPRESENTATION_CONTEXT(2) 
PARAMETRIC_REPRESENTATION_CONTEXT() REPRESENTATION_CONTEXT('2D SPACE',''
  ) );
#582 = ORIENTED_EDGE('',*,*,#583,.T.);
#583 = EDGE_CURVE('',#558,#584,#586,.T.);
#584 = VERTEX_POINT('',#585);
#585 = CARTESIAN_POINT('',(0.490814162444,10.001315066427,12.3204));
#586 = SURFACE_CURVE('',#587,(#591,#597),.PCURVE_S1.);
#587 = LINE('',#588,#589);
#588 = CARTESIAN_POINT('',(0.277715363576,10.002691477751,12.3204));
#589 = VECTOR('',#590,1.);
#590 = DIRECTION('',(0.999979141125,-6.458894281471E-03,0.));
#591 = PCURVE('',#33,#592);
#592 = DEFINITIONAL_REPRESENTATION('',(#593),#596);
#593 = B_SPLINE_CURVE_WITH_KNOTS('',1,(#594,#595),.UNSPECIFIED.,.F.,.F.,
  (2,2),(-0.64005899149,0.213103243961),.PIECEWISE_BEZIER_KNOTS.);
#594 = CARTESIAN_POINT('',(-0.362330277003,10.006825551111));
#595 = CARTESIAN_POINT('',(0.490814162444,10.001315066427));
#596 = ( GEOMETRIC_REPRESENTATION_CONTEXT(2) 
PARAMETRIC_REPRESENTATION_CONTEXT() REPRESENTATION_CONTEXT('2D SPACE',''
  ) );
#597 = PCURVE('',#598,#603);
#598 = PLANE('',#599);
#599 = AXIS2_PLACEMENT_3D('',#600,#601,#602);
#600 = CARTESIAN_POINT('',(0.490814162444,10.001315066427,12.2704));
#601 = DIRECTION('',(-6.458894281471E-03,-0.999979141125,0.));
#602 = DIRECTION('',(-0.999979141125,6.458894281471E-03,0.));
#603 = DEFINITIONAL_REPRESENTATION('',(#604),#607);
#604 = B_SPLINE_CURVE_WITH_KNOTS('',1,(#605,#606),.UNSPECIFIED.,.F.,.F.,
  (2,2),(-0.64005899149,0.213103243961),.PIECEWISE_BEZIER_KNOTS.);
#605 = CARTESIAN_POINT('',(0.853162235451,-5.E-02));
#606 = CARTESIAN_POINT('',(0.,-5.E-02));
#607 = ( GEOMETRIC_REPRESENTATION_CONTEXT(2) 
PARAMETRIC_REPRESENTATION_CONTEXT() REPRESENTATION_CONTEXT('2D SPACE',''
  ) );
#608 = ORIENTED_EDGE('',*,*,#609,.T.);
#609 = EDGE_CURVE('',#584,#610,#612,.T.);
#610 = VERTEX_POINT('',#611);
#611 = CARTESIAN_POINT('',(1.340274042756,9.923222738119,12.3204));
#612 = SURFACE_CURVE('',#613,(#617,#623),.PCURVE_S1.);
#613 = LINE('',#614,#615);
#614 = CARTESIAN_POINT('',(1.128060122295,9.942731933941,12.3204));
#615 = VECTOR('',#616,1.);
#616 = DIRECTION('',(0.995800875057,-9.15457111834E-02,0.));
#617 = PCURVE('',#33,#618);
#618 = DEFINITIONAL_REPRESENTATION('',(#619),#622);
#619 = B_SPLINE_CURVE_WITH_KNOTS('',1,(#620,#621),.UNSPECIFIED.,.F.,.F.,
  (2,2),(-0.639933118973,0.2131087909),.PIECEWISE_BEZIER_KNOTS.);
#620 = CARTESIAN_POINT('',(0.490814162444,10.001315066427));
#621 = CARTESIAN_POINT('',(1.340274042756,9.923222738119));
#622 = ( GEOMETRIC_REPRESENTATION_CONTEXT(2) 
PARAMETRIC_REPRESENTATION_CONTEXT() REPRESENTATION_CONTEXT('2D SPACE',''
  ) );
#623 = PCURVE('',#624,#629);
#624 = PLANE('',#625);
#625 = AXIS2_PLACEMENT_3D('',#626,#627,#628);
#626 = CARTESIAN_POINT('',(1.340274042756,9.923222738119,12.2704));
#627 = DIRECTION('',(-9.15457111834E-02,-0.995800875057,0.));
#628 = DIRECTION('',(-0.995800875057,9.15457111834E-02,0.));
#629 = DEFINITIONAL_REPRESENTATION('',(#630),#633);
#630 = B_SPLINE_CURVE_WITH_KNOTS('',1,(#631,#632),.UNSPECIFIED.,.F.,.F.,
  (2,2),(-0.639933118973,0.2131087909),.PIECEWISE_BEZIER_KNOTS.);
#631 = CARTESIAN_POINT('',(0.853041909873,-5.E-02));
#632 = CARTESIAN_POINT('',(0.,-5.E-02));
#633 = ( GEOMETRIC_REPRESENTATION_CONTEXT(2) 
PARAMETRIC_REPRESENTATION_CONTEXT() REPRESENTATION_CONTEXT('2D SPACE',''
  ) );
#634 = ORIENTED_EDGE('',*,*,#635,.T.);
#635 = EDGE_CURVE('',#610,#636,#638,.T.);
#636 = VERTEX_POINT('',#637);
#637 = CARTESIAN_POINT('',(2.180122826752,9.773083502676,12.3204));
#638 = SURFACE_CURVE('',#639,(#643,#649),.PCURVE_S1.);
#639 = LINE('',#640,#641);
#640 = CARTESIAN_POINT('',(1.970330048487,9.810588024835,12.3204));
#641 = VECTOR('',#642,1.);
#642 = DIRECTION('',(0.984393838111,-0.175979463262,0.));
#643 = PCURVE('',#33,#644);
#644 = DEFINITIONAL_REPRESENTATION('',(#645),#648);
#645 = B_SPLINE_CURVE_WITH_KNOTS('',1,(#646,#647),.UNSPECIFIED.,.F.,.F.,
  (2,2),(-0.640044646095,0.213118743884),.PIECEWISE_BEZIER_KNOTS.);
#646 = CARTESIAN_POINT('',(1.340274042756,9.923222738119));
#647 = CARTESIAN_POINT('',(2.180122826752,9.773083502676));
#648 = ( GEOMETRIC_REPRESENTATION_CONTEXT(2) 
PARAMETRIC_REPRESENTATION_CONTEXT() REPRESENTATION_CONTEXT('2D SPACE',''
  ) );
#649 = PCURVE('',#650,#655);
#650 = PLANE('',#651);
#651 = AXIS2_PLACEMENT_3D('',#652,#653,#654);
#652 = CARTESIAN_POINT('',(2.180122826752,9.773083502676,12.2704));
#653 = DIRECTION('',(-0.175979463262,-0.984393838111,0.));
#654 = DIRECTION('',(-0.984393838111,0.175979463262,0.));
#655 = DEFINITIONAL_REPRESENTATION('',(#656),#659);
#656 = B_SPLINE_CURVE_WITH_KNOTS('',1,(#657,#658),.UNSPECIFIED.,.F.,.F.,
  (2,2),(-0.640044646095,0.213118743884),.PIECEWISE_BEZIER_KNOTS.);
#657 = CARTESIAN_POINT('',(0.853163389979,-5.E-02));
#658 = CARTESIAN_POINT('',(0.,-5.E-02));
#659 = ( GEOMETRIC_REPRESENTATION_CONTEXT(2) 
PARAMETRIC_REPRESENTATION_CONTEXT() REPRESENTATION_CONTEXT('2D SPACE',''
  ) );
#660 = ORIENTED_EDGE('',*,*,#661,.T.);
#661 = EDGE_CURVE('',#636,#662,#664,.T.);
#662 = VERTEX_POINT('',#663);
#663 = CARTESIAN_POINT('',(3.004114362011,9.552078706751,12.3204));
#664 = SURFACE_CURVE('',#665,(#669,#675),.PCURVE_S1.);
#665 = LINE('',#666,#667);
#666 = CARTESIAN_POINT('',(2.797886075248,9.607391702673,12.3204));
#667 = VECTOR('',#668,1.);
#668 = DIRECTION('',(0.965862227328,-0.259056283115,0.));
#669 = PCURVE('',#33,#670);
#670 = DEFINITIONAL_REPRESENTATION('',(#671),#674);
#671 = B_SPLINE_CURVE_WITH_KNOTS('',1,(#672,#673),.UNSPECIFIED.,.F.,.F.,
  (2,2),(-0.639597689004,0.213517291523),.PIECEWISE_BEZIER_KNOTS.);
#672 = CARTESIAN_POINT('',(2.180122826752,9.773083502676));
#673 = CARTESIAN_POINT('',(3.004114362011,9.552078706751));
#674 = ( GEOMETRIC_REPRESENTATION_CONTEXT(2) 
PARAMETRIC_REPRESENTATION_CONTEXT() REPRESENTATION_CONTEXT('2D SPACE',''
  ) );
#675 = PCURVE('',#676,#681);
#676 = PLANE('',#677);
#677 = AXIS2_PLACEMENT_3D('',#678,#679,#680);
#678 = CARTESIAN_POINT('',(3.004114362011,9.552078706751,12.2704));
#679 = DIRECTION('',(-0.259056283115,-0.965862227328,0.));
#680 = DIRECTION('',(-0.965862227328,0.259056283115,0.));
#681 = DEFINITIONAL_REPRESENTATION('',(#682),#685);
#682 = B_SPLINE_CURVE_WITH_KNOTS('',1,(#683,#684),.UNSPECIFIED.,.F.,.F.,
  (2,2),(-0.639597689004,0.213517291523),.PIECEWISE_BEZIER_KNOTS.);
#683 = CARTESIAN_POINT('',(0.853114980527,-5.E-02));
#684 = CARTESIAN_POINT('',(0.,-5.E-02));
#685 = ( GEOMETRIC_REPRESENTATION_CONTEXT(2) 
PARAMETRIC_REPRESENTATION_CONTEXT() REPRESENTATION_CONTEXT('2D SPACE',''
  ) );
#686 = ORIENTED_EDGE('',*,*,#687,.T.);
#687 = EDGE_CURVE('',#662,#688,#690,.T.);
#688 = VERTEX_POINT('',#689);
#689 = CARTESIAN_POINT('',(3.80628909865,9.261686107157,12.3204));
#690 = SURFACE_CURVE('',#691,(#695,#701),.PCURVE_S1.);
#691 = LINE('',#692,#693);
#692 = CARTESIAN_POINT('',(3.605812776533,9.334259871547,12.3204));
#693 = VECTOR('',#694,1.);
#694 = DIRECTION('',(0.940284600944,-0.340389290706,0.));
#695 = PCURVE('',#33,#696);
#696 = DEFINITIONAL_REPRESENTATION('',(#697),#700);
#697 = B_SPLINE_CURVE_WITH_KNOTS('',1,(#698,#699),.UNSPECIFIED.,.F.,.F.,
  (2,2),(-0.639910952405,0.213208130725),.PIECEWISE_BEZIER_KNOTS.);
#698 = CARTESIAN_POINT('',(3.004114362011,9.552078706751));
#699 = CARTESIAN_POINT('',(3.80628909865,9.261686107157));
#700 = ( GEOMETRIC_REPRESENTATION_CONTEXT(2) 
PARAMETRIC_REPRESENTATION_CONTEXT() REPRESENTATION_CONTEXT('2D SPACE',''
  ) );
#701 = PCURVE('',#702,#707);
#702 = PLANE('',#703);
#703 = AXIS2_PLACEMENT_3D('',#704,#705,#706);
#704 = CARTESIAN_POINT('',(3.80628909865,9.261686107157,12.2704));
#705 = DIRECTION('',(-0.340389290706,-0.940284600944,0.));
#706 = DIRECTION('',(-0.940284600944,0.340389290706,0.));
#707 = DEFINITIONAL_REPRESENTATION('',(#708),#711);
#708 = B_SPLINE_CURVE_WITH_KNOTS('',1,(#709,#710),.UNSPECIFIED.,.F.,.F.,
  (2,2),(-0.639910952405,0.213208130725),.PIECEWISE_BEZIER_KNOTS.);
#709 = CARTESIAN_POINT('',(0.85311908313,-5.E-02));
#710 = CARTESIAN_POINT('',(0.,-5.E-02));
#711 = ( GEOMETRIC_REPRESENTATION_CONTEXT(2) 
PARAMETRIC_REPRESENTATION_CONTEXT() REPRESENTATION_CONTEXT('2D SPACE',''
  ) );
#712 = ORIENTED_EDGE('',*,*,#713,.T.);
#713 = EDGE_CURVE('',#688,#714,#716,.T.);
#714 = VERTEX_POINT('',#715);
#715 = CARTESIAN_POINT('',(4.580777679165,8.90413967849,12.3204));
#716 = SURFACE_CURVE('',#717,(#721,#727),.PCURVE_S1.);
#717 = LINE('',#718,#719);
#718 = CARTESIAN_POINT('',(4.387006178221,8.993595236497,12.3204));
#719 = VECTOR('',#720,1.);
#720 = DIRECTION('',(0.907919165108,-0.41914530849,0.));
#721 = PCURVE('',#33,#722);
#722 = DEFINITIONAL_REPRESENTATION('',(#723),#726);
#723 = B_SPLINE_CURVE_WITH_KNOTS('',1,(#724,#725),.UNSPECIFIED.,.F.,.F.,
  (2,2),(-0.639613196734,0.213423736816),.PIECEWISE_BEZIER_KNOTS.);
#724 = CARTESIAN_POINT('',(3.80628909865,9.261686107157));
#725 = CARTESIAN_POINT('',(4.580777679165,8.90413967849));
#726 = ( GEOMETRIC_REPRESENTATION_CONTEXT(2) 
PARAMETRIC_REPRESENTATION_CONTEXT() REPRESENTATION_CONTEXT('2D SPACE',''
  ) );
#727 = PCURVE('',#728,#733);
#728 = PLANE('',#729);
#729 = AXIS2_PLACEMENT_3D('',#730,#731,#732);
#730 = CARTESIAN_POINT('',(4.580777679165,8.90413967849,12.2704));
#731 = DIRECTION('',(-0.41914530849,-0.907919165108,0.));
#732 = DIRECTION('',(-0.907919165108,0.41914530849,0.));
#733 = DEFINITIONAL_REPRESENTATION('',(#734),#737);
#734 = B_SPLINE_CURVE_WITH_KNOTS('',1,(#735,#736),.UNSPECIFIED.,.F.,.F.,
  (2,2),(-0.639613196734,0.213423736816),.PIECEWISE_BEZIER_KNOTS.);
#735 = CARTESIAN_POINT('',(0.85303693355,-5.E-02));
#736 = CARTESIAN_POINT('',(0.,-5.E-02));
#737 = ( GEOMETRIC_REPRESENTATION_CONTEXT(2) 
PARAMETRIC_REPRESENTATION_CONTEXT() REPRESENTATION_CONTEXT('2D SPACE',''
  ) );
#738 = ORIENTED_EDGE('',*,*,#739,.T.);
#739 = EDGE_CURVE('',#714,#740,#742,.T.);
#740 = VERTEX_POINT('',#741);
#741 = CARTESIAN_POINT('',(5.322083951133,8.481919805509,12.3204));
#742 = SURFACE_CURVE('',#743,(#747,#753),.PCURVE_S1.);
#743 = LINE('',#744,#745);
#744 = CARTESIAN_POINT('',(5.136677526179,8.587520257244,12.3204));
#745 = VECTOR('',#746,1.);
#746 = DIRECTION('',(0.868940968197,-0.494915744131,0.));
#747 = PCURVE('',#33,#748);
#748 = DEFINITIONAL_REPRESENTATION('',(#749),#752);
#749 = B_SPLINE_CURVE_WITH_KNOTS('',1,(#750,#751),.UNSPECIFIED.,.F.,.F.,
  (2,2),(-0.639744087758,0.213370564561),.PIECEWISE_BEZIER_KNOTS.);
#750 = CARTESIAN_POINT('',(4.580777679165,8.90413967849));
#751 = CARTESIAN_POINT('',(5.322083951133,8.481919805509));
#752 = ( GEOMETRIC_REPRESENTATION_CONTEXT(2) 
PARAMETRIC_REPRESENTATION_CONTEXT() REPRESENTATION_CONTEXT('2D SPACE',''
  ) );
#753 = PCURVE('',#754,#759);
#754 = PLANE('',#755);
#755 = AXIS2_PLACEMENT_3D('',#756,#757,#758);
#756 = CARTESIAN_POINT('',(5.322083951133,8.481919805509,12.2704));
#757 = DIRECTION('',(-0.494915744131,-0.868940968197,0.));
#758 = DIRECTION('',(-0.868940968197,0.494915744131,0.));
#759 = DEFINITIONAL_REPRESENTATION('',(#760),#763);
#760 = B_SPLINE_CURVE_WITH_KNOTS('',1,(#761,#762),.UNSPECIFIED.,.F.,.F.,
  (2,2),(-0.639744087758,0.213370564561),.PIECEWISE_BEZIER_KNOTS.);
#761 = CARTESIAN_POINT('',(0.853114652318,-5.E-02));
#762 = CARTESIAN_POINT('',(0.,-5.E-02));
#763 = ( GEOMETRIC_REPRESENTATION_CONTEXT(2) 
PARAMETRIC_REPRESENTATION_CONTEXT() REPRESENTATION_CONTEXT('2D SPACE',''
  ) );
#764 = ORIENTED_EDGE('',*,*,#765,.T.);
#765 = EDGE_CURVE('',#740,#766,#768,.T.);
#766 = VERTEX_POINT('',#767);
#767 = CARTESIAN_POINT('',(6.024788557052,7.998039885673,12.3204));
#768 = SURFACE_CURVE('',#769,(#773,#779),.PCURVE_S1.);
#769 = LINE('',#770,#771);
#770 = CARTESIAN_POINT('',(5.849310783293,8.118873263432,12.3204));
#771 = VECTOR('',#772,1.);
#772 = DIRECTION('',(0.823620096666,-0.567141901439,0.));
#773 = PCURVE('',#33,#774);
#774 = DEFINITIONAL_REPRESENTATION('',(#775),#778);
#775 = B_SPLINE_CURVE_WITH_KNOTS('',1,(#776,#777),.UNSPECIFIED.,.F.,.F.,
  (2,2),(-0.640133520653,0.213056692605),.PIECEWISE_BEZIER_KNOTS.);
#776 = CARTESIAN_POINT('',(5.322083951133,8.481919805509));
#777 = CARTESIAN_POINT('',(6.024788557052,7.998039885673));
#778 = ( GEOMETRIC_REPRESENTATION_CONTEXT(2) 
PARAMETRIC_REPRESENTATION_CONTEXT() REPRESENTATION_CONTEXT('2D SPACE',''
  ) );
#779 = PCURVE('',#780,#785);
#780 = PLANE('',#781);
#781 = AXIS2_PLACEMENT_3D('',#782,#783,#784);
#782 = CARTESIAN_POINT('',(6.024788557052,7.998039885673,12.2704));
#783 = DIRECTION('',(-0.567141901439,-0.823620096666,0.));
#784 = DIRECTION('',(-0.823620096666,0.567141901439,0.));
#785 = DEFINITIONAL_REPRESENTATION('',(#786),#789);
#786 = B_SPLINE_CURVE_WITH_KNOTS('',1,(#787,#788),.UNSPECIFIED.,.F.,.F.,
  (2,2),(-0.640133520653,0.213056692605),.PIECEWISE_BEZIER_KNOTS.);
#787 = CARTESIAN_POINT('',(0.853190213258,-5.E-02));
#788 = CARTESIAN_POINT('',(0.,-5.E-02));
#789 = ( GEOMETRIC_REPRESENTATION_CONTEXT(2) 
PARAMETRIC_REPRESENTATION_CONTEXT() REPRESENTATION_CONTEXT('2D SPACE',''
  ) );
#790 = ORIENTED_EDGE('',*,*,#791,.T.);
#791 = EDGE_CURVE('',#766,#792,#794,.T.);
#792 = VERTEX_POINT('',#793);
#793 = CARTESIAN_POINT('',(6.683735536877,7.456169534224,12.3204));
#794 = SURFACE_CURVE('',#795,(#799,#805),.PCURVE_S1.);
#795 = LINE('',#796,#797);
#796 = CARTESIAN_POINT('',(6.51898392603,7.59164934672,12.3204));
#797 = VECTOR('',#798,1.);
#798 = DIRECTION('',(0.772385519498,-0.635154004372,0.));
#799 = PCURVE('',#33,#800);
#800 = DEFINITIONAL_REPRESENTATION('',(#801),#804);
#801 = B_SPLINE_CURVE_WITH_KNOTS('',1,(#802,#803),.UNSPECIFIED.,.F.,.F.,
  (2,2),(-0.639829924957,0.21330230395),.PIECEWISE_BEZIER_KNOTS.);
#802 = CARTESIAN_POINT('',(6.024788557052,7.998039885673));
#803 = CARTESIAN_POINT('',(6.683735536877,7.456169534224));
#804 = ( GEOMETRIC_REPRESENTATION_CONTEXT(2) 
PARAMETRIC_REPRESENTATION_CONTEXT() REPRESENTATION_CONTEXT('2D SPACE',''
  ) );
#805 = PCURVE('',#806,#811);
#806 = PLANE('',#807);
#807 = AXIS2_PLACEMENT_3D('',#808,#809,#810);
#808 = CARTESIAN_POINT('',(6.683735536877,7.456169534224,12.2704));
#809 = DIRECTION('',(-0.635154004372,-0.772385519498,0.));
#810 = DIRECTION('',(-0.772385519498,0.635154004372,0.));
#811 = DEFINITIONAL_REPRESENTATION('',(#812),#815);
#812 = B_SPLINE_CURVE_WITH_KNOTS('',1,(#813,#814),.UNSPECIFIED.,.F.,.F.,
  (2,2),(-0.639829924957,0.21330230395),.PIECEWISE_BEZIER_KNOTS.);
#813 = CARTESIAN_POINT('',(0.853132228907,-5.E-02));
#814 = CARTESIAN_POINT('',(0.,-5.E-02));
#815 = ( GEOMETRIC_REPRESENTATION_CONTEXT(2) 
PARAMETRIC_REPRESENTATION_CONTEXT() REPRESENTATION_CONTEXT('2D SPACE',''
  ) );
#816 = ORIENTED_EDGE('',*,*,#817,.T.);
#817 = EDGE_CURVE('',#792,#818,#820,.T.);
#818 = VERTEX_POINT('',#819);
#819 = CARTESIAN_POINT('',(7.294142135645,6.860224776566,12.3204));
#820 = SURFACE_CURVE('',#821,(#825,#831),.PCURVE_S1.);
#821 = LINE('',#822,#823);
#822 = CARTESIAN_POINT('',(7.14145480004,7.00929462181,12.3204));
#823 = VECTOR('',#824,1.);
#824 = DIRECTION('',(0.715532222304,-0.69857972977,0.));
#825 = PCURVE('',#33,#826);
#826 = DEFINITIONAL_REPRESENTATION('',(#827),#830);
#827 = B_SPLINE_CURVE_WITH_KNOTS('',1,(#828,#829),.UNSPECIFIED.,.F.,.F.,
  (2,2),(-0.639690637117,0.213389880771),.PIECEWISE_BEZIER_KNOTS.);
#828 = CARTESIAN_POINT('',(6.683735536877,7.456169534224));
#829 = CARTESIAN_POINT('',(7.294142135645,6.860224776566));
#830 = ( GEOMETRIC_REPRESENTATION_CONTEXT(2) 
PARAMETRIC_REPRESENTATION_CONTEXT() REPRESENTATION_CONTEXT('2D SPACE',''
  ) );
#831 = PCURVE('',#832,#837);
#832 = PLANE('',#833);
#833 = AXIS2_PLACEMENT_3D('',#834,#835,#836);
#834 = CARTESIAN_POINT('',(7.294142135645,6.860224776566,12.2704));
#835 = DIRECTION('',(-0.69857972977,-0.715532222304,0.));
#836 = DIRECTION('',(-0.715532222304,0.69857972977,0.));
#837 = DEFINITIONAL_REPRESENTATION('',(#838),#841);
#838 = B_SPLINE_CURVE_WITH_KNOTS('',1,(#839,#840),.UNSPECIFIED.,.F.,.F.,
  (2,2),(-0.639690637117,0.213389880771),.PIECEWISE_BEZIER_KNOTS.);
#839 = CARTESIAN_POINT('',(0.853080517888,-5.E-02));
#840 = CARTESIAN_POINT('',(0.,-5.E-02));
#841 = ( GEOMETRIC_REPRESENTATION_CONTEXT(2) 
PARAMETRIC_REPRESENTATION_CONTEXT() REPRESENTATION_CONTEXT('2D SPACE',''
  ) );
#842 = ORIENTED_EDGE('',*,*,#843,.T.);
#843 = EDGE_CURVE('',#818,#844,#846,.T.);
#844 = VERTEX_POINT('',#845);
#845 = CARTESIAN_POINT('',(7.851648803474,6.214454650804,12.3204));
#846 = SURFACE_CURVE('',#847,(#851,#857),.PCURVE_S1.);
#847 = LINE('',#848,#849);
#848 = CARTESIAN_POINT('',(7.71214918494,6.376039599295,12.3204));
#849 = VECTOR('',#850,1.);
#850 = DIRECTION('',(0.653482967003,-0.75694122086,0.));
#851 = PCURVE('',#33,#852);
#852 = DEFINITIONAL_REPRESENTATION('',(#853),#856);
#853 = B_SPLINE_CURVE_WITH_KNOTS('',1,(#854,#855),.UNSPECIFIED.,.F.,.F.,
  (2,2),(-0.639660206008,0.213470932798),.PIECEWISE_BEZIER_KNOTS.);
#854 = CARTESIAN_POINT('',(7.294142135645,6.860224776566));
#855 = CARTESIAN_POINT('',(7.851648803474,6.214454650804));
#856 = ( GEOMETRIC_REPRESENTATION_CONTEXT(2) 
PARAMETRIC_REPRESENTATION_CONTEXT() REPRESENTATION_CONTEXT('2D SPACE',''
  ) );
#857 = PCURVE('',#858,#863);
#858 = PLANE('',#859);
#859 = AXIS2_PLACEMENT_3D('',#860,#861,#862);
#860 = CARTESIAN_POINT('',(7.851648803474,6.214454650804,12.2704));
#861 = DIRECTION('',(-0.75694122086,-0.653482967003,0.));
#862 = DIRECTION('',(-0.653482967003,0.75694122086,0.));
#863 = DEFINITIONAL_REPRESENTATION('',(#864),#867);
#864 = B_SPLINE_CURVE_WITH_KNOTS('',1,(#865,#866),.UNSPECIFIED.,.F.,.F.,
  (2,2),(-0.639660206008,0.213470932798),.PIECEWISE_BEZIER_KNOTS.);
#865 = CARTESIAN_POINT('',(0.853131138806,-5.E-02));
#866 = CARTESIAN_POINT('',(0.,-5.E-02));
#867 = ( GEOMETRIC_REPRESENTATION_CONTEXT(2) 
PARAMETRIC_REPRESENTATION_CONTEXT() REPRESENTATION_CONTEXT('2D SPACE',''
  ) );
#868 = ORIENTED_EDGE('',*,*,#869,.T.);
#869 = EDGE_CURVE('',#844,#870,#872,.T.);
#870 = VERTEX_POINT('',#871);
#871 = CARTESIAN_POINT('',(8.352059387941,5.523591207747,12.3204));
#872 = SURFACE_CURVE('',#873,(#877,#883),.PCURVE_S1.);
#873 = LINE('',#874,#875);
#874 = CARTESIAN_POINT('',(8.227107973219,5.696098279479,12.3204));
#875 = VECTOR('',#876,1.);
#876 = DIRECTION('',(0.5866099019,-0.809869633332,0.));
#877 = PCURVE('',#33,#878);
#878 = DEFINITIONAL_REPRESENTATION('',(#879),#882);
#879 = B_SPLINE_CURVE_WITH_KNOTS('',1,(#880,#881),.UNSPECIFIED.,.F.,.F.,
  (2,2),(-0.640049151112,0.213005976064),.PIECEWISE_BEZIER_KNOTS.);
#880 = CARTESIAN_POINT('',(7.851648803474,6.214454650804));
#881 = CARTESIAN_POINT('',(8.352059387941,5.523591207747));
#882 = ( GEOMETRIC_REPRESENTATION_CONTEXT(2) 
PARAMETRIC_REPRESENTATION_CONTEXT() REPRESENTATION_CONTEXT('2D SPACE',''
  ) );
#883 = PCURVE('',#884,#889);
#884 = PLANE('',#885);
#885 = AXIS2_PLACEMENT_3D('',#886,#887,#888);
#886 = CARTESIAN_POINT('',(8.352059387941,5.523591207747,12.2704));
#887 = DIRECTION('',(-0.809869633332,-0.5866099019,0.));
#888 = DIRECTION('',(-0.5866099019,0.809869633332,0.));
#889 = DEFINITIONAL_REPRESENTATION('',(#890),#893);
#890 = B_SPLINE_CURVE_WITH_KNOTS('',1,(#891,#892),.UNSPECIFIED.,.F.,.F.,
  (2,2),(-0.640049151112,0.213005976064),.PIECEWISE_BEZIER_KNOTS.);
#891 = CARTESIAN_POINT('',(0.853055127175,-5.E-02));
#892 = CARTESIAN_POINT('',(0.,-5.E-02));
#893 = ( GEOMETRIC_REPRESENTATION_CONTEXT(2) 
PARAMETRIC_REPRESENTATION_CONTEXT() REPRESENTATION_CONTEXT('2D SPACE',''
  ) );
#894 = ORIENTED_EDGE('',*,*,#895,.T.);
#895 = EDGE_CURVE('',#870,#896,#898,.T.);
#896 = VERTEX_POINT('',#897);
#897 = CARTESIAN_POINT('',(8.791910749326,4.792636113444,12.3204));
#898 = SURFACE_CURVE('',#899,(#903,#909),.PCURVE_S1.);
#899 = LINE('',#900,#901);
#900 = CARTESIAN_POINT('',(8.681932846148,4.97539991878,12.3204));
#901 = VECTOR('',#902,1.);
#902 = DIRECTION('',(0.515597123843,-0.85683114199,0.));
#903 = PCURVE('',#33,#904);
#904 = DEFINITIONAL_REPRESENTATION('',(#905),#908);
#905 = B_SPLINE_CURVE_WITH_KNOTS('',1,(#906,#907),.UNSPECIFIED.,.F.,.F.,
  (2,2),(-0.639789174438,0.213302010606),.PIECEWISE_BEZIER_KNOTS.);
#906 = CARTESIAN_POINT('',(8.352059387941,5.523591207747));
#907 = CARTESIAN_POINT('',(8.791910749326,4.792636113444));
#908 = ( GEOMETRIC_REPRESENTATION_CONTEXT(2) 
PARAMETRIC_REPRESENTATION_CONTEXT() REPRESENTATION_CONTEXT('2D SPACE',''
  ) );
#909 = PCURVE('',#910,#915);
#910 = PLANE('',#911);
#911 = AXIS2_PLACEMENT_3D('',#912,#913,#914);
#912 = CARTESIAN_POINT('',(8.791910749326,4.792636113444,12.2704));
#913 = DIRECTION('',(-0.85683114199,-0.515597123843,0.));
#914 = DIRECTION('',(-0.515597123843,0.85683114199,0.));
#915 = DEFINITIONAL_REPRESENTATION('',(#916),#919);
#916 = B_SPLINE_CURVE_WITH_KNOTS('',1,(#917,#918),.UNSPECIFIED.,.F.,.F.,
  (2,2),(-0.639789174438,0.213302010606),.PIECEWISE_BEZIER_KNOTS.);
#917 = CARTESIAN_POINT('',(0.853091185044,-5.E-02));
#918 = CARTESIAN_POINT('',(0.,-5.E-02));
#919 = ( GEOMETRIC_REPRESENTATION_CONTEXT(2) 
PARAMETRIC_REPRESENTATION_CONTEXT() REPRESENTATION_CONTEXT('2D SPACE',''
  ) );
#920 = ORIENTED_EDGE('',*,*,#921,.T.);
#921 = EDGE_CURVE('',#896,#922,#924,.T.);
#922 = VERTEX_POINT('',#923);
#923 = CARTESIAN_POINT('',(9.167976350448,4.026800841565,12.3204));
#924 = SURFACE_CURVE('',#925,(#929,#935),.PCURVE_S1.);
#925 = LINE('',#926,#927);
#926 = CARTESIAN_POINT('',(9.073978052673,4.218222794857,12.3204));
#927 = VECTOR('',#928,1.);
#928 = DIRECTION('',(0.440777177249,-0.897616555115,0.));
#929 = PCURVE('',#33,#930);
#930 = DEFINITIONAL_REPRESENTATION('',(#931),#934);
#931 = B_SPLINE_CURVE_WITH_KNOTS('',1,(#932,#933),.UNSPECIFIED.,.F.,.F.,
  (2,2),(-0.639931734005,0.213255818647),.PIECEWISE_BEZIER_KNOTS.);
#932 = CARTESIAN_POINT('',(8.791910749326,4.792636113444));
#933 = CARTESIAN_POINT('',(9.167976350448,4.026800841565));
#934 = ( GEOMETRIC_REPRESENTATION_CONTEXT(2) 
PARAMETRIC_REPRESENTATION_CONTEXT() REPRESENTATION_CONTEXT('2D SPACE',''
  ) );
#935 = PCURVE('',#936,#941);
#936 = PLANE('',#937);
#937 = AXIS2_PLACEMENT_3D('',#938,#939,#940);
#938 = CARTESIAN_POINT('',(9.167976350448,4.026800841565,12.2704));
#939 = DIRECTION('',(-0.897616555115,-0.440777177249,0.));
#940 = DIRECTION('',(-0.440777177249,0.897616555115,0.));
#941 = DEFINITIONAL_REPRESENTATION('',(#942),#945);
#942 = B_SPLINE_CURVE_WITH_KNOTS('',1,(#943,#944),.UNSPECIFIED.,.F.,.F.,
  (2,2),(-0.639931734005,0.213255818647),.PIECEWISE_BEZIER_KNOTS.);
#943 = CARTESIAN_POINT('',(0.853187552652,-5.E-02));
#944 = CARTESIAN_POINT('',(0.,-5.E-02));
#945 = ( GEOMETRIC_REPRESENTATION_CONTEXT(2) 
PARAMETRIC_REPRESENTATION_CONTEXT() REPRESENTATION_CONTEXT('2D SPACE',''
  ) );
#946 = ORIENTED_EDGE('',*,*,#947,.T.);
#947 = EDGE_CURVE('',#922,#948,#950,.T.);
#948 = VERTEX_POINT('',#949);
#949 = CARTESIAN_POINT('',(9.477466256666,3.231853083566,12.3204));
#950 = SURFACE_CURVE('',#951,(#955,#961),.PCURVE_S1.);
#951 = LINE('',#952,#953);
#952 = CARTESIAN_POINT('',(9.4000591599,3.430678947644,12.3204));
#953 = VECTOR('',#954,1.);
#954 = DIRECTION('',(0.362796059657,-0.931868563209,0.));
#955 = PCURVE('',#33,#956);
#956 = DEFINITIONAL_REPRESENTATION('',(#957),#960);
#957 = B_SPLINE_CURVE_WITH_KNOTS('',1,(#958,#959),.UNSPECIFIED.,.F.,.F.,
  (2,2),(-0.63970598157,0.213362561983),.PIECEWISE_BEZIER_KNOTS.);
#958 = CARTESIAN_POINT('',(9.167976350448,4.026800841565));
#959 = CARTESIAN_POINT('',(9.477466256666,3.231853083566));
#960 = ( GEOMETRIC_REPRESENTATION_CONTEXT(2) 
PARAMETRIC_REPRESENTATION_CONTEXT() REPRESENTATION_CONTEXT('2D SPACE',''
  ) );
#961 = PCURVE('',#962,#967);
#962 = PLANE('',#963);
#963 = AXIS2_PLACEMENT_3D('',#964,#965,#966);
#964 = CARTESIAN_POINT('',(9.477466256666,3.231853083566,12.2704));
#965 = DIRECTION('',(-0.931868563209,-0.362796059657,0.));
#966 = DIRECTION('',(-0.362796059657,0.931868563209,0.));
#967 = DEFINITIONAL_REPRESENTATION('',(#968),#971);
#968 = B_SPLINE_CURVE_WITH_KNOTS('',1,(#969,#970),.UNSPECIFIED.,.F.,.F.,
  (2,2),(-0.63970598157,0.213362561983),.PIECEWISE_BEZIER_KNOTS.);
#969 = CARTESIAN_POINT('',(0.853068543553,-5.E-02));
#970 = CARTESIAN_POINT('',(0.,-5.E-02));
#971 = ( GEOMETRIC_REPRESENTATION_CONTEXT(2) 
PARAMETRIC_REPRESENTATION_CONTEXT() REPRESENTATION_CONTEXT('2D SPACE',''
  ) );
#972 = ORIENTED_EDGE('',*,*,#973,.T.);
#973 = EDGE_CURVE('',#948,#974,#976,.T.);
#974 = VERTEX_POINT('',#975);
#975 = CARTESIAN_POINT('',(9.718160148584,2.413347133438,12.3204));
#976 = SURFACE_CURVE('',#977,(#981,#987),.PCURVE_S1.);
#977 = LINE('',#978,#979);
#978 = CARTESIAN_POINT('',(9.658016431437,2.617872433003,12.3204));
#979 = VECTOR('',#980,1.);
#980 = DIRECTION('',(0.282119771485,-0.959379192258,0.));
#981 = PCURVE('',#33,#982);
#982 = DEFINITIONAL_REPRESENTATION('',(#983),#986);
#983 = B_SPLINE_CURVE_WITH_KNOTS('',1,(#984,#985),.UNSPECIFIED.,.F.,.F.,
  (2,2),(-0.639977034646,0.213185048431),.PIECEWISE_BEZIER_KNOTS.);
#984 = CARTESIAN_POINT('',(9.477466256666,3.231853083566));
#985 = CARTESIAN_POINT('',(9.718160148584,2.413347133438));
#986 = ( GEOMETRIC_REPRESENTATION_CONTEXT(2) 
PARAMETRIC_REPRESENTATION_CONTEXT() REPRESENTATION_CONTEXT('2D SPACE',''
  ) );
#987 = PCURVE('',#988,#993);
#988 = PLANE('',#989);
#989 = AXIS2_PLACEMENT_3D('',#990,#991,#992);
#990 = CARTESIAN_POINT('',(9.718160148584,2.413347133438,12.2704));
#991 = DIRECTION('',(-0.959379192258,-0.282119771485,0.));
#992 = DIRECTION('',(-0.282119771485,0.959379192258,0.));
#993 = DEFINITIONAL_REPRESENTATION('',(#994),#997);
#994 = B_SPLINE_CURVE_WITH_KNOTS('',1,(#995,#996),.UNSPECIFIED.,.F.,.F.,
  (2,2),(-0.639977034646,0.213185048431),.PIECEWISE_BEZIER_KNOTS.);
#995 = CARTESIAN_POINT('',(0.853162083077,-5.E-02));
#996 = CARTESIAN_POINT('',(0.,-5.E-02));
#997 = ( GEOMETRIC_REPRESENTATION_CONTEXT(2) 
PARAMETRIC_REPRESENTATION_CONTEXT() REPRESENTATION_CONTEXT('2D SPACE',''
  ) );
#998 = ORIENTED_EDGE('',*,*,#999,.T.);
#999 = EDGE_CURVE('',#974,#1000,#1002,.T.);
#1000 = VERTEX_POINT('',#1001);
#1001 = CARTESIAN_POINT('',(9.888274309343,1.577393502961,12.3204));
#1002 = SURFACE_CURVE('',#1003,(#1007,#1013),.PCURVE_S1.);
#1003 = LINE('',#1004,#1005);
#1004 = CARTESIAN_POINT('',(9.845789128837,1.786168837872,12.3204));
#1005 = VECTOR('',#1006,1.);
#1006 = DIRECTION('',(0.199410113978,-0.979916122147,0.));
#1007 = PCURVE('',#33,#1008);
#1008 = DEFINITIONAL_REPRESENTATION('',(#1009),#1012);
#1009 = B_SPLINE_CURVE_WITH_KNOTS('',1,(#1010,#1011),.UNSPECIFIED.,.F.,
  .F.,(2,2),(-0.640032632785,0.213054291273),.PIECEWISE_BEZIER_KNOTS.);
#1010 = CARTESIAN_POINT('',(9.718160148584,2.413347133438));
#1011 = CARTESIAN_POINT('',(9.888274309343,1.577393502961));
#1012 = ( GEOMETRIC_REPRESENTATION_CONTEXT(2) 
PARAMETRIC_REPRESENTATION_CONTEXT() REPRESENTATION_CONTEXT('2D SPACE',''
  ) );
#1013 = PCURVE('',#1014,#1019);
#1014 = PLANE('',#1015);
#1015 = AXIS2_PLACEMENT_3D('',#1016,#1017,#1018);
#1016 = CARTESIAN_POINT('',(9.888274309343,1.577393502961,12.2704));
#1017 = DIRECTION('',(-0.979916122147,-0.199410113978,0.));
#1018 = DIRECTION('',(-0.199410113978,0.979916122147,0.));
#1019 = DEFINITIONAL_REPRESENTATION('',(#1020),#1023);
#1020 = B_SPLINE_CURVE_WITH_KNOTS('',1,(#1021,#1022),.UNSPECIFIED.,.F.,
  .F.,(2,2),(-0.640032632785,0.213054291273),.PIECEWISE_BEZIER_KNOTS.);
#1021 = CARTESIAN_POINT('',(0.853086924059,-5.E-02));
#1022 = CARTESIAN_POINT('',(0.,-5.E-02));
#1023 = ( GEOMETRIC_REPRESENTATION_CONTEXT(2) 
PARAMETRIC_REPRESENTATION_CONTEXT() REPRESENTATION_CONTEXT('2D SPACE',''
  ) );
#1024 = ORIENTED_EDGE('',*,*,#1025,.T.);
#1025 = EDGE_CURVE('',#1000,#1026,#1028,.T.);
#1026 = VERTEX_POINT('',#1027);
#1027 = CARTESIAN_POINT('',(9.986644637329,0.729975908989,12.3204));
#1028 = SURFACE_CURVE('',#1029,(#1033,#1039),.PCURVE_S1.);
#1029 = LINE('',#1030,#1031);
#1030 = CARTESIAN_POINT('',(9.962058919558,0.941771175167,12.3204));
#1031 = VECTOR('',#1032,1.);
#1032 = DIRECTION('',(0.115308173479,-0.993329766557,0.));
#1033 = PCURVE('',#33,#1034);
#1034 = DEFINITIONAL_REPRESENTATION('',(#1035),#1038);
#1035 = B_SPLINE_CURVE_WITH_KNOTS('',1,(#1036,#1037),.UNSPECIFIED.,.F.,
  .F.,(2,2),(-0.63989054712,0.21321747652),.PIECEWISE_BEZIER_KNOTS.);
#1036 = CARTESIAN_POINT('',(9.888274309343,1.577393502961));
#1037 = CARTESIAN_POINT('',(9.986644637329,0.729975908989));
#1038 = ( GEOMETRIC_REPRESENTATION_CONTEXT(2) 
PARAMETRIC_REPRESENTATION_CONTEXT() REPRESENTATION_CONTEXT('2D SPACE',''
  ) );
#1039 = PCURVE('',#1040,#1045);
#1040 = PLANE('',#1041);
#1041 = AXIS2_PLACEMENT_3D('',#1042,#1043,#1044);
#1042 = CARTESIAN_POINT('',(9.986644637329,0.729975908989,12.2704));
#1043 = DIRECTION('',(-0.993329766557,-0.115308173479,0.));
#1044 = DIRECTION('',(-0.115308173479,0.993329766557,0.));
#1045 = DEFINITIONAL_REPRESENTATION('',(#1046),#1049);
#1046 = B_SPLINE_CURVE_WITH_KNOTS('',1,(#1047,#1048),.UNSPECIFIED.,.F.,
  .F.,(2,2),(-0.63989054712,0.21321747652),.PIECEWISE_BEZIER_KNOTS.);
#1047 = CARTESIAN_POINT('',(0.853108023641,-5.E-02));
#1048 = CARTESIAN_POINT('',(0.,-5.E-02));
#1049 = ( GEOMETRIC_REPRESENTATION_CONTEXT(2) 
PARAMETRIC_REPRESENTATION_CONTEXT() REPRESENTATION_CONTEXT('2D SPACE',''
  ) );
#1050 = ORIENTED_EDGE('',*,*,#1051,.T.);
#1051 = EDGE_CURVE('',#1026,#24,#1052,.T.);
#1052 = SURFACE_CURVE('',#1053,(#1057,#1063),.PCURVE_S1.);
#1053 = LINE('',#1054,#1055);
#1054 = CARTESIAN_POINT('',(10.006080764601,9.063153435515E-02,12.3204)
  );
#1055 = VECTOR('',#1056,1.);
#1056 = DIRECTION('',(3.038605353146E-02,-0.999538237263,0.));
#1057 = PCURVE('',#33,#1058);
#1058 = DEFINITIONAL_REPRESENTATION('',(#1059),#1062);
#1059 = B_SPLINE_CURVE_WITH_KNOTS('',1,(#1060,#1061),.UNSPECIFIED.,.F.,
  .F.,(2,2),(-0.63963973643,0.213455621663),.PIECEWISE_BEZIER_KNOTS.);
#1060 = CARTESIAN_POINT('',(9.986644637329,0.729975908989));
#1061 = CARTESIAN_POINT('',(10.012566838548,-0.122725521456));
#1062 = ( GEOMETRIC_REPRESENTATION_CONTEXT(2) 
PARAMETRIC_REPRESENTATION_CONTEXT() REPRESENTATION_CONTEXT('2D SPACE',''
  ) );
#1063 = PCURVE('',#1064,#1069);
#1064 = PLANE('',#1065);
#1065 = AXIS2_PLACEMENT_3D('',#1066,#1067,#1068);
#1066 = CARTESIAN_POINT('',(10.012566838548,-0.122725521456,12.2704));
#1067 = DIRECTION('',(-0.999538237263,-3.038605353146E-02,0.));
#1068 = DIRECTION('',(-3.038605353146E-02,0.999538237263,0.));
#1069 = DEFINITIONAL_REPRESENTATION('',(#1070),#1073);
#1070 = B_SPLINE_CURVE_WITH_KNOTS('',1,(#1071,#1072),.UNSPECIFIED.,.F.,
  .F.,(2,2),(-0.63963973643,0.213455621663),.PIECEWISE_BEZIER_KNOTS.);
#1071 = CARTESIAN_POINT('',(0.853095358093,-5.E-02));
#1072 = CARTESIAN_POINT('',(0.,-5.E-02));
#1073 = ( GEOMETRIC_REPRESENTATION_CONTEXT(2) 
PARAMETRIC_REPRESENTATION_CONTEXT() REPRESENTATION_CONTEXT('2D SPACE',''
  ) );
#1074 = ADVANCED_FACE('',(#1075),#45,.F.);
#1075 = FACE_BOUND('',#1076,.F.);
#1076 = EDGE_LOOP('',(#1077,#1098,#1127,#1148,#1177,#1203,#1232,#1251));
#1077 = ORIENTED_EDGE('',*,*,#1078,.F.);
#1078 = EDGE_CURVE('',#1079,#22,#1081,.T.);
#1079 = VERTEX_POINT('',#1080);
#1080 = CARTESIAN_POINT('',(11.670433789954,0.831249152957,11.2204));
#1081 = SURFACE_CURVE('',#1082,(#1086,#1092),.PCURVE_S1.);
#1082 = LINE('',#1083,#1084);
#1083 = CARTESIAN_POINT('',(11.670433789954,0.831249152957,10.6204));
#1084 = VECTOR('',#1085,1.);
#1085 = DIRECTION('',(0.,0.,1.));
#1086 = PCURVE('',#45,#1087);
#1087 = DEFINITIONAL_REPRESENTATION('',(#1088),#1091);
#1088 = B_SPLINE_CURVE_WITH_KNOTS('',1,(#1089,#1090),.UNSPECIFIED.,.F.,
  .F.,(2,2),(0.5999994,1.7),.PIECEWISE_BEZIER_KNOTS.);
#1089 = CARTESIAN_POINT('',(0.856693360332,-5.999999999062E-07));
#1090 = CARTESIAN_POINT('',(0.856693360332,1.1));
#1091 = ( GEOMETRIC_REPRESENTATION_CONTEXT(2) 
PARAMETRIC_REPRESENTATION_CONTEXT() REPRESENTATION_CONTEXT('2D SPACE',''
  ) );
#1092 = PCURVE('',#74,#1093);
#1093 = DEFINITIONAL_REPRESENTATION('',(#1094),#1097);
#1094 = B_SPLINE_CURVE_WITH_KNOTS('',1,(#1095,#1096),.UNSPECIFIED.,.F.,
  .F.,(2,2),(0.5999994,1.7),.PIECEWISE_BEZIER_KNOTS.);
#1095 = CARTESIAN_POINT('',(7.11068425387E-02,0.5999994));
#1096 = CARTESIAN_POINT('',(7.11068425387E-02,1.7));
#1097 = ( GEOMETRIC_REPRESENTATION_CONTEXT(2) 
PARAMETRIC_REPRESENTATION_CONTEXT() REPRESENTATION_CONTEXT('2D SPACE',''
  ) );
#1098 = ORIENTED_EDGE('',*,*,#1099,.T.);
#1099 = EDGE_CURVE('',#1079,#1100,#1102,.T.);
#1100 = VERTEX_POINT('',#1101);
#1101 = CARTESIAN_POINT('',(11.670433789954,-0.831249152957,11.2204));
#1102 = SURFACE_CURVE('',#1103,(#1108,#1115),.PCURVE_S1.);
#1103 = CIRCLE('',#1104,1.1);
#1104 = AXIS2_PLACEMENT_3D('',#1105,#1106,#1107);
#1105 = CARTESIAN_POINT('',(10.95,0.,11.2204));
#1106 = DIRECTION('',(0.,0.,1.));
#1107 = DIRECTION('',(1.,0.,-0.));
#1108 = PCURVE('',#45,#1109);
#1109 = DEFINITIONAL_REPRESENTATION('',(#1110),#1114);
#1110 = LINE('',#1111,#1112);
#1111 = CARTESIAN_POINT('',(0.,0.));
#1112 = VECTOR('',#1113,1.);
#1113 = DIRECTION('',(1.,0.));
#1114 = ( GEOMETRIC_REPRESENTATION_CONTEXT(2) 
PARAMETRIC_REPRESENTATION_CONTEXT() REPRESENTATION_CONTEXT('2D SPACE',''
  ) );
#1115 = PCURVE('',#1116,#1121);
#1116 = PLANE('',#1117);
#1117 = AXIS2_PLACEMENT_3D('',#1118,#1119,#1120);
#1118 = CARTESIAN_POINT('',(10.95,0.,11.2204));
#1119 = DIRECTION('',(0.,0.,1.));
#1120 = DIRECTION('',(1.,0.,-0.));
#1121 = DEFINITIONAL_REPRESENTATION('',(#1122),#1126);
#1122 = CIRCLE('',#1123,1.1);
#1123 = AXIS2_PLACEMENT_2D('',#1124,#1125);
#1124 = CARTESIAN_POINT('',(0.,0.));
#1125 = DIRECTION('',(1.,0.));
#1126 = ( GEOMETRIC_REPRESENTATION_CONTEXT(2) 
PARAMETRIC_REPRESENTATION_CONTEXT() REPRESENTATION_CONTEXT('2D SPACE',''
  ) );
#1127 = ORIENTED_EDGE('',*,*,#1128,.T.);
#1128 = EDGE_CURVE('',#1100,#1129,#1131,.T.);
#1129 = VERTEX_POINT('',#1130);
#1130 = CARTESIAN_POINT('',(11.670433789954,-0.831249152957,12.3204));
#1131 = SURFACE_CURVE('',#1132,(#1136,#1142),.PCURVE_S1.);
#1132 = LINE('',#1133,#1134);
#1133 = CARTESIAN_POINT('',(11.670433789954,-0.831249152957,10.6204));
#1134 = VECTOR('',#1135,1.);
#1135 = DIRECTION('',(0.,0.,1.));
#1136 = PCURVE('',#45,#1137);
#1137 = DEFINITIONAL_REPRESENTATION('',(#1138),#1141);
#1138 = B_SPLINE_CURVE_WITH_KNOTS('',1,(#1139,#1140),.UNSPECIFIED.,.F.,
  .F.,(2,2),(0.5999994,1.7),.PIECEWISE_BEZIER_KNOTS.);
#1139 = CARTESIAN_POINT('',(5.426491946848,-5.999999999062E-07));
#1140 = CARTESIAN_POINT('',(5.426491946848,1.1));
#1141 = ( GEOMETRIC_REPRESENTATION_CONTEXT(2) 
PARAMETRIC_REPRESENTATION_CONTEXT() REPRESENTATION_CONTEXT('2D SPACE',''
  ) );
#1142 = PCURVE('',#74,#1143);
#1143 = DEFINITIONAL_REPRESENTATION('',(#1144),#1147);
#1144 = B_SPLINE_CURVE_WITH_KNOTS('',1,(#1145,#1146),.UNSPECIFIED.,.F.,
  .F.,(2,2),(0.5999994,1.7),.PIECEWISE_BEZIER_KNOTS.);
#1145 = CARTESIAN_POINT('',(6.212078464641,0.5999994));
#1146 = CARTESIAN_POINT('',(6.212078464641,1.7));
#1147 = ( GEOMETRIC_REPRESENTATION_CONTEXT(2) 
PARAMETRIC_REPRESENTATION_CONTEXT() REPRESENTATION_CONTEXT('2D SPACE',''
  ) );
#1148 = ORIENTED_EDGE('',*,*,#1149,.F.);
#1149 = EDGE_CURVE('',#1150,#1129,#1152,.T.);
#1150 = VERTEX_POINT('',#1151);
#1151 = CARTESIAN_POINT('',(9.989829464705,-0.536723898436,12.3204));
#1152 = SURFACE_CURVE('',#1153,(#1158,#1165),.PCURVE_S1.);
#1153 = CIRCLE('',#1154,1.1);
#1154 = AXIS2_PLACEMENT_3D('',#1155,#1156,#1157);
#1155 = CARTESIAN_POINT('',(10.95,0.,12.3204));
#1156 = DIRECTION('',(0.,0.,1.));
#1157 = DIRECTION('',(1.,0.,-0.));
#1158 = PCURVE('',#45,#1159);
#1159 = DEFINITIONAL_REPRESENTATION('',(#1160),#1164);
#1160 = LINE('',#1161,#1162);
#1161 = CARTESIAN_POINT('',(0.,1.1));
#1162 = VECTOR('',#1163,1.);
#1163 = DIRECTION('',(1.,0.));
#1164 = ( GEOMETRIC_REPRESENTATION_CONTEXT(2) 
PARAMETRIC_REPRESENTATION_CONTEXT() REPRESENTATION_CONTEXT('2D SPACE',''
  ) );
#1165 = PCURVE('',#1166,#1171);
#1166 = PLANE('',#1167);
#1167 = AXIS2_PLACEMENT_3D('',#1168,#1169,#1170);
#1168 = CARTESIAN_POINT('',(0.,0.,12.3204));
#1169 = DIRECTION('',(0.,0.,1.));
#1170 = DIRECTION('',(1.,0.,-0.));
#1171 = DEFINITIONAL_REPRESENTATION('',(#1172),#1176);
#1172 = CIRCLE('',#1173,1.1);
#1173 = AXIS2_PLACEMENT_2D('',#1174,#1175);
#1174 = CARTESIAN_POINT('',(10.95,0.));
#1175 = DIRECTION('',(1.,0.));
#1176 = ( GEOMETRIC_REPRESENTATION_CONTEXT(2) 
PARAMETRIC_REPRESENTATION_CONTEXT() REPRESENTATION_CONTEXT('2D SPACE',''
  ) );
#1177 = ORIENTED_EDGE('',*,*,#1178,.T.);
#1178 = EDGE_CURVE('',#1150,#1179,#1181,.T.);
#1179 = VERTEX_POINT('',#1180);
#1180 = CARTESIAN_POINT('',(9.989829464705,-0.536723898436,12.9204));
#1181 = SURFACE_CURVE('',#1182,(#1186,#1192),.PCURVE_S1.);
#1182 = LINE('',#1183,#1184);
#1183 = CARTESIAN_POINT('',(9.989829464705,-0.536723898436,11.2204));
#1184 = VECTOR('',#1185,1.);
#1185 = DIRECTION('',(0.,0.,1.));
#1186 = PCURVE('',#45,#1187);
#1187 = DEFINITIONAL_REPRESENTATION('',(#1188),#1191);
#1188 = B_SPLINE_CURVE_WITH_KNOTS('',1,(#1189,#1190),.UNSPECIFIED.,.F.,
  .F.,(2,2),(1.04,1.76),.PIECEWISE_BEZIER_KNOTS.);
#1189 = CARTESIAN_POINT('',(3.651310313607,1.04));
#1190 = CARTESIAN_POINT('',(3.651310313607,1.76));
#1191 = ( GEOMETRIC_REPRESENTATION_CONTEXT(2) 
PARAMETRIC_REPRESENTATION_CONTEXT() REPRESENTATION_CONTEXT('2D SPACE',''
  ) );
#1192 = PCURVE('',#1193,#1198);
#1193 = PLANE('',#1194);
#1194 = AXIS2_PLACEMENT_3D('',#1195,#1196,#1197);
#1195 = CARTESIAN_POINT('',(9.965783029166,-0.974557456277,12.2704));
#1196 = DIRECTION('',(-0.998495222822,5.483876368483E-02,0.));
#1197 = DIRECTION('',(5.483876368483E-02,0.998495222822,0.));
#1198 = DEFINITIONAL_REPRESENTATION('',(#1199),#1202);
#1199 = B_SPLINE_CURVE_WITH_KNOTS('',1,(#1200,#1201),.UNSPECIFIED.,.F.,
  .F.,(2,2),(1.04,1.76),.PIECEWISE_BEZIER_KNOTS.);
#1200 = CARTESIAN_POINT('',(0.438493392691,1.E-02));
#1201 = CARTESIAN_POINT('',(0.438493392691,-0.71));
#1202 = ( GEOMETRIC_REPRESENTATION_CONTEXT(2) 
PARAMETRIC_REPRESENTATION_CONTEXT() REPRESENTATION_CONTEXT('2D SPACE',''
  ) );
#1203 = ORIENTED_EDGE('',*,*,#1204,.F.);
#1204 = EDGE_CURVE('',#1205,#1179,#1207,.T.);
#1205 = VERTEX_POINT('',#1206);
#1206 = CARTESIAN_POINT('',(9.992381494322,0.541264073797,12.9204));
#1207 = SURFACE_CURVE('',#1208,(#1213,#1220),.PCURVE_S1.);
#1208 = CIRCLE('',#1209,1.1);
#1209 = AXIS2_PLACEMENT_3D('',#1210,#1211,#1212);
#1210 = CARTESIAN_POINT('',(10.95,0.,12.9204));
#1211 = DIRECTION('',(0.,0.,1.));
#1212 = DIRECTION('',(1.,0.,-0.));
#1213 = PCURVE('',#45,#1214);
#1214 = DEFINITIONAL_REPRESENTATION('',(#1215),#1219);
#1215 = LINE('',#1216,#1217);
#1216 = CARTESIAN_POINT('',(0.,1.7));
#1217 = VECTOR('',#1218,1.);
#1218 = DIRECTION('',(1.,0.));
#1219 = ( GEOMETRIC_REPRESENTATION_CONTEXT(2) 
PARAMETRIC_REPRESENTATION_CONTEXT() REPRESENTATION_CONTEXT('2D SPACE',''
  ) );
#1220 = PCURVE('',#1221,#1226);
#1221 = PLANE('',#1222);
#1222 = AXIS2_PLACEMENT_3D('',#1223,#1224,#1225);
#1223 = CARTESIAN_POINT('',(-1.691103186454E-03,9.878066317775E-05,
    12.9204));
#1224 = DIRECTION('',(0.,0.,1.));
#1225 = DIRECTION('',(0.866025403784,-0.5,0.));
#1226 = DEFINITIONAL_REPRESENTATION('',(#1227),#1231);
#1227 = CIRCLE('',#1228,1.1);
#1228 = AXIS2_PLACEMENT_2D('',#1229,#1230);
#1229 = CARTESIAN_POINT('',(9.484492100091,5.47576000503));
#1230 = DIRECTION('',(0.866025403784,0.5));
#1231 = ( GEOMETRIC_REPRESENTATION_CONTEXT(2) 
PARAMETRIC_REPRESENTATION_CONTEXT() REPRESENTATION_CONTEXT('2D SPACE',''
  ) );
#1232 = ORIENTED_EDGE('',*,*,#1233,.F.);
#1233 = EDGE_CURVE('',#24,#1205,#1234,.T.);
#1234 = SURFACE_CURVE('',#1235,(#1239,#1245),.PCURVE_S1.);
#1235 = LINE('',#1236,#1237);
#1236 = CARTESIAN_POINT('',(9.992381494322,0.541264073797,11.2204));
#1237 = VECTOR('',#1238,1.);
#1238 = DIRECTION('',(0.,0.,1.));
#1239 = PCURVE('',#45,#1240);
#1240 = DEFINITIONAL_REPRESENTATION('',(#1241),#1244);
#1241 = B_SPLINE_CURVE_WITH_KNOTS('',1,(#1242,#1243),.UNSPECIFIED.,.F.,
  .F.,(2,2),(1.04,1.76),.PIECEWISE_BEZIER_KNOTS.);
#1242 = CARTESIAN_POINT('',(2.627140200764,1.04));
#1243 = CARTESIAN_POINT('',(2.627140200764,1.76));
#1244 = ( GEOMETRIC_REPRESENTATION_CONTEXT(2) 
PARAMETRIC_REPRESENTATION_CONTEXT() REPRESENTATION_CONTEXT('2D SPACE',''
  ) );
#1245 = PCURVE('',#1064,#1246);
#1246 = DEFINITIONAL_REPRESENTATION('',(#1247),#1250);
#1247 = B_SPLINE_CURVE_WITH_KNOTS('',1,(#1248,#1249),.UNSPECIFIED.,.F.,
  .F.,(2,2),(1.04,1.76),.PIECEWISE_BEZIER_KNOTS.);
#1248 = CARTESIAN_POINT('',(0.664296342551,1.E-02));
#1249 = CARTESIAN_POINT('',(0.664296342551,-0.71));
#1250 = ( GEOMETRIC_REPRESENTATION_CONTEXT(2) 
PARAMETRIC_REPRESENTATION_CONTEXT() REPRESENTATION_CONTEXT('2D SPACE',''
  ) );
#1251 = ORIENTED_EDGE('',*,*,#21,.F.);
#1252 = ADVANCED_FACE('',(#1253),#1064,.F.);
#1253 = FACE_BOUND('',#1254,.F.);
#1254 = EDGE_LOOP('',(#1255,#1278,#1279,#1280));
#1255 = ORIENTED_EDGE('',*,*,#1256,.F.);
#1256 = EDGE_CURVE('',#1026,#1257,#1259,.T.);
#1257 = VERTEX_POINT('',#1258);
#1258 = CARTESIAN_POINT('',(9.986644637329,0.729975908989,12.9204));
#1259 = SURFACE_CURVE('',#1260,(#1264,#1271),.PCURVE_S1.);
#1260 = LINE('',#1261,#1262);
#1261 = CARTESIAN_POINT('',(9.986644637329,0.729975908989,12.2704));
#1262 = VECTOR('',#1263,1.);
#1263 = DIRECTION('',(0.,0.,1.));
#1264 = PCURVE('',#1064,#1265);
#1265 = DEFINITIONAL_REPRESENTATION('',(#1266),#1270);
#1266 = LINE('',#1267,#1268);
#1267 = CARTESIAN_POINT('',(0.853095358093,0.));
#1268 = VECTOR('',#1269,1.);
#1269 = DIRECTION('',(0.,-1.));
#1270 = ( GEOMETRIC_REPRESENTATION_CONTEXT(2) 
PARAMETRIC_REPRESENTATION_CONTEXT() REPRESENTATION_CONTEXT('2D SPACE',''
  ) );
#1271 = PCURVE('',#1040,#1272);
#1272 = DEFINITIONAL_REPRESENTATION('',(#1273),#1277);
#1273 = LINE('',#1274,#1275);
#1274 = CARTESIAN_POINT('',(0.,0.));
#1275 = VECTOR('',#1276,1.);
#1276 = DIRECTION('',(0.,-1.));
#1277 = ( GEOMETRIC_REPRESENTATION_CONTEXT(2) 
PARAMETRIC_REPRESENTATION_CONTEXT() REPRESENTATION_CONTEXT('2D SPACE',''
  ) );
#1278 = ORIENTED_EDGE('',*,*,#1051,.T.);
#1279 = ORIENTED_EDGE('',*,*,#1233,.T.);
#1280 = ORIENTED_EDGE('',*,*,#1281,.T.);
#1281 = EDGE_CURVE('',#1205,#1257,#1282,.T.);
#1282 = SURFACE_CURVE('',#1283,(#1287,#1294),.PCURVE_S1.);
#1283 = LINE('',#1284,#1285);
#1284 = CARTESIAN_POINT('',(10.012566838548,-0.122725521456,12.9204));
#1285 = VECTOR('',#1286,1.);
#1286 = DIRECTION('',(-3.038605353146E-02,0.999538237263,0.));
#1287 = PCURVE('',#1064,#1288);
#1288 = DEFINITIONAL_REPRESENTATION('',(#1289),#1293);
#1289 = LINE('',#1290,#1291);
#1290 = CARTESIAN_POINT('',(0.,-0.65));
#1291 = VECTOR('',#1292,1.);
#1292 = DIRECTION('',(1.,0.));
#1293 = ( GEOMETRIC_REPRESENTATION_CONTEXT(2) 
PARAMETRIC_REPRESENTATION_CONTEXT() REPRESENTATION_CONTEXT('2D SPACE',''
  ) );
#1294 = PCURVE('',#1221,#1295);
#1295 = DEFINITIONAL_REPRESENTATION('',(#1296),#1300);
#1296 = LINE('',#1297,#1298);
#1297 = CARTESIAN_POINT('',(8.734013928651,4.90076000503));
#1298 = VECTOR('',#1299,1.);
#1299 = DIRECTION('',(-0.52608421291,0.850432478758));
#1300 = ( GEOMETRIC_REPRESENTATION_CONTEXT(2) 
PARAMETRIC_REPRESENTATION_CONTEXT() REPRESENTATION_CONTEXT('2D SPACE',''
  ) );
#1301 = ADVANCED_FACE('',(#1302),#1040,.F.);
#1302 = FACE_BOUND('',#1303,.F.);
#1303 = EDGE_LOOP('',(#1304,#1305,#1306,#1329));
#1304 = ORIENTED_EDGE('',*,*,#1025,.T.);
#1305 = ORIENTED_EDGE('',*,*,#1256,.T.);
#1306 = ORIENTED_EDGE('',*,*,#1307,.T.);
#1307 = EDGE_CURVE('',#1257,#1308,#1310,.T.);
#1308 = VERTEX_POINT('',#1309);
#1309 = CARTESIAN_POINT('',(9.888274309343,1.577393502961,12.9204));
#1310 = SURFACE_CURVE('',#1311,(#1315,#1322),.PCURVE_S1.);
#1311 = LINE('',#1312,#1313);
#1312 = CARTESIAN_POINT('',(9.986644637329,0.729975908989,12.9204));
#1313 = VECTOR('',#1314,1.);
#1314 = DIRECTION('',(-0.115308173479,0.993329766557,0.));
#1315 = PCURVE('',#1040,#1316);
#1316 = DEFINITIONAL_REPRESENTATION('',(#1317),#1321);
#1317 = LINE('',#1318,#1319);
#1318 = CARTESIAN_POINT('',(0.,-0.65));
#1319 = VECTOR('',#1320,1.);
#1320 = DIRECTION('',(1.,0.));
#1321 = ( GEOMETRIC_REPRESENTATION_CONTEXT(2) 
PARAMETRIC_REPRESENTATION_CONTEXT() REPRESENTATION_CONTEXT('2D SPACE',''
  ) );
#1322 = PCURVE('',#1221,#1323);
#1323 = DEFINITIONAL_REPRESENTATION('',(#1324),#1328);
#1324 = LINE('',#1325,#1326);
#1325 = CARTESIAN_POINT('',(8.285213928651,5.62626000503));
#1326 = VECTOR('',#1327,1.);
#1327 = DIRECTION('',(-0.596524690775,0.802594725435));
#1328 = ( GEOMETRIC_REPRESENTATION_CONTEXT(2) 
PARAMETRIC_REPRESENTATION_CONTEXT() REPRESENTATION_CONTEXT('2D SPACE',''
  ) );
#1329 = ORIENTED_EDGE('',*,*,#1330,.F.);
#1330 = EDGE_CURVE('',#1000,#1308,#1331,.T.);
#1331 = SURFACE_CURVE('',#1332,(#1336,#1343),.PCURVE_S1.);
#1332 = LINE('',#1333,#1334);
#1333 = CARTESIAN_POINT('',(9.888274309343,1.577393502961,12.2704));
#1334 = VECTOR('',#1335,1.);
#1335 = DIRECTION('',(0.,0.,1.));
#1336 = PCURVE('',#1040,#1337);
#1337 = DEFINITIONAL_REPRESENTATION('',(#1338),#1342);
#1338 = LINE('',#1339,#1340);
#1339 = CARTESIAN_POINT('',(0.853108023641,0.));
#1340 = VECTOR('',#1341,1.);
#1341 = DIRECTION('',(0.,-1.));
#1342 = ( GEOMETRIC_REPRESENTATION_CONTEXT(2) 
PARAMETRIC_REPRESENTATION_CONTEXT() REPRESENTATION_CONTEXT('2D SPACE',''
  ) );
#1343 = PCURVE('',#1014,#1344);
#1344 = DEFINITIONAL_REPRESENTATION('',(#1345),#1349);
#1345 = LINE('',#1346,#1347);
#1346 = CARTESIAN_POINT('',(0.,0.));
#1347 = VECTOR('',#1348,1.);
#1348 = DIRECTION('',(0.,-1.));
#1349 = ( GEOMETRIC_REPRESENTATION_CONTEXT(2) 
PARAMETRIC_REPRESENTATION_CONTEXT() REPRESENTATION_CONTEXT('2D SPACE',''
  ) );
#1350 = ADVANCED_FACE('',(#1351),#1014,.F.);
#1351 = FACE_BOUND('',#1352,.F.);
#1352 = EDGE_LOOP('',(#1353,#1354,#1355,#1378));
#1353 = ORIENTED_EDGE('',*,*,#999,.T.);
#1354 = ORIENTED_EDGE('',*,*,#1330,.T.);
#1355 = ORIENTED_EDGE('',*,*,#1356,.T.);
#1356 = EDGE_CURVE('',#1308,#1357,#1359,.T.);
#1357 = VERTEX_POINT('',#1358);
#1358 = CARTESIAN_POINT('',(9.718160148584,2.413347133438,12.9204));
#1359 = SURFACE_CURVE('',#1360,(#1364,#1371),.PCURVE_S1.);
#1360 = LINE('',#1361,#1362);
#1361 = CARTESIAN_POINT('',(9.888274309343,1.577393502961,12.9204));
#1362 = VECTOR('',#1363,1.);
#1363 = DIRECTION('',(-0.199410113978,0.979916122147,0.));
#1364 = PCURVE('',#1014,#1365);
#1365 = DEFINITIONAL_REPRESENTATION('',(#1366),#1370);
#1366 = LINE('',#1367,#1368);
#1367 = CARTESIAN_POINT('',(0.,-0.65));
#1368 = VECTOR('',#1369,1.);
#1369 = DIRECTION('',(1.,0.));
#1370 = ( GEOMETRIC_REPRESENTATION_CONTEXT(2) 
PARAMETRIC_REPRESENTATION_CONTEXT() REPRESENTATION_CONTEXT('2D SPACE',''
  ) );
#1371 = PCURVE('',#1221,#1372);
#1372 = DEFINITIONAL_REPRESENTATION('',(#1373),#1377);
#1373 = LINE('',#1374,#1375);
#1374 = CARTESIAN_POINT('',(7.776313928651,6.31096000503));
#1375 = VECTOR('',#1376,1.);
#1376 = DIRECTION('',(-0.66265228555,0.748927198368));
#1377 = ( GEOMETRIC_REPRESENTATION_CONTEXT(2) 
PARAMETRIC_REPRESENTATION_CONTEXT() REPRESENTATION_CONTEXT('2D SPACE',''
  ) );
#1378 = ORIENTED_EDGE('',*,*,#1379,.F.);
#1379 = EDGE_CURVE('',#974,#1357,#1380,.T.);
#1380 = SURFACE_CURVE('',#1381,(#1385,#1392),.PCURVE_S1.);
#1381 = LINE('',#1382,#1383);
#1382 = CARTESIAN_POINT('',(9.718160148584,2.413347133438,12.2704));
#1383 = VECTOR('',#1384,1.);
#1384 = DIRECTION('',(0.,0.,1.));
#1385 = PCURVE('',#1014,#1386);
#1386 = DEFINITIONAL_REPRESENTATION('',(#1387),#1391);
#1387 = LINE('',#1388,#1389);
#1388 = CARTESIAN_POINT('',(0.853086924059,0.));
#1389 = VECTOR('',#1390,1.);
#1390 = DIRECTION('',(0.,-1.));
#1391 = ( GEOMETRIC_REPRESENTATION_CONTEXT(2) 
PARAMETRIC_REPRESENTATION_CONTEXT() REPRESENTATION_CONTEXT('2D SPACE',''
  ) );
#1392 = PCURVE('',#988,#1393);
#1393 = DEFINITIONAL_REPRESENTATION('',(#1394),#1398);
#1394 = LINE('',#1395,#1396);
#1395 = CARTESIAN_POINT('',(0.,0.));
#1396 = VECTOR('',#1397,1.);
#1397 = DIRECTION('',(0.,-1.));
#1398 = ( GEOMETRIC_REPRESENTATION_CONTEXT(2) 
PARAMETRIC_REPRESENTATION_CONTEXT() REPRESENTATION_CONTEXT('2D SPACE',''
  ) );
#1399 = ADVANCED_FACE('',(#1400),#988,.F.);
#1400 = FACE_BOUND('',#1401,.F.);
#1401 = EDGE_LOOP('',(#1402,#1403,#1404,#1427));
#1402 = ORIENTED_EDGE('',*,*,#973,.T.);
#1403 = ORIENTED_EDGE('',*,*,#1379,.T.);
#1404 = ORIENTED_EDGE('',*,*,#1405,.T.);
#1405 = EDGE_CURVE('',#1357,#1406,#1408,.T.);
#1406 = VERTEX_POINT('',#1407);
#1407 = CARTESIAN_POINT('',(9.477466256666,3.231853083566,12.9204));
#1408 = SURFACE_CURVE('',#1409,(#1413,#1420),.PCURVE_S1.);
#1409 = LINE('',#1410,#1411);
#1410 = CARTESIAN_POINT('',(9.718160148584,2.413347133438,12.9204));
#1411 = VECTOR('',#1412,1.);
#1412 = DIRECTION('',(-0.282119771485,0.959379192258,0.));
#1413 = PCURVE('',#988,#1414);
#1414 = DEFINITIONAL_REPRESENTATION('',(#1415),#1419);
#1415 = LINE('',#1416,#1417);
#1416 = CARTESIAN_POINT('',(0.,-0.65));
#1417 = VECTOR('',#1418,1.);
#1418 = DIRECTION('',(1.,0.));
#1419 = ( GEOMETRIC_REPRESENTATION_CONTEXT(2) 
PARAMETRIC_REPRESENTATION_CONTEXT() REPRESENTATION_CONTEXT('2D SPACE',''
  ) );
#1420 = PCURVE('',#1221,#1421);
#1421 = DEFINITIONAL_REPRESENTATION('',(#1422),#1426);
#1422 = LINE('',#1423,#1424);
#1423 = CARTESIAN_POINT('',(7.211013928651,6.94986000503));
#1424 = VECTOR('',#1425,1.);
#1425 = DIRECTION('',(-0.724012485145,0.689786866615));
#1426 = ( GEOMETRIC_REPRESENTATION_CONTEXT(2) 
PARAMETRIC_REPRESENTATION_CONTEXT() REPRESENTATION_CONTEXT('2D SPACE',''
  ) );
#1427 = ORIENTED_EDGE('',*,*,#1428,.F.);
#1428 = EDGE_CURVE('',#948,#1406,#1429,.T.);
#1429 = SURFACE_CURVE('',#1430,(#1434,#1441),.PCURVE_S1.);
#1430 = LINE('',#1431,#1432);
#1431 = CARTESIAN_POINT('',(9.477466256666,3.231853083566,12.2704));
#1432 = VECTOR('',#1433,1.);
#1433 = DIRECTION('',(0.,0.,1.));
#1434 = PCURVE('',#988,#1435);
#1435 = DEFINITIONAL_REPRESENTATION('',(#1436),#1440);
#1436 = LINE('',#1437,#1438);
#1437 = CARTESIAN_POINT('',(0.853162083077,0.));
#1438 = VECTOR('',#1439,1.);
#1439 = DIRECTION('',(0.,-1.));
#1440 = ( GEOMETRIC_REPRESENTATION_CONTEXT(2) 
PARAMETRIC_REPRESENTATION_CONTEXT() REPRESENTATION_CONTEXT('2D SPACE',''
  ) );
#1441 = PCURVE('',#962,#1442);
#1442 = DEFINITIONAL_REPRESENTATION('',(#1443),#1447);
#1443 = LINE('',#1444,#1445);
#1444 = CARTESIAN_POINT('',(0.,0.));
#1445 = VECTOR('',#1446,1.);
#1446 = DIRECTION('',(0.,-1.));
#1447 = ( GEOMETRIC_REPRESENTATION_CONTEXT(2) 
PARAMETRIC_REPRESENTATION_CONTEXT() REPRESENTATION_CONTEXT('2D SPACE',''
  ) );
#1448 = ADVANCED_FACE('',(#1449),#962,.F.);
#1449 = FACE_BOUND('',#1450,.F.);
#1450 = EDGE_LOOP('',(#1451,#1452,#1453,#1476));
#1451 = ORIENTED_EDGE('',*,*,#947,.T.);
#1452 = ORIENTED_EDGE('',*,*,#1428,.T.);
#1453 = ORIENTED_EDGE('',*,*,#1454,.T.);
#1454 = EDGE_CURVE('',#1406,#1455,#1457,.T.);
#1455 = VERTEX_POINT('',#1456);
#1456 = CARTESIAN_POINT('',(9.167976350448,4.026800841565,12.9204));
#1457 = SURFACE_CURVE('',#1458,(#1462,#1469),.PCURVE_S1.);
#1458 = LINE('',#1459,#1460);
#1459 = CARTESIAN_POINT('',(9.477466256666,3.231853083566,12.9204));
#1460 = VECTOR('',#1461,1.);
#1461 = DIRECTION('',(-0.362796059657,0.931868563209,0.));
#1462 = PCURVE('',#962,#1463);
#1463 = DEFINITIONAL_REPRESENTATION('',(#1464),#1468);
#1464 = LINE('',#1465,#1466);
#1465 = CARTESIAN_POINT('',(0.,-0.65));
#1466 = VECTOR('',#1467,1.);
#1467 = DIRECTION('',(1.,0.));
#1468 = ( GEOMETRIC_REPRESENTATION_CONTEXT(2) 
PARAMETRIC_REPRESENTATION_CONTEXT() REPRESENTATION_CONTEXT('2D SPACE',''
  ) );
#1469 = PCURVE('',#1221,#1470);
#1470 = DEFINITIONAL_REPRESENTATION('',(#1471),#1475);
#1471 = LINE('',#1472,#1473);
#1472 = CARTESIAN_POINT('',(6.593313928651,7.53836000503));
#1473 = VECTOR('',#1474,1.);
#1474 = DIRECTION('',(-0.78012488566,0.625623818899));
#1475 = ( GEOMETRIC_REPRESENTATION_CONTEXT(2) 
PARAMETRIC_REPRESENTATION_CONTEXT() REPRESENTATION_CONTEXT('2D SPACE',''
  ) );
#1476 = ORIENTED_EDGE('',*,*,#1477,.F.);
#1477 = EDGE_CURVE('',#922,#1455,#1478,.T.);
#1478 = SURFACE_CURVE('',#1479,(#1483,#1490),.PCURVE_S1.);
#1479 = LINE('',#1480,#1481);
#1480 = CARTESIAN_POINT('',(9.167976350448,4.026800841565,12.2704));
#1481 = VECTOR('',#1482,1.);
#1482 = DIRECTION('',(0.,0.,1.));
#1483 = PCURVE('',#962,#1484);
#1484 = DEFINITIONAL_REPRESENTATION('',(#1485),#1489);
#1485 = LINE('',#1486,#1487);
#1486 = CARTESIAN_POINT('',(0.853068543553,0.));
#1487 = VECTOR('',#1488,1.);
#1488 = DIRECTION('',(0.,-1.));
#1489 = ( GEOMETRIC_REPRESENTATION_CONTEXT(2) 
PARAMETRIC_REPRESENTATION_CONTEXT() REPRESENTATION_CONTEXT('2D SPACE',''
  ) );
#1490 = PCURVE('',#936,#1491);
#1491 = DEFINITIONAL_REPRESENTATION('',(#1492),#1496);
#1492 = LINE('',#1493,#1494);
#1493 = CARTESIAN_POINT('',(0.,0.));
#1494 = VECTOR('',#1495,1.);
#1495 = DIRECTION('',(0.,-1.));
#1496 = ( GEOMETRIC_REPRESENTATION_CONTEXT(2) 
PARAMETRIC_REPRESENTATION_CONTEXT() REPRESENTATION_CONTEXT('2D SPACE',''
  ) );
#1497 = ADVANCED_FACE('',(#1498),#936,.F.);
#1498 = FACE_BOUND('',#1499,.F.);
#1499 = EDGE_LOOP('',(#1500,#1501,#1502,#1525));
#1500 = ORIENTED_EDGE('',*,*,#921,.T.);
#1501 = ORIENTED_EDGE('',*,*,#1477,.T.);
#1502 = ORIENTED_EDGE('',*,*,#1503,.T.);
#1503 = EDGE_CURVE('',#1455,#1504,#1506,.T.);
#1504 = VERTEX_POINT('',#1505);
#1505 = CARTESIAN_POINT('',(8.791910749326,4.792636113444,12.9204));
#1506 = SURFACE_CURVE('',#1507,(#1511,#1518),.PCURVE_S1.);
#1507 = LINE('',#1508,#1509);
#1508 = CARTESIAN_POINT('',(9.167976350448,4.026800841565,12.9204));
#1509 = VECTOR('',#1510,1.);
#1510 = DIRECTION('',(-0.440777177249,0.897616555115,0.));
#1511 = PCURVE('',#936,#1512);
#1512 = DEFINITIONAL_REPRESENTATION('',(#1513),#1517);
#1513 = LINE('',#1514,#1515);
#1514 = CARTESIAN_POINT('',(0.,-0.65));
#1515 = VECTOR('',#1516,1.);
#1516 = DIRECTION('',(1.,0.));
#1517 = ( GEOMETRIC_REPRESENTATION_CONTEXT(2) 
PARAMETRIC_REPRESENTATION_CONTEXT() REPRESENTATION_CONTEXT('2D SPACE',''
  ) );
#1518 = PCURVE('',#1221,#1519);
#1519 = DEFINITIONAL_REPRESENTATION('',(#1520),#1524);
#1520 = LINE('',#1521,#1522);
#1521 = CARTESIAN_POINT('',(5.927813928651,8.07206000503));
#1522 = VECTOR('',#1523,1.);
#1523 = DIRECTION('',(-0.830532510463,0.556970150963));
#1524 = ( GEOMETRIC_REPRESENTATION_CONTEXT(2) 
PARAMETRIC_REPRESENTATION_CONTEXT() REPRESENTATION_CONTEXT('2D SPACE',''
  ) );
#1525 = ORIENTED_EDGE('',*,*,#1526,.F.);
#1526 = EDGE_CURVE('',#896,#1504,#1527,.T.);
#1527 = SURFACE_CURVE('',#1528,(#1532,#1539),.PCURVE_S1.);
#1528 = LINE('',#1529,#1530);
#1529 = CARTESIAN_POINT('',(8.791910749326,4.792636113444,12.2704));
#1530 = VECTOR('',#1531,1.);
#1531 = DIRECTION('',(0.,0.,1.));
#1532 = PCURVE('',#936,#1533);
#1533 = DEFINITIONAL_REPRESENTATION('',(#1534),#1538);
#1534 = LINE('',#1535,#1536);
#1535 = CARTESIAN_POINT('',(0.853187552652,0.));
#1536 = VECTOR('',#1537,1.);
#1537 = DIRECTION('',(0.,-1.));
#1538 = ( GEOMETRIC_REPRESENTATION_CONTEXT(2) 
PARAMETRIC_REPRESENTATION_CONTEXT() REPRESENTATION_CONTEXT('2D SPACE',''
  ) );
#1539 = PCURVE('',#910,#1540);
#1540 = DEFINITIONAL_REPRESENTATION('',(#1541),#1545);
#1541 = LINE('',#1542,#1543);
#1542 = CARTESIAN_POINT('',(0.,0.));
#1543 = VECTOR('',#1544,1.);
#1544 = DIRECTION('',(0.,-1.));
#1545 = ( GEOMETRIC_REPRESENTATION_CONTEXT(2) 
PARAMETRIC_REPRESENTATION_CONTEXT() REPRESENTATION_CONTEXT('2D SPACE',''
  ) );
#1546 = ADVANCED_FACE('',(#1547),#910,.F.);
#1547 = FACE_BOUND('',#1548,.F.);
#1548 = EDGE_LOOP('',(#1549,#1550,#1551,#1574));
#1549 = ORIENTED_EDGE('',*,*,#895,.T.);
#1550 = ORIENTED_EDGE('',*,*,#1526,.T.);
#1551 = ORIENTED_EDGE('',*,*,#1552,.T.);
#1552 = EDGE_CURVE('',#1504,#1553,#1555,.T.);
#1553 = VERTEX_POINT('',#1554);
#1554 = CARTESIAN_POINT('',(8.352059387941,5.523591207747,12.9204));
#1555 = SURFACE_CURVE('',#1556,(#1560,#1567),.PCURVE_S1.);
#1556 = LINE('',#1557,#1558);
#1557 = CARTESIAN_POINT('',(8.791910749326,4.792636113444,12.9204));
#1558 = VECTOR('',#1559,1.);
#1559 = DIRECTION('',(-0.515597123843,0.85683114199,0.));
#1560 = PCURVE('',#910,#1561);
#1561 = DEFINITIONAL_REPRESENTATION('',(#1562),#1566);
#1562 = LINE('',#1563,#1564);
#1563 = CARTESIAN_POINT('',(0.,-0.65));
#1564 = VECTOR('',#1565,1.);
#1565 = DIRECTION('',(1.,0.));
#1566 = ( GEOMETRIC_REPRESENTATION_CONTEXT(2) 
PARAMETRIC_REPRESENTATION_CONTEXT() REPRESENTATION_CONTEXT('2D SPACE',''
  ) );
#1567 = PCURVE('',#1221,#1568);
#1568 = DEFINITIONAL_REPRESENTATION('',(#1569),#1573);
#1569 = LINE('',#1570,#1571);
#1570 = CARTESIAN_POINT('',(5.219213928651,8.54726000503));
#1571 = VECTOR('',#1572,1.);
#1572 = DIRECTION('',(-0.874935778362,0.484238973796));
#1573 = ( GEOMETRIC_REPRESENTATION_CONTEXT(2) 
PARAMETRIC_REPRESENTATION_CONTEXT() REPRESENTATION_CONTEXT('2D SPACE',''
  ) );
#1574 = ORIENTED_EDGE('',*,*,#1575,.F.);
#1575 = EDGE_CURVE('',#870,#1553,#1576,.T.);
#1576 = SURFACE_CURVE('',#1577,(#1581,#1588),.PCURVE_S1.);
#1577 = LINE('',#1578,#1579);
#1578 = CARTESIAN_POINT('',(8.352059387941,5.523591207747,12.2704));
#1579 = VECTOR('',#1580,1.);
#1580 = DIRECTION('',(0.,0.,1.));
#1581 = PCURVE('',#910,#1582);
#1582 = DEFINITIONAL_REPRESENTATION('',(#1583),#1587);
#1583 = LINE('',#1584,#1585);
#1584 = CARTESIAN_POINT('',(0.853091185044,0.));
#1585 = VECTOR('',#1586,1.);
#1586 = DIRECTION('',(0.,-1.));
#1587 = ( GEOMETRIC_REPRESENTATION_CONTEXT(2) 
PARAMETRIC_REPRESENTATION_CONTEXT() REPRESENTATION_CONTEXT('2D SPACE',''
  ) );
#1588 = PCURVE('',#884,#1589);
#1589 = DEFINITIONAL_REPRESENTATION('',(#1590),#1594);
#1590 = LINE('',#1591,#1592);
#1591 = CARTESIAN_POINT('',(0.,0.));
#1592 = VECTOR('',#1593,1.);
#1593 = DIRECTION('',(0.,-1.));
#1594 = ( GEOMETRIC_REPRESENTATION_CONTEXT(2) 
PARAMETRIC_REPRESENTATION_CONTEXT() REPRESENTATION_CONTEXT('2D SPACE',''
  ) );
#1595 = ADVANCED_FACE('',(#1596),#884,.F.);
#1596 = FACE_BOUND('',#1597,.F.);
#1597 = EDGE_LOOP('',(#1598,#1599,#1600,#1623));
#1598 = ORIENTED_EDGE('',*,*,#869,.T.);
#1599 = ORIENTED_EDGE('',*,*,#1575,.T.);
#1600 = ORIENTED_EDGE('',*,*,#1601,.T.);
#1601 = EDGE_CURVE('',#1553,#1602,#1604,.T.);
#1602 = VERTEX_POINT('',#1603);
#1603 = CARTESIAN_POINT('',(7.851648803474,6.214454650804,12.9204));
#1604 = SURFACE_CURVE('',#1605,(#1609,#1616),.PCURVE_S1.);
#1605 = LINE('',#1606,#1607);
#1606 = CARTESIAN_POINT('',(8.352059387941,5.523591207747,12.9204));
#1607 = VECTOR('',#1608,1.);
#1608 = DIRECTION('',(-0.5866099019,0.809869633332,0.));
#1609 = PCURVE('',#884,#1610);
#1610 = DEFINITIONAL_REPRESENTATION('',(#1611),#1615);
#1611 = LINE('',#1612,#1613);
#1612 = CARTESIAN_POINT('',(0.,-0.65));
#1613 = VECTOR('',#1614,1.);
#1614 = DIRECTION('',(1.,0.));
#1615 = ( GEOMETRIC_REPRESENTATION_CONTEXT(2) 
PARAMETRIC_REPRESENTATION_CONTEXT() REPRESENTATION_CONTEXT('2D SPACE',''
  ) );
#1616 = PCURVE('',#1221,#1617);
#1617 = DEFINITIONAL_REPRESENTATION('',(#1618),#1622);
#1618 = LINE('',#1619,#1620);
#1619 = CARTESIAN_POINT('',(4.472813928651,8.96036000503));
#1620 = VECTOR('',#1621,1.);
#1621 = DIRECTION('',(-0.912953893823,0.408062725269));
#1622 = ( GEOMETRIC_REPRESENTATION_CONTEXT(2) 
PARAMETRIC_REPRESENTATION_CONTEXT() REPRESENTATION_CONTEXT('2D SPACE',''
  ) );
#1623 = ORIENTED_EDGE('',*,*,#1624,.F.);
#1624 = EDGE_CURVE('',#844,#1602,#1625,.T.);
#1625 = SURFACE_CURVE('',#1626,(#1630,#1637),.PCURVE_S1.);
#1626 = LINE('',#1627,#1628);
#1627 = CARTESIAN_POINT('',(7.851648803474,6.214454650804,12.2704));
#1628 = VECTOR('',#1629,1.);
#1629 = DIRECTION('',(0.,0.,1.));
#1630 = PCURVE('',#884,#1631);
#1631 = DEFINITIONAL_REPRESENTATION('',(#1632),#1636);
#1632 = LINE('',#1633,#1634);
#1633 = CARTESIAN_POINT('',(0.853055127175,0.));
#1634 = VECTOR('',#1635,1.);
#1635 = DIRECTION('',(0.,-1.));
#1636 = ( GEOMETRIC_REPRESENTATION_CONTEXT(2) 
PARAMETRIC_REPRESENTATION_CONTEXT() REPRESENTATION_CONTEXT('2D SPACE',''
  ) );
#1637 = PCURVE('',#858,#1638);
#1638 = DEFINITIONAL_REPRESENTATION('',(#1639),#1643);
#1639 = LINE('',#1640,#1641);
#1640 = CARTESIAN_POINT('',(0.,0.));
#1641 = VECTOR('',#1642,1.);
#1642 = DIRECTION('',(0.,-1.));
#1643 = ( GEOMETRIC_REPRESENTATION_CONTEXT(2) 
PARAMETRIC_REPRESENTATION_CONTEXT() REPRESENTATION_CONTEXT('2D SPACE',''
  ) );
#1644 = ADVANCED_FACE('',(#1645),#858,.F.);
#1645 = FACE_BOUND('',#1646,.F.);
#1646 = EDGE_LOOP('',(#1647,#1648,#1649,#1672));
#1647 = ORIENTED_EDGE('',*,*,#843,.T.);
#1648 = ORIENTED_EDGE('',*,*,#1624,.T.);
#1649 = ORIENTED_EDGE('',*,*,#1650,.T.);
#1650 = EDGE_CURVE('',#1602,#1651,#1653,.T.);
#1651 = VERTEX_POINT('',#1652);
#1652 = CARTESIAN_POINT('',(7.294142135645,6.860224776566,12.9204));
#1653 = SURFACE_CURVE('',#1654,(#1658,#1665),.PCURVE_S1.);
#1654 = LINE('',#1655,#1656);
#1655 = CARTESIAN_POINT('',(7.851648803474,6.214454650804,12.9204));
#1656 = VECTOR('',#1657,1.);
#1657 = DIRECTION('',(-0.653482967003,0.75694122086,0.));
#1658 = PCURVE('',#858,#1659);
#1659 = DEFINITIONAL_REPRESENTATION('',(#1660),#1664);
#1660 = LINE('',#1661,#1662);
#1661 = CARTESIAN_POINT('',(0.,-0.65));
#1662 = VECTOR('',#1663,1.);
#1663 = DIRECTION('',(1.,0.));
#1664 = ( GEOMETRIC_REPRESENTATION_CONTEXT(2) 
PARAMETRIC_REPRESENTATION_CONTEXT() REPRESENTATION_CONTEXT('2D SPACE',''
  ) );
#1665 = PCURVE('',#1221,#1666);
#1666 = DEFINITIONAL_REPRESENTATION('',(#1667),#1671);
#1667 = LINE('',#1668,#1669);
#1668 = CARTESIAN_POINT('',(3.694013928651,9.30846000503));
#1669 = VECTOR('',#1670,1.);
#1670 = DIRECTION('',(-0.944403460795,0.328788842935));
#1671 = ( GEOMETRIC_REPRESENTATION_CONTEXT(2) 
PARAMETRIC_REPRESENTATION_CONTEXT() REPRESENTATION_CONTEXT('2D SPACE',''
  ) );
#1672 = ORIENTED_EDGE('',*,*,#1673,.F.);
#1673 = EDGE_CURVE('',#818,#1651,#1674,.T.);
#1674 = SURFACE_CURVE('',#1675,(#1679,#1686),.PCURVE_S1.);
#1675 = LINE('',#1676,#1677);
#1676 = CARTESIAN_POINT('',(7.294142135645,6.860224776566,12.2704));
#1677 = VECTOR('',#1678,1.);
#1678 = DIRECTION('',(0.,0.,1.));
#1679 = PCURVE('',#858,#1680);
#1680 = DEFINITIONAL_REPRESENTATION('',(#1681),#1685);
#1681 = LINE('',#1682,#1683);
#1682 = CARTESIAN_POINT('',(0.853131138806,0.));
#1683 = VECTOR('',#1684,1.);
#1684 = DIRECTION('',(0.,-1.));
#1685 = ( GEOMETRIC_REPRESENTATION_CONTEXT(2) 
PARAMETRIC_REPRESENTATION_CONTEXT() REPRESENTATION_CONTEXT('2D SPACE',''
  ) );
#1686 = PCURVE('',#832,#1687);
#1687 = DEFINITIONAL_REPRESENTATION('',(#1688),#1692);
#1688 = LINE('',#1689,#1690);
#1689 = CARTESIAN_POINT('',(0.,0.));
#1690 = VECTOR('',#1691,1.);
#1691 = DIRECTION('',(0.,-1.));
#1692 = ( GEOMETRIC_REPRESENTATION_CONTEXT(2) 
PARAMETRIC_REPRESENTATION_CONTEXT() REPRESENTATION_CONTEXT('2D SPACE',''
  ) );
#1693 = ADVANCED_FACE('',(#1694),#832,.F.);
#1694 = FACE_BOUND('',#1695,.F.);
#1695 = EDGE_LOOP('',(#1696,#1697,#1698,#1721));
#1696 = ORIENTED_EDGE('',*,*,#817,.T.);
#1697 = ORIENTED_EDGE('',*,*,#1673,.T.);
#1698 = ORIENTED_EDGE('',*,*,#1699,.T.);
#1699 = EDGE_CURVE('',#1651,#1700,#1702,.T.);
#1700 = VERTEX_POINT('',#1701);
#1701 = CARTESIAN_POINT('',(6.683735536877,7.456169534224,12.9204));
#1702 = SURFACE_CURVE('',#1703,(#1707,#1714),.PCURVE_S1.);
#1703 = LINE('',#1704,#1705);
#1704 = CARTESIAN_POINT('',(7.294142135645,6.860224776566,12.9204));
#1705 = VECTOR('',#1706,1.);
#1706 = DIRECTION('',(-0.715532222304,0.69857972977,0.));
#1707 = PCURVE('',#832,#1708);
#1708 = DEFINITIONAL_REPRESENTATION('',(#1709),#1713);
#1709 = LINE('',#1710,#1711);
#1710 = CARTESIAN_POINT('',(0.,-0.65));
#1711 = VECTOR('',#1712,1.);
#1712 = DIRECTION('',(1.,0.));
#1713 = ( GEOMETRIC_REPRESENTATION_CONTEXT(2) 
PARAMETRIC_REPRESENTATION_CONTEXT() REPRESENTATION_CONTEXT('2D SPACE',''
  ) );
#1714 = PCURVE('',#1221,#1715);
#1715 = DEFINITIONAL_REPRESENTATION('',(#1716),#1720);
#1716 = LINE('',#1717,#1718);
#1717 = CARTESIAN_POINT('',(2.888313928651,9.58896000503));
#1718 = VECTOR('',#1719,1.);
#1719 = DIRECTION('',(-0.968958946626,0.247221681398));
#1720 = ( GEOMETRIC_REPRESENTATION_CONTEXT(2) 
PARAMETRIC_REPRESENTATION_CONTEXT() REPRESENTATION_CONTEXT('2D SPACE',''
  ) );
#1721 = ORIENTED_EDGE('',*,*,#1722,.F.);
#1722 = EDGE_CURVE('',#792,#1700,#1723,.T.);
#1723 = SURFACE_CURVE('',#1724,(#1728,#1735),.PCURVE_S1.);
#1724 = LINE('',#1725,#1726);
#1725 = CARTESIAN_POINT('',(6.683735536877,7.456169534224,12.2704));
#1726 = VECTOR('',#1727,1.);
#1727 = DIRECTION('',(0.,0.,1.));
#1728 = PCURVE('',#832,#1729);
#1729 = DEFINITIONAL_REPRESENTATION('',(#1730),#1734);
#1730 = LINE('',#1731,#1732);
#1731 = CARTESIAN_POINT('',(0.853080517888,0.));
#1732 = VECTOR('',#1733,1.);
#1733 = DIRECTION('',(0.,-1.));
#1734 = ( GEOMETRIC_REPRESENTATION_CONTEXT(2) 
PARAMETRIC_REPRESENTATION_CONTEXT() REPRESENTATION_CONTEXT('2D SPACE',''
  ) );
#1735 = PCURVE('',#806,#1736);
#1736 = DEFINITIONAL_REPRESENTATION('',(#1737),#1741);
#1737 = LINE('',#1738,#1739);
#1738 = CARTESIAN_POINT('',(0.,0.));
#1739 = VECTOR('',#1740,1.);
#1740 = DIRECTION('',(0.,-1.));
#1741 = ( GEOMETRIC_REPRESENTATION_CONTEXT(2) 
PARAMETRIC_REPRESENTATION_CONTEXT() REPRESENTATION_CONTEXT('2D SPACE',''
  ) );
#1742 = ADVANCED_FACE('',(#1743),#806,.F.);
#1743 = FACE_BOUND('',#1744,.F.);
#1744 = EDGE_LOOP('',(#1745,#1746,#1747,#1770));
#1745 = ORIENTED_EDGE('',*,*,#791,.T.);
#1746 = ORIENTED_EDGE('',*,*,#1722,.T.);
#1747 = ORIENTED_EDGE('',*,*,#1748,.T.);
#1748 = EDGE_CURVE('',#1700,#1749,#1751,.T.);
#1749 = VERTEX_POINT('',#1750);
#1750 = CARTESIAN_POINT('',(6.024788557052,7.998039885673,12.9204));
#1751 = SURFACE_CURVE('',#1752,(#1756,#1763),.PCURVE_S1.);
#1752 = LINE('',#1753,#1754);
#1753 = CARTESIAN_POINT('',(6.683735536877,7.456169534224,12.9204));
#1754 = VECTOR('',#1755,1.);
#1755 = DIRECTION('',(-0.772385519498,0.635154004372,0.));
#1756 = PCURVE('',#806,#1757);
#1757 = DEFINITIONAL_REPRESENTATION('',(#1758),#1762);
#1758 = LINE('',#1759,#1760);
#1759 = CARTESIAN_POINT('',(0.,-0.65));
#1760 = VECTOR('',#1761,1.);
#1761 = DIRECTION('',(1.,0.));
#1762 = ( GEOMETRIC_REPRESENTATION_CONTEXT(2) 
PARAMETRIC_REPRESENTATION_CONTEXT() REPRESENTATION_CONTEXT('2D SPACE',''
  ) );
#1763 = PCURVE('',#1221,#1764);
#1764 = DEFINITIONAL_REPRESENTATION('',(#1765),#1769);
#1765 = LINE('',#1766,#1767);
#1766 = CARTESIAN_POINT('',(2.061713928651,9.79986000503));
#1767 = VECTOR('',#1768,1.);
#1768 = DIRECTION('',(-0.986482483587,0.163866743352));
#1769 = ( GEOMETRIC_REPRESENTATION_CONTEXT(2) 
PARAMETRIC_REPRESENTATION_CONTEXT() REPRESENTATION_CONTEXT('2D SPACE',''
  ) );
#1770 = ORIENTED_EDGE('',*,*,#1771,.F.);
#1771 = EDGE_CURVE('',#766,#1749,#1772,.T.);
#1772 = SURFACE_CURVE('',#1773,(#1777,#1784),.PCURVE_S1.);
#1773 = LINE('',#1774,#1775);
#1774 = CARTESIAN_POINT('',(6.024788557052,7.998039885673,12.2704));
#1775 = VECTOR('',#1776,1.);
#1776 = DIRECTION('',(0.,0.,1.));
#1777 = PCURVE('',#806,#1778);
#1778 = DEFINITIONAL_REPRESENTATION('',(#1779),#1783);
#1779 = LINE('',#1780,#1781);
#1780 = CARTESIAN_POINT('',(0.853132228907,0.));
#1781 = VECTOR('',#1782,1.);
#1782 = DIRECTION('',(0.,-1.));
#1783 = ( GEOMETRIC_REPRESENTATION_CONTEXT(2) 
PARAMETRIC_REPRESENTATION_CONTEXT() REPRESENTATION_CONTEXT('2D SPACE',''
  ) );
#1784 = PCURVE('',#780,#1785);
#1785 = DEFINITIONAL_REPRESENTATION('',(#1786),#1790);
#1786 = LINE('',#1787,#1788);
#1787 = CARTESIAN_POINT('',(0.,0.));
#1788 = VECTOR('',#1789,1.);
#1789 = DIRECTION('',(0.,-1.));
#1790 = ( GEOMETRIC_REPRESENTATION_CONTEXT(2) 
PARAMETRIC_REPRESENTATION_CONTEXT() REPRESENTATION_CONTEXT('2D SPACE',''
  ) );
#1791 = ADVANCED_FACE('',(#1792),#780,.F.);
#1792 = FACE_BOUND('',#1793,.F.);
#1793 = EDGE_LOOP('',(#1794,#1795,#1796,#1819));
#1794 = ORIENTED_EDGE('',*,*,#765,.T.);
#1795 = ORIENTED_EDGE('',*,*,#1771,.T.);
#1796 = ORIENTED_EDGE('',*,*,#1797,.T.);
#1797 = EDGE_CURVE('',#1749,#1798,#1800,.T.);
#1798 = VERTEX_POINT('',#1799);
#1799 = CARTESIAN_POINT('',(5.322083951133,8.481919805509,12.9204));
#1800 = SURFACE_CURVE('',#1801,(#1805,#1812),.PCURVE_S1.);
#1801 = LINE('',#1802,#1803);
#1802 = CARTESIAN_POINT('',(6.024788557052,7.998039885673,12.9204));
#1803 = VECTOR('',#1804,1.);
#1804 = DIRECTION('',(-0.823620096666,0.567141901439,0.));
#1805 = PCURVE('',#780,#1806);
#1806 = DEFINITIONAL_REPRESENTATION('',(#1807),#1811);
#1807 = LINE('',#1808,#1809);
#1808 = CARTESIAN_POINT('',(0.,-0.65));
#1809 = VECTOR('',#1810,1.);
#1810 = DIRECTION('',(1.,0.));
#1811 = ( GEOMETRIC_REPRESENTATION_CONTEXT(2) 
PARAMETRIC_REPRESENTATION_CONTEXT() REPRESENTATION_CONTEXT('2D SPACE',''
  ) );
#1812 = PCURVE('',#1221,#1813);
#1813 = DEFINITIONAL_REPRESENTATION('',(#1814),#1818);
#1814 = LINE('',#1815,#1816);
#1815 = CARTESIAN_POINT('',(1.220113928651,9.93966000503));
#1816 = VECTOR('',#1817,1.);
#1817 = DIRECTION('',(-0.9968468775,7.934924586329E-02));
#1818 = ( GEOMETRIC_REPRESENTATION_CONTEXT(2) 
PARAMETRIC_REPRESENTATION_CONTEXT() REPRESENTATION_CONTEXT('2D SPACE',''
  ) );
#1819 = ORIENTED_EDGE('',*,*,#1820,.F.);
#1820 = EDGE_CURVE('',#740,#1798,#1821,.T.);
#1821 = SURFACE_CURVE('',#1822,(#1826,#1833),.PCURVE_S1.);
#1822 = LINE('',#1823,#1824);
#1823 = CARTESIAN_POINT('',(5.322083951133,8.481919805509,12.2704));
#1824 = VECTOR('',#1825,1.);
#1825 = DIRECTION('',(0.,0.,1.));
#1826 = PCURVE('',#780,#1827);
#1827 = DEFINITIONAL_REPRESENTATION('',(#1828),#1832);
#1828 = LINE('',#1829,#1830);
#1829 = CARTESIAN_POINT('',(0.853190213258,0.));
#1830 = VECTOR('',#1831,1.);
#1831 = DIRECTION('',(0.,-1.));
#1832 = ( GEOMETRIC_REPRESENTATION_CONTEXT(2) 
PARAMETRIC_REPRESENTATION_CONTEXT() REPRESENTATION_CONTEXT('2D SPACE',''
  ) );
#1833 = PCURVE('',#754,#1834);
#1834 = DEFINITIONAL_REPRESENTATION('',(#1835),#1839);
#1835 = LINE('',#1836,#1837);
#1836 = CARTESIAN_POINT('',(0.,0.));
#1837 = VECTOR('',#1838,1.);
#1838 = DIRECTION('',(0.,-1.));
#1839 = ( GEOMETRIC_REPRESENTATION_CONTEXT(2) 
PARAMETRIC_REPRESENTATION_CONTEXT() REPRESENTATION_CONTEXT('2D SPACE',''
  ) );
#1840 = ADVANCED_FACE('',(#1841),#754,.F.);
#1841 = FACE_BOUND('',#1842,.F.);
#1842 = EDGE_LOOP('',(#1843,#1844,#1845,#1868));
#1843 = ORIENTED_EDGE('',*,*,#739,.T.);
#1844 = ORIENTED_EDGE('',*,*,#1820,.T.);
#1845 = ORIENTED_EDGE('',*,*,#1846,.T.);
#1846 = EDGE_CURVE('',#1798,#1847,#1849,.T.);
#1847 = VERTEX_POINT('',#1848);
#1848 = CARTESIAN_POINT('',(4.580777679165,8.90413967849,12.9204));
#1849 = SURFACE_CURVE('',#1850,(#1854,#1861),.PCURVE_S1.);
#1850 = LINE('',#1851,#1852);
#1851 = CARTESIAN_POINT('',(5.322083951133,8.481919805509,12.9204));
#1852 = VECTOR('',#1853,1.);
#1853 = DIRECTION('',(-0.868940968197,0.494915744131,0.));
#1854 = PCURVE('',#754,#1855);
#1855 = DEFINITIONAL_REPRESENTATION('',(#1856),#1860);
#1856 = LINE('',#1857,#1858);
#1857 = CARTESIAN_POINT('',(0.,-0.65));
#1858 = VECTOR('',#1859,1.);
#1859 = DIRECTION('',(1.,0.));
#1860 = ( GEOMETRIC_REPRESENTATION_CONTEXT(2) 
PARAMETRIC_REPRESENTATION_CONTEXT() REPRESENTATION_CONTEXT('2D SPACE',''
  ) );
#1861 = PCURVE('',#1221,#1862);
#1862 = DEFINITIONAL_REPRESENTATION('',(#1863),#1867);
#1863 = LINE('',#1864,#1865);
#1864 = CARTESIAN_POINT('',(0.369613928651,10.00736000503));
#1865 = VECTOR('',#1866,1.);
#1866 = DIRECTION('',(-0.999982824913,-5.860876948267E-03));
#1867 = ( GEOMETRIC_REPRESENTATION_CONTEXT(2) 
PARAMETRIC_REPRESENTATION_CONTEXT() REPRESENTATION_CONTEXT('2D SPACE',''
  ) );
#1868 = ORIENTED_EDGE('',*,*,#1869,.F.);
#1869 = EDGE_CURVE('',#714,#1847,#1870,.T.);
#1870 = SURFACE_CURVE('',#1871,(#1875,#1882),.PCURVE_S1.);
#1871 = LINE('',#1872,#1873);
#1872 = CARTESIAN_POINT('',(4.580777679165,8.90413967849,12.2704));
#1873 = VECTOR('',#1874,1.);
#1874 = DIRECTION('',(0.,0.,1.));
#1875 = PCURVE('',#754,#1876);
#1876 = DEFINITIONAL_REPRESENTATION('',(#1877),#1881);
#1877 = LINE('',#1878,#1879);
#1878 = CARTESIAN_POINT('',(0.853114652318,0.));
#1879 = VECTOR('',#1880,1.);
#1880 = DIRECTION('',(0.,-1.));
#1881 = ( GEOMETRIC_REPRESENTATION_CONTEXT(2) 
PARAMETRIC_REPRESENTATION_CONTEXT() REPRESENTATION_CONTEXT('2D SPACE',''
  ) );
#1882 = PCURVE('',#728,#1883);
#1883 = DEFINITIONAL_REPRESENTATION('',(#1884),#1888);
#1884 = LINE('',#1885,#1886);
#1885 = CARTESIAN_POINT('',(0.,0.));
#1886 = VECTOR('',#1887,1.);
#1887 = DIRECTION('',(0.,-1.));
#1888 = ( GEOMETRIC_REPRESENTATION_CONTEXT(2) 
PARAMETRIC_REPRESENTATION_CONTEXT() REPRESENTATION_CONTEXT('2D SPACE',''
  ) );
#1889 = ADVANCED_FACE('',(#1890),#728,.F.);
#1890 = FACE_BOUND('',#1891,.F.);
#1891 = EDGE_LOOP('',(#1892,#1893,#1894,#1917));
#1892 = ORIENTED_EDGE('',*,*,#713,.T.);
#1893 = ORIENTED_EDGE('',*,*,#1869,.T.);
#1894 = ORIENTED_EDGE('',*,*,#1895,.T.);
#1895 = EDGE_CURVE('',#1847,#1896,#1898,.T.);
#1896 = VERTEX_POINT('',#1897);
#1897 = CARTESIAN_POINT('',(3.80628909865,9.261686107157,12.9204));
#1898 = SURFACE_CURVE('',#1899,(#1903,#1910),.PCURVE_S1.);
#1899 = LINE('',#1900,#1901);
#1900 = CARTESIAN_POINT('',(4.580777679165,8.90413967849,12.9204));
#1901 = VECTOR('',#1902,1.);
#1902 = DIRECTION('',(-0.907919165108,0.41914530849,0.));
#1903 = PCURVE('',#728,#1904);
#1904 = DEFINITIONAL_REPRESENTATION('',(#1905),#1909);
#1905 = LINE('',#1906,#1907);
#1906 = CARTESIAN_POINT('',(0.,-0.65));
#1907 = VECTOR('',#1908,1.);
#1908 = DIRECTION('',(1.,0.));
#1909 = ( GEOMETRIC_REPRESENTATION_CONTEXT(2) 
PARAMETRIC_REPRESENTATION_CONTEXT() REPRESENTATION_CONTEXT('2D SPACE',''
  ) );
#1910 = PCURVE('',#1221,#1911);
#1911 = DEFINITIONAL_REPRESENTATION('',(#1912),#1916);
#1912 = LINE('',#1913,#1914);
#1913 = CARTESIAN_POINT('',(-0.483486071349,10.00236000503));
#1914 = VECTOR('',#1915,1.);
#1915 = DIRECTION('',(-0.995853715812,-9.09690975244E-02));
#1916 = ( GEOMETRIC_REPRESENTATION_CONTEXT(2) 
PARAMETRIC_REPRESENTATION_CONTEXT() REPRESENTATION_CONTEXT('2D SPACE',''
  ) );
#1917 = ORIENTED_EDGE('',*,*,#1918,.F.);
#1918 = EDGE_CURVE('',#688,#1896,#1919,.T.);
#1919 = SURFACE_CURVE('',#1920,(#1924,#1931),.PCURVE_S1.);
#1920 = LINE('',#1921,#1922);
#1921 = CARTESIAN_POINT('',(3.80628909865,9.261686107157,12.2704));
#1922 = VECTOR('',#1923,1.);
#1923 = DIRECTION('',(0.,0.,1.));
#1924 = PCURVE('',#728,#1925);
#1925 = DEFINITIONAL_REPRESENTATION('',(#1926),#1930);
#1926 = LINE('',#1927,#1928);
#1927 = CARTESIAN_POINT('',(0.85303693355,0.));
#1928 = VECTOR('',#1929,1.);
#1929 = DIRECTION('',(0.,-1.));
#1930 = ( GEOMETRIC_REPRESENTATION_CONTEXT(2) 
PARAMETRIC_REPRESENTATION_CONTEXT() REPRESENTATION_CONTEXT('2D SPACE',''
  ) );
#1931 = PCURVE('',#702,#1932);
#1932 = DEFINITIONAL_REPRESENTATION('',(#1933),#1937);
#1933 = LINE('',#1934,#1935);
#1934 = CARTESIAN_POINT('',(0.,0.));
#1935 = VECTOR('',#1936,1.);
#1936 = DIRECTION('',(0.,-1.));
#1937 = ( GEOMETRIC_REPRESENTATION_CONTEXT(2) 
PARAMETRIC_REPRESENTATION_CONTEXT() REPRESENTATION_CONTEXT('2D SPACE',''
  ) );
#1938 = ADVANCED_FACE('',(#1939),#702,.F.);
#1939 = FACE_BOUND('',#1940,.F.);
#1940 = EDGE_LOOP('',(#1941,#1942,#1943,#1966));
#1941 = ORIENTED_EDGE('',*,*,#687,.T.);
#1942 = ORIENTED_EDGE('',*,*,#1918,.T.);
#1943 = ORIENTED_EDGE('',*,*,#1944,.T.);
#1944 = EDGE_CURVE('',#1896,#1945,#1947,.T.);
#1945 = VERTEX_POINT('',#1946);
#1946 = CARTESIAN_POINT('',(3.004114362011,9.552078706751,12.9204));
#1947 = SURFACE_CURVE('',#1948,(#1952,#1959),.PCURVE_S1.);
#1948 = LINE('',#1949,#1950);
#1949 = CARTESIAN_POINT('',(3.80628909865,9.261686107157,12.9204));
#1950 = VECTOR('',#1951,1.);
#1951 = DIRECTION('',(-0.940284600944,0.340389290706,0.));
#1952 = PCURVE('',#702,#1953);
#1953 = DEFINITIONAL_REPRESENTATION('',(#1954),#1958);
#1954 = LINE('',#1955,#1956);
#1955 = CARTESIAN_POINT('',(0.,-0.65));
#1956 = VECTOR('',#1957,1.);
#1957 = DIRECTION('',(1.,0.));
#1958 = ( GEOMETRIC_REPRESENTATION_CONTEXT(2) 
PARAMETRIC_REPRESENTATION_CONTEXT() REPRESENTATION_CONTEXT('2D SPACE',''
  ) );
#1959 = PCURVE('',#1221,#1960);
#1960 = DEFINITIONAL_REPRESENTATION('',(#1961),#1965);
#1961 = LINE('',#1962,#1963);
#1962 = CARTESIAN_POINT('',(-1.332986071349,9.92476000503));
#1963 = VECTOR('',#1964,1.);
#1964 = DIRECTION('',(-0.984504996558,-0.175356527545));
#1965 = ( GEOMETRIC_REPRESENTATION_CONTEXT(2) 
PARAMETRIC_REPRESENTATION_CONTEXT() REPRESENTATION_CONTEXT('2D SPACE',''
  ) );
#1966 = ORIENTED_EDGE('',*,*,#1967,.F.);
#1967 = EDGE_CURVE('',#662,#1945,#1968,.T.);
#1968 = SURFACE_CURVE('',#1969,(#1973,#1980),.PCURVE_S1.);
#1969 = LINE('',#1970,#1971);
#1970 = CARTESIAN_POINT('',(3.004114362011,9.552078706751,12.2704));
#1971 = VECTOR('',#1972,1.);
#1972 = DIRECTION('',(0.,0.,1.));
#1973 = PCURVE('',#702,#1974);
#1974 = DEFINITIONAL_REPRESENTATION('',(#1975),#1979);
#1975 = LINE('',#1976,#1977);
#1976 = CARTESIAN_POINT('',(0.85311908313,0.));
#1977 = VECTOR('',#1978,1.);
#1978 = DIRECTION('',(0.,-1.));
#1979 = ( GEOMETRIC_REPRESENTATION_CONTEXT(2) 
PARAMETRIC_REPRESENTATION_CONTEXT() REPRESENTATION_CONTEXT('2D SPACE',''
  ) );
#1980 = PCURVE('',#676,#1981);
#1981 = DEFINITIONAL_REPRESENTATION('',(#1982),#1986);
#1982 = LINE('',#1983,#1984);
#1983 = CARTESIAN_POINT('',(0.,0.));
#1984 = VECTOR('',#1985,1.);
#1985 = DIRECTION('',(0.,-1.));
#1986 = ( GEOMETRIC_REPRESENTATION_CONTEXT(2) 
PARAMETRIC_REPRESENTATION_CONTEXT() REPRESENTATION_CONTEXT('2D SPACE',''
  ) );
#1987 = ADVANCED_FACE('',(#1988),#676,.F.);
#1988 = FACE_BOUND('',#1989,.F.);
#1989 = EDGE_LOOP('',(#1990,#1991,#1992,#2015));
#1990 = ORIENTED_EDGE('',*,*,#661,.T.);
#1991 = ORIENTED_EDGE('',*,*,#1967,.T.);
#1992 = ORIENTED_EDGE('',*,*,#1993,.T.);
#1993 = EDGE_CURVE('',#1945,#1994,#1996,.T.);
#1994 = VERTEX_POINT('',#1995);
#1995 = CARTESIAN_POINT('',(2.180122826752,9.773083502676,12.9204));
#1996 = SURFACE_CURVE('',#1997,(#2001,#2008),.PCURVE_S1.);
#1997 = LINE('',#1998,#1999);
#1998 = CARTESIAN_POINT('',(3.004114362011,9.552078706751,12.9204));
#1999 = VECTOR('',#2000,1.);
#2000 = DIRECTION('',(-0.965862227328,0.259056283115,0.));
#2001 = PCURVE('',#676,#2002);
#2002 = DEFINITIONAL_REPRESENTATION('',(#2003),#2007);
#2003 = LINE('',#2004,#2005);
#2004 = CARTESIAN_POINT('',(0.,-0.65));
#2005 = VECTOR('',#2006,1.);
#2006 = DIRECTION('',(1.,0.));
#2007 = ( GEOMETRIC_REPRESENTATION_CONTEXT(2) 
PARAMETRIC_REPRESENTATION_CONTEXT() REPRESENTATION_CONTEXT('2D SPACE',''
  ) );
#2008 = PCURVE('',#1221,#2009);
#2009 = DEFINITIONAL_REPRESENTATION('',(#2010),#2014);
#2010 = LINE('',#2011,#2012);
#2011 = CARTESIAN_POINT('',(-2.172886071349,9.77516000503));
#2012 = VECTOR('',#2013,1.);
#2013 = DIRECTION('',(-0.965989366979,-0.258581791476));
#2014 = ( GEOMETRIC_REPRESENTATION_CONTEXT(2) 
PARAMETRIC_REPRESENTATION_CONTEXT() REPRESENTATION_CONTEXT('2D SPACE',''
  ) );
#2015 = ORIENTED_EDGE('',*,*,#2016,.F.);
#2016 = EDGE_CURVE('',#636,#1994,#2017,.T.);
#2017 = SURFACE_CURVE('',#2018,(#2022,#2029),.PCURVE_S1.);
#2018 = LINE('',#2019,#2020);
#2019 = CARTESIAN_POINT('',(2.180122826752,9.773083502676,12.2704));
#2020 = VECTOR('',#2021,1.);
#2021 = DIRECTION('',(0.,0.,1.));
#2022 = PCURVE('',#676,#2023);
#2023 = DEFINITIONAL_REPRESENTATION('',(#2024),#2028);
#2024 = LINE('',#2025,#2026);
#2025 = CARTESIAN_POINT('',(0.853114980527,0.));
#2026 = VECTOR('',#2027,1.);
#2027 = DIRECTION('',(0.,-1.));
#2028 = ( GEOMETRIC_REPRESENTATION_CONTEXT(2) 
PARAMETRIC_REPRESENTATION_CONTEXT() REPRESENTATION_CONTEXT('2D SPACE',''
  ) );
#2029 = PCURVE('',#650,#2030);
#2030 = DEFINITIONAL_REPRESENTATION('',(#2031),#2035);
#2031 = LINE('',#2032,#2033);
#2032 = CARTESIAN_POINT('',(0.,0.));
#2033 = VECTOR('',#2034,1.);
#2034 = DIRECTION('',(0.,-1.));
#2035 = ( GEOMETRIC_REPRESENTATION_CONTEXT(2) 
PARAMETRIC_REPRESENTATION_CONTEXT() REPRESENTATION_CONTEXT('2D SPACE',''
  ) );
#2036 = ADVANCED_FACE('',(#2037),#650,.F.);
#2037 = FACE_BOUND('',#2038,.F.);
#2038 = EDGE_LOOP('',(#2039,#2040,#2041,#2064));
#2039 = ORIENTED_EDGE('',*,*,#635,.T.);
#2040 = ORIENTED_EDGE('',*,*,#2016,.T.);
#2041 = ORIENTED_EDGE('',*,*,#2042,.T.);
#2042 = EDGE_CURVE('',#1994,#2043,#2045,.T.);
#2043 = VERTEX_POINT('',#2044);
#2044 = CARTESIAN_POINT('',(1.340274042756,9.923222738119,12.9204));
#2045 = SURFACE_CURVE('',#2046,(#2050,#2057),.PCURVE_S1.);
#2046 = LINE('',#2047,#2048);
#2047 = CARTESIAN_POINT('',(2.180122826752,9.773083502676,12.9204));
#2048 = VECTOR('',#2049,1.);
#2049 = DIRECTION('',(-0.984393838111,0.175979463262,0.));
#2050 = PCURVE('',#650,#2051);
#2051 = DEFINITIONAL_REPRESENTATION('',(#2052),#2056);
#2052 = LINE('',#2053,#2054);
#2053 = CARTESIAN_POINT('',(0.,-0.65));
#2054 = VECTOR('',#2055,1.);
#2055 = DIRECTION('',(1.,0.));
#2056 = ( GEOMETRIC_REPRESENTATION_CONTEXT(2) 
PARAMETRIC_REPRESENTATION_CONTEXT() REPRESENTATION_CONTEXT('2D SPACE',''
  ) );
#2057 = PCURVE('',#1221,#2058);
#2058 = DEFINITIONAL_REPRESENTATION('',(#2059),#2063);
#2059 = LINE('',#2060,#2061);
#2060 = CARTESIAN_POINT('',(-2.996986071349,9.55456000503));
#2061 = VECTOR('',#2062,1.);
#2062 = DIRECTION('',(-0.940499802763,-0.339794233326));
#2063 = ( GEOMETRIC_REPRESENTATION_CONTEXT(2) 
PARAMETRIC_REPRESENTATION_CONTEXT() REPRESENTATION_CONTEXT('2D SPACE',''
  ) );
#2064 = ORIENTED_EDGE('',*,*,#2065,.F.);
#2065 = EDGE_CURVE('',#610,#2043,#2066,.T.);
#2066 = SURFACE_CURVE('',#2067,(#2071,#2078),.PCURVE_S1.);
#2067 = LINE('',#2068,#2069);
#2068 = CARTESIAN_POINT('',(1.340274042756,9.923222738119,12.2704));
#2069 = VECTOR('',#2070,1.);
#2070 = DIRECTION('',(0.,0.,1.));
#2071 = PCURVE('',#650,#2072);
#2072 = DEFINITIONAL_REPRESENTATION('',(#2073),#2077);
#2073 = LINE('',#2074,#2075);
#2074 = CARTESIAN_POINT('',(0.853163389979,0.));
#2075 = VECTOR('',#2076,1.);
#2076 = DIRECTION('',(0.,-1.));
#2077 = ( GEOMETRIC_REPRESENTATION_CONTEXT(2) 
PARAMETRIC_REPRESENTATION_CONTEXT() REPRESENTATION_CONTEXT('2D SPACE',''
  ) );
#2078 = PCURVE('',#624,#2079);
#2079 = DEFINITIONAL_REPRESENTATION('',(#2080),#2084);
#2080 = LINE('',#2081,#2082);
#2081 = CARTESIAN_POINT('',(0.,0.));
#2082 = VECTOR('',#2083,1.);
#2083 = DIRECTION('',(0.,-1.));
#2084 = ( GEOMETRIC_REPRESENTATION_CONTEXT(2) 
PARAMETRIC_REPRESENTATION_CONTEXT() REPRESENTATION_CONTEXT('2D SPACE',''
  ) );
#2085 = ADVANCED_FACE('',(#2086),#624,.F.);
#2086 = FACE_BOUND('',#2087,.F.);
#2087 = EDGE_LOOP('',(#2088,#2089,#2090,#2113));
#2088 = ORIENTED_EDGE('',*,*,#609,.T.);
#2089 = ORIENTED_EDGE('',*,*,#2065,.T.);
#2090 = ORIENTED_EDGE('',*,*,#2091,.T.);
#2091 = EDGE_CURVE('',#2043,#2092,#2094,.T.);
#2092 = VERTEX_POINT('',#2093);
#2093 = CARTESIAN_POINT('',(0.490814162444,10.001315066427,12.9204));
#2094 = SURFACE_CURVE('',#2095,(#2099,#2106),.PCURVE_S1.);
#2095 = LINE('',#2096,#2097);
#2096 = CARTESIAN_POINT('',(1.340274042756,9.923222738119,12.9204));
#2097 = VECTOR('',#2098,1.);
#2098 = DIRECTION('',(-0.995800875057,9.15457111834E-02,0.));
#2099 = PCURVE('',#624,#2100);
#2100 = DEFINITIONAL_REPRESENTATION('',(#2101),#2105);
#2101 = LINE('',#2102,#2103);
#2102 = CARTESIAN_POINT('',(0.,-0.65));
#2103 = VECTOR('',#2104,1.);
#2104 = DIRECTION('',(1.,0.));
#2105 = ( GEOMETRIC_REPRESENTATION_CONTEXT(2) 
PARAMETRIC_REPRESENTATION_CONTEXT() REPRESENTATION_CONTEXT('2D SPACE',''
  ) );
#2106 = PCURVE('',#1221,#2107);
#2107 = DEFINITIONAL_REPRESENTATION('',(#2108),#2112);
#2108 = LINE('',#2109,#2110);
#2109 = CARTESIAN_POINT('',(-3.799386071349,9.26466000503));
#2110 = VECTOR('',#2111,1.);
#2111 = DIRECTION('',(-0.908161710502,-0.418619526036));
#2112 = ( GEOMETRIC_REPRESENTATION_CONTEXT(2) 
PARAMETRIC_REPRESENTATION_CONTEXT() REPRESENTATION_CONTEXT('2D SPACE',''
  ) );
#2113 = ORIENTED_EDGE('',*,*,#2114,.F.);
#2114 = EDGE_CURVE('',#584,#2092,#2115,.T.);
#2115 = SURFACE_CURVE('',#2116,(#2120,#2127),.PCURVE_S1.);
#2116 = LINE('',#2117,#2118);
#2117 = CARTESIAN_POINT('',(0.490814162444,10.001315066427,12.2704));
#2118 = VECTOR('',#2119,1.);
#2119 = DIRECTION('',(0.,0.,1.));
#2120 = PCURVE('',#624,#2121);
#2121 = DEFINITIONAL_REPRESENTATION('',(#2122),#2126);
#2122 = LINE('',#2123,#2124);
#2123 = CARTESIAN_POINT('',(0.853041909873,0.));
#2124 = VECTOR('',#2125,1.);
#2125 = DIRECTION('',(0.,-1.));
#2126 = ( GEOMETRIC_REPRESENTATION_CONTEXT(2) 
PARAMETRIC_REPRESENTATION_CONTEXT() REPRESENTATION_CONTEXT('2D SPACE',''
  ) );
#2127 = PCURVE('',#598,#2128);
#2128 = DEFINITIONAL_REPRESENTATION('',(#2129),#2133);
#2129 = LINE('',#2130,#2131);
#2130 = CARTESIAN_POINT('',(0.,0.));
#2131 = VECTOR('',#2132,1.);
#2132 = DIRECTION('',(0.,-1.));
#2133 = ( GEOMETRIC_REPRESENTATION_CONTEXT(2) 
PARAMETRIC_REPRESENTATION_CONTEXT() REPRESENTATION_CONTEXT('2D SPACE',''
  ) );
#2134 = ADVANCED_FACE('',(#2135),#598,.F.);
#2135 = FACE_BOUND('',#2136,.F.);
#2136 = EDGE_LOOP('',(#2137,#2138,#2139,#2162));
#2137 = ORIENTED_EDGE('',*,*,#583,.T.);
#2138 = ORIENTED_EDGE('',*,*,#2114,.T.);
#2139 = ORIENTED_EDGE('',*,*,#2140,.T.);
#2140 = EDGE_CURVE('',#2092,#2141,#2143,.T.);
#2141 = VERTEX_POINT('',#2142);
#2142 = CARTESIAN_POINT('',(-0.362330277003,10.006825551111,12.9204));
#2143 = SURFACE_CURVE('',#2144,(#2148,#2155),.PCURVE_S1.);
#2144 = LINE('',#2145,#2146);
#2145 = CARTESIAN_POINT('',(0.490814162444,10.001315066427,12.9204));
#2146 = VECTOR('',#2147,1.);
#2147 = DIRECTION('',(-0.999979141125,6.458894281471E-03,0.));
#2148 = PCURVE('',#598,#2149);
#2149 = DEFINITIONAL_REPRESENTATION('',(#2150),#2154);
#2150 = LINE('',#2151,#2152);
#2151 = CARTESIAN_POINT('',(0.,-0.65));
#2152 = VECTOR('',#2153,1.);
#2153 = DIRECTION('',(1.,0.));
#2154 = ( GEOMETRIC_REPRESENTATION_CONTEXT(2) 
PARAMETRIC_REPRESENTATION_CONTEXT() REPRESENTATION_CONTEXT('2D SPACE',''
  ) );
#2155 = PCURVE('',#1221,#2156);
#2156 = DEFINITIONAL_REPRESENTATION('',(#2157),#2161);
#2157 = LINE('',#2158,#2159);
#2158 = CARTESIAN_POINT('',(-4.574086071349,8.90756000503));
#2159 = VECTOR('',#2160,1.);
#2160 = DIRECTION('',(-0.869236786609,-0.494396004034));
#2161 = ( GEOMETRIC_REPRESENTATION_CONTEXT(2) 
PARAMETRIC_REPRESENTATION_CONTEXT() REPRESENTATION_CONTEXT('2D SPACE',''
  ) );
#2162 = ORIENTED_EDGE('',*,*,#2163,.F.);
#2163 = EDGE_CURVE('',#558,#2141,#2164,.T.);
#2164 = SURFACE_CURVE('',#2165,(#2169,#2176),.PCURVE_S1.);
#2165 = LINE('',#2166,#2167);
#2166 = CARTESIAN_POINT('',(-0.362330277003,10.006825551111,12.2704));
#2167 = VECTOR('',#2168,1.);
#2168 = DIRECTION('',(0.,0.,1.));
#2169 = PCURVE('',#598,#2170);
#2170 = DEFINITIONAL_REPRESENTATION('',(#2171),#2175);
#2171 = LINE('',#2172,#2173);
#2172 = CARTESIAN_POINT('',(0.853162235451,0.));
#2173 = VECTOR('',#2174,1.);
#2174 = DIRECTION('',(0.,-1.));
#2175 = ( GEOMETRIC_REPRESENTATION_CONTEXT(2) 
PARAMETRIC_REPRESENTATION_CONTEXT() REPRESENTATION_CONTEXT('2D SPACE',''
  ) );
#2176 = PCURVE('',#572,#2177);
#2177 = DEFINITIONAL_REPRESENTATION('',(#2178),#2182);
#2178 = LINE('',#2179,#2180);
#2179 = CARTESIAN_POINT('',(0.,0.));
#2180 = VECTOR('',#2181,1.);
#2181 = DIRECTION('',(0.,-1.));
#2182 = ( GEOMETRIC_REPRESENTATION_CONTEXT(2) 
PARAMETRIC_REPRESENTATION_CONTEXT() REPRESENTATION_CONTEXT('2D SPACE',''
  ) );
#2183 = ADVANCED_FACE('',(#2184),#572,.F.);
#2184 = FACE_BOUND('',#2185,.F.);
#2185 = EDGE_LOOP('',(#2186,#2187,#2188,#2211));
#2186 = ORIENTED_EDGE('',*,*,#557,.T.);
#2187 = ORIENTED_EDGE('',*,*,#2163,.T.);
#2188 = ORIENTED_EDGE('',*,*,#2189,.T.);
#2189 = EDGE_CURVE('',#2141,#2190,#2192,.T.);
#2190 = VERTEX_POINT('',#2191);
#2191 = CARTESIAN_POINT('',(-1.212759533323,9.939638870922,12.9204));
#2192 = SURFACE_CURVE('',#2193,(#2197,#2204),.PCURVE_S1.);
#2193 = LINE('',#2194,#2195);
#2194 = CARTESIAN_POINT('',(-0.362330277003,10.006825551111,12.9204));
#2195 = VECTOR('',#2196,1.);
#2196 = DIRECTION('',(-0.996893775894,-7.875785411427E-02,0.));
#2197 = PCURVE('',#572,#2198);
#2198 = DEFINITIONAL_REPRESENTATION('',(#2199),#2203);
#2199 = LINE('',#2200,#2201);
#2200 = CARTESIAN_POINT('',(0.,-0.65));
#2201 = VECTOR('',#2202,1.);
#2202 = DIRECTION('',(1.,0.));
#2203 = ( GEOMETRIC_REPRESENTATION_CONTEXT(2) 
PARAMETRIC_REPRESENTATION_CONTEXT() REPRESENTATION_CONTEXT('2D SPACE',''
  ) );
#2204 = PCURVE('',#1221,#2205);
#2205 = DEFINITIONAL_REPRESENTATION('',(#2206),#2210);
#2206 = LINE('',#2207,#2208);
#2207 = CARTESIAN_POINT('',(-5.315686071349,8.48576000503));
#2208 = VECTOR('',#2209,1.);
#2209 = DIRECTION('',(-0.823956407741,-0.566653190357));
#2210 = ( GEOMETRIC_REPRESENTATION_CONTEXT(2) 
PARAMETRIC_REPRESENTATION_CONTEXT() REPRESENTATION_CONTEXT('2D SPACE',''
  ) );
#2211 = ORIENTED_EDGE('',*,*,#2212,.F.);
#2212 = EDGE_CURVE('',#532,#2190,#2213,.T.);
#2213 = SURFACE_CURVE('',#2214,(#2218,#2225),.PCURVE_S1.);
#2214 = LINE('',#2215,#2216);
#2215 = CARTESIAN_POINT('',(-1.212759533323,9.939638870922,12.2704));
#2216 = VECTOR('',#2217,1.);
#2217 = DIRECTION('',(0.,0.,1.));
#2218 = PCURVE('',#572,#2219);
#2219 = DEFINITIONAL_REPRESENTATION('',(#2220),#2224);
#2220 = LINE('',#2221,#2222);
#2221 = CARTESIAN_POINT('',(0.85307911122,0.));
#2222 = VECTOR('',#2223,1.);
#2223 = DIRECTION('',(0.,-1.));
#2224 = ( GEOMETRIC_REPRESENTATION_CONTEXT(2) 
PARAMETRIC_REPRESENTATION_CONTEXT() REPRESENTATION_CONTEXT('2D SPACE',''
  ) );
#2225 = PCURVE('',#546,#2226);
#2226 = DEFINITIONAL_REPRESENTATION('',(#2227),#2231);
#2227 = LINE('',#2228,#2229);
#2228 = CARTESIAN_POINT('',(0.,0.));
#2229 = VECTOR('',#2230,1.);
#2230 = DIRECTION('',(0.,-1.));
#2231 = ( GEOMETRIC_REPRESENTATION_CONTEXT(2) 
PARAMETRIC_REPRESENTATION_CONTEXT() REPRESENTATION_CONTEXT('2D SPACE',''
  ) );
#2232 = ADVANCED_FACE('',(#2233),#546,.F.);
#2233 = FACE_BOUND('',#2234,.F.);
#2234 = EDGE_LOOP('',(#2235,#2236,#2237,#2260));
#2235 = ORIENTED_EDGE('',*,*,#531,.T.);
#2236 = ORIENTED_EDGE('',*,*,#2212,.T.);
#2237 = ORIENTED_EDGE('',*,*,#2238,.T.);
#2238 = EDGE_CURVE('',#2190,#2239,#2241,.T.);
#2239 = VERTEX_POINT('',#2240);
#2240 = CARTESIAN_POINT('',(-2.054480082038,9.800336114772,12.9204));
#2241 = SURFACE_CURVE('',#2242,(#2246,#2253),.PCURVE_S1.);
#2242 = LINE('',#2243,#2244);
#2243 = CARTESIAN_POINT('',(-1.212759533323,9.939638870922,12.9204));
#2244 = VECTOR('',#2245,1.);
#2245 = DIRECTION('',(-0.986580314962,-0.163276704182,0.));
#2246 = PCURVE('',#546,#2247);
#2247 = DEFINITIONAL_REPRESENTATION('',(#2248),#2252);
#2248 = LINE('',#2249,#2250);
#2249 = CARTESIAN_POINT('',(0.,-0.65));
#2250 = VECTOR('',#2251,1.);
#2251 = DIRECTION('',(1.,0.));
#2252 = ( GEOMETRIC_REPRESENTATION_CONTEXT(2) 
PARAMETRIC_REPRESENTATION_CONTEXT() REPRESENTATION_CONTEXT('2D SPACE',''
  ) );
#2253 = PCURVE('',#1221,#2254);
#2254 = DEFINITIONAL_REPRESENTATION('',(#2255),#2259);
#2255 = LINE('',#2256,#2257);
#2256 = CARTESIAN_POINT('',(-6.018586071349,8.00236000503));
#2257 = VECTOR('',#2258,1.);
#2258 = DIRECTION('',(-0.77276526354,-0.634691931149));
#2259 = ( GEOMETRIC_REPRESENTATION_CONTEXT(2) 
PARAMETRIC_REPRESENTATION_CONTEXT() REPRESENTATION_CONTEXT('2D SPACE',''
  ) );
#2260 = ORIENTED_EDGE('',*,*,#2261,.F.);
#2261 = EDGE_CURVE('',#506,#2239,#2262,.T.);
#2262 = SURFACE_CURVE('',#2263,(#2267,#2274),.PCURVE_S1.);
#2263 = LINE('',#2264,#2265);
#2264 = CARTESIAN_POINT('',(-2.054480082038,9.800336114772,12.2704));
#2265 = VECTOR('',#2266,1.);
#2266 = DIRECTION('',(0.,0.,1.));
#2267 = PCURVE('',#546,#2268);
#2268 = DEFINITIONAL_REPRESENTATION('',(#2269),#2273);
#2269 = LINE('',#2270,#2271);
#2270 = CARTESIAN_POINT('',(0.853169818969,0.));
#2271 = VECTOR('',#2272,1.);
#2272 = DIRECTION('',(0.,-1.));
#2273 = ( GEOMETRIC_REPRESENTATION_CONTEXT(2) 
PARAMETRIC_REPRESENTATION_CONTEXT() REPRESENTATION_CONTEXT('2D SPACE',''
  ) );
#2274 = PCURVE('',#520,#2275);
#2275 = DEFINITIONAL_REPRESENTATION('',(#2276),#2280);
#2276 = LINE('',#2277,#2278);
#2277 = CARTESIAN_POINT('',(0.,0.));
#2278 = VECTOR('',#2279,1.);
#2279 = DIRECTION('',(0.,-1.));
#2280 = ( GEOMETRIC_REPRESENTATION_CONTEXT(2) 
PARAMETRIC_REPRESENTATION_CONTEXT() REPRESENTATION_CONTEXT('2D SPACE',''
  ) );
#2281 = ADVANCED_FACE('',(#2282),#520,.F.);
#2282 = FACE_BOUND('',#2283,.F.);
#2283 = EDGE_LOOP('',(#2284,#2285,#2286,#2309));
#2284 = ORIENTED_EDGE('',*,*,#505,.T.);
#2285 = ORIENTED_EDGE('',*,*,#2261,.T.);
#2286 = ORIENTED_EDGE('',*,*,#2287,.T.);
#2287 = EDGE_CURVE('',#2239,#2288,#2290,.T.);
#2288 = VERTEX_POINT('',#2289);
#2289 = CARTESIAN_POINT('',(-2.881161796129,9.589881384278,12.9204));
#2290 = SURFACE_CURVE('',#2291,(#2295,#2302),.PCURVE_S1.);
#2291 = LINE('',#2292,#2293);
#2292 = CARTESIAN_POINT('',(-2.054480082038,9.800336114772,12.9204));
#2293 = VECTOR('',#2294,1.);
#2294 = DIRECTION('',(-0.969089702969,-0.246708628952,0.));
#2295 = PCURVE('',#520,#2296);
#2296 = DEFINITIONAL_REPRESENTATION('',(#2297),#2301);
#2297 = LINE('',#2298,#2299);
#2298 = CARTESIAN_POINT('',(0.,-0.65));
#2299 = VECTOR('',#2300,1.);
#2300 = DIRECTION('',(1.,0.));
#2301 = ( GEOMETRIC_REPRESENTATION_CONTEXT(2) 
PARAMETRIC_REPRESENTATION_CONTEXT() REPRESENTATION_CONTEXT('2D SPACE',''
  ) );
#2302 = PCURVE('',#1221,#2303);
#2303 = DEFINITIONAL_REPRESENTATION('',(#2304),#2308);
#2304 = LINE('',#2305,#2306);
#2305 = CARTESIAN_POINT('',(-6.677886071349,7.46086000503));
#2306 = VECTOR('',#2307,1.);
#2307 = DIRECTION('',(-0.715901986841,-0.69820079149));
#2308 = ( GEOMETRIC_REPRESENTATION_CONTEXT(2) 
PARAMETRIC_REPRESENTATION_CONTEXT() REPRESENTATION_CONTEXT('2D SPACE',''
  ) );
#2309 = ORIENTED_EDGE('',*,*,#2310,.F.);
#2310 = EDGE_CURVE('',#480,#2288,#2311,.T.);
#2311 = SURFACE_CURVE('',#2312,(#2316,#2323),.PCURVE_S1.);
#2312 = LINE('',#2313,#2314);
#2313 = CARTESIAN_POINT('',(-2.881161796129,9.589881384278,12.2704));
#2314 = VECTOR('',#2315,1.);
#2315 = DIRECTION('',(0.,0.,1.));
#2316 = PCURVE('',#520,#2317);
#2317 = DEFINITIONAL_REPRESENTATION('',(#2318),#2322);
#2318 = LINE('',#2319,#2320);
#2319 = CARTESIAN_POINT('',(0.853049734775,0.));
#2320 = VECTOR('',#2321,1.);
#2321 = DIRECTION('',(0.,-1.));
#2322 = ( GEOMETRIC_REPRESENTATION_CONTEXT(2) 
PARAMETRIC_REPRESENTATION_CONTEXT() REPRESENTATION_CONTEXT('2D SPACE',''
  ) );
#2323 = PCURVE('',#494,#2324);
#2324 = DEFINITIONAL_REPRESENTATION('',(#2325),#2329);
#2325 = LINE('',#2326,#2327);
#2326 = CARTESIAN_POINT('',(0.,0.));
#2327 = VECTOR('',#2328,1.);
#2328 = DIRECTION('',(0.,-1.));
#2329 = ( GEOMETRIC_REPRESENTATION_CONTEXT(2) 
PARAMETRIC_REPRESENTATION_CONTEXT() REPRESENTATION_CONTEXT('2D SPACE',''
  ) );
#2330 = ADVANCED_FACE('',(#2331),#494,.F.);
#2331 = FACE_BOUND('',#2332,.F.);
#2332 = EDGE_LOOP('',(#2333,#2334,#2335,#2358));
#2333 = ORIENTED_EDGE('',*,*,#479,.T.);
#2334 = ORIENTED_EDGE('',*,*,#2310,.T.);
#2335 = ORIENTED_EDGE('',*,*,#2336,.T.);
#2336 = EDGE_CURVE('',#2288,#2337,#2339,.T.);
#2337 = VERTEX_POINT('',#2338);
#2338 = CARTESIAN_POINT('',(-3.6870673689,9.309811986135,12.9204));
#2339 = SURFACE_CURVE('',#2340,(#2344,#2351),.PCURVE_S1.);
#2340 = LINE('',#2341,#2342);
#2341 = CARTESIAN_POINT('',(-2.881161796129,9.589881384278,12.9204));
#2342 = VECTOR('',#2343,1.);
#2343 = DIRECTION('',(-0.944586075902,-0.32826383476,0.));
#2344 = PCURVE('',#494,#2345);
#2345 = DEFINITIONAL_REPRESENTATION('',(#2346),#2350);
#2346 = LINE('',#2347,#2348);
#2347 = CARTESIAN_POINT('',(0.,-0.65));
#2348 = VECTOR('',#2349,1.);
#2349 = DIRECTION('',(1.,0.));
#2350 = ( GEOMETRIC_REPRESENTATION_CONTEXT(2) 
PARAMETRIC_REPRESENTATION_CONTEXT() REPRESENTATION_CONTEXT('2D SPACE',''
  ) );
#2351 = PCURVE('',#1221,#2352);
#2352 = DEFINITIONAL_REPRESENTATION('',(#2353),#2357);
#2353 = LINE('',#2354,#2355);
#2354 = CARTESIAN_POINT('',(-7.288586071349,6.86526000503));
#2355 = VECTOR('',#2356,1.);
#2356 = DIRECTION('',(-0.653903620413,-0.756577857997));
#2357 = ( GEOMETRIC_REPRESENTATION_CONTEXT(2) 
PARAMETRIC_REPRESENTATION_CONTEXT() REPRESENTATION_CONTEXT('2D SPACE',''
  ) );
#2358 = ORIENTED_EDGE('',*,*,#2359,.F.);
#2359 = EDGE_CURVE('',#454,#2337,#2360,.T.);
#2360 = SURFACE_CURVE('',#2361,(#2365,#2372),.PCURVE_S1.);
#2361 = LINE('',#2362,#2363);
#2362 = CARTESIAN_POINT('',(-3.6870673689,9.309811986135,12.2704));
#2363 = VECTOR('',#2364,1.);
#2364 = DIRECTION('',(0.,0.,1.));
#2365 = PCURVE('',#494,#2366);
#2366 = DEFINITIONAL_REPRESENTATION('',(#2367),#2371);
#2367 = LINE('',#2368,#2369);
#2368 = CARTESIAN_POINT('',(0.853183837165,0.));
#2369 = VECTOR('',#2370,1.);
#2370 = DIRECTION('',(0.,-1.));
#2371 = ( GEOMETRIC_REPRESENTATION_CONTEXT(2) 
PARAMETRIC_REPRESENTATION_CONTEXT() REPRESENTATION_CONTEXT('2D SPACE',''
  ) );
#2372 = PCURVE('',#468,#2373);
#2373 = DEFINITIONAL_REPRESENTATION('',(#2374),#2378);
#2374 = LINE('',#2375,#2376);
#2375 = CARTESIAN_POINT('',(0.,0.));
#2376 = VECTOR('',#2377,1.);
#2377 = DIRECTION('',(0.,-1.));
#2378 = ( GEOMETRIC_REPRESENTATION_CONTEXT(2) 
PARAMETRIC_REPRESENTATION_CONTEXT() REPRESENTATION_CONTEXT('2D SPACE',''
  ) );
#2379 = ADVANCED_FACE('',(#2380),#468,.F.);
#2380 = FACE_BOUND('',#2381,.F.);
#2381 = EDGE_LOOP('',(#2382,#2383,#2384,#2407));
#2382 = ORIENTED_EDGE('',*,*,#453,.T.);
#2383 = ORIENTED_EDGE('',*,*,#2359,.T.);
#2384 = ORIENTED_EDGE('',*,*,#2385,.T.);
#2385 = EDGE_CURVE('',#2337,#2386,#2388,.T.);
#2386 = VERTEX_POINT('',#2387);
#2387 = CARTESIAN_POINT('',(-4.466159493656,8.962184842282,12.9204));
#2388 = SURFACE_CURVE('',#2389,(#2393,#2400),.PCURVE_S1.);
#2389 = LINE('',#2390,#2391);
#2390 = CARTESIAN_POINT('',(-3.6870673689,9.309811986135,12.9204));
#2391 = VECTOR('',#2392,1.);
#2392 = DIRECTION('',(-0.913217206637,-0.407473107703,0.));
#2393 = PCURVE('',#468,#2394);
#2394 = DEFINITIONAL_REPRESENTATION('',(#2395),#2399);
#2395 = LINE('',#2396,#2397);
#2396 = CARTESIAN_POINT('',(0.,-0.65));
#2397 = VECTOR('',#2398,1.);
#2398 = DIRECTION('',(1.,0.));
#2399 = ( GEOMETRIC_REPRESENTATION_CONTEXT(2) 
PARAMETRIC_REPRESENTATION_CONTEXT() REPRESENTATION_CONTEXT('2D SPACE',''
  ) );
#2400 = PCURVE('',#1221,#2401);
#2401 = DEFINITIONAL_REPRESENTATION('',(#2402),#2406);
#2402 = LINE('',#2403,#2404);
#2403 = CARTESIAN_POINT('',(-7.846486071349,6.21976000503));
#2404 = VECTOR('',#2405,1.);
#2405 = DIRECTION('',(-0.587132746269,-0.809490665949));
#2406 = ( GEOMETRIC_REPRESENTATION_CONTEXT(2) 
PARAMETRIC_REPRESENTATION_CONTEXT() REPRESENTATION_CONTEXT('2D SPACE',''
  ) );
#2407 = ORIENTED_EDGE('',*,*,#2408,.F.);
#2408 = EDGE_CURVE('',#428,#2386,#2409,.T.);
#2409 = SURFACE_CURVE('',#2410,(#2414,#2421),.PCURVE_S1.);
#2410 = LINE('',#2411,#2412);
#2411 = CARTESIAN_POINT('',(-4.466159493656,8.962184842282,12.2704));
#2412 = VECTOR('',#2413,1.);
#2413 = DIRECTION('',(0.,0.,1.));
#2414 = PCURVE('',#468,#2415);
#2415 = DEFINITIONAL_REPRESENTATION('',(#2416),#2420);
#2416 = LINE('',#2417,#2418);
#2417 = CARTESIAN_POINT('',(0.853129046511,0.));
#2418 = VECTOR('',#2419,1.);
#2419 = DIRECTION('',(0.,-1.));
#2420 = ( GEOMETRIC_REPRESENTATION_CONTEXT(2) 
PARAMETRIC_REPRESENTATION_CONTEXT() REPRESENTATION_CONTEXT('2D SPACE',''
  ) );
#2421 = PCURVE('',#442,#2422);
#2422 = DEFINITIONAL_REPRESENTATION('',(#2423),#2427);
#2423 = LINE('',#2424,#2425);
#2424 = CARTESIAN_POINT('',(0.,0.));
#2425 = VECTOR('',#2426,1.);
#2426 = DIRECTION('',(0.,-1.));
#2427 = ( GEOMETRIC_REPRESENTATION_CONTEXT(2) 
PARAMETRIC_REPRESENTATION_CONTEXT() REPRESENTATION_CONTEXT('2D SPACE',''
  ) );
#2428 = ADVANCED_FACE('',(#2429),#442,.F.);
#2429 = FACE_BOUND('',#2430,.F.);
#2430 = EDGE_LOOP('',(#2431,#2432,#2433,#2456));
#2431 = ORIENTED_EDGE('',*,*,#427,.T.);
#2432 = ORIENTED_EDGE('',*,*,#2408,.T.);
#2433 = ORIENTED_EDGE('',*,*,#2434,.T.);
#2434 = EDGE_CURVE('',#2386,#2435,#2437,.T.);
#2435 = VERTEX_POINT('',#2436);
#2436 = CARTESIAN_POINT('',(-5.212733876402,8.549480079737,12.9204));
#2437 = SURFACE_CURVE('',#2438,(#2442,#2449),.PCURVE_S1.);
#2438 = LINE('',#2439,#2440);
#2439 = CARTESIAN_POINT('',(-4.466159493656,8.962184842282,12.9204));
#2440 = VECTOR('',#2441,1.);
#2441 = DIRECTION('',(-0.87517990055,-0.483797624709,0.));
#2442 = PCURVE('',#442,#2443);
#2443 = DEFINITIONAL_REPRESENTATION('',(#2444),#2448);
#2444 = LINE('',#2445,#2446);
#2445 = CARTESIAN_POINT('',(0.,-0.65));
#2446 = VECTOR('',#2447,1.);
#2447 = DIRECTION('',(1.,0.));
#2448 = ( GEOMETRIC_REPRESENTATION_CONTEXT(2) 
PARAMETRIC_REPRESENTATION_CONTEXT() REPRESENTATION_CONTEXT('2D SPACE',''
  ) );
#2449 = PCURVE('',#1221,#2450);
#2450 = DEFINITIONAL_REPRESENTATION('',(#2451),#2455);
#2451 = LINE('',#2452,#2453);
#2452 = CARTESIAN_POINT('',(-8.347386071349,5.52916000503));
#2453 = VECTOR('',#2454,1.);
#2454 = DIRECTION('',(-0.516029214403,-0.856570983563));
#2455 = ( GEOMETRIC_REPRESENTATION_CONTEXT(2) 
PARAMETRIC_REPRESENTATION_CONTEXT() REPRESENTATION_CONTEXT('2D SPACE',''
  ) );
#2456 = ORIENTED_EDGE('',*,*,#2457,.F.);
#2457 = EDGE_CURVE('',#402,#2435,#2458,.T.);
#2458 = SURFACE_CURVE('',#2459,(#2463,#2470),.PCURVE_S1.);
#2459 = LINE('',#2460,#2461);
#2460 = CARTESIAN_POINT('',(-5.212733876402,8.549480079737,12.2704));
#2461 = VECTOR('',#2462,1.);
#2462 = DIRECTION('',(0.,0.,1.));
#2463 = PCURVE('',#442,#2464);
#2464 = DEFINITIONAL_REPRESENTATION('',(#2465),#2469);
#2465 = LINE('',#2466,#2467);
#2466 = CARTESIAN_POINT('',(0.85305247787,0.));
#2467 = VECTOR('',#2468,1.);
#2468 = DIRECTION('',(0.,-1.));
#2469 = ( GEOMETRIC_REPRESENTATION_CONTEXT(2) 
PARAMETRIC_REPRESENTATION_CONTEXT() REPRESENTATION_CONTEXT('2D SPACE',''
  ) );
#2470 = PCURVE('',#416,#2471);
#2471 = DEFINITIONAL_REPRESENTATION('',(#2472),#2476);
#2472 = LINE('',#2473,#2474);
#2473 = CARTESIAN_POINT('',(0.,0.));
#2474 = VECTOR('',#2475,1.);
#2475 = DIRECTION('',(0.,-1.));
#2476 = ( GEOMETRIC_REPRESENTATION_CONTEXT(2) 
PARAMETRIC_REPRESENTATION_CONTEXT() REPRESENTATION_CONTEXT('2D SPACE',''
  ) );
#2477 = ADVANCED_FACE('',(#2478),#416,.F.);
#2478 = FACE_BOUND('',#2479,.F.);
#2479 = EDGE_LOOP('',(#2480,#2481,#2482,#2505));
#2480 = ORIENTED_EDGE('',*,*,#401,.T.);
#2481 = ORIENTED_EDGE('',*,*,#2457,.T.);
#2482 = ORIENTED_EDGE('',*,*,#2483,.T.);
#2483 = EDGE_CURVE('',#2435,#2484,#2486,.T.);
#2484 = VERTEX_POINT('',#2485);
#2485 = CARTESIAN_POINT('',(-5.921542440927,8.07478763314,12.9204));
#2486 = SURFACE_CURVE('',#2487,(#2491,#2498),.PCURVE_S1.);
#2487 = LINE('',#2488,#2489);
#2488 = CARTESIAN_POINT('',(-5.212733876402,8.549480079737,12.9204));
#2489 = VECTOR('',#2490,1.);
#2490 = DIRECTION('',(-0.83088340938,-0.556446547313,0.));
#2491 = PCURVE('',#416,#2492);
#2492 = DEFINITIONAL_REPRESENTATION('',(#2493),#2497);
#2493 = LINE('',#2494,#2495);
#2494 = CARTESIAN_POINT('',(0.,-0.65));
#2495 = VECTOR('',#2496,1.);
#2496 = DIRECTION('',(1.,0.));
#2497 = ( GEOMETRIC_REPRESENTATION_CONTEXT(2) 
PARAMETRIC_REPRESENTATION_CONTEXT() REPRESENTATION_CONTEXT('2D SPACE',''
  ) );
#2498 = PCURVE('',#1221,#2499);
#2499 = DEFINITIONAL_REPRESENTATION('',(#2500),#2504);
#2500 = LINE('',#2501,#2502);
#2501 = CARTESIAN_POINT('',(-8.787586071349,4.79846000503));
#2502 = VECTOR('',#2503,1.);
#2503 = DIRECTION('',(-0.44134286645,-0.897338550511));
#2504 = ( GEOMETRIC_REPRESENTATION_CONTEXT(2) 
PARAMETRIC_REPRESENTATION_CONTEXT() REPRESENTATION_CONTEXT('2D SPACE',''
  ) );
#2505 = ORIENTED_EDGE('',*,*,#2506,.F.);
#2506 = EDGE_CURVE('',#376,#2484,#2507,.T.);
#2507 = SURFACE_CURVE('',#2508,(#2512,#2519),.PCURVE_S1.);
#2508 = LINE('',#2509,#2510);
#2509 = CARTESIAN_POINT('',(-5.921542440927,8.07478763314,12.2704));
#2510 = VECTOR('',#2511,1.);
#2511 = DIRECTION('',(0.,0.,1.));
#2512 = PCURVE('',#416,#2513);
#2513 = DEFINITIONAL_REPRESENTATION('',(#2514),#2518);
#2514 = LINE('',#2515,#2516);
#2515 = CARTESIAN_POINT('',(0.853078249635,0.));
#2516 = VECTOR('',#2517,1.);
#2517 = DIRECTION('',(0.,-1.));
#2518 = ( GEOMETRIC_REPRESENTATION_CONTEXT(2) 
PARAMETRIC_REPRESENTATION_CONTEXT() REPRESENTATION_CONTEXT('2D SPACE',''
  ) );
#2519 = PCURVE('',#390,#2520);
#2520 = DEFINITIONAL_REPRESENTATION('',(#2521),#2525);
#2521 = LINE('',#2522,#2523);
#2522 = CARTESIAN_POINT('',(0.,0.));
#2523 = VECTOR('',#2524,1.);
#2524 = DIRECTION('',(0.,-1.));
#2525 = ( GEOMETRIC_REPRESENTATION_CONTEXT(2) 
PARAMETRIC_REPRESENTATION_CONTEXT() REPRESENTATION_CONTEXT('2D SPACE',''
  ) );
#2526 = ADVANCED_FACE('',(#2527),#390,.F.);
#2527 = FACE_BOUND('',#2528,.F.);
#2528 = EDGE_LOOP('',(#2529,#2530,#2531,#2554));
#2529 = ORIENTED_EDGE('',*,*,#375,.T.);
#2530 = ORIENTED_EDGE('',*,*,#2506,.T.);
#2531 = ORIENTED_EDGE('',*,*,#2532,.T.);
#2532 = EDGE_CURVE('',#2484,#2533,#2535,.T.);
#2533 = VERTEX_POINT('',#2534);
#2534 = CARTESIAN_POINT('',(-6.5874603161,7.541384039671,12.9204));
#2535 = SURFACE_CURVE('',#2536,(#2540,#2547),.PCURVE_S1.);
#2536 = LINE('',#2537,#2538);
#2537 = CARTESIAN_POINT('',(-5.921542440927,8.07478763314,12.9204));
#2538 = VECTOR('',#2539,1.);
#2539 = DIRECTION('',(-0.780486008218,-0.625173248769,0.));
#2540 = PCURVE('',#390,#2541);
#2541 = DEFINITIONAL_REPRESENTATION('',(#2542),#2546);
#2542 = LINE('',#2543,#2544);
#2543 = CARTESIAN_POINT('',(0.,-0.65));
#2544 = VECTOR('',#2545,1.);
#2545 = DIRECTION('',(1.,0.));
#2546 = ( GEOMETRIC_REPRESENTATION_CONTEXT(2) 
PARAMETRIC_REPRESENTATION_CONTEXT() REPRESENTATION_CONTEXT('2D SPACE',''
  ) );
#2547 = PCURVE('',#1221,#2548);
#2548 = DEFINITIONAL_REPRESENTATION('',(#2549),#2553);
#2549 = LINE('',#2550,#2551);
#2550 = CARTESIAN_POINT('',(-9.164086071349,4.03296000503));
#2551 = VECTOR('',#2552,1.);
#2552 = DIRECTION('',(-0.363334086031,-0.931658919309));
#2553 = ( GEOMETRIC_REPRESENTATION_CONTEXT(2) 
PARAMETRIC_REPRESENTATION_CONTEXT() REPRESENTATION_CONTEXT('2D SPACE',''
  ) );
#2554 = ORIENTED_EDGE('',*,*,#2555,.F.);
#2555 = EDGE_CURVE('',#350,#2533,#2556,.T.);
#2556 = SURFACE_CURVE('',#2557,(#2561,#2568),.PCURVE_S1.);
#2557 = LINE('',#2558,#2559);
#2558 = CARTESIAN_POINT('',(-6.5874603161,7.541384039671,12.2704));
#2559 = VECTOR('',#2560,1.);
#2560 = DIRECTION('',(0.,0.,1.));
#2561 = PCURVE('',#390,#2562);
#2562 = DEFINITIONAL_REPRESENTATION('',(#2563),#2567);
#2563 = LINE('',#2564,#2565);
#2564 = CARTESIAN_POINT('',(0.853209241628,0.));
#2565 = VECTOR('',#2566,1.);
#2566 = DIRECTION('',(0.,-1.));
#2567 = ( GEOMETRIC_REPRESENTATION_CONTEXT(2) 
PARAMETRIC_REPRESENTATION_CONTEXT() REPRESENTATION_CONTEXT('2D SPACE',''
  ) );
#2568 = PCURVE('',#364,#2569);
#2569 = DEFINITIONAL_REPRESENTATION('',(#2570),#2574);
#2570 = LINE('',#2571,#2572);
#2571 = CARTESIAN_POINT('',(0.,0.));
#2572 = VECTOR('',#2573,1.);
#2573 = DIRECTION('',(0.,-1.));
#2574 = ( GEOMETRIC_REPRESENTATION_CONTEXT(2) 
PARAMETRIC_REPRESENTATION_CONTEXT() REPRESENTATION_CONTEXT('2D SPACE',''
  ) );
#2575 = ADVANCED_FACE('',(#2576),#364,.F.);
#2576 = FACE_BOUND('',#2577,.F.);
#2577 = EDGE_LOOP('',(#2578,#2579,#2580,#2603));
#2578 = ORIENTED_EDGE('',*,*,#349,.T.);
#2579 = ORIENTED_EDGE('',*,*,#2555,.T.);
#2580 = ORIENTED_EDGE('',*,*,#2581,.T.);
#2581 = EDGE_CURVE('',#2533,#2582,#2584,.T.);
#2582 = VERTEX_POINT('',#2583);
#2583 = CARTESIAN_POINT('',(-7.205495643493,6.953315451755,12.9204));
#2584 = SURFACE_CURVE('',#2585,(#2589,#2596),.PCURVE_S1.);
#2585 = LINE('',#2586,#2587);
#2586 = CARTESIAN_POINT('',(-6.5874603161,7.541384039671,12.9204));
#2587 = VECTOR('',#2588,1.);
#2588 = DIRECTION('',(-0.724451912447,-0.689325341585,0.));
#2589 = PCURVE('',#364,#2590);
#2590 = DEFINITIONAL_REPRESENTATION('',(#2591),#2595);
#2591 = LINE('',#2592,#2593);
#2592 = CARTESIAN_POINT('',(0.,-0.65));
#2593 = VECTOR('',#2594,1.);
#2594 = DIRECTION('',(1.,0.));
#2595 = ( GEOMETRIC_REPRESENTATION_CONTEXT(2) 
PARAMETRIC_REPRESENTATION_CONTEXT() REPRESENTATION_CONTEXT('2D SPACE',''
  ) );
#2596 = PCURVE('',#1221,#2597);
#2597 = DEFINITIONAL_REPRESENTATION('',(#2598),#2602);
#2598 = LINE('',#2599,#2600);
#2599 = CARTESIAN_POINT('',(-9.474086071349,3.23806000503));
#2600 = VECTOR('',#2601,1.);
#2601 = DIRECTION('',(-0.282731089207,-0.959199213509));
#2602 = ( GEOMETRIC_REPRESENTATION_CONTEXT(2) 
PARAMETRIC_REPRESENTATION_CONTEXT() REPRESENTATION_CONTEXT('2D SPACE',''
  ) );
#2603 = ORIENTED_EDGE('',*,*,#2604,.F.);
#2604 = EDGE_CURVE('',#324,#2582,#2605,.T.);
#2605 = SURFACE_CURVE('',#2606,(#2610,#2617),.PCURVE_S1.);
#2606 = LINE('',#2607,#2608);
#2607 = CARTESIAN_POINT('',(-7.205495643493,6.953315451755,12.2704));
#2608 = VECTOR('',#2609,1.);
#2609 = DIRECTION('',(0.,0.,1.));
#2610 = PCURVE('',#364,#2611);
#2611 = DEFINITIONAL_REPRESENTATION('',(#2612),#2616);
#2612 = LINE('',#2613,#2614);
#2613 = CARTESIAN_POINT('',(0.853107455131,0.));
#2614 = VECTOR('',#2615,1.);
#2615 = DIRECTION('',(0.,-1.));
#2616 = ( GEOMETRIC_REPRESENTATION_CONTEXT(2) 
PARAMETRIC_REPRESENTATION_CONTEXT() REPRESENTATION_CONTEXT('2D SPACE',''
  ) );
#2617 = PCURVE('',#338,#2618);
#2618 = DEFINITIONAL_REPRESENTATION('',(#2619),#2623);
#2619 = LINE('',#2620,#2621);
#2620 = CARTESIAN_POINT('',(0.,0.));
#2621 = VECTOR('',#2622,1.);
#2622 = DIRECTION('',(0.,-1.));
#2623 = ( GEOMETRIC_REPRESENTATION_CONTEXT(2) 
PARAMETRIC_REPRESENTATION_CONTEXT() REPRESENTATION_CONTEXT('2D SPACE',''
  ) );
#2624 = ADVANCED_FACE('',(#2625),#338,.F.);
#2625 = FACE_BOUND('',#2626,.F.);
#2626 = EDGE_LOOP('',(#2627,#2628,#2629,#2652));
#2627 = ORIENTED_EDGE('',*,*,#323,.T.);
#2628 = ORIENTED_EDGE('',*,*,#2604,.T.);
#2629 = ORIENTED_EDGE('',*,*,#2630,.T.);
#2630 = EDGE_CURVE('',#2582,#2631,#2633,.T.);
#2631 = VERTEX_POINT('',#2632);
#2632 = CARTESIAN_POINT('',(-7.771139577378,6.314791419272,12.9204));
#2633 = SURFACE_CURVE('',#2634,(#2638,#2645),.PCURVE_S1.);
#2634 = LINE('',#2635,#2636);
#2635 = CARTESIAN_POINT('',(-7.205495643493,6.953315451755,12.9204));
#2636 = VECTOR('',#2637,1.);
#2637 = DIRECTION('',(-0.663097044853,-0.74853343887,0.));
#2638 = PCURVE('',#338,#2639);
#2639 = DEFINITIONAL_REPRESENTATION('',(#2640),#2644);
#2640 = LINE('',#2641,#2642);
#2641 = CARTESIAN_POINT('',(0.,-0.65));
#2642 = VECTOR('',#2643,1.);
#2643 = DIRECTION('',(1.,0.));
#2644 = ( GEOMETRIC_REPRESENTATION_CONTEXT(2) 
PARAMETRIC_REPRESENTATION_CONTEXT() REPRESENTATION_CONTEXT('2D SPACE',''
  ) );
#2645 = PCURVE('',#1221,#2646);
#2646 = DEFINITIONAL_REPRESENTATION('',(#2647),#2651);
#2647 = LINE('',#2648,#2649);
#2648 = CARTESIAN_POINT('',(-9.715286071349,2.41976000503));
#2649 = VECTOR('',#2650,1.);
#2650 = DIRECTION('',(-0.199992166582,-0.97979749607));
#2651 = ( GEOMETRIC_REPRESENTATION_CONTEXT(2) 
PARAMETRIC_REPRESENTATION_CONTEXT() REPRESENTATION_CONTEXT('2D SPACE',''
  ) );
#2652 = ORIENTED_EDGE('',*,*,#2653,.F.);
#2653 = EDGE_CURVE('',#298,#2631,#2654,.T.);
#2654 = SURFACE_CURVE('',#2655,(#2659,#2666),.PCURVE_S1.);
#2655 = LINE('',#2656,#2657);
#2656 = CARTESIAN_POINT('',(-7.771139577378,6.314791419272,12.2704));
#2657 = VECTOR('',#2658,1.);
#2658 = DIRECTION('',(0.,0.,1.));
#2659 = PCURVE('',#338,#2660);
#2660 = DEFINITIONAL_REPRESENTATION('',(#2661),#2665);
#2661 = LINE('',#2662,#2663);
#2662 = CARTESIAN_POINT('',(0.853033410835,0.));
#2663 = VECTOR('',#2664,1.);
#2664 = DIRECTION('',(0.,-1.));
#2665 = ( GEOMETRIC_REPRESENTATION_CONTEXT(2) 
PARAMETRIC_REPRESENTATION_CONTEXT() REPRESENTATION_CONTEXT('2D SPACE',''
  ) );
#2666 = PCURVE('',#312,#2667);
#2667 = DEFINITIONAL_REPRESENTATION('',(#2668),#2672);
#2668 = LINE('',#2669,#2670);
#2669 = CARTESIAN_POINT('',(0.,0.));
#2670 = VECTOR('',#2671,1.);
#2671 = DIRECTION('',(0.,-1.));
#2672 = ( GEOMETRIC_REPRESENTATION_CONTEXT(2) 
PARAMETRIC_REPRESENTATION_CONTEXT() REPRESENTATION_CONTEXT('2D SPACE',''
  ) );
#2673 = ADVANCED_FACE('',(#2674),#312,.F.);
#2674 = FACE_BOUND('',#2675,.F.);
#2675 = EDGE_LOOP('',(#2676,#2677,#2678,#2701));
#2676 = ORIENTED_EDGE('',*,*,#297,.T.);
#2677 = ORIENTED_EDGE('',*,*,#2653,.T.);
#2678 = ORIENTED_EDGE('',*,*,#2679,.T.);
#2679 = EDGE_CURVE('',#2631,#2680,#2682,.T.);
#2680 = VERTEX_POINT('',#2681);
#2681 = CARTESIAN_POINT('',(-8.280489489813,5.630371492105,12.9204));
#2682 = SURFACE_CURVE('',#2683,(#2687,#2694),.PCURVE_S1.);
#2683 = LINE('',#2684,#2685);
#2684 = CARTESIAN_POINT('',(-7.771139577378,6.314791419272,12.9204));
#2685 = VECTOR('',#2686,1.);
#2686 = DIRECTION('',(-0.597021445394,-0.802225276178,0.));
#2687 = PCURVE('',#312,#2688);
#2688 = DEFINITIONAL_REPRESENTATION('',(#2689),#2693);
#2689 = LINE('',#2690,#2691);
#2690 = CARTESIAN_POINT('',(0.,-0.65));
#2691 = VECTOR('',#2692,1.);
#2692 = DIRECTION('',(1.,0.));
#2693 = ( GEOMETRIC_REPRESENTATION_CONTEXT(2) 
PARAMETRIC_REPRESENTATION_CONTEXT() REPRESENTATION_CONTEXT('2D SPACE',''
  ) );
#2694 = PCURVE('',#1221,#2695);
#2695 = DEFINITIONAL_REPRESENTATION('',(#2696),#2700);
#2696 = LINE('',#2697,#2698);
#2697 = CARTESIAN_POINT('',(-9.885886071349,1.58396000503));
#2698 = VECTOR('',#2699,1.);
#2699 = DIRECTION('',(-0.115923100227,-0.993258191426));
#2700 = ( GEOMETRIC_REPRESENTATION_CONTEXT(2) 
PARAMETRIC_REPRESENTATION_CONTEXT() REPRESENTATION_CONTEXT('2D SPACE',''
  ) );
#2701 = ORIENTED_EDGE('',*,*,#2702,.F.);
#2702 = EDGE_CURVE('',#272,#2680,#2703,.T.);
#2703 = SURFACE_CURVE('',#2704,(#2708,#2715),.PCURVE_S1.);
#2704 = LINE('',#2705,#2706);
#2705 = CARTESIAN_POINT('',(-8.280489489813,5.630371492105,12.2704));
#2706 = VECTOR('',#2707,1.);
#2707 = DIRECTION('',(0.,0.,1.));
#2708 = PCURVE('',#312,#2709);
#2709 = DEFINITIONAL_REPRESENTATION('',(#2710),#2714);
#2710 = LINE('',#2711,#2712);
#2711 = CARTESIAN_POINT('',(0.853151786026,0.));
#2712 = VECTOR('',#2713,1.);
#2713 = DIRECTION('',(0.,-1.));
#2714 = ( GEOMETRIC_REPRESENTATION_CONTEXT(2) 
PARAMETRIC_REPRESENTATION_CONTEXT() REPRESENTATION_CONTEXT('2D SPACE',''
  ) );
#2715 = PCURVE('',#286,#2716);
#2716 = DEFINITIONAL_REPRESENTATION('',(#2717),#2721);
#2717 = LINE('',#2718,#2719);
#2718 = CARTESIAN_POINT('',(0.,0.));
#2719 = VECTOR('',#2720,1.);
#2720 = DIRECTION('',(0.,-1.));
#2721 = ( GEOMETRIC_REPRESENTATION_CONTEXT(2) 
PARAMETRIC_REPRESENTATION_CONTEXT() REPRESENTATION_CONTEXT('2D SPACE',''
  ) );
#2722 = ADVANCED_FACE('',(#2723),#286,.F.);
#2723 = FACE_BOUND('',#2724,.F.);
#2724 = EDGE_LOOP('',(#2725,#2726,#2727,#2750));
#2725 = ORIENTED_EDGE('',*,*,#271,.T.);
#2726 = ORIENTED_EDGE('',*,*,#2702,.T.);
#2727 = ORIENTED_EDGE('',*,*,#2728,.T.);
#2728 = EDGE_CURVE('',#2680,#2729,#2731,.T.);
#2729 = VERTEX_POINT('',#2730);
#2730 = CARTESIAN_POINT('',(-8.729702560472,4.905111630298,12.9204));
#2731 = SURFACE_CURVE('',#2732,(#2736,#2743),.PCURVE_S1.);
#2732 = LINE('',#2733,#2734);
#2733 = CARTESIAN_POINT('',(-8.280489489813,5.630371492105,12.9204));
#2734 = VECTOR('',#2735,1.);
#2735 = DIRECTION('',(-0.526560253836,-0.850137811816,0.));
#2736 = PCURVE('',#286,#2737);
#2737 = DEFINITIONAL_REPRESENTATION('',(#2738),#2742);
#2738 = LINE('',#2739,#2740);
#2739 = CARTESIAN_POINT('',(0.,-0.65));
#2740 = VECTOR('',#2741,1.);
#2741 = DIRECTION('',(1.,0.));
#2742 = ( GEOMETRIC_REPRESENTATION_CONTEXT(2) 
PARAMETRIC_REPRESENTATION_CONTEXT() REPRESENTATION_CONTEXT('2D SPACE',''
  ) );
#2743 = PCURVE('',#1221,#2744);
#2744 = DEFINITIONAL_REPRESENTATION('',(#2745),#2749);
#2745 = LINE('',#2746,#2747);
#2746 = CARTESIAN_POINT('',(-9.984786071349,0.73656000503));
#2747 = VECTOR('',#2748,1.);
#2748 = DIRECTION('',(-3.094565053695E-02,-0.999521068669));
#2749 = ( GEOMETRIC_REPRESENTATION_CONTEXT(2) 
PARAMETRIC_REPRESENTATION_CONTEXT() REPRESENTATION_CONTEXT('2D SPACE',''
  ) );
#2750 = ORIENTED_EDGE('',*,*,#2751,.F.);
#2751 = EDGE_CURVE('',#246,#2729,#2752,.T.);
#2752 = SURFACE_CURVE('',#2753,(#2757,#2764),.PCURVE_S1.);
#2753 = LINE('',#2754,#2755);
#2754 = CARTESIAN_POINT('',(-8.729702560472,4.905111630298,12.2704));
#2755 = VECTOR('',#2756,1.);
#2756 = DIRECTION('',(0.,0.,1.));
#2757 = PCURVE('',#286,#2758);
#2758 = DEFINITIONAL_REPRESENTATION('',(#2759),#2763);
#2759 = LINE('',#2760,#2761);
#2760 = CARTESIAN_POINT('',(0.853108580428,0.));
#2761 = VECTOR('',#2762,1.);
#2762 = DIRECTION('',(0.,-1.));
#2763 = ( GEOMETRIC_REPRESENTATION_CONTEXT(2) 
PARAMETRIC_REPRESENTATION_CONTEXT() REPRESENTATION_CONTEXT('2D SPACE',''
  ) );
#2764 = PCURVE('',#260,#2765);
#2765 = DEFINITIONAL_REPRESENTATION('',(#2766),#2770);
#2766 = LINE('',#2767,#2768);
#2767 = CARTESIAN_POINT('',(0.,0.));
#2768 = VECTOR('',#2769,1.);
#2769 = DIRECTION('',(0.,-1.));
#2770 = ( GEOMETRIC_REPRESENTATION_CONTEXT(2) 
PARAMETRIC_REPRESENTATION_CONTEXT() REPRESENTATION_CONTEXT('2D SPACE',''
  ) );
#2771 = ADVANCED_FACE('',(#2772),#260,.F.);
#2772 = FACE_BOUND('',#2773,.F.);
#2773 = EDGE_LOOP('',(#2774,#2775,#2776,#2799));
#2774 = ORIENTED_EDGE('',*,*,#245,.T.);
#2775 = ORIENTED_EDGE('',*,*,#2751,.T.);
#2776 = ORIENTED_EDGE('',*,*,#2777,.T.);
#2777 = EDGE_CURVE('',#2729,#2778,#2780,.T.);
#2778 = VERTEX_POINT('',#2779);
#2779 = CARTESIAN_POINT('',(-9.115555584277,4.144194588814,12.9204));
#2780 = SURFACE_CURVE('',#2781,(#2785,#2792),.PCURVE_S1.);
#2781 = LINE('',#2782,#2783);
#2782 = CARTESIAN_POINT('',(-8.729702560472,4.905111630298,12.9204));
#2783 = VECTOR('',#2784,1.);
#2784 = DIRECTION('',(-0.452264833956,-0.89188369195,0.));
#2785 = PCURVE('',#260,#2786);
#2786 = DEFINITIONAL_REPRESENTATION('',(#2787),#2791);
#2787 = LINE('',#2788,#2789);
#2788 = CARTESIAN_POINT('',(0.,-0.65));
#2789 = VECTOR('',#2790,1.);
#2790 = DIRECTION('',(1.,0.));
#2791 = ( GEOMETRIC_REPRESENTATION_CONTEXT(2) 
PARAMETRIC_REPRESENTATION_CONTEXT() REPRESENTATION_CONTEXT('2D SPACE',''
  ) );
#2792 = PCURVE('',#1221,#2793);
#2793 = DEFINITIONAL_REPRESENTATION('',(#2794),#2798);
#2794 = LINE('',#2795,#2796);
#2795 = CARTESIAN_POINT('',(-10.01118607134,-0.11613999497));
#2796 = VECTOR('',#2797,1.);
#2797 = DIRECTION('',(5.426901053071E-02,-0.998526351428));
#2798 = ( GEOMETRIC_REPRESENTATION_CONTEXT(2) 
PARAMETRIC_REPRESENTATION_CONTEXT() REPRESENTATION_CONTEXT('2D SPACE',''
  ) );
#2799 = ORIENTED_EDGE('',*,*,#2800,.F.);
#2800 = EDGE_CURVE('',#220,#2778,#2801,.T.);
#2801 = SURFACE_CURVE('',#2802,(#2806,#2813),.PCURVE_S1.);
#2802 = LINE('',#2803,#2804);
#2803 = CARTESIAN_POINT('',(-9.115555584277,4.144194588814,12.2704));
#2804 = VECTOR('',#2805,1.);
#2805 = DIRECTION('',(0.,0.,1.));
#2806 = PCURVE('',#260,#2807);
#2807 = DEFINITIONAL_REPRESENTATION('',(#2808),#2812);
#2808 = LINE('',#2809,#2810);
#2809 = CARTESIAN_POINT('',(0.853157253969,0.));
#2810 = VECTOR('',#2811,1.);
#2811 = DIRECTION('',(0.,-1.));
#2812 = ( GEOMETRIC_REPRESENTATION_CONTEXT(2) 
PARAMETRIC_REPRESENTATION_CONTEXT() REPRESENTATION_CONTEXT('2D SPACE',''
  ) );
#2813 = PCURVE('',#234,#2814);
#2814 = DEFINITIONAL_REPRESENTATION('',(#2815),#2819);
#2815 = LINE('',#2816,#2817);
#2816 = CARTESIAN_POINT('',(0.,0.));
#2817 = VECTOR('',#2818,1.);
#2818 = DIRECTION('',(0.,-1.));
#2819 = ( GEOMETRIC_REPRESENTATION_CONTEXT(2) 
PARAMETRIC_REPRESENTATION_CONTEXT() REPRESENTATION_CONTEXT('2D SPACE',''
  ) );
#2820 = ADVANCED_FACE('',(#2821),#234,.F.);
#2821 = FACE_BOUND('',#2822,.F.);
#2822 = EDGE_LOOP('',(#2823,#2824,#2825,#2848));
#2823 = ORIENTED_EDGE('',*,*,#219,.T.);
#2824 = ORIENTED_EDGE('',*,*,#2800,.T.);
#2825 = ORIENTED_EDGE('',*,*,#2826,.T.);
#2826 = EDGE_CURVE('',#2778,#2827,#2829,.T.);
#2827 = VERTEX_POINT('',#2828);
#2828 = CARTESIAN_POINT('',(-9.435158368848,3.353226327697,12.9204));
#2829 = SURFACE_CURVE('',#2830,(#2834,#2841),.PCURVE_S1.);
#2830 = LINE('',#2831,#2832);
#2831 = CARTESIAN_POINT('',(-9.115555584277,4.144194588814,12.9204));
#2832 = VECTOR('',#2833,1.);
#2833 = DIRECTION('',(-0.374637694227,-0.927171288417,0.));
#2834 = PCURVE('',#234,#2835);
#2835 = DEFINITIONAL_REPRESENTATION('',(#2836),#2840);
#2836 = LINE('',#2837,#2838);
#2837 = CARTESIAN_POINT('',(0.,-0.65));
#2838 = VECTOR('',#2839,1.);
#2839 = DIRECTION('',(1.,0.));
#2840 = ( GEOMETRIC_REPRESENTATION_CONTEXT(2) 
PARAMETRIC_REPRESENTATION_CONTEXT() REPRESENTATION_CONTEXT('2D SPACE',''
  ) );
#2841 = PCURVE('',#1221,#2842);
#2842 = DEFINITIONAL_REPRESENTATION('',(#2843),#2847);
#2843 = LINE('',#2844,#2845);
#2844 = CARTESIAN_POINT('',(-9.964886071349,-0.96803999497));
#2845 = VECTOR('',#2846,1.);
#2846 = DIRECTION('',(0.139139883792,-0.990272736542));
#2847 = ( GEOMETRIC_REPRESENTATION_CONTEXT(2) 
PARAMETRIC_REPRESENTATION_CONTEXT() REPRESENTATION_CONTEXT('2D SPACE',''
  ) );
#2848 = ORIENTED_EDGE('',*,*,#2849,.F.);
#2849 = EDGE_CURVE('',#194,#2827,#2850,.T.);
#2850 = SURFACE_CURVE('',#2851,(#2855,#2862),.PCURVE_S1.);
#2851 = LINE('',#2852,#2853);
#2852 = CARTESIAN_POINT('',(-9.435158368848,3.353226327697,12.2704));
#2853 = VECTOR('',#2854,1.);
#2854 = DIRECTION('',(0.,0.,1.));
#2855 = PCURVE('',#234,#2856);
#2856 = DEFINITIONAL_REPRESENTATION('',(#2857),#2861);
#2857 = LINE('',#2858,#2859);
#2858 = CARTESIAN_POINT('',(0.853098312037,0.));
#2859 = VECTOR('',#2860,1.);
#2860 = DIRECTION('',(0.,-1.));
#2861 = ( GEOMETRIC_REPRESENTATION_CONTEXT(2) 
PARAMETRIC_REPRESENTATION_CONTEXT() REPRESENTATION_CONTEXT('2D SPACE',''
  ) );
#2862 = PCURVE('',#208,#2863);
#2863 = DEFINITIONAL_REPRESENTATION('',(#2864),#2868);
#2864 = LINE('',#2865,#2866);
#2865 = CARTESIAN_POINT('',(0.,0.));
#2866 = VECTOR('',#2867,1.);
#2867 = DIRECTION('',(0.,-1.));
#2868 = ( GEOMETRIC_REPRESENTATION_CONTEXT(2) 
PARAMETRIC_REPRESENTATION_CONTEXT() REPRESENTATION_CONTEXT('2D SPACE',''
  ) );
#2869 = ADVANCED_FACE('',(#2870),#208,.F.);
#2870 = FACE_BOUND('',#2871,.F.);
#2871 = EDGE_LOOP('',(#2872,#2873,#2874,#2897));
#2872 = ORIENTED_EDGE('',*,*,#193,.T.);
#2873 = ORIENTED_EDGE('',*,*,#2849,.T.);
#2874 = ORIENTED_EDGE('',*,*,#2875,.T.);
#2875 = EDGE_CURVE('',#2827,#2876,#2878,.T.);
#2876 = VERTEX_POINT('',#2877);
#2877 = CARTESIAN_POINT('',(-9.686376939589,2.537902999369,12.9204));
#2878 = SURFACE_CURVE('',#2879,(#2883,#2890),.PCURVE_S1.);
#2879 = LINE('',#2880,#2881);
#2880 = CARTESIAN_POINT('',(-9.435158368848,3.353226327697,12.9204));
#2881 = VECTOR('',#2882,1.);
#2882 = DIRECTION('',(-0.294460434588,-0.955663671206,0.));
#2883 = PCURVE('',#208,#2884);
#2884 = DEFINITIONAL_REPRESENTATION('',(#2885),#2889);
#2885 = LINE('',#2886,#2887);
#2886 = CARTESIAN_POINT('',(0.,-0.65));
#2887 = VECTOR('',#2888,1.);
#2888 = DIRECTION('',(1.,0.));
#2889 = ( GEOMETRIC_REPRESENTATION_CONTEXT(2) 
PARAMETRIC_REPRESENTATION_CONTEXT() REPRESENTATION_CONTEXT('2D SPACE',''
  ) );
#2890 = PCURVE('',#1221,#2891);
#2891 = DEFINITIONAL_REPRESENTATION('',(#2892),#2896);
#2892 = LINE('',#2893,#2894);
#2893 = CARTESIAN_POINT('',(-9.846186071349,-1.81283999497));
#2894 = VECTOR('',#2895,1.);
#2895 = DIRECTION('',(0.22282161884,-0.974859234032));
#2896 = ( GEOMETRIC_REPRESENTATION_CONTEXT(2) 
PARAMETRIC_REPRESENTATION_CONTEXT() REPRESENTATION_CONTEXT('2D SPACE',''
  ) );
#2897 = ORIENTED_EDGE('',*,*,#2898,.F.);
#2898 = EDGE_CURVE('',#168,#2876,#2899,.T.);
#2899 = SURFACE_CURVE('',#2900,(#2904,#2911),.PCURVE_S1.);
#2900 = LINE('',#2901,#2902);
#2901 = CARTESIAN_POINT('',(-9.686376939589,2.537902999369,12.2704));
#2902 = VECTOR('',#2903,1.);
#2903 = DIRECTION('',(0.,0.,1.));
#2904 = PCURVE('',#208,#2905);
#2905 = DEFINITIONAL_REPRESENTATION('',(#2906),#2910);
#2906 = LINE('',#2907,#2908);
#2907 = CARTESIAN_POINT('',(0.853148814686,0.));
#2908 = VECTOR('',#2909,1.);
#2909 = DIRECTION('',(0.,-1.));
#2910 = ( GEOMETRIC_REPRESENTATION_CONTEXT(2) 
PARAMETRIC_REPRESENTATION_CONTEXT() REPRESENTATION_CONTEXT('2D SPACE',''
  ) );
#2911 = PCURVE('',#182,#2912);
#2912 = DEFINITIONAL_REPRESENTATION('',(#2913),#2917);
#2913 = LINE('',#2914,#2915);
#2914 = CARTESIAN_POINT('',(0.,0.));
#2915 = VECTOR('',#2916,1.);
#2916 = DIRECTION('',(0.,-1.));
#2917 = ( GEOMETRIC_REPRESENTATION_CONTEXT(2) 
PARAMETRIC_REPRESENTATION_CONTEXT() REPRESENTATION_CONTEXT('2D SPACE',''
  ) );
#2918 = ADVANCED_FACE('',(#2919),#182,.F.);
#2919 = FACE_BOUND('',#2920,.F.);
#2920 = EDGE_LOOP('',(#2921,#2922,#2923,#2946));
#2921 = ORIENTED_EDGE('',*,*,#167,.T.);
#2922 = ORIENTED_EDGE('',*,*,#2898,.T.);
#2923 = ORIENTED_EDGE('',*,*,#2924,.T.);
#2924 = EDGE_CURVE('',#2876,#2925,#2927,.T.);
#2925 = VERTEX_POINT('',#2926);
#2926 = CARTESIAN_POINT('',(-9.867237129524,1.704243961335,12.9204));
#2927 = SURFACE_CURVE('',#2928,(#2932,#2939),.PCURVE_S1.);
#2928 = LINE('',#2929,#2930);
#2929 = CARTESIAN_POINT('',(-9.686376939589,2.537902999369,12.9204));
#2930 = VECTOR('',#2931,1.);
#2931 = DIRECTION('',(-0.212015421493,-0.977266320431,0.));
#2932 = PCURVE('',#182,#2933);
#2933 = DEFINITIONAL_REPRESENTATION('',(#2934),#2938);
#2934 = LINE('',#2935,#2936);
#2935 = CARTESIAN_POINT('',(0.,-0.65));
#2936 = VECTOR('',#2937,1.);
#2937 = DIRECTION('',(1.,0.));
#2938 = ( GEOMETRIC_REPRESENTATION_CONTEXT(2) 
PARAMETRIC_REPRESENTATION_CONTEXT() REPRESENTATION_CONTEXT('2D SPACE',''
  ) );
#2939 = PCURVE('',#1221,#2940);
#2940 = DEFINITIONAL_REPRESENTATION('',(#2941),#2945);
#2941 = LINE('',#2942,#2943);
#2942 = CARTESIAN_POINT('',(-9.656086071349,-2.64453999497));
#2943 = VECTOR('',#2944,1.);
#2944 = DIRECTION('',(0.305022419208,-0.952345170503));
#2945 = ( GEOMETRIC_REPRESENTATION_CONTEXT(2) 
PARAMETRIC_REPRESENTATION_CONTEXT() REPRESENTATION_CONTEXT('2D SPACE',''
  ) );
#2946 = ORIENTED_EDGE('',*,*,#2947,.F.);
#2947 = EDGE_CURVE('',#142,#2925,#2948,.T.);
#2948 = SURFACE_CURVE('',#2949,(#2953,#2960),.PCURVE_S1.);
#2949 = LINE('',#2950,#2951);
#2950 = CARTESIAN_POINT('',(-9.867237129524,1.704243961335,12.2704));
#2951 = VECTOR('',#2952,1.);
#2952 = DIRECTION('',(0.,0.,1.));
#2953 = PCURVE('',#182,#2954);
#2954 = DEFINITIONAL_REPRESENTATION('',(#2955),#2959);
#2955 = LINE('',#2956,#2957);
#2956 = CARTESIAN_POINT('',(0.853052049995,0.));
#2957 = VECTOR('',#2958,1.);
#2958 = DIRECTION('',(0.,-1.));
#2959 = ( GEOMETRIC_REPRESENTATION_CONTEXT(2) 
PARAMETRIC_REPRESENTATION_CONTEXT() REPRESENTATION_CONTEXT('2D SPACE',''
  ) );
#2960 = PCURVE('',#156,#2961);
#2961 = DEFINITIONAL_REPRESENTATION('',(#2962),#2966);
#2962 = LINE('',#2963,#2964);
#2963 = CARTESIAN_POINT('',(0.,0.));
#2964 = VECTOR('',#2965,1.);
#2965 = DIRECTION('',(0.,-1.));
#2966 = ( GEOMETRIC_REPRESENTATION_CONTEXT(2) 
PARAMETRIC_REPRESENTATION_CONTEXT() REPRESENTATION_CONTEXT('2D SPACE',''
  ) );
#2967 = ADVANCED_FACE('',(#2968),#156,.F.);
#2968 = FACE_BOUND('',#2969,.F.);
#2969 = EDGE_LOOP('',(#2970,#2971,#2972,#2995));
#2970 = ORIENTED_EDGE('',*,*,#141,.T.);
#2971 = ORIENTED_EDGE('',*,*,#2947,.T.);
#2972 = ORIENTED_EDGE('',*,*,#2973,.T.);
#2973 = EDGE_CURVE('',#2925,#2974,#2976,.T.);
#2974 = VERTEX_POINT('',#2975);
#2975 = CARTESIAN_POINT('',(-9.976534386921,0.858135558395,12.9204));
#2976 = SURFACE_CURVE('',#2977,(#2981,#2988),.PCURVE_S1.);
#2977 = LINE('',#2978,#2979);
#2978 = CARTESIAN_POINT('',(-9.867237129524,1.704243961335,12.9204));
#2979 = VECTOR('',#2980,1.);
#2980 = DIRECTION('',(-0.128111972334,-0.991759710083,0.));
#2981 = PCURVE('',#156,#2982);
#2982 = DEFINITIONAL_REPRESENTATION('',(#2983),#2987);
#2983 = LINE('',#2984,#2985);
#2984 = CARTESIAN_POINT('',(0.,-0.65));
#2985 = VECTOR('',#2986,1.);
#2986 = DIRECTION('',(1.,0.));
#2987 = ( GEOMETRIC_REPRESENTATION_CONTEXT(2) 
PARAMETRIC_REPRESENTATION_CONTEXT() REPRESENTATION_CONTEXT('2D SPACE',''
  ) );
#2988 = PCURVE('',#1221,#2989);
#2989 = DEFINITIONAL_REPRESENTATION('',(#2990),#2994);
#2990 = LINE('',#2991,#2992);
#2991 = CARTESIAN_POINT('',(-9.395886071349,-3.45693999497));
#2992 = VECTOR('',#2993,1.);
#2993 = DIRECTION('',(0.384931632471,-0.922945089549));
#2994 = ( GEOMETRIC_REPRESENTATION_CONTEXT(2) 
PARAMETRIC_REPRESENTATION_CONTEXT() REPRESENTATION_CONTEXT('2D SPACE',''
  ) );
#2995 = ORIENTED_EDGE('',*,*,#2996,.F.);
#2996 = EDGE_CURVE('',#116,#2974,#2997,.T.);
#2997 = SURFACE_CURVE('',#2998,(#3002,#3009),.PCURVE_S1.);
#2998 = LINE('',#2999,#3000);
#2999 = CARTESIAN_POINT('',(-9.976534386921,0.858135558395,12.2704));
#3000 = VECTOR('',#3001,1.);
#3001 = DIRECTION('',(0.,0.,1.));
#3002 = PCURVE('',#156,#3003);
#3003 = DEFINITIONAL_REPRESENTATION('',(#3004),#3008);
#3004 = LINE('',#3005,#3006);
#3005 = CARTESIAN_POINT('',(0.853138511615,0.));
#3006 = VECTOR('',#3007,1.);
#3007 = DIRECTION('',(0.,-1.));
#3008 = ( GEOMETRIC_REPRESENTATION_CONTEXT(2) 
PARAMETRIC_REPRESENTATION_CONTEXT() REPRESENTATION_CONTEXT('2D SPACE',''
  ) );
#3009 = PCURVE('',#130,#3010);
#3010 = DEFINITIONAL_REPRESENTATION('',(#3011),#3015);
#3011 = LINE('',#3012,#3013);
#3012 = CARTESIAN_POINT('',(0.,0.));
#3013 = VECTOR('',#3014,1.);
#3014 = DIRECTION('',(0.,-1.));
#3015 = ( GEOMETRIC_REPRESENTATION_CONTEXT(2) 
PARAMETRIC_REPRESENTATION_CONTEXT() REPRESENTATION_CONTEXT('2D SPACE',''
  ) );
#3016 = ADVANCED_FACE('',(#3017),#130,.F.);
#3017 = FACE_BOUND('',#3018,.F.);
#3018 = EDGE_LOOP('',(#3019,#3040,#3041,#3042));
#3019 = ORIENTED_EDGE('',*,*,#3020,.F.);
#3020 = EDGE_CURVE('',#87,#3021,#3023,.T.);
#3021 = VERTEX_POINT('',#3022);
#3022 = CARTESIAN_POINT('',(-9.990362053416,0.537675563399,12.9204));
#3023 = SURFACE_CURVE('',#3024,(#3028,#3034),.PCURVE_S1.);
#3024 = LINE('',#3025,#3026);
#3025 = CARTESIAN_POINT('',(-9.990362053416,0.537675563399,11.2204));
#3026 = VECTOR('',#3027,1.);
#3027 = DIRECTION('',(0.,0.,1.));
#3028 = PCURVE('',#130,#3029);
#3029 = DEFINITIONAL_REPRESENTATION('',(#3030),#3033);
#3030 = B_SPLINE_CURVE_WITH_KNOTS('',1,(#3031,#3032),.UNSPECIFIED.,.F.,
  .F.,(2,2),(1.04,1.76),.PIECEWISE_BEZIER_KNOTS.);
#3031 = CARTESIAN_POINT('',(0.320758184234,1.E-02));
#3032 = CARTESIAN_POINT('',(0.320758184234,-0.71));
#3033 = ( GEOMETRIC_REPRESENTATION_CONTEXT(2) 
PARAMETRIC_REPRESENTATION_CONTEXT() REPRESENTATION_CONTEXT('2D SPACE',''
  ) );
#3034 = PCURVE('',#103,#3035);
#3035 = DEFINITIONAL_REPRESENTATION('',(#3036),#3039);
#3036 = B_SPLINE_CURVE_WITH_KNOTS('',1,(#3037,#3038),.UNSPECIFIED.,.F.,
  .F.,(2,2),(1.04,1.76),.PIECEWISE_BEZIER_KNOTS.);
#3037 = CARTESIAN_POINT('',(6.793894383679,1.04));
#3038 = CARTESIAN_POINT('',(6.793894383679,1.76));
#3039 = ( GEOMETRIC_REPRESENTATION_CONTEXT(2) 
PARAMETRIC_REPRESENTATION_CONTEXT() REPRESENTATION_CONTEXT('2D SPACE',''
  ) );
#3040 = ORIENTED_EDGE('',*,*,#115,.T.);
#3041 = ORIENTED_EDGE('',*,*,#2996,.T.);
#3042 = ORIENTED_EDGE('',*,*,#3043,.T.);
#3043 = EDGE_CURVE('',#2974,#3021,#3044,.T.);
#3044 = SURFACE_CURVE('',#3045,(#3049,#3056),.PCURVE_S1.);
#3045 = LINE('',#3046,#3047);
#3046 = CARTESIAN_POINT('',(-9.976534386921,0.858135558395,12.9204));
#3047 = VECTOR('',#3048,1.);
#3048 = DIRECTION('',(-4.310931778129E-02,-0.999070361246,0.));
#3049 = PCURVE('',#130,#3050);
#3050 = DEFINITIONAL_REPRESENTATION('',(#3051),#3055);
#3051 = LINE('',#3052,#3053);
#3052 = CARTESIAN_POINT('',(0.,-0.65));
#3053 = VECTOR('',#3054,1.);
#3054 = DIRECTION('',(1.,0.));
#3055 = ( GEOMETRIC_REPRESENTATION_CONTEXT(2) 
PARAMETRIC_REPRESENTATION_CONTEXT() REPRESENTATION_CONTEXT('2D SPACE',''
  ) );
#3056 = PCURVE('',#1221,#3057);
#3057 = DEFINITIONAL_REPRESENTATION('',(#3058),#3062);
#3058 = LINE('',#3059,#3060);
#3059 = CARTESIAN_POINT('',(-9.067486071349,-4.24433999497));
#3060 = VECTOR('',#3061,1.);
#3061 = DIRECTION('',(0.462201416285,-0.886774971898));
#3062 = ( GEOMETRIC_REPRESENTATION_CONTEXT(2) 
PARAMETRIC_REPRESENTATION_CONTEXT() REPRESENTATION_CONTEXT('2D SPACE',''
  ) );
#3063 = ADVANCED_FACE('',(#3064),#74,.T.);
#3064 = FACE_BOUND('',#3065,.T.);
#3065 = EDGE_LOOP('',(#3066,#3067,#3068,#3092,#3114,#3141,#3142,#3164,
    #3165,#3189,#3210,#3239));
#3066 = ORIENTED_EDGE('',*,*,#57,.F.);
#3067 = ORIENTED_EDGE('',*,*,#1078,.F.);
#3068 = ORIENTED_EDGE('',*,*,#3069,.F.);
#3069 = EDGE_CURVE('',#3070,#1079,#3072,.T.);
#3070 = VERTEX_POINT('',#3071);
#3071 = CARTESIAN_POINT('',(11.7,-2.865673510005E-15,11.2204));
#3072 = SURFACE_CURVE('',#3073,(#3078,#3085),.PCURVE_S1.);
#3073 = CIRCLE('',#3074,11.7);
#3074 = AXIS2_PLACEMENT_3D('',#3075,#3076,#3077);
#3075 = CARTESIAN_POINT('',(0.,0.,11.2204));
#3076 = DIRECTION('',(0.,0.,1.));
#3077 = DIRECTION('',(1.,0.,-0.));
#3078 = PCURVE('',#74,#3079);
#3079 = DEFINITIONAL_REPRESENTATION('',(#3080),#3084);
#3080 = LINE('',#3081,#3082);
#3081 = CARTESIAN_POINT('',(0.,0.6));
#3082 = VECTOR('',#3083,1.);
#3083 = DIRECTION('',(1.,0.));
#3084 = ( GEOMETRIC_REPRESENTATION_CONTEXT(2) 
PARAMETRIC_REPRESENTATION_CONTEXT() REPRESENTATION_CONTEXT('2D SPACE',''
  ) );
#3085 = PCURVE('',#1116,#3086);
#3086 = DEFINITIONAL_REPRESENTATION('',(#3087),#3091);
#3087 = CIRCLE('',#3088,11.7);
#3088 = AXIS2_PLACEMENT_2D('',#3089,#3090);
#3089 = CARTESIAN_POINT('',(-10.95,0.));
#3090 = DIRECTION('',(1.,0.));
#3091 = ( GEOMETRIC_REPRESENTATION_CONTEXT(2) 
PARAMETRIC_REPRESENTATION_CONTEXT() REPRESENTATION_CONTEXT('2D SPACE',''
  ) );
#3092 = ORIENTED_EDGE('',*,*,#3093,.F.);
#3093 = EDGE_CURVE('',#3094,#3070,#3096,.T.);
#3094 = VERTEX_POINT('',#3095);
#3095 = CARTESIAN_POINT('',(11.7,-2.865673510005E-15,10.6204));
#3096 = SEAM_CURVE('',#3097,(#3100,#3107),.PCURVE_S1.);
#3097 = B_SPLINE_CURVE_WITH_KNOTS('',1,(#3098,#3099),.UNSPECIFIED.,.F.,
  .F.,(2,2),(0.,1.7),.PIECEWISE_BEZIER_KNOTS.);
#3098 = CARTESIAN_POINT('',(11.7,-2.865673510005E-15,10.6204));
#3099 = CARTESIAN_POINT('',(11.7,-2.865673510005E-15,12.3204));
#3100 = PCURVE('',#74,#3101);
#3101 = DEFINITIONAL_REPRESENTATION('',(#3102),#3106);
#3102 = LINE('',#3103,#3104);
#3103 = CARTESIAN_POINT('',(6.28318530718,0.));
#3104 = VECTOR('',#3105,1.);
#3105 = DIRECTION('',(0.,1.));
#3106 = ( GEOMETRIC_REPRESENTATION_CONTEXT(2) 
PARAMETRIC_REPRESENTATION_CONTEXT() REPRESENTATION_CONTEXT('2D SPACE',''
  ) );
#3107 = PCURVE('',#74,#3108);
#3108 = DEFINITIONAL_REPRESENTATION('',(#3109),#3113);
#3109 = LINE('',#3110,#3111);
#3110 = CARTESIAN_POINT('',(0.,0.));
#3111 = VECTOR('',#3112,1.);
#3112 = DIRECTION('',(0.,1.));
#3113 = ( GEOMETRIC_REPRESENTATION_CONTEXT(2) 
PARAMETRIC_REPRESENTATION_CONTEXT() REPRESENTATION_CONTEXT('2D SPACE',''
  ) );
#3114 = ORIENTED_EDGE('',*,*,#3115,.T.);
#3115 = EDGE_CURVE('',#3094,#3094,#3116,.T.);
#3116 = SURFACE_CURVE('',#3117,(#3122,#3129),.PCURVE_S1.);
#3117 = CIRCLE('',#3118,11.7);
#3118 = AXIS2_PLACEMENT_3D('',#3119,#3120,#3121);
#3119 = CARTESIAN_POINT('',(0.,0.,10.6204));
#3120 = DIRECTION('',(0.,0.,1.));
#3121 = DIRECTION('',(1.,0.,-0.));
#3122 = PCURVE('',#74,#3123);
#3123 = DEFINITIONAL_REPRESENTATION('',(#3124),#3128);
#3124 = LINE('',#3125,#3126);
#3125 = CARTESIAN_POINT('',(0.,0.));
#3126 = VECTOR('',#3127,1.);
#3127 = DIRECTION('',(1.,0.));
#3128 = ( GEOMETRIC_REPRESENTATION_CONTEXT(2) 
PARAMETRIC_REPRESENTATION_CONTEXT() REPRESENTATION_CONTEXT('2D SPACE',''
  ) );
#3129 = PCURVE('',#3130,#3135);
#3130 = PLANE('',#3131);
#3131 = AXIS2_PLACEMENT_3D('',#3132,#3133,#3134);
#3132 = CARTESIAN_POINT('',(0.,0.,10.6204));
#3133 = DIRECTION('',(0.,0.,1.));
#3134 = DIRECTION('',(1.,0.,-0.));
#3135 = DEFINITIONAL_REPRESENTATION('',(#3136),#3140);
#3136 = CIRCLE('',#3137,11.7);
#3137 = AXIS2_PLACEMENT_2D('',#3138,#3139);
#3138 = CARTESIAN_POINT('',(0.,0.));
#3139 = DIRECTION('',(1.,0.));
#3140 = ( GEOMETRIC_REPRESENTATION_CONTEXT(2) 
PARAMETRIC_REPRESENTATION_CONTEXT() REPRESENTATION_CONTEXT('2D SPACE',''
  ) );
#3141 = ORIENTED_EDGE('',*,*,#3093,.T.);
#3142 = ORIENTED_EDGE('',*,*,#3143,.F.);
#3143 = EDGE_CURVE('',#1100,#3070,#3144,.T.);
#3144 = SURFACE_CURVE('',#3145,(#3150,#3157),.PCURVE_S1.);
#3145 = CIRCLE('',#3146,11.7);
#3146 = AXIS2_PLACEMENT_3D('',#3147,#3148,#3149);
#3147 = CARTESIAN_POINT('',(0.,0.,11.2204));
#3148 = DIRECTION('',(0.,0.,1.));
#3149 = DIRECTION('',(1.,0.,-0.));
#3150 = PCURVE('',#74,#3151);
#3151 = DEFINITIONAL_REPRESENTATION('',(#3152),#3156);
#3152 = LINE('',#3153,#3154);
#3153 = CARTESIAN_POINT('',(0.,0.6));
#3154 = VECTOR('',#3155,1.);
#3155 = DIRECTION('',(1.,0.));
#3156 = ( GEOMETRIC_REPRESENTATION_CONTEXT(2) 
PARAMETRIC_REPRESENTATION_CONTEXT() REPRESENTATION_CONTEXT('2D SPACE',''
  ) );
#3157 = PCURVE('',#1116,#3158);
#3158 = DEFINITIONAL_REPRESENTATION('',(#3159),#3163);
#3159 = CIRCLE('',#3160,11.7);
#3160 = AXIS2_PLACEMENT_2D('',#3161,#3162);
#3161 = CARTESIAN_POINT('',(-10.95,0.));
#3162 = DIRECTION('',(1.,0.));
#3163 = ( GEOMETRIC_REPRESENTATION_CONTEXT(2) 
PARAMETRIC_REPRESENTATION_CONTEXT() REPRESENTATION_CONTEXT('2D SPACE',''
  ) );
#3164 = ORIENTED_EDGE('',*,*,#1128,.T.);
#3165 = ORIENTED_EDGE('',*,*,#3166,.F.);
#3166 = EDGE_CURVE('',#3167,#1129,#3169,.T.);
#3167 = VERTEX_POINT('',#3168);
#3168 = CARTESIAN_POINT('',(-11.67043378995,-0.831249152957,12.3204));
#3169 = SURFACE_CURVE('',#3170,(#3175,#3182),.PCURVE_S1.);
#3170 = CIRCLE('',#3171,11.7);
#3171 = AXIS2_PLACEMENT_3D('',#3172,#3173,#3174);
#3172 = CARTESIAN_POINT('',(0.,0.,12.3204));
#3173 = DIRECTION('',(0.,0.,1.));
#3174 = DIRECTION('',(1.,0.,-0.));
#3175 = PCURVE('',#74,#3176);
#3176 = DEFINITIONAL_REPRESENTATION('',(#3177),#3181);
#3177 = LINE('',#3178,#3179);
#3178 = CARTESIAN_POINT('',(0.,1.7));
#3179 = VECTOR('',#3180,1.);
#3180 = DIRECTION('',(1.,0.));
#3181 = ( GEOMETRIC_REPRESENTATION_CONTEXT(2) 
PARAMETRIC_REPRESENTATION_CONTEXT() REPRESENTATION_CONTEXT('2D SPACE',''
  ) );
#3182 = PCURVE('',#1166,#3183);
#3183 = DEFINITIONAL_REPRESENTATION('',(#3184),#3188);
#3184 = CIRCLE('',#3185,11.7);
#3185 = AXIS2_PLACEMENT_2D('',#3186,#3187);
#3186 = CARTESIAN_POINT('',(0.,0.));
#3187 = DIRECTION('',(1.,0.));
#3188 = ( GEOMETRIC_REPRESENTATION_CONTEXT(2) 
PARAMETRIC_REPRESENTATION_CONTEXT() REPRESENTATION_CONTEXT('2D SPACE',''
  ) );
#3189 = ORIENTED_EDGE('',*,*,#3190,.F.);
#3190 = EDGE_CURVE('',#3191,#3167,#3193,.T.);
#3191 = VERTEX_POINT('',#3192);
#3192 = CARTESIAN_POINT('',(-11.67043378995,-0.831249152957,11.2204));
#3193 = SURFACE_CURVE('',#3194,(#3198,#3204),.PCURVE_S1.);
#3194 = LINE('',#3195,#3196);
#3195 = CARTESIAN_POINT('',(-11.67043378995,-0.831249152957,10.6204));
#3196 = VECTOR('',#3197,1.);
#3197 = DIRECTION('',(0.,0.,1.));
#3198 = PCURVE('',#74,#3199);
#3199 = DEFINITIONAL_REPRESENTATION('',(#3200),#3203);
#3200 = B_SPLINE_CURVE_WITH_KNOTS('',1,(#3201,#3202),.UNSPECIFIED.,.F.,
  .F.,(2,2),(0.5999994,1.7),.PIECEWISE_BEZIER_KNOTS.);
#3201 = CARTESIAN_POINT('',(3.212699496128,0.5999994));
#3202 = CARTESIAN_POINT('',(3.212699496128,1.7));
#3203 = ( GEOMETRIC_REPRESENTATION_CONTEXT(2) 
PARAMETRIC_REPRESENTATION_CONTEXT() REPRESENTATION_CONTEXT('2D SPACE',''
  ) );
#3204 = PCURVE('',#103,#3205);
#3205 = DEFINITIONAL_REPRESENTATION('',(#3206),#3209);
#3206 = B_SPLINE_CURVE_WITH_KNOTS('',1,(#3207,#3208),.UNSPECIFIED.,.F.,
  .F.,(2,2),(0.5999994,1.7),.PIECEWISE_BEZIER_KNOTS.);
#3207 = CARTESIAN_POINT('',(3.998286013922,-5.999999999062E-07));
#3208 = CARTESIAN_POINT('',(3.998286013922,1.1));
#3209 = ( GEOMETRIC_REPRESENTATION_CONTEXT(2) 
PARAMETRIC_REPRESENTATION_CONTEXT() REPRESENTATION_CONTEXT('2D SPACE',''
  ) );
#3210 = ORIENTED_EDGE('',*,*,#3211,.F.);
#3211 = EDGE_CURVE('',#3212,#3191,#3214,.T.);
#3212 = VERTEX_POINT('',#3213);
#3213 = CARTESIAN_POINT('',(-11.67043378995,0.831249152957,11.2204));
#3214 = SURFACE_CURVE('',#3215,(#3220,#3227),.PCURVE_S1.);
#3215 = CIRCLE('',#3216,11.7);
#3216 = AXIS2_PLACEMENT_3D('',#3217,#3218,#3219);
#3217 = CARTESIAN_POINT('',(0.,0.,11.2204));
#3218 = DIRECTION('',(0.,0.,1.));
#3219 = DIRECTION('',(1.,0.,-0.));
#3220 = PCURVE('',#74,#3221);
#3221 = DEFINITIONAL_REPRESENTATION('',(#3222),#3226);
#3222 = LINE('',#3223,#3224);
#3223 = CARTESIAN_POINT('',(0.,0.6));
#3224 = VECTOR('',#3225,1.);
#3225 = DIRECTION('',(1.,0.));
#3226 = ( GEOMETRIC_REPRESENTATION_CONTEXT(2) 
PARAMETRIC_REPRESENTATION_CONTEXT() REPRESENTATION_CONTEXT('2D SPACE',''
  ) );
#3227 = PCURVE('',#3228,#3233);
#3228 = PLANE('',#3229);
#3229 = AXIS2_PLACEMENT_3D('',#3230,#3231,#3232);
#3230 = CARTESIAN_POINT('',(-10.95,1.340988245066E-15,11.2204));
#3231 = DIRECTION('',(0.,0.,1.));
#3232 = DIRECTION('',(1.,0.,-0.));
#3233 = DEFINITIONAL_REPRESENTATION('',(#3234),#3238);
#3234 = CIRCLE('',#3235,11.7);
#3235 = AXIS2_PLACEMENT_2D('',#3236,#3237);
#3236 = CARTESIAN_POINT('',(10.95,-1.340988245066E-15));
#3237 = DIRECTION('',(1.,0.));
#3238 = ( GEOMETRIC_REPRESENTATION_CONTEXT(2) 
PARAMETRIC_REPRESENTATION_CONTEXT() REPRESENTATION_CONTEXT('2D SPACE',''
  ) );
#3239 = ORIENTED_EDGE('',*,*,#3240,.T.);
#3240 = EDGE_CURVE('',#3212,#58,#3241,.T.);
#3241 = SURFACE_CURVE('',#3242,(#3246,#3252),.PCURVE_S1.);
#3242 = LINE('',#3243,#3244);
#3243 = CARTESIAN_POINT('',(-11.67043378995,0.831249152957,10.6204));
#3244 = VECTOR('',#3245,1.);
#3245 = DIRECTION('',(0.,0.,1.));
#3246 = PCURVE('',#74,#3247);
#3247 = DEFINITIONAL_REPRESENTATION('',(#3248),#3251);
#3248 = B_SPLINE_CURVE_WITH_KNOTS('',1,(#3249,#3250),.UNSPECIFIED.,.F.,
  .F.,(2,2),(0.5999994,1.7),.PIECEWISE_BEZIER_KNOTS.);
#3249 = CARTESIAN_POINT('',(3.070485811051,0.5999994));
#3250 = CARTESIAN_POINT('',(3.070485811051,1.7));
#3251 = ( GEOMETRIC_REPRESENTATION_CONTEXT(2) 
PARAMETRIC_REPRESENTATION_CONTEXT() REPRESENTATION_CONTEXT('2D SPACE',''
  ) );
#3252 = PCURVE('',#103,#3253);
#3253 = DEFINITIONAL_REPRESENTATION('',(#3254),#3257);
#3254 = B_SPLINE_CURVE_WITH_KNOTS('',1,(#3255,#3256),.UNSPECIFIED.,.F.,
  .F.,(2,2),(0.5999994,1.7),.PIECEWISE_BEZIER_KNOTS.);
#3255 = CARTESIAN_POINT('',(8.568084600437,-5.999999999062E-07));
#3256 = CARTESIAN_POINT('',(8.568084600437,1.1));
#3257 = ( GEOMETRIC_REPRESENTATION_CONTEXT(2) 
PARAMETRIC_REPRESENTATION_CONTEXT() REPRESENTATION_CONTEXT('2D SPACE',''
  ) );
#3258 = ADVANCED_FACE('',(#3259,#4376),#1221,.T.);
#3259 = FACE_BOUND('',#3260,.T.);
#3260 = EDGE_LOOP('',(#3261,#3291,#3319,#3347,#3375,#3403,#3431,#3459,
    #3480,#3481,#3482,#3483,#3484,#3485,#3486,#3487,#3488,#3489,#3490,
    #3491,#3492,#3493,#3494,#3495,#3496,#3497,#3498,#3499,#3500,#3501,
    #3502,#3503,#3504,#3505,#3506,#3507,#3508,#3509,#3510,#3511,#3512,
    #3513,#3514,#3515,#3516,#3517,#3518,#3542,#3566,#3594,#3622,#3650,
    #3678,#3706,#3734,#3762,#3790,#3818,#3846,#3874,#3902,#3930,#3958,
    #3986,#4014,#4042,#4070,#4098,#4126,#4154,#4182,#4210,#4238,#4266,
    #4294,#4322,#4350));
#3261 = ORIENTED_EDGE('',*,*,#3262,.T.);
#3262 = EDGE_CURVE('',#3263,#3265,#3267,.T.);
#3263 = VERTEX_POINT('',#3264);
#3264 = CARTESIAN_POINT('',(7.844354829566,-6.223578882594,12.9204));
#3265 = VERTEX_POINT('',#3266);
#3266 = CARTESIAN_POINT('',(8.345631090502,-5.533342930023,12.9204));
#3267 = SURFACE_CURVE('',#3268,(#3272,#3279),.PCURVE_S1.);
#3268 = LINE('',#3269,#3270);
#3269 = CARTESIAN_POINT('',(7.844354829566,-6.223578882594,12.9204));
#3270 = VECTOR('',#3271,1.);
#3271 = DIRECTION('',(0.587624491445,0.809133769567,0.));
#3272 = PCURVE('',#1221,#3273);
#3273 = DEFINITIONAL_REPRESENTATION('',(#3274),#3278);
#3274 = LINE('',#3275,#3276);
#3275 = CARTESIAN_POINT('',(9.906713928651,-1.46683999497));
#3276 = VECTOR('',#3277,1.);
#3277 = DIRECTION('',(0.104330852694,0.994542645228));
#3278 = ( GEOMETRIC_REPRESENTATION_CONTEXT(2) 
PARAMETRIC_REPRESENTATION_CONTEXT() REPRESENTATION_CONTEXT('2D SPACE',''
  ) );
#3279 = PCURVE('',#3280,#3285);
#3280 = PLANE('',#3281);
#3281 = AXIS2_PLACEMENT_3D('',#3282,#3283,#3284);
#3282 = CARTESIAN_POINT('',(7.844354829566,-6.223578882594,12.2704));
#3283 = DIRECTION('',(-0.809133769567,0.587624491445,0.));
#3284 = DIRECTION('',(0.587624491445,0.809133769567,0.));
#3285 = DEFINITIONAL_REPRESENTATION('',(#3286),#3290);
#3286 = LINE('',#3287,#3288);
#3287 = CARTESIAN_POINT('',(0.,-0.65));
#3288 = VECTOR('',#3289,1.);
#3289 = DIRECTION('',(1.,0.));
#3290 = ( GEOMETRIC_REPRESENTATION_CONTEXT(2) 
PARAMETRIC_REPRESENTATION_CONTEXT() REPRESENTATION_CONTEXT('2D SPACE',''
  ) );
#3291 = ORIENTED_EDGE('',*,*,#3292,.T.);
#3292 = EDGE_CURVE('',#3265,#3293,#3295,.T.);
#3293 = VERTEX_POINT('',#3294);
#3294 = CARTESIAN_POINT('',(8.671772175715,-5.00665,12.9204));
#3295 = SURFACE_CURVE('',#3296,(#3300,#3307),.PCURVE_S1.);
#3296 = LINE('',#3297,#3298);
#3297 = CARTESIAN_POINT('',(8.345631090502,-5.533342930023,12.9204));
#3298 = VECTOR('',#3299,1.);
#3299 = DIRECTION('',(0.526463235854,0.850197895371,0.));
#3300 = PCURVE('',#1221,#3301);
#3301 = DEFINITIONAL_REPRESENTATION('',(#3302),#3306);
#3302 = LINE('',#3303,#3304);
#3303 = CARTESIAN_POINT('',(9.995713928651,-0.61843999497));
#3304 = VECTOR('',#3305,1.);
#3305 = DIRECTION('',(3.083158872262E-02,0.999524593563));
#3306 = ( GEOMETRIC_REPRESENTATION_CONTEXT(2) 
PARAMETRIC_REPRESENTATION_CONTEXT() REPRESENTATION_CONTEXT('2D SPACE',''
  ) );
#3307 = PCURVE('',#3308,#3313);
#3308 = PLANE('',#3309);
#3309 = AXIS2_PLACEMENT_3D('',#3310,#3311,#3312);
#3310 = CARTESIAN_POINT('',(8.345631090502,-5.533342930023,12.2704));
#3311 = DIRECTION('',(-0.850197895371,0.526463235854,0.));
#3312 = DIRECTION('',(0.526463235854,0.850197895371,0.));
#3313 = DEFINITIONAL_REPRESENTATION('',(#3314),#3318);
#3314 = LINE('',#3315,#3316);
#3315 = CARTESIAN_POINT('',(0.,-0.65));
#3316 = VECTOR('',#3317,1.);
#3317 = DIRECTION('',(1.,0.));
#3318 = ( GEOMETRIC_REPRESENTATION_CONTEXT(2) 
PARAMETRIC_REPRESENTATION_CONTEXT() REPRESENTATION_CONTEXT('2D SPACE',''
  ) );
#3319 = ORIENTED_EDGE('',*,*,#3320,.T.);
#3320 = EDGE_CURVE('',#3293,#3321,#3323,.T.);
#3321 = VERTEX_POINT('',#3322);
#3322 = CARTESIAN_POINT('',(9.066485453557,-4.250386548355,12.9204));
#3323 = SURFACE_CURVE('',#3324,(#3328,#3335),.PCURVE_S1.);
#3324 = LINE('',#3325,#3326);
#3325 = CARTESIAN_POINT('',(8.671772175715,-5.00665,12.9204));
#3326 = VECTOR('',#3327,1.);
#3327 = DIRECTION('',(0.462695959917,0.886517032367,0.));
#3328 = PCURVE('',#1221,#3329);
#3329 = DEFINITIONAL_REPRESENTATION('',(#3330),#3334);
#3330 = LINE('',#3331,#3332);
#3331 = CARTESIAN_POINT('',(10.014813928651,7.600050295122E-04));
#3332 = VECTOR('',#3333,1.);
#3333 = DIRECTION('',(-4.255206066736E-02,0.999094250876));
#3334 = ( GEOMETRIC_REPRESENTATION_CONTEXT(2) 
PARAMETRIC_REPRESENTATION_CONTEXT() REPRESENTATION_CONTEXT('2D SPACE',''
  ) );
#3335 = PCURVE('',#3336,#3341);
#3336 = PLANE('',#3337);
#3337 = AXIS2_PLACEMENT_3D('',#3338,#3339,#3340);
#3338 = CARTESIAN_POINT('',(8.671772175715,-5.00665,12.2704));
#3339 = DIRECTION('',(-0.886517032367,0.462695959917,0.));
#3340 = DIRECTION('',(0.462695959917,0.886517032367,0.));
#3341 = DEFINITIONAL_REPRESENTATION('',(#3342),#3346);
#3342 = LINE('',#3343,#3344);
#3343 = CARTESIAN_POINT('',(0.,-0.65));
#3344 = VECTOR('',#3345,1.);
#3345 = DIRECTION('',(1.,0.));
#3346 = ( GEOMETRIC_REPRESENTATION_CONTEXT(2) 
PARAMETRIC_REPRESENTATION_CONTEXT() REPRESENTATION_CONTEXT('2D SPACE',''
  ) );
#3347 = ORIENTED_EDGE('',*,*,#3348,.T.);
#3348 = EDGE_CURVE('',#3321,#3349,#3351,.T.);
#3349 = VERTEX_POINT('',#3350);
#3350 = CARTESIAN_POINT('',(9.395361889626,-3.463155851672,12.9204));
#3351 = SURFACE_CURVE('',#3352,(#3356,#3363),.PCURVE_S1.);
#3352 = LINE('',#3353,#3354);
#3353 = CARTESIAN_POINT('',(9.066485453557,-4.250386548355,12.9204));
#3354 = VECTOR('',#3355,1.);
#3355 = DIRECTION('',(0.385477754248,0.92271712945,0.));
#3356 = PCURVE('',#1221,#3357);
#3357 = DEFINITIONAL_REPRESENTATION('',(#3358),#3362);
#3358 = LINE('',#3359,#3360);
#3359 = CARTESIAN_POINT('',(9.978513928651,0.85306000503));
#3360 = VECTOR('',#3361,1.);
#3361 = DIRECTION('',(-0.127525036952,0.991835351735));
#3362 = ( GEOMETRIC_REPRESENTATION_CONTEXT(2) 
PARAMETRIC_REPRESENTATION_CONTEXT() REPRESENTATION_CONTEXT('2D SPACE',''
  ) );
#3363 = PCURVE('',#3364,#3369);
#3364 = PLANE('',#3365);
#3365 = AXIS2_PLACEMENT_3D('',#3366,#3367,#3368);
#3366 = CARTESIAN_POINT('',(9.066485453557,-4.250386548355,12.2704));
#3367 = DIRECTION('',(-0.92271712945,0.385477754248,0.));
#3368 = DIRECTION('',(0.385477754248,0.92271712945,0.));
#3369 = DEFINITIONAL_REPRESENTATION('',(#3370),#3374);
#3370 = LINE('',#3371,#3372);
#3371 = CARTESIAN_POINT('',(0.,-0.65));
#3372 = VECTOR('',#3373,1.);
#3373 = DIRECTION('',(1.,0.));
#3374 = ( GEOMETRIC_REPRESENTATION_CONTEXT(2) 
PARAMETRIC_REPRESENTATION_CONTEXT() REPRESENTATION_CONTEXT('2D SPACE',''
  ) );
#3375 = ORIENTED_EDGE('',*,*,#3376,.T.);
#3376 = EDGE_CURVE('',#3349,#3377,#3379,.T.);
#3377 = VERTEX_POINT('',#3378);
#3378 = CARTESIAN_POINT('',(9.656030906783,-2.650863869997,12.9204));
#3379 = SURFACE_CURVE('',#3380,(#3384,#3391),.PCURVE_S1.);
#3380 = LINE('',#3381,#3382);
#3381 = CARTESIAN_POINT('',(9.395361889626,-3.463155851672,12.9204));
#3382 = VECTOR('',#3383,1.);
#3383 = DIRECTION('',(0.305557785824,0.952173534353,0.));
#3384 = PCURVE('',#1221,#3385);
#3385 = DEFINITIONAL_REPRESENTATION('',(#3386),#3390);
#3386 = LINE('',#3387,#3388);
#3387 = CARTESIAN_POINT('',(9.869713928651,1.69926000503));
#3388 = VECTOR('',#3389,1.);
#3389 = DIRECTION('',(-0.211465962329,0.977385362473));
#3390 = ( GEOMETRIC_REPRESENTATION_CONTEXT(2) 
PARAMETRIC_REPRESENTATION_CONTEXT() REPRESENTATION_CONTEXT('2D SPACE',''
  ) );
#3391 = PCURVE('',#3392,#3397);
#3392 = PLANE('',#3393);
#3393 = AXIS2_PLACEMENT_3D('',#3394,#3395,#3396);
#3394 = CARTESIAN_POINT('',(9.395361889626,-3.463155851672,12.2704));
#3395 = DIRECTION('',(-0.952173534353,0.305557785824,0.));
#3396 = DIRECTION('',(0.305557785824,0.952173534353,0.));
#3397 = DEFINITIONAL_REPRESENTATION('',(#3398),#3402);
#3398 = LINE('',#3399,#3400);
#3399 = CARTESIAN_POINT('',(0.,-0.65));
#3400 = VECTOR('',#3401,1.);
#3401 = DIRECTION('',(1.,0.));
#3402 = ( GEOMETRIC_REPRESENTATION_CONTEXT(2) 
PARAMETRIC_REPRESENTATION_CONTEXT() REPRESENTATION_CONTEXT('2D SPACE',''
  ) );
#3403 = ORIENTED_EDGE('',*,*,#3404,.T.);
#3404 = EDGE_CURVE('',#3377,#3405,#3407,.T.);
#3405 = VERTEX_POINT('',#3406);
#3406 = CARTESIAN_POINT('',(9.846668338054,-1.81927015321,12.9204));
#3407 = SURFACE_CURVE('',#3408,(#3412,#3419),.PCURVE_S1.);
#3408 = LINE('',#3409,#3410);
#3409 = CARTESIAN_POINT('',(9.656030906783,-2.650863869997,12.9204));
#3410 = VECTOR('',#3411,1.);
#3411 = DIRECTION('',(0.223447284052,0.974716015694,0.));
#3412 = PCURVE('',#1221,#3413);
#3413 = DEFINITIONAL_REPRESENTATION('',(#3414),#3418);
#3414 = LINE('',#3415,#3416);
#3415 = CARTESIAN_POINT('',(9.689313928651,2.53306000503));
#3416 = VECTOR('',#3417,1.);
#3417 = DIRECTION('',(-0.293846983451,0.955852473092));
#3418 = ( GEOMETRIC_REPRESENTATION_CONTEXT(2) 
PARAMETRIC_REPRESENTATION_CONTEXT() REPRESENTATION_CONTEXT('2D SPACE',''
  ) );
#3419 = PCURVE('',#3420,#3425);
#3420 = PLANE('',#3421);
#3421 = AXIS2_PLACEMENT_3D('',#3422,#3423,#3424);
#3422 = CARTESIAN_POINT('',(9.656030906783,-2.650863869997,12.2704));
#3423 = DIRECTION('',(-0.974716015694,0.223447284052,0.));
#3424 = DIRECTION('',(0.223447284052,0.974716015694,0.));
#3425 = DEFINITIONAL_REPRESENTATION('',(#3426),#3430);
#3426 = LINE('',#3427,#3428);
#3427 = CARTESIAN_POINT('',(0.,-0.65));
#3428 = VECTOR('',#3429,1.);
#3429 = DIRECTION('',(1.,0.));
#3430 = ( GEOMETRIC_REPRESENTATION_CONTEXT(2) 
PARAMETRIC_REPRESENTATION_CONTEXT() REPRESENTATION_CONTEXT('2D SPACE',''
  ) );
#3431 = ORIENTED_EDGE('',*,*,#3432,.T.);
#3432 = EDGE_CURVE('',#3405,#3433,#3435,.T.);
#3433 = VERTEX_POINT('',#3434);
#3434 = CARTESIAN_POINT('',(9.965783029166,-0.974557456277,12.9204));
#3435 = SURFACE_CURVE('',#3436,(#3440,#3447),.PCURVE_S1.);
#3436 = LINE('',#3437,#3438);
#3437 = CARTESIAN_POINT('',(9.846668338054,-1.81927015321,12.9204));
#3438 = VECTOR('',#3439,1.);
#3439 = DIRECTION('',(0.139630672936,0.990203653384,0.));
#3440 = PCURVE('',#1221,#3441);
#3441 = DEFINITIONAL_REPRESENTATION('',(#3442),#3446);
#3442 = LINE('',#3443,#3444);
#3443 = CARTESIAN_POINT('',(9.438613928651,3.34856000503));
#3444 = VECTOR('',#3445,1.);
#3445 = DIRECTION('',(-0.374178116782,0.927356855219));
#3446 = ( GEOMETRIC_REPRESENTATION_CONTEXT(2) 
PARAMETRIC_REPRESENTATION_CONTEXT() REPRESENTATION_CONTEXT('2D SPACE',''
  ) );
#3447 = PCURVE('',#3448,#3453);
#3448 = PLANE('',#3449);
#3449 = AXIS2_PLACEMENT_3D('',#3450,#3451,#3452);
#3450 = CARTESIAN_POINT('',(9.846668338054,-1.81927015321,12.2704));
#3451 = DIRECTION('',(-0.990203653384,0.139630672936,0.));
#3452 = DIRECTION('',(0.139630672936,0.990203653384,0.));
#3453 = DEFINITIONAL_REPRESENTATION('',(#3454),#3458);
#3454 = LINE('',#3455,#3456);
#3455 = CARTESIAN_POINT('',(0.,-0.65));
#3456 = VECTOR('',#3457,1.);
#3457 = DIRECTION('',(1.,0.));
#3458 = ( GEOMETRIC_REPRESENTATION_CONTEXT(2) 
PARAMETRIC_REPRESENTATION_CONTEXT() REPRESENTATION_CONTEXT('2D SPACE',''
  ) );
#3459 = ORIENTED_EDGE('',*,*,#3460,.T.);
#3460 = EDGE_CURVE('',#3433,#1179,#3461,.T.);
#3461 = SURFACE_CURVE('',#3462,(#3466,#3473),.PCURVE_S1.);
#3462 = LINE('',#3463,#3464);
#3463 = CARTESIAN_POINT('',(9.965783029166,-0.974557456277,12.9204));
#3464 = VECTOR('',#3465,1.);
#3465 = DIRECTION('',(5.483876368483E-02,0.998495222822,0.));
#3466 = PCURVE('',#1221,#3467);
#3467 = DEFINITIONAL_REPRESENTATION('',(#3468),#3472);
#3468 = LINE('',#3469,#3470);
#3469 = CARTESIAN_POINT('',(9.119413928651,4.13966000503));
#3470 = VECTOR('',#3471,1.);
#3471 = DIRECTION('',(-0.451755848948,0.892141610363));
#3472 = ( GEOMETRIC_REPRESENTATION_CONTEXT(2) 
PARAMETRIC_REPRESENTATION_CONTEXT() REPRESENTATION_CONTEXT('2D SPACE',''
  ) );
#3473 = PCURVE('',#1193,#3474);
#3474 = DEFINITIONAL_REPRESENTATION('',(#3475),#3479);
#3475 = LINE('',#3476,#3477);
#3476 = CARTESIAN_POINT('',(0.,-0.65));
#3477 = VECTOR('',#3478,1.);
#3478 = DIRECTION('',(1.,0.));
#3479 = ( GEOMETRIC_REPRESENTATION_CONTEXT(2) 
PARAMETRIC_REPRESENTATION_CONTEXT() REPRESENTATION_CONTEXT('2D SPACE',''
  ) );
#3480 = ORIENTED_EDGE('',*,*,#1204,.F.);
#3481 = ORIENTED_EDGE('',*,*,#1281,.T.);
#3482 = ORIENTED_EDGE('',*,*,#1307,.T.);
#3483 = ORIENTED_EDGE('',*,*,#1356,.T.);
#3484 = ORIENTED_EDGE('',*,*,#1405,.T.);
#3485 = ORIENTED_EDGE('',*,*,#1454,.T.);
#3486 = ORIENTED_EDGE('',*,*,#1503,.T.);
#3487 = ORIENTED_EDGE('',*,*,#1552,.T.);
#3488 = ORIENTED_EDGE('',*,*,#1601,.T.);
#3489 = ORIENTED_EDGE('',*,*,#1650,.T.);
#3490 = ORIENTED_EDGE('',*,*,#1699,.T.);
#3491 = ORIENTED_EDGE('',*,*,#1748,.T.);
#3492 = ORIENTED_EDGE('',*,*,#1797,.T.);
#3493 = ORIENTED_EDGE('',*,*,#1846,.T.);
#3494 = ORIENTED_EDGE('',*,*,#1895,.T.);
#3495 = ORIENTED_EDGE('',*,*,#1944,.T.);
#3496 = ORIENTED_EDGE('',*,*,#1993,.T.);
#3497 = ORIENTED_EDGE('',*,*,#2042,.T.);
#3498 = ORIENTED_EDGE('',*,*,#2091,.T.);
#3499 = ORIENTED_EDGE('',*,*,#2140,.T.);
#3500 = ORIENTED_EDGE('',*,*,#2189,.T.);
#3501 = ORIENTED_EDGE('',*,*,#2238,.T.);
#3502 = ORIENTED_EDGE('',*,*,#2287,.T.);
#3503 = ORIENTED_EDGE('',*,*,#2336,.T.);
#3504 = ORIENTED_EDGE('',*,*,#2385,.T.);
#3505 = ORIENTED_EDGE('',*,*,#2434,.T.);
#3506 = ORIENTED_EDGE('',*,*,#2483,.T.);
#3507 = ORIENTED_EDGE('',*,*,#2532,.T.);
#3508 = ORIENTED_EDGE('',*,*,#2581,.T.);
#3509 = ORIENTED_EDGE('',*,*,#2630,.T.);
#3510 = ORIENTED_EDGE('',*,*,#2679,.T.);
#3511 = ORIENTED_EDGE('',*,*,#2728,.T.);
#3512 = ORIENTED_EDGE('',*,*,#2777,.T.);
#3513 = ORIENTED_EDGE('',*,*,#2826,.T.);
#3514 = ORIENTED_EDGE('',*,*,#2875,.T.);
#3515 = ORIENTED_EDGE('',*,*,#2924,.T.);
#3516 = ORIENTED_EDGE('',*,*,#2973,.T.);
#3517 = ORIENTED_EDGE('',*,*,#3043,.T.);
#3518 = ORIENTED_EDGE('',*,*,#3519,.F.);
#3519 = EDGE_CURVE('',#3520,#3021,#3522,.T.);
#3520 = VERTEX_POINT('',#3521);
#3521 = CARTESIAN_POINT('',(-9.85,1.071565949254E-15,12.9204));
#3522 = SURFACE_CURVE('',#3523,(#3528,#3535),.PCURVE_S1.);
#3523 = CIRCLE('',#3524,1.1);
#3524 = AXIS2_PLACEMENT_3D('',#3525,#3526,#3527);
#3525 = CARTESIAN_POINT('',(-10.95,1.340988245066E-15,12.9204));
#3526 = DIRECTION('',(0.,0.,1.));
#3527 = DIRECTION('',(1.,0.,-0.));
#3528 = PCURVE('',#1221,#3529);
#3529 = DEFINITIONAL_REPRESENTATION('',(#3530),#3534);
#3530 = CIRCLE('',#3531,1.1);
#3531 = AXIS2_PLACEMENT_2D('',#3532,#3533);
#3532 = CARTESIAN_POINT('',(-9.481464242788,-5.47423999497));
#3533 = DIRECTION('',(0.866025403784,0.5));
#3534 = ( GEOMETRIC_REPRESENTATION_CONTEXT(2) 
PARAMETRIC_REPRESENTATION_CONTEXT() REPRESENTATION_CONTEXT('2D SPACE',''
  ) );
#3535 = PCURVE('',#103,#3536);
#3536 = DEFINITIONAL_REPRESENTATION('',(#3537),#3541);
#3537 = LINE('',#3538,#3539);
#3538 = CARTESIAN_POINT('',(6.28318530718,1.7));
#3539 = VECTOR('',#3540,1.);
#3540 = DIRECTION('',(1.,0.));
#3541 = ( GEOMETRIC_REPRESENTATION_CONTEXT(2) 
PARAMETRIC_REPRESENTATION_CONTEXT() REPRESENTATION_CONTEXT('2D SPACE',''
  ) );
#3542 = ORIENTED_EDGE('',*,*,#3543,.F.);
#3543 = EDGE_CURVE('',#3544,#3520,#3546,.T.);
#3544 = VERTEX_POINT('',#3545);
#3545 = CARTESIAN_POINT('',(-9.9904769117,-0.537880509982,12.9204));
#3546 = SURFACE_CURVE('',#3547,(#3552,#3559),.PCURVE_S1.);
#3547 = CIRCLE('',#3548,1.1);
#3548 = AXIS2_PLACEMENT_3D('',#3549,#3550,#3551);
#3549 = CARTESIAN_POINT('',(-10.95,1.340988245066E-15,12.9204));
#3550 = DIRECTION('',(0.,0.,1.));
#3551 = DIRECTION('',(1.,0.,-0.));
#3552 = PCURVE('',#1221,#3553);
#3553 = DEFINITIONAL_REPRESENTATION('',(#3554),#3558);
#3554 = CIRCLE('',#3555,1.1);
#3555 = AXIS2_PLACEMENT_2D('',#3556,#3557);
#3556 = CARTESIAN_POINT('',(-9.481464242788,-5.47423999497));
#3557 = DIRECTION('',(0.866025403784,0.5));
#3558 = ( GEOMETRIC_REPRESENTATION_CONTEXT(2) 
PARAMETRIC_REPRESENTATION_CONTEXT() REPRESENTATION_CONTEXT('2D SPACE',''
  ) );
#3559 = PCURVE('',#103,#3560);
#3560 = DEFINITIONAL_REPRESENTATION('',(#3561),#3565);
#3561 = LINE('',#3562,#3563);
#3562 = CARTESIAN_POINT('',(0.,1.7));
#3563 = VECTOR('',#3564,1.);
#3564 = DIRECTION('',(1.,0.));
#3565 = ( GEOMETRIC_REPRESENTATION_CONTEXT(2) 
PARAMETRIC_REPRESENTATION_CONTEXT() REPRESENTATION_CONTEXT('2D SPACE',''
  ) );
#3566 = ORIENTED_EDGE('',*,*,#3567,.T.);
#3567 = EDGE_CURVE('',#3544,#3568,#3570,.T.);
#3568 = VERTEX_POINT('',#3569);
#3569 = CARTESIAN_POINT('',(-9.977513755599,-0.846560757914,12.9204));
#3570 = SURFACE_CURVE('',#3571,(#3575,#3582),.PCURVE_S1.);
#3571 = LINE('',#3572,#3573);
#3572 = CARTESIAN_POINT('',(-10.0133105702,5.837340431751E-03,12.9204));
#3573 = VECTOR('',#3574,1.);
#3574 = DIRECTION('',(4.19584352296E-02,-0.999119357091,0.));
#3575 = PCURVE('',#1221,#3576);
#3576 = DEFINITIONAL_REPRESENTATION('',(#3577),#3581);
#3577 = LINE('',#3578,#3579);
#3578 = CARTESIAN_POINT('',(-8.673186071349,-5.00083999497));
#3579 = VECTOR('',#3580,1.);
#3580 = DIRECTION('',(0.535896749357,-0.844283527038));
#3581 = ( GEOMETRIC_REPRESENTATION_CONTEXT(2) 
PARAMETRIC_REPRESENTATION_CONTEXT() REPRESENTATION_CONTEXT('2D SPACE',''
  ) );
#3582 = PCURVE('',#3583,#3588);
#3583 = PLANE('',#3584);
#3584 = AXIS2_PLACEMENT_3D('',#3585,#3586,#3587);
#3585 = CARTESIAN_POINT('',(-10.0133105702,5.837340431751E-03,12.2704));
#3586 = DIRECTION('',(0.999119357091,4.19584352296E-02,-0.));
#3587 = DIRECTION('',(4.19584352296E-02,-0.999119357091,0.));
#3588 = DEFINITIONAL_REPRESENTATION('',(#3589),#3593);
#3589 = LINE('',#3590,#3591);
#3590 = CARTESIAN_POINT('',(0.,-0.65));
#3591 = VECTOR('',#3592,1.);
#3592 = DIRECTION('',(1.,0.));
#3593 = ( GEOMETRIC_REPRESENTATION_CONTEXT(2) 
PARAMETRIC_REPRESENTATION_CONTEXT() REPRESENTATION_CONTEXT('2D SPACE',''
  ) );
#3594 = ORIENTED_EDGE('',*,*,#3595,.T.);
#3595 = EDGE_CURVE('',#3568,#3596,#3598,.T.);
#3596 = VERTEX_POINT('',#3597);
#3597 = CARTESIAN_POINT('',(-9.869215224382,-1.692782199463,12.9204));
#3598 = SURFACE_CURVE('',#3599,(#3603,#3610),.PCURVE_S1.);
#3599 = LINE('',#3600,#3601);
#3600 = CARTESIAN_POINT('',(-9.977513755599,-0.846560757914,12.9204));
#3601 = VECTOR('',#3602,1.);
#3602 = DIRECTION('',(0.12694359192,-0.991909937681,0.));
#3603 = PCURVE('',#1221,#3604);
#3604 = DEFINITIONAL_REPRESENTATION('',(#3605),#3609);
#3605 = LINE('',#3606,#3607);
#3606 = CARTESIAN_POINT('',(-8.215986071349,-5.72113999497));
#3607 = VECTOR('',#3608,1.);
#3608 = DIRECTION('',(0.605891344291,-0.795547408338));
#3609 = ( GEOMETRIC_REPRESENTATION_CONTEXT(2) 
PARAMETRIC_REPRESENTATION_CONTEXT() REPRESENTATION_CONTEXT('2D SPACE',''
  ) );
#3610 = PCURVE('',#3611,#3616);
#3611 = PLANE('',#3612);
#3612 = AXIS2_PLACEMENT_3D('',#3613,#3614,#3615);
#3613 = CARTESIAN_POINT('',(-9.977513755599,-0.846560757914,12.2704));
#3614 = DIRECTION('',(0.991909937681,0.12694359192,-0.));
#3615 = DIRECTION('',(0.12694359192,-0.991909937681,0.));
#3616 = DEFINITIONAL_REPRESENTATION('',(#3617),#3621);
#3617 = LINE('',#3618,#3619);
#3618 = CARTESIAN_POINT('',(0.,-0.65));
#3619 = VECTOR('',#3620,1.);
#3620 = DIRECTION('',(1.,0.));
#3621 = ( GEOMETRIC_REPRESENTATION_CONTEXT(2) 
PARAMETRIC_REPRESENTATION_CONTEXT() REPRESENTATION_CONTEXT('2D SPACE',''
  ) );
#3622 = ORIENTED_EDGE('',*,*,#3623,.T.);
#3623 = EDGE_CURVE('',#3596,#3624,#3626,.T.);
#3624 = VERTEX_POINT('',#3625);
#3625 = CARTESIAN_POINT('',(-9.689342475635,-2.526633459735,12.9204));
#3626 = SURFACE_CURVE('',#3627,(#3631,#3638),.PCURVE_S1.);
#3627 = LINE('',#3628,#3629);
#3628 = CARTESIAN_POINT('',(-9.869215224382,-1.692782199463,12.9204));
#3629 = VECTOR('',#3630,1.);
#3630 = DIRECTION('',(0.210863050356,-0.977515613172,0.));
#3631 = PCURVE('',#1221,#3632);
#3632 = DEFINITIONAL_REPRESENTATION('',(#3633),#3637);
#3633 = LINE('',#3634,#3635);
#3634 = CARTESIAN_POINT('',(-7.699086071349,-6.39983999497));
#3635 = VECTOR('',#3636,1.);
#3636 = DIRECTION('',(0.671370564914,-0.741121828424));
#3637 = ( GEOMETRIC_REPRESENTATION_CONTEXT(2) 
PARAMETRIC_REPRESENTATION_CONTEXT() REPRESENTATION_CONTEXT('2D SPACE',''
  ) );
#3638 = PCURVE('',#3639,#3644);
#3639 = PLANE('',#3640);
#3640 = AXIS2_PLACEMENT_3D('',#3641,#3642,#3643);
#3641 = CARTESIAN_POINT('',(-9.869215224382,-1.692782199463,12.2704));
#3642 = DIRECTION('',(0.977515613172,0.210863050356,-0.));
#3643 = DIRECTION('',(0.210863050356,-0.977515613172,0.));
#3644 = DEFINITIONAL_REPRESENTATION('',(#3645),#3649);
#3645 = LINE('',#3646,#3647);
#3646 = CARTESIAN_POINT('',(0.,-0.65));
#3647 = VECTOR('',#3648,1.);
#3648 = DIRECTION('',(1.,0.));
#3649 = ( GEOMETRIC_REPRESENTATION_CONTEXT(2) 
PARAMETRIC_REPRESENTATION_CONTEXT() REPRESENTATION_CONTEXT('2D SPACE',''
  ) );
#3650 = ORIENTED_EDGE('',*,*,#3651,.T.);
#3651 = EDGE_CURVE('',#3624,#3652,#3654,.T.);
#3652 = VERTEX_POINT('',#3653);
#3653 = CARTESIAN_POINT('',(-9.439109610972,-3.342217424415,12.9204));
#3654 = SURFACE_CURVE('',#3655,(#3659,#3666),.PCURVE_S1.);
#3655 = LINE('',#3656,#3657);
#3656 = CARTESIAN_POINT('',(-9.689342475635,-2.526633459735,12.9204));
#3657 = VECTOR('',#3658,1.);
#3658 = DIRECTION('',(0.293319006132,-0.956014623655,0.));
#3659 = PCURVE('',#1221,#3660);
#3660 = DEFINITIONAL_REPRESENTATION('',(#3661),#3665);
#3661 = LINE('',#3662,#3663);
#3662 = CARTESIAN_POINT('',(-7.126386071349,-7.03203999497));
#3663 = VECTOR('',#3664,1.);
#3664 = DIRECTION('',(0.732029022551,-0.681273447408));
#3665 = ( GEOMETRIC_REPRESENTATION_CONTEXT(2) 
PARAMETRIC_REPRESENTATION_CONTEXT() REPRESENTATION_CONTEXT('2D SPACE',''
  ) );
#3666 = PCURVE('',#3667,#3672);
#3667 = PLANE('',#3668);
#3668 = AXIS2_PLACEMENT_3D('',#3669,#3670,#3671);
#3669 = CARTESIAN_POINT('',(-9.689342475635,-2.526633459735,12.2704));
#3670 = DIRECTION('',(0.956014623655,0.293319006132,-0.));
#3671 = DIRECTION('',(0.293319006132,-0.956014623655,0.));
#3672 = DEFINITIONAL_REPRESENTATION('',(#3673),#3677);
#3673 = LINE('',#3674,#3675);
#3674 = CARTESIAN_POINT('',(0.,-0.65));
#3675 = VECTOR('',#3676,1.);
#3676 = DIRECTION('',(1.,0.));
#3677 = ( GEOMETRIC_REPRESENTATION_CONTEXT(2) 
PARAMETRIC_REPRESENTATION_CONTEXT() REPRESENTATION_CONTEXT('2D SPACE',''
  ) );
#3678 = ORIENTED_EDGE('',*,*,#3679,.T.);
#3679 = EDGE_CURVE('',#3652,#3680,#3682,.T.);
#3680 = VERTEX_POINT('',#3681);
#3681 = CARTESIAN_POINT('',(-9.120313744709,-4.133646786805,12.9204));
#3682 = SURFACE_CURVE('',#3683,(#3687,#3694),.PCURVE_S1.);
#3683 = LINE('',#3684,#3685);
#3684 = CARTESIAN_POINT('',(-9.439109610972,-3.342217424415,12.9204));
#3685 = VECTOR('',#3686,1.);
#3686 = DIRECTION('',(0.373636766229,-0.927575100421,0.));
#3687 = PCURVE('',#1221,#3688);
#3688 = DEFINITIONAL_REPRESENTATION('',(#3689),#3693);
#3689 = LINE('',#3690,#3691);
#3690 = CARTESIAN_POINT('',(-6.501886071349,-7.61323999497));
#3691 = VECTOR('',#3692,1.);
#3692 = DIRECTION('',(0.787366481553,-0.616485217768));
#3693 = ( GEOMETRIC_REPRESENTATION_CONTEXT(2) 
PARAMETRIC_REPRESENTATION_CONTEXT() REPRESENTATION_CONTEXT('2D SPACE',''
  ) );
#3694 = PCURVE('',#3695,#3700);
#3695 = PLANE('',#3696);
#3696 = AXIS2_PLACEMENT_3D('',#3697,#3698,#3699);
#3697 = CARTESIAN_POINT('',(-9.439109610972,-3.342217424415,12.2704));
#3698 = DIRECTION('',(0.927575100421,0.373636766229,-0.));
#3699 = DIRECTION('',(0.373636766229,-0.927575100421,0.));
#3700 = DEFINITIONAL_REPRESENTATION('',(#3701),#3705);
#3701 = LINE('',#3702,#3703);
#3702 = CARTESIAN_POINT('',(0.,-0.65));
#3703 = VECTOR('',#3704,1.);
#3704 = DIRECTION('',(1.,0.));
#3705 = ( GEOMETRIC_REPRESENTATION_CONTEXT(2) 
PARAMETRIC_REPRESENTATION_CONTEXT() REPRESENTATION_CONTEXT('2D SPACE',''
  ) );
#3706 = ORIENTED_EDGE('',*,*,#3707,.T.);
#3707 = EDGE_CURVE('',#3680,#3708,#3710,.T.);
#3708 = VERTEX_POINT('',#3709);
#3709 = CARTESIAN_POINT('',(-8.735371606407,-4.894907445292,12.9204));
#3710 = SURFACE_CURVE('',#3711,(#3715,#3722),.PCURVE_S1.);
#3711 = LINE('',#3712,#3713);
#3712 = CARTESIAN_POINT('',(-9.120313744709,-4.133646786805,12.9204));
#3713 = VECTOR('',#3714,1.);
#3714 = DIRECTION('',(0.451252677873,-0.892396224058,0.));
#3715 = PCURVE('',#1221,#3716);
#3716 = DEFINITIONAL_REPRESENTATION('',(#3717),#3721);
#3717 = LINE('',#3718,#3719);
#3718 = CARTESIAN_POINT('',(-5.830086071349,-8.13923999497));
#3719 = VECTOR('',#3720,1.);
#3720 = DIRECTION('',(0.836994394593,-0.547211461339));
#3721 = ( GEOMETRIC_REPRESENTATION_CONTEXT(2) 
PARAMETRIC_REPRESENTATION_CONTEXT() REPRESENTATION_CONTEXT('2D SPACE',''
  ) );
#3722 = PCURVE('',#3723,#3728);
#3723 = PLANE('',#3724);
#3724 = AXIS2_PLACEMENT_3D('',#3725,#3726,#3727);
#3725 = CARTESIAN_POINT('',(-9.120313744709,-4.133646786805,12.2704));
#3726 = DIRECTION('',(0.892396224058,0.451252677873,-0.));
#3727 = DIRECTION('',(0.451252677873,-0.892396224058,0.));
#3728 = DEFINITIONAL_REPRESENTATION('',(#3729),#3733);
#3729 = LINE('',#3730,#3731);
#3730 = CARTESIAN_POINT('',(0.,-0.65));
#3731 = VECTOR('',#3732,1.);
#3732 = DIRECTION('',(1.,0.));
#3733 = ( GEOMETRIC_REPRESENTATION_CONTEXT(2) 
PARAMETRIC_REPRESENTATION_CONTEXT() REPRESENTATION_CONTEXT('2D SPACE',''
  ) );
#3734 = ORIENTED_EDGE('',*,*,#3735,.T.);
#3735 = EDGE_CURVE('',#3708,#3736,#3738,.T.);
#3736 = VERTEX_POINT('',#3737);
#3737 = CARTESIAN_POINT('',(-8.287013323084,-5.620728118582,12.9204));
#3738 = SURFACE_CURVE('',#3739,(#3743,#3750),.PCURVE_S1.);
#3739 = LINE('',#3740,#3741);
#3740 = CARTESIAN_POINT('',(-8.735371606407,-4.894907445292,12.9204));
#3741 = VECTOR('',#3742,1.);
#3742 = DIRECTION('',(0.525541479376,-0.850767978626,0.));
#3743 = PCURVE('',#1221,#3744);
#3744 = DEFINITIONAL_REPRESENTATION('',(#3745),#3749);
#3745 = LINE('',#3746,#3747);
#3746 = CARTESIAN_POINT('',(-5.116086071349,-8.60603999497));
#3747 = VECTOR('',#3748,1.);
#3748 = DIRECTION('',(0.880516261195,-0.474015942528));
#3749 = ( GEOMETRIC_REPRESENTATION_CONTEXT(2) 
PARAMETRIC_REPRESENTATION_CONTEXT() REPRESENTATION_CONTEXT('2D SPACE',''
  ) );
#3750 = PCURVE('',#3751,#3756);
#3751 = PLANE('',#3752);
#3752 = AXIS2_PLACEMENT_3D('',#3753,#3754,#3755);
#3753 = CARTESIAN_POINT('',(-8.735371606407,-4.894907445292,12.2704));
#3754 = DIRECTION('',(0.850767978626,0.525541479376,-0.));
#3755 = DIRECTION('',(0.525541479376,-0.850767978626,0.));
#3756 = DEFINITIONAL_REPRESENTATION('',(#3757),#3761);
#3757 = LINE('',#3758,#3759);
#3758 = CARTESIAN_POINT('',(0.,-0.65));
#3759 = VECTOR('',#3760,1.);
#3760 = DIRECTION('',(1.,0.));
#3761 = ( GEOMETRIC_REPRESENTATION_CONTEXT(2) 
PARAMETRIC_REPRESENTATION_CONTEXT() REPRESENTATION_CONTEXT('2D SPACE',''
  ) );
#3762 = ORIENTED_EDGE('',*,*,#3763,.T.);
#3763 = EDGE_CURVE('',#3736,#3764,#3766,.T.);
#3764 = VERTEX_POINT('',#3765);
#3765 = CARTESIAN_POINT('',(-7.778452034462,-6.305674127925,12.9204));
#3766 = SURFACE_CURVE('',#3767,(#3771,#3778),.PCURVE_S1.);
#3767 = LINE('',#3768,#3769);
#3768 = CARTESIAN_POINT('',(-8.287013323084,-5.620728118582,12.9204));
#3769 = VECTOR('',#3770,1.);
#3770 = DIRECTION('',(0.596130803877,-0.802887329996,0.));
#3771 = PCURVE('',#1221,#3772);
#3772 = DEFINITIONAL_REPRESENTATION('',(#3773),#3777);
#3773 = LINE('',#3774,#3775);
#3774 = CARTESIAN_POINT('',(-4.364886071349,-9.01043999497));
#3775 = VECTOR('',#3776,1.);
#3776 = DIRECTION('',(0.917708085134,-0.397255422215));
#3777 = ( GEOMETRIC_REPRESENTATION_CONTEXT(2) 
PARAMETRIC_REPRESENTATION_CONTEXT() REPRESENTATION_CONTEXT('2D SPACE',''
  ) );
#3778 = PCURVE('',#3779,#3784);
#3779 = PLANE('',#3780);
#3780 = AXIS2_PLACEMENT_3D('',#3781,#3782,#3783);
#3781 = CARTESIAN_POINT('',(-8.287013323084,-5.620728118582,12.2704));
#3782 = DIRECTION('',(0.802887329996,0.596130803877,-0.));
#3783 = DIRECTION('',(0.596130803877,-0.802887329996,0.));
#3784 = DEFINITIONAL_REPRESENTATION('',(#3785),#3789);
#3785 = LINE('',#3786,#3787);
#3786 = CARTESIAN_POINT('',(0.,-0.65));
#3787 = VECTOR('',#3788,1.);
#3788 = DIRECTION('',(1.,0.));
#3789 = ( GEOMETRIC_REPRESENTATION_CONTEXT(2) 
PARAMETRIC_REPRESENTATION_CONTEXT() REPRESENTATION_CONTEXT('2D SPACE',''
  ) );
#3790 = ORIENTED_EDGE('',*,*,#3791,.T.);
#3791 = EDGE_CURVE('',#3764,#3792,#3794,.T.);
#3792 = VERTEX_POINT('',#3793);
#3793 = CARTESIAN_POINT('',(-7.21347408534,-6.944903614891,12.9204));
#3794 = SURFACE_CURVE('',#3795,(#3799,#3806),.PCURVE_S1.);
#3795 = LINE('',#3796,#3797);
#3796 = CARTESIAN_POINT('',(-7.778452034462,-6.305674127925,12.9204));
#3797 = VECTOR('',#3798,1.);
#3798 = DIRECTION('',(0.662248784482,-0.74928402322,0.));
#3799 = PCURVE('',#1221,#3800);
#3800 = DEFINITIONAL_REPRESENTATION('',(#3801),#3805);
#3801 = LINE('',#3802,#3803);
#3802 = CARTESIAN_POINT('',(-3.581986071349,-9.34933999497));
#3803 = VECTOR('',#3804,1.);
#3804 = DIRECTION('',(0.948166282596,-0.317774606517));
#3805 = ( GEOMETRIC_REPRESENTATION_CONTEXT(2) 
PARAMETRIC_REPRESENTATION_CONTEXT() REPRESENTATION_CONTEXT('2D SPACE',''
  ) );
#3806 = PCURVE('',#3807,#3812);
#3807 = PLANE('',#3808);
#3808 = AXIS2_PLACEMENT_3D('',#3809,#3810,#3811);
#3809 = CARTESIAN_POINT('',(-7.778452034462,-6.305674127925,12.2704));
#3810 = DIRECTION('',(0.74928402322,0.662248784482,-0.));
#3811 = DIRECTION('',(0.662248784482,-0.74928402322,0.));
#3812 = DEFINITIONAL_REPRESENTATION('',(#3813),#3817);
#3813 = LINE('',#3814,#3815);
#3814 = CARTESIAN_POINT('',(0.,-0.65));
#3815 = VECTOR('',#3816,1.);
#3816 = DIRECTION('',(1.,0.));
#3817 = ( GEOMETRIC_REPRESENTATION_CONTEXT(2) 
PARAMETRIC_REPRESENTATION_CONTEXT() REPRESENTATION_CONTEXT('2D SPACE',''
  ) );
#3818 = ORIENTED_EDGE('',*,*,#3819,.T.);
#3819 = EDGE_CURVE('',#3792,#3820,#3822,.T.);
#3820 = VERTEX_POINT('',#3821);
#3821 = CARTESIAN_POINT('',(-6.596189025603,-7.533734528673,12.9204));
#3822 = SURFACE_CURVE('',#3823,(#3827,#3834),.PCURVE_S1.);
#3823 = LINE('',#3824,#3825);
#3824 = CARTESIAN_POINT('',(-7.21347408534,-6.944903614891,12.9204));
#3825 = VECTOR('',#3826,1.);
#3826 = DIRECTION('',(0.723587194268,-0.690232984065,0.));
#3827 = PCURVE('',#1221,#3828);
#3828 = DEFINITIONAL_REPRESENTATION('',(#3829),#3833);
#3829 = LINE('',#3830,#3831);
#3830 = CARTESIAN_POINT('',(-2.773086071349,-9.62043999497));
#3831 = VECTOR('',#3832,1.);
#3832 = DIRECTION('',(0.971761384122,-0.235965701597));
#3833 = ( GEOMETRIC_REPRESENTATION_CONTEXT(2) 
PARAMETRIC_REPRESENTATION_CONTEXT() REPRESENTATION_CONTEXT('2D SPACE',''
  ) );
#3834 = PCURVE('',#3835,#3840);
#3835 = PLANE('',#3836);
#3836 = AXIS2_PLACEMENT_3D('',#3837,#3838,#3839);
#3837 = CARTESIAN_POINT('',(-7.21347408534,-6.944903614891,12.2704));
#3838 = DIRECTION('',(0.690232984065,0.723587194268,-0.));
#3839 = DIRECTION('',(0.723587194268,-0.690232984065,0.));
#3840 = DEFINITIONAL_REPRESENTATION('',(#3841),#3845);
#3841 = LINE('',#3842,#3843);
#3842 = CARTESIAN_POINT('',(0.,-0.65));
#3843 = VECTOR('',#3844,1.);
#3844 = DIRECTION('',(1.,0.));
#3845 = ( GEOMETRIC_REPRESENTATION_CONTEXT(2) 
PARAMETRIC_REPRESENTATION_CONTEXT() REPRESENTATION_CONTEXT('2D SPACE',''
  ) );
#3846 = ORIENTED_EDGE('',*,*,#3847,.T.);
#3847 = EDGE_CURVE('',#3820,#3848,#3850,.T.);
#3848 = VERTEX_POINT('',#3849);
#3849 = CARTESIAN_POINT('',(-5.931043007672,-8.067867831165,12.9204));
#3850 = SURFACE_CURVE('',#3851,(#3855,#3862),.PCURVE_S1.);
#3851 = LINE('',#3852,#3853);
#3852 = CARTESIAN_POINT('',(-6.596189025603,-7.533734528673,12.9204));
#3853 = VECTOR('',#3854,1.);
#3854 = DIRECTION('',(0.779714396722,-0.626135336444,0.));
#3855 = PCURVE('',#1221,#3856);
#3856 = DEFINITIONAL_REPRESENTATION('',(#3857),#3861);
#3857 = LINE('',#3858,#3859);
#3858 = CARTESIAN_POINT('',(-1.944086071349,-9.82173999497));
#3859 = VECTOR('',#3860,1.);
#3860 = DIRECTION('',(0.98832014348,-0.152391909207));
#3861 = ( GEOMETRIC_REPRESENTATION_CONTEXT(2) 
PARAMETRIC_REPRESENTATION_CONTEXT() REPRESENTATION_CONTEXT('2D SPACE',''
  ) );
#3862 = PCURVE('',#3863,#3868);
#3863 = PLANE('',#3864);
#3864 = AXIS2_PLACEMENT_3D('',#3865,#3866,#3867);
#3865 = CARTESIAN_POINT('',(-6.596189025603,-7.533734528673,12.2704));
#3866 = DIRECTION('',(0.626135336444,0.779714396722,-0.));
#3867 = DIRECTION('',(0.779714396722,-0.626135336444,0.));
#3868 = DEFINITIONAL_REPRESENTATION('',(#3869),#3873);
#3869 = LINE('',#3870,#3871);
#3870 = CARTESIAN_POINT('',(0.,-0.65));
#3871 = VECTOR('',#3872,1.);
#3872 = DIRECTION('',(1.,0.));
#3873 = ( GEOMETRIC_REPRESENTATION_CONTEXT(2) 
PARAMETRIC_REPRESENTATION_CONTEXT() REPRESENTATION_CONTEXT('2D SPACE',''
  ) );
#3874 = ORIENTED_EDGE('',*,*,#3875,.T.);
#3875 = EDGE_CURVE('',#3848,#3876,#3878,.T.);
#3876 = VERTEX_POINT('',#3877);
#3877 = CARTESIAN_POINT('',(-5.222732183971,-8.543437496963,12.9204));
#3878 = SURFACE_CURVE('',#3879,(#3883,#3890),.PCURVE_S1.);
#3879 = LINE('',#3880,#3881);
#3880 = CARTESIAN_POINT('',(-5.931043007672,-8.067867831165,12.9204));
#3881 = VECTOR('',#3882,1.);
#3882 = DIRECTION('',(0.83022680417,-0.557425738227,0.));
#3883 = PCURVE('',#1221,#3884);
#3884 = DEFINITIONAL_REPRESENTATION('',(#3885),#3889);
#3885 = LINE('',#3886,#3887);
#3886 = CARTESIAN_POINT('',(-1.100986071349,-9.95173999497));
#3887 = VECTOR('',#3888,1.);
#3888 = DIRECTION('',(0.997710372427,-6.763144794297E-02));
#3889 = ( GEOMETRIC_REPRESENTATION_CONTEXT(2) 
PARAMETRIC_REPRESENTATION_CONTEXT() REPRESENTATION_CONTEXT('2D SPACE',''
  ) );
#3890 = PCURVE('',#3891,#3896);
#3891 = PLANE('',#3892);
#3892 = AXIS2_PLACEMENT_3D('',#3893,#3894,#3895);
#3893 = CARTESIAN_POINT('',(-5.931043007672,-8.067867831165,12.2704));
#3894 = DIRECTION('',(0.557425738227,0.83022680417,-0.));
#3895 = DIRECTION('',(0.83022680417,-0.557425738227,0.));
#3896 = DEFINITIONAL_REPRESENTATION('',(#3897),#3901);
#3897 = LINE('',#3898,#3899);
#3898 = CARTESIAN_POINT('',(0.,-0.65));
#3899 = VECTOR('',#3900,1.);
#3900 = DIRECTION('',(1.,0.));
#3901 = ( GEOMETRIC_REPRESENTATION_CONTEXT(2) 
PARAMETRIC_REPRESENTATION_CONTEXT() REPRESENTATION_CONTEXT('2D SPACE',''
  ) );
#3902 = ORIENTED_EDGE('',*,*,#3903,.T.);
#3903 = EDGE_CURVE('',#3876,#3904,#3906,.T.);
#3904 = VERTEX_POINT('',#3905);
#3905 = CARTESIAN_POINT('',(-4.476512514543,-8.956947115906,12.9204));
#3906 = SURFACE_CURVE('',#3907,(#3911,#3918),.PCURVE_S1.);
#3907 = LINE('',#3908,#3909);
#3908 = CARTESIAN_POINT('',(-5.222732183971,-8.543437496963,12.9204));
#3909 = VECTOR('',#3910,1.);
#3910 = DIRECTION('',(0.874682671363,-0.48469601238,0.));
#3911 = PCURVE('',#1221,#3912);
#3912 = DEFINITIONAL_REPRESENTATION('',(#3913),#3917);
#3913 = LINE('',#3914,#3915);
#3914 = CARTESIAN_POINT('',(-0.249786071349,-10.00943999497));
#3915 = VECTOR('',#3916,1.);
#3916 = DIRECTION('',(0.999845419841,1.758227584714E-02));
#3917 = ( GEOMETRIC_REPRESENTATION_CONTEXT(2) 
PARAMETRIC_REPRESENTATION_CONTEXT() REPRESENTATION_CONTEXT('2D SPACE',''
  ) );
#3918 = PCURVE('',#3919,#3924);
#3919 = PLANE('',#3920);
#3920 = AXIS2_PLACEMENT_3D('',#3921,#3922,#3923);
#3921 = CARTESIAN_POINT('',(-5.222732183971,-8.543437496963,12.2704));
#3922 = DIRECTION('',(0.48469601238,0.874682671363,-0.));
#3923 = DIRECTION('',(0.874682671363,-0.48469601238,0.));
#3924 = DEFINITIONAL_REPRESENTATION('',(#3925),#3929);
#3925 = LINE('',#3926,#3927);
#3926 = CARTESIAN_POINT('',(0.,-0.65));
#3927 = VECTOR('',#3928,1.);
#3928 = DIRECTION('',(1.,0.));
#3929 = ( GEOMETRIC_REPRESENTATION_CONTEXT(2) 
PARAMETRIC_REPRESENTATION_CONTEXT() REPRESENTATION_CONTEXT('2D SPACE',''
  ) );
#3930 = ORIENTED_EDGE('',*,*,#3931,.T.);
#3931 = EDGE_CURVE('',#3904,#3932,#3934,.T.);
#3932 = VERTEX_POINT('',#3933);
#3933 = CARTESIAN_POINT('',(-3.697903356891,-9.305556495615,12.9204));
#3934 = SURFACE_CURVE('',#3935,(#3939,#3946),.PCURVE_S1.);
#3935 = LINE('',#3936,#3937);
#3936 = CARTESIAN_POINT('',(-4.476512514543,-8.956947115906,12.9204));
#3937 = VECTOR('',#3938,1.);
#3938 = DIRECTION('',(0.912694013018,-0.408643657239,0.));
#3939 = PCURVE('',#1221,#3940);
#3940 = DEFINITIONAL_REPRESENTATION('',(#3941),#3945);
#3941 = LINE('',#3942,#3943);
#3942 = CARTESIAN_POINT('',(0.603213928651,-9.99443999497));
#3943 = VECTOR('',#3944,1.);
#3944 = DIRECTION('',(0.994738029775,0.102451218245));
#3945 = ( GEOMETRIC_REPRESENTATION_CONTEXT(2) 
PARAMETRIC_REPRESENTATION_CONTEXT() REPRESENTATION_CONTEXT('2D SPACE',''
  ) );
#3946 = PCURVE('',#3947,#3952);
#3947 = PLANE('',#3948);
#3948 = AXIS2_PLACEMENT_3D('',#3949,#3950,#3951);
#3949 = CARTESIAN_POINT('',(-4.476512514543,-8.956947115906,12.2704));
#3950 = DIRECTION('',(0.408643657239,0.912694013018,-0.));
#3951 = DIRECTION('',(0.912694013018,-0.408643657239,0.));
#3952 = DEFINITIONAL_REPRESENTATION('',(#3953),#3957);
#3953 = LINE('',#3954,#3955);
#3954 = CARTESIAN_POINT('',(0.,-0.65));
#3955 = VECTOR('',#3956,1.);
#3956 = DIRECTION('',(1.,0.));
#3957 = ( GEOMETRIC_REPRESENTATION_CONTEXT(2) 
PARAMETRIC_REPRESENTATION_CONTEXT() REPRESENTATION_CONTEXT('2D SPACE',''
  ) );
#3958 = ORIENTED_EDGE('',*,*,#3959,.T.);
#3959 = EDGE_CURVE('',#3932,#3960,#3962,.T.);
#3960 = VERTEX_POINT('',#3961);
#3961 = CARTESIAN_POINT('',(-2.89233746598,-9.586475443712,12.9204));
#3962 = SURFACE_CURVE('',#3963,(#3967,#3974),.PCURVE_S1.);
#3963 = LINE('',#3964,#3965);
#3964 = CARTESIAN_POINT('',(-3.697903356891,-9.305556495615,12.9204));
#3965 = VECTOR('',#3966,1.);
#3966 = DIRECTION('',(0.944233862137,-0.329275589125,0.));
#3967 = PCURVE('',#1221,#3968);
#3968 = DEFINITIONAL_REPRESENTATION('',(#3969),#3973);
#3969 = LINE('',#3970,#3971);
#3970 = CARTESIAN_POINT('',(1.451813928651,-9.90703999497));
#3971 = VECTOR('',#3972,1.);
#3972 = DIRECTION('',(0.982368306287,0.186955906041));
#3973 = ( GEOMETRIC_REPRESENTATION_CONTEXT(2) 
PARAMETRIC_REPRESENTATION_CONTEXT() REPRESENTATION_CONTEXT('2D SPACE',''
  ) );
#3974 = PCURVE('',#3975,#3980);
#3975 = PLANE('',#3976);
#3976 = AXIS2_PLACEMENT_3D('',#3977,#3978,#3979);
#3977 = CARTESIAN_POINT('',(-3.697903356891,-9.305556495615,12.2704));
#3978 = DIRECTION('',(0.329275589125,0.944233862137,-0.));
#3979 = DIRECTION('',(0.944233862137,-0.329275589125,0.));
#3980 = DEFINITIONAL_REPRESENTATION('',(#3981),#3985);
#3981 = LINE('',#3982,#3983);
#3982 = CARTESIAN_POINT('',(0.,-0.65));
#3983 = VECTOR('',#3984,1.);
#3984 = DIRECTION('',(1.,0.));
#3985 = ( GEOMETRIC_REPRESENTATION_CONTEXT(2) 
PARAMETRIC_REPRESENTATION_CONTEXT() REPRESENTATION_CONTEXT('2D SPACE',''
  ) );
#3986 = ORIENTED_EDGE('',*,*,#3987,.T.);
#3987 = EDGE_CURVE('',#3960,#3988,#3990,.T.);
#3988 = VERTEX_POINT('',#3989);
#3989 = CARTESIAN_POINT('',(-2.065847596771,-9.797952998301,12.9204));
#3990 = SURFACE_CURVE('',#3991,(#3995,#4002),.PCURVE_S1.);
#3991 = LINE('',#3992,#3993);
#3992 = CARTESIAN_POINT('',(-2.89233746598,-9.586475443712,12.9204));
#3993 = VECTOR('',#3994,1.);
#3994 = DIRECTION('',(0.96878865521,-0.247888163365,0.));
#3995 = PCURVE('',#1221,#3996);
#3996 = DEFINITIONAL_REPRESENTATION('',(#3997),#4001);
#3997 = LINE('',#3998,#3999);
#3998 = CARTESIAN_POINT('',(2.289913928651,-9.74753999497));
#3999 = VECTOR('',#4000,1.);
#4000 = DIRECTION('',(0.962939667992,0.269716880834));
#4001 = ( GEOMETRIC_REPRESENTATION_CONTEXT(2) 
PARAMETRIC_REPRESENTATION_CONTEXT() REPRESENTATION_CONTEXT('2D SPACE',''
  ) );
#4002 = PCURVE('',#4003,#4008);
#4003 = PLANE('',#4004);
#4004 = AXIS2_PLACEMENT_3D('',#4005,#4006,#4007);
#4005 = CARTESIAN_POINT('',(-2.89233746598,-9.586475443712,12.2704));
#4006 = DIRECTION('',(0.247888163365,0.96878865521,-0.));
#4007 = DIRECTION('',(0.96878865521,-0.247888163365,0.));
#4008 = DEFINITIONAL_REPRESENTATION('',(#4009),#4013);
#4009 = LINE('',#4010,#4011);
#4010 = CARTESIAN_POINT('',(0.,-0.65));
#4011 = VECTOR('',#4012,1.);
#4012 = DIRECTION('',(1.,0.));
#4013 = ( GEOMETRIC_REPRESENTATION_CONTEXT(2) 
PARAMETRIC_REPRESENTATION_CONTEXT() REPRESENTATION_CONTEXT('2D SPACE',''
  ) );
#4014 = ORIENTED_EDGE('',*,*,#4015,.T.);
#4015 = EDGE_CURVE('',#3988,#4016,#4018,.T.);
#4016 = VERTEX_POINT('',#4017);
#4017 = CARTESIAN_POINT('',(-1.224329901687,-9.938201594948,12.9204));
#4018 = SURFACE_CURVE('',#4019,(#4023,#4030),.PCURVE_S1.);
#4019 = LINE('',#4020,#4021);
#4020 = CARTESIAN_POINT('',(-2.065847596771,-9.797952998301,12.9204));
#4021 = VECTOR('',#4022,1.);
#4022 = DIRECTION('',(0.98639475115,-0.164394023319,0.));
#4023 = PCURVE('',#1221,#4024);
#4024 = DEFINITIONAL_REPRESENTATION('',(#4025),#4029);
#4025 = LINE('',#4026,#4027);
#4026 = CARTESIAN_POINT('',(3.111413928651,-9.51743999497));
#4027 = VECTOR('',#4028,1.);
#4028 = DIRECTION('',(0.936439924315,0.35082797515));
#4029 = ( GEOMETRIC_REPRESENTATION_CONTEXT(2) 
PARAMETRIC_REPRESENTATION_CONTEXT() REPRESENTATION_CONTEXT('2D SPACE',''
  ) );
#4030 = PCURVE('',#4031,#4036);
#4031 = PLANE('',#4032);
#4032 = AXIS2_PLACEMENT_3D('',#4033,#4034,#4035);
#4033 = CARTESIAN_POINT('',(-2.065847596771,-9.797952998301,12.2704));
#4034 = DIRECTION('',(0.164394023319,0.98639475115,-0.));
#4035 = DIRECTION('',(0.98639475115,-0.164394023319,0.));
#4036 = DEFINITIONAL_REPRESENTATION('',(#4037),#4041);
#4037 = LINE('',#4038,#4039);
#4038 = CARTESIAN_POINT('',(0.,-0.65));
#4039 = VECTOR('',#4040,1.);
#4040 = DIRECTION('',(1.,0.));
#4041 = ( GEOMETRIC_REPRESENTATION_CONTEXT(2) 
PARAMETRIC_REPRESENTATION_CONTEXT() REPRESENTATION_CONTEXT('2D SPACE',''
  ) );
#4042 = ORIENTED_EDGE('',*,*,#4043,.T.);
#4043 = EDGE_CURVE('',#4016,#4044,#4046,.T.);
#4044 = VERTEX_POINT('',#4045);
#4045 = CARTESIAN_POINT('',(-0.373957328071,-10.00631309208,12.9204));
#4046 = SURFACE_CURVE('',#4047,(#4051,#4058),.PCURVE_S1.);
#4047 = LINE('',#4048,#4049);
#4048 = CARTESIAN_POINT('',(-1.224329901687,-9.938201594948,12.9204));
#4049 = VECTOR('',#4050,1.);
#4050 = DIRECTION('',(0.996807662026,-7.984037152879E-02,0.));
#4051 = PCURVE('',#1221,#4052);
#4052 = DEFINITIONAL_REPRESENTATION('',(#4053),#4057);
#4053 = LINE('',#4054,#4055);
#4054 = CARTESIAN_POINT('',(3.910313928651,-9.21813999497));
#4055 = VECTOR('',#4056,1.);
#4056 = DIRECTION('',(0.903180943766,0.429260041022));
#4057 = ( GEOMETRIC_REPRESENTATION_CONTEXT(2) 
PARAMETRIC_REPRESENTATION_CONTEXT() REPRESENTATION_CONTEXT('2D SPACE',''
  ) );
#4058 = PCURVE('',#4059,#4064);
#4059 = PLANE('',#4060);
#4060 = AXIS2_PLACEMENT_3D('',#4061,#4062,#4063);
#4061 = CARTESIAN_POINT('',(-1.224329901687,-9.938201594948,12.2704));
#4062 = DIRECTION('',(7.984037152879E-02,0.996807662026,-0.));
#4063 = DIRECTION('',(0.996807662026,-7.984037152879E-02,0.));
#4064 = DEFINITIONAL_REPRESENTATION('',(#4065),#4069);
#4065 = LINE('',#4066,#4067);
#4066 = CARTESIAN_POINT('',(0.,-0.65));
#4067 = VECTOR('',#4068,1.);
#4068 = DIRECTION('',(1.,0.));
#4069 = ( GEOMETRIC_REPRESENTATION_CONTEXT(2) 
PARAMETRIC_REPRESENTATION_CONTEXT() REPRESENTATION_CONTEXT('2D SPACE',''
  ) );
#4070 = ORIENTED_EDGE('',*,*,#4071,.T.);
#4071 = EDGE_CURVE('',#4044,#4072,#4074,.T.);
#4072 = VERTEX_POINT('',#4073);
#4073 = CARTESIAN_POINT('',(0.479156984356,-10.00187575829,12.9204));
#4074 = SURFACE_CURVE('',#4075,(#4079,#4086),.PCURVE_S1.);
#4075 = LINE('',#4076,#4077);
#4076 = CARTESIAN_POINT('',(-0.373957328071,-10.00631309208,12.9204));
#4077 = VECTOR('',#4078,1.);
#4078 = DIRECTION('',(0.999986473329,5.201265178451E-03,0.));
#4079 = PCURVE('',#1221,#4080);
#4080 = DEFINITIONAL_REPRESENTATION('',(#4081),#4085);
#4081 = LINE('',#4082,#4083);
#4082 = CARTESIAN_POINT('',(4.680813928651,-8.85193999497));
#4083 = VECTOR('',#4084,1.);
#4084 = DIRECTION('',(0.863413056754,0.504497664441));
#4085 = ( GEOMETRIC_REPRESENTATION_CONTEXT(2) 
PARAMETRIC_REPRESENTATION_CONTEXT() REPRESENTATION_CONTEXT('2D SPACE',''
  ) );
#4086 = PCURVE('',#4087,#4092);
#4087 = PLANE('',#4088);
#4088 = AXIS2_PLACEMENT_3D('',#4089,#4090,#4091);
#4089 = CARTESIAN_POINT('',(-0.373957328071,-10.00631309208,12.2704));
#4090 = DIRECTION('',(-5.201265178451E-03,0.999986473329,0.));
#4091 = DIRECTION('',(0.999986473329,5.201265178451E-03,0.));
#4092 = DEFINITIONAL_REPRESENTATION('',(#4093),#4097);
#4093 = LINE('',#4094,#4095);
#4094 = CARTESIAN_POINT('',(0.,-0.65));
#4095 = VECTOR('',#4096,1.);
#4096 = DIRECTION('',(1.,0.));
#4097 = ( GEOMETRIC_REPRESENTATION_CONTEXT(2) 
PARAMETRIC_REPRESENTATION_CONTEXT() REPRESENTATION_CONTEXT('2D SPACE',''
  ) );
#4098 = ORIENTED_EDGE('',*,*,#4099,.T.);
#4099 = EDGE_CURVE('',#4072,#4100,#4102,.T.);
#4100 = VERTEX_POINT('',#4101);
#4101 = CARTESIAN_POINT('',(1.328749895875,-9.924737669793,12.9204));
#4102 = SURFACE_CURVE('',#4103,(#4107,#4114),.PCURVE_S1.);
#4103 = LINE('',#4104,#4105);
#4104 = CARTESIAN_POINT('',(0.479156984356,-10.00187575829,12.9204));
#4105 = VECTOR('',#4106,1.);
#4106 = DIRECTION('',(0.995903518718,9.042223954935E-02,0.));
#4107 = PCURVE('',#1221,#4108);
#4108 = DEFINITIONAL_REPRESENTATION('',(#4109),#4113);
#4109 = LINE('',#4110,#4111);
#4110 = CARTESIAN_POINT('',(5.417413928651,-8.42153999497));
#4111 = VECTOR('',#4112,1.);
#4112 = DIRECTION('',(0.817266627153,0.576259715876));
#4113 = ( GEOMETRIC_REPRESENTATION_CONTEXT(2) 
PARAMETRIC_REPRESENTATION_CONTEXT() REPRESENTATION_CONTEXT('2D SPACE',''
  ) );
#4114 = PCURVE('',#4115,#4120);
#4115 = PLANE('',#4116);
#4116 = AXIS2_PLACEMENT_3D('',#4117,#4118,#4119);
#4117 = CARTESIAN_POINT('',(0.479156984356,-10.00187575829,12.2704));
#4118 = DIRECTION('',(-9.042223954935E-02,0.995903518718,0.));
#4119 = DIRECTION('',(0.995903518718,9.042223954935E-02,0.));
#4120 = DEFINITIONAL_REPRESENTATION('',(#4121),#4125);
#4121 = LINE('',#4122,#4123);
#4122 = CARTESIAN_POINT('',(0.,-0.65));
#4123 = VECTOR('',#4124,1.);
#4124 = DIRECTION('',(1.,0.));
#4125 = ( GEOMETRIC_REPRESENTATION_CONTEXT(2) 
PARAMETRIC_REPRESENTATION_CONTEXT() REPRESENTATION_CONTEXT('2D SPACE',''
  ) );
#4126 = ORIENTED_EDGE('',*,*,#4127,.T.);
#4127 = EDGE_CURVE('',#4100,#4128,#4130,.T.);
#4128 = VERTEX_POINT('',#4129);
#4129 = CARTESIAN_POINT('',(2.168727882006,-9.775653120575,12.9204));
#4130 = SURFACE_CURVE('',#4131,(#4135,#4142),.PCURVE_S1.);
#4131 = LINE('',#4132,#4133);
#4132 = CARTESIAN_POINT('',(1.328749895875,-9.924737669793,12.9204));
#4133 = VECTOR('',#4134,1.);
#4134 = DIRECTION('',(0.984611933444,0.174755087247,0.));
#4135 = PCURVE('',#1221,#4136);
#4136 = DEFINITIONAL_REPRESENTATION('',(#4137),#4141);
#4137 = LINE('',#4138,#4139);
#4138 = CARTESIAN_POINT('',(6.114613928651,-7.92993999497));
#4139 = VECTOR('',#4140,1.);
#4140 = DIRECTION('',(0.765321403608,0.643648311719));
#4141 = ( GEOMETRIC_REPRESENTATION_CONTEXT(2) 
PARAMETRIC_REPRESENTATION_CONTEXT() REPRESENTATION_CONTEXT('2D SPACE',''
  ) );
#4142 = PCURVE('',#4143,#4148);
#4143 = PLANE('',#4144);
#4144 = AXIS2_PLACEMENT_3D('',#4145,#4146,#4147);
#4145 = CARTESIAN_POINT('',(1.328749895875,-9.924737669793,12.2704));
#4146 = DIRECTION('',(-0.174755087247,0.984611933444,0.));
#4147 = DIRECTION('',(0.984611933444,0.174755087247,0.));
#4148 = DEFINITIONAL_REPRESENTATION('',(#4149),#4153);
#4149 = LINE('',#4150,#4151);
#4150 = CARTESIAN_POINT('',(0.,-0.65));
#4151 = VECTOR('',#4152,1.);
#4152 = DIRECTION('',(1.,0.));
#4153 = ( GEOMETRIC_REPRESENTATION_CONTEXT(2) 
PARAMETRIC_REPRESENTATION_CONTEXT() REPRESENTATION_CONTEXT('2D SPACE',''
  ) );
#4154 = ORIENTED_EDGE('',*,*,#4155,.T.);
#4155 = EDGE_CURVE('',#4128,#4156,#4158,.T.);
#4156 = VERTEX_POINT('',#4157);
#4157 = CARTESIAN_POINT('',(2.992984020811,-9.555599609714,12.9204));
#4158 = SURFACE_CURVE('',#4159,(#4163,#4170),.PCURVE_S1.);
#4159 = LINE('',#4160,#4161);
#4160 = CARTESIAN_POINT('',(2.168727882006,-9.775653120575,12.9204));
#4161 = VECTOR('',#4162,1.);
#4162 = DIRECTION('',(0.966161397336,0.257938276141,0.));
#4163 = PCURVE('',#1221,#4164);
#4164 = DEFINITIONAL_REPRESENTATION('',(#4165),#4169);
#4165 = LINE('',#4166,#4167);
#4166 = CARTESIAN_POINT('',(6.767513928651,-7.38083999497));
#4167 = VECTOR('',#4168,1.);
#4168 = DIRECTION('',(0.707751176178,0.706461798414));
#4169 = ( GEOMETRIC_REPRESENTATION_CONTEXT(2) 
PARAMETRIC_REPRESENTATION_CONTEXT() REPRESENTATION_CONTEXT('2D SPACE',''
  ) );
#4170 = PCURVE('',#4171,#4176);
#4171 = PLANE('',#4172);
#4172 = AXIS2_PLACEMENT_3D('',#4173,#4174,#4175);
#4173 = CARTESIAN_POINT('',(2.168727882006,-9.775653120575,12.2704));
#4174 = DIRECTION('',(-0.257938276141,0.966161397336,0.));
#4175 = DIRECTION('',(0.966161397336,0.257938276141,0.));
#4176 = DEFINITIONAL_REPRESENTATION('',(#4177),#4181);
#4177 = LINE('',#4178,#4179);
#4178 = CARTESIAN_POINT('',(0.,-0.65));
#4179 = VECTOR('',#4180,1.);
#4180 = DIRECTION('',(1.,0.));
#4181 = ( GEOMETRIC_REPRESENTATION_CONTEXT(2) 
PARAMETRIC_REPRESENTATION_CONTEXT() REPRESENTATION_CONTEXT('2D SPACE',''
  ) );
#4182 = ORIENTED_EDGE('',*,*,#4183,.T.);
#4183 = EDGE_CURVE('',#4156,#4184,#4186,.T.);
#4184 = VERTEX_POINT('',#4185);
#4185 = CARTESIAN_POINT('',(3.795421197973,-9.266137648987,12.9204));
#4186 = SURFACE_CURVE('',#4187,(#4191,#4198),.PCURVE_S1.);
#4187 = LINE('',#4188,#4189);
#4188 = CARTESIAN_POINT('',(2.992984020811,-9.555599609714,12.9204));
#4189 = VECTOR('',#4190,1.);
#4190 = DIRECTION('',(0.940668820025,0.339326054162,0.));
#4191 = PCURVE('',#1221,#4192);
#4192 = DEFINITIONAL_REPRESENTATION('',(#4193),#4197);
#4193 = LINE('',#4194,#4195);
#4194 = CARTESIAN_POINT('',(7.371313928651,-6.77813999497));
#4195 = VECTOR('',#4196,1.);
#4196 = DIRECTION('',(0.644980067609,0.764199393083));
#4197 = ( GEOMETRIC_REPRESENTATION_CONTEXT(2) 
PARAMETRIC_REPRESENTATION_CONTEXT() REPRESENTATION_CONTEXT('2D SPACE',''
  ) );
#4198 = PCURVE('',#4199,#4204);
#4199 = PLANE('',#4200);
#4200 = AXIS2_PLACEMENT_3D('',#4201,#4202,#4203);
#4201 = CARTESIAN_POINT('',(2.992984020811,-9.555599609714,12.2704));
#4202 = DIRECTION('',(-0.339326054162,0.940668820025,0.));
#4203 = DIRECTION('',(0.940668820025,0.339326054162,0.));
#4204 = DEFINITIONAL_REPRESENTATION('',(#4205),#4209);
#4205 = LINE('',#4206,#4207);
#4206 = CARTESIAN_POINT('',(0.,-0.65));
#4207 = VECTOR('',#4208,1.);
#4208 = DIRECTION('',(1.,0.));
#4209 = ( GEOMETRIC_REPRESENTATION_CONTEXT(2) 
PARAMETRIC_REPRESENTATION_CONTEXT() REPRESENTATION_CONTEXT('2D SPACE',''
  ) );
#4210 = ORIENTED_EDGE('',*,*,#4211,.T.);
#4211 = EDGE_CURVE('',#4184,#4212,#4214,.T.);
#4212 = VERTEX_POINT('',#4213);
#4213 = CARTESIAN_POINT('',(4.570398516958,-8.909437557792,12.9204));
#4214 = SURFACE_CURVE('',#4215,(#4219,#4226),.PCURVE_S1.);
#4215 = LINE('',#4216,#4217);
#4216 = CARTESIAN_POINT('',(3.795421197973,-9.266137648987,12.9204));
#4217 = VECTOR('',#4218,1.);
#4218 = DIRECTION('',(0.908396741041,0.41810926905,0.));
#4219 = PCURVE('',#1221,#4220);
#4220 = DEFINITIONAL_REPRESENTATION('',(#4221),#4225);
#4221 = LINE('',#4222,#4223);
#4222 = CARTESIAN_POINT('',(7.921513928651,-6.12623999497));
#4223 = VECTOR('',#4224,1.);
#4224 = DIRECTION('',(0.577640019932,0.816291619076));
#4225 = ( GEOMETRIC_REPRESENTATION_CONTEXT(2) 
PARAMETRIC_REPRESENTATION_CONTEXT() REPRESENTATION_CONTEXT('2D SPACE',''
  ) );
#4226 = PCURVE('',#4227,#4232);
#4227 = PLANE('',#4228);
#4228 = AXIS2_PLACEMENT_3D('',#4229,#4230,#4231);
#4229 = CARTESIAN_POINT('',(3.795421197973,-9.266137648987,12.2704));
#4230 = DIRECTION('',(-0.41810926905,0.908396741041,0.));
#4231 = DIRECTION('',(0.908396741041,0.41810926905,0.));
#4232 = DEFINITIONAL_REPRESENTATION('',(#4233),#4237);
#4233 = LINE('',#4234,#4235);
#4234 = CARTESIAN_POINT('',(0.,-0.65));
#4235 = VECTOR('',#4236,1.);
#4236 = DIRECTION('',(1.,0.));
#4237 = ( GEOMETRIC_REPRESENTATION_CONTEXT(2) 
PARAMETRIC_REPRESENTATION_CONTEXT() REPRESENTATION_CONTEXT('2D SPACE',''
  ) );
#4238 = ORIENTED_EDGE('',*,*,#4239,.T.);
#4239 = EDGE_CURVE('',#4212,#4240,#4242,.T.);
#4240 = VERTEX_POINT('',#4241);
#4241 = CARTESIAN_POINT('',(5.312248286312,-8.488116065687,12.9204));
#4242 = SURFACE_CURVE('',#4243,(#4247,#4254),.PCURVE_S1.);
#4243 = LINE('',#4244,#4245);
#4244 = CARTESIAN_POINT('',(4.570398516958,-8.909437557792,12.9204));
#4245 = VECTOR('',#4246,1.);
#4246 = DIRECTION('',(0.86954920749,0.493846307827,0.));
#4247 = PCURVE('',#1221,#4248);
#4248 = DEFINITIONAL_REPRESENTATION('',(#4249),#4253);
#4249 = LINE('',#4250,#4251);
#4250 = CARTESIAN_POINT('',(8.414313928651,-5.42983999497));
#4251 = VECTOR('',#4252,1.);
#4252 = DIRECTION('',(0.506128549613,0.862458051888));
#4253 = ( GEOMETRIC_REPRESENTATION_CONTEXT(2) 
PARAMETRIC_REPRESENTATION_CONTEXT() REPRESENTATION_CONTEXT('2D SPACE',''
  ) );
#4254 = PCURVE('',#4255,#4260);
#4255 = PLANE('',#4256);
#4256 = AXIS2_PLACEMENT_3D('',#4257,#4258,#4259);
#4257 = CARTESIAN_POINT('',(4.570398516958,-8.909437557792,12.2704));
#4258 = DIRECTION('',(-0.493846307827,0.86954920749,0.));
#4259 = DIRECTION('',(0.86954920749,0.493846307827,0.));
#4260 = DEFINITIONAL_REPRESENTATION('',(#4261),#4265);
#4261 = LINE('',#4262,#4263);
#4262 = CARTESIAN_POINT('',(0.,-0.65));
#4263 = VECTOR('',#4264,1.);
#4264 = DIRECTION('',(1.,0.));
#4265 = ( GEOMETRIC_REPRESENTATION_CONTEXT(2) 
PARAMETRIC_REPRESENTATION_CONTEXT() REPRESENTATION_CONTEXT('2D SPACE',''
  ) );
#4266 = ORIENTED_EDGE('',*,*,#4267,.T.);
#4267 = EDGE_CURVE('',#4240,#4268,#4270,.T.);
#4268 = VERTEX_POINT('',#4269);
#4269 = CARTESIAN_POINT('',(6.015462622203,-8.005113107314,12.9204));
#4270 = SURFACE_CURVE('',#4271,(#4275,#4282),.PCURVE_S1.);
#4271 = LINE('',#4272,#4273);
#4272 = CARTESIAN_POINT('',(5.312248286312,-8.488116065687,12.9204));
#4273 = VECTOR('',#4274,1.);
#4274 = DIRECTION('',(0.824291868957,0.566165094978,0.));
#4275 = PCURVE('',#1221,#4276);
#4276 = DEFINITIONAL_REPRESENTATION('',(#4277),#4281);
#4277 = LINE('',#4278,#4279);
#4278 = CARTESIAN_POINT('',(8.846113928651,-4.69403999497));
#4279 = VECTOR('',#4280,1.);
#4280 = DIRECTION('',(0.430775151161,0.902459289465));
#4281 = ( GEOMETRIC_REPRESENTATION_CONTEXT(2) 
PARAMETRIC_REPRESENTATION_CONTEXT() REPRESENTATION_CONTEXT('2D SPACE',''
  ) );
#4282 = PCURVE('',#4283,#4288);
#4283 = PLANE('',#4284);
#4284 = AXIS2_PLACEMENT_3D('',#4285,#4286,#4287);
#4285 = CARTESIAN_POINT('',(5.312248286312,-8.488116065687,12.2704));
#4286 = DIRECTION('',(-0.566165094978,0.824291868957,0.));
#4287 = DIRECTION('',(0.824291868957,0.566165094978,0.));
#4288 = DEFINITIONAL_REPRESENTATION('',(#4289),#4293);
#4289 = LINE('',#4290,#4291);
#4290 = CARTESIAN_POINT('',(0.,-0.65));
#4291 = VECTOR('',#4292,1.);
#4292 = DIRECTION('',(1.,0.));
#4293 = ( GEOMETRIC_REPRESENTATION_CONTEXT(2) 
PARAMETRIC_REPRESENTATION_CONTEXT() REPRESENTATION_CONTEXT('2D SPACE',''
  ) );
#4294 = ORIENTED_EDGE('',*,*,#4295,.T.);
#4295 = EDGE_CURVE('',#4268,#4296,#4298,.T.);
#4296 = VERTEX_POINT('',#4297);
#4297 = CARTESIAN_POINT('',(6.67498985858,-7.463978424932,12.9204));
#4298 = SURFACE_CURVE('',#4299,(#4303,#4310),.PCURVE_S1.);
#4299 = LINE('',#4300,#4301);
#4300 = CARTESIAN_POINT('',(6.015462622203,-8.005113107314,12.9204));
#4301 = VECTOR('',#4302,1.);
#4302 = DIRECTION('',(0.773082492857,0.634305493621,0.));
#4303 = PCURVE('',#1221,#4304);
#4304 = DEFINITIONAL_REPRESENTATION('',(#4305),#4309);
#4305 = LINE('',#4306,#4307);
#4306 = CARTESIAN_POINT('',(9.213613928651,-3.92413999497));
#4307 = VECTOR('',#4308,1.);
#4308 = DIRECTION('',(0.352356331225,0.935865917664));
#4309 = ( GEOMETRIC_REPRESENTATION_CONTEXT(2) 
PARAMETRIC_REPRESENTATION_CONTEXT() REPRESENTATION_CONTEXT('2D SPACE',''
  ) );
#4310 = PCURVE('',#4311,#4316);
#4311 = PLANE('',#4312);
#4312 = AXIS2_PLACEMENT_3D('',#4313,#4314,#4315);
#4313 = CARTESIAN_POINT('',(6.015462622203,-8.005113107314,12.2704));
#4314 = DIRECTION('',(-0.634305493621,0.773082492857,0.));
#4315 = DIRECTION('',(0.773082492857,0.634305493621,0.));
#4316 = DEFINITIONAL_REPRESENTATION('',(#4317),#4321);
#4317 = LINE('',#4318,#4319);
#4318 = CARTESIAN_POINT('',(0.,-0.65));
#4319 = VECTOR('',#4320,1.);
#4320 = DIRECTION('',(1.,0.));
#4321 = ( GEOMETRIC_REPRESENTATION_CONTEXT(2) 
PARAMETRIC_REPRESENTATION_CONTEXT() REPRESENTATION_CONTEXT('2D SPACE',''
  ) );
#4322 = ORIENTED_EDGE('',*,*,#4323,.T.);
#4323 = EDGE_CURVE('',#4296,#4324,#4326,.T.);
#4324 = VERTEX_POINT('',#4325);
#4325 = CARTESIAN_POINT('',(7.286111342097,-6.868684965885,12.9204));
#4326 = SURFACE_CURVE('',#4327,(#4331,#4338),.PCURVE_S1.);
#4327 = LINE('',#4328,#4329);
#4328 = CARTESIAN_POINT('',(6.67498985858,-7.463978424932,12.9204));
#4329 = VECTOR('',#4330,1.);
#4330 = DIRECTION('',(0.716322292232,0.697769570597,0.));
#4331 = PCURVE('',#1221,#4332);
#4332 = DEFINITIONAL_REPRESENTATION('',(#4333),#4337);
#4333 = LINE('',#4334,#4335);
#4334 = CARTESIAN_POINT('',(9.514213928651,-3.12573999497));
#4335 = VECTOR('',#4336,1.);
#4336 = DIRECTION('',(0.271468517072,0.962447320241));
#4337 = ( GEOMETRIC_REPRESENTATION_CONTEXT(2) 
PARAMETRIC_REPRESENTATION_CONTEXT() REPRESENTATION_CONTEXT('2D SPACE',''
  ) );
#4338 = PCURVE('',#4339,#4344);
#4339 = PLANE('',#4340);
#4340 = AXIS2_PLACEMENT_3D('',#4341,#4342,#4343);
#4341 = CARTESIAN_POINT('',(6.67498985858,-7.463978424932,12.2704));
#4342 = DIRECTION('',(-0.697769570597,0.716322292232,0.));
#4343 = DIRECTION('',(0.716322292232,0.697769570597,0.));
#4344 = DEFINITIONAL_REPRESENTATION('',(#4345),#4349);
#4345 = LINE('',#4346,#4347);
#4346 = CARTESIAN_POINT('',(0.,-0.65));
#4347 = VECTOR('',#4348,1.);
#4348 = DIRECTION('',(1.,0.));
#4349 = ( GEOMETRIC_REPRESENTATION_CONTEXT(2) 
PARAMETRIC_REPRESENTATION_CONTEXT() REPRESENTATION_CONTEXT('2D SPACE',''
  ) );
#4350 = ORIENTED_EDGE('',*,*,#4351,.T.);
#4351 = EDGE_CURVE('',#4324,#3263,#4352,.T.);
#4352 = SURFACE_CURVE('',#4353,(#4357,#4364),.PCURVE_S1.);
#4353 = LINE('',#4354,#4355);
#4354 = CARTESIAN_POINT('',(7.286111342097,-6.868684965885,12.9204));
#4355 = VECTOR('',#4356,1.);
#4356 = DIRECTION('',(0.654362406289,0.75618109024,0.));
#4357 = PCURVE('',#1221,#4358);
#4358 = DEFINITIONAL_REPRESENTATION('',(#4359),#4363);
#4359 = LINE('',#4360,#4361);
#4360 = CARTESIAN_POINT('',(9.745813928651,-2.30463999497));
#4361 = VECTOR('',#4362,1.);
#4362 = DIRECTION('',(0.188603922008,0.982053237153));
#4363 = ( GEOMETRIC_REPRESENTATION_CONTEXT(2) 
PARAMETRIC_REPRESENTATION_CONTEXT() REPRESENTATION_CONTEXT('2D SPACE',''
  ) );
#4364 = PCURVE('',#4365,#4370);
#4365 = PLANE('',#4366);
#4366 = AXIS2_PLACEMENT_3D('',#4367,#4368,#4369);
#4367 = CARTESIAN_POINT('',(7.286111342097,-6.868684965885,12.2704));
#4368 = DIRECTION('',(-0.75618109024,0.654362406289,0.));
#4369 = DIRECTION('',(0.654362406289,0.75618109024,0.));
#4370 = DEFINITIONAL_REPRESENTATION('',(#4371),#4375);
#4371 = LINE('',#4372,#4373);
#4372 = CARTESIAN_POINT('',(0.,-0.65));
#4373 = VECTOR('',#4374,1.);
#4374 = DIRECTION('',(1.,0.));
#4375 = ( GEOMETRIC_REPRESENTATION_CONTEXT(2) 
PARAMETRIC_REPRESENTATION_CONTEXT() REPRESENTATION_CONTEXT('2D SPACE',''
  ) );
#4376 = FACE_BOUND('',#4377,.T.);
#4377 = EDGE_LOOP('',(#4378,#4408,#4436,#4464,#4492,#4520,#4548,#4576,
    #4604,#4632,#4660,#4688,#4716,#4744,#4772,#4800,#4828,#4856,#4884,
    #4912,#4940,#4968,#4996,#5024,#5052,#5080,#5108,#5136,#5164,#5192,
    #5220,#5248,#5276,#5304,#5332,#5360,#5388,#5416,#5444,#5472,#5500,
    #5528,#5556,#5584,#5612,#5640,#5668,#5696,#5724,#5752,#5780,#5808,
    #5836,#5864,#5892,#5920,#5948,#5976,#6004,#6032,#6060,#6088,#6116,
    #6144,#6172,#6200,#6228,#6256,#6284,#6312,#6340));
#4378 = ORIENTED_EDGE('',*,*,#4379,.T.);
#4379 = EDGE_CURVE('',#4380,#4382,#4384,.T.);
#4380 = VERTEX_POINT('',#4381);
#4381 = CARTESIAN_POINT('',(8.088504066266,-4.6699,12.9204));
#4382 = VERTEX_POINT('',#4383);
#4383 = CARTESIAN_POINT('',(7.645517344109,-5.364575509855,12.9204));
#4384 = SURFACE_CURVE('',#4385,(#4389,#4396),.PCURVE_S1.);
#4385 = LINE('',#4386,#4387);
#4386 = CARTESIAN_POINT('',(8.088504066266,-4.6699,12.9204));
#4387 = VECTOR('',#4388,1.);
#4388 = DIRECTION('',(-0.537670460967,-0.843155071979,0.));
#4389 = PCURVE('',#1221,#4390);
#4390 = DEFINITIONAL_REPRESENTATION('',(#4391),#4395);
#4391 = LINE('',#4392,#4393);
#4392 = CARTESIAN_POINT('',(9.341313928651,7.600050295122E-04));
#4393 = VECTOR('',#4394,1.);
#4394 = DIRECTION('',(-4.405874207257E-02,-0.999028942147));
#4395 = ( GEOMETRIC_REPRESENTATION_CONTEXT(2) 
PARAMETRIC_REPRESENTATION_CONTEXT() REPRESENTATION_CONTEXT('2D SPACE',''
  ) );
#4396 = PCURVE('',#4397,#4402);
#4397 = PLANE('',#4398);
#4398 = AXIS2_PLACEMENT_3D('',#4399,#4400,#4401);
#4399 = CARTESIAN_POINT('',(8.088504066266,-4.6699,12.2704));
#4400 = DIRECTION('',(0.843155071979,-0.537670460967,0.));
#4401 = DIRECTION('',(-0.537670460967,-0.843155071979,0.));
#4402 = DEFINITIONAL_REPRESENTATION('',(#4403),#4407);
#4403 = LINE('',#4404,#4405);
#4404 = CARTESIAN_POINT('',(0.,-0.65));
#4405 = VECTOR('',#4406,1.);
#4406 = DIRECTION('',(1.,0.));
#4407 = ( GEOMETRIC_REPRESENTATION_CONTEXT(2) 
PARAMETRIC_REPRESENTATION_CONTEXT() REPRESENTATION_CONTEXT('2D SPACE',''
  ) );
#4408 = ORIENTED_EDGE('',*,*,#4409,.T.);
#4409 = EDGE_CURVE('',#4382,#4410,#4412,.T.);
#4410 = VERTEX_POINT('',#4411);
#4411 = CARTESIAN_POINT('',(7.142943780177,-6.017458457126,12.9204));
#4412 = SURFACE_CURVE('',#4413,(#4417,#4424),.PCURVE_S1.);
#4413 = LINE('',#4414,#4415);
#4414 = CARTESIAN_POINT('',(7.645517344109,-5.364575509855,12.9204));
#4415 = VECTOR('',#4416,1.);
#4416 = DIRECTION('',(-0.609982115674,-0.792415180671,0.));
#4417 = PCURVE('',#1221,#4418);
#4418 = DEFINITIONAL_REPRESENTATION('',(#4419),#4423);
#4419 = LINE('',#4420,#4421);
#4420 = CARTESIAN_POINT('',(9.305013928651,-0.82233999497));
#4421 = VECTOR('',#4422,1.);
#4422 = DIRECTION('',(-0.132052417692,-0.991242734643));
#4423 = ( GEOMETRIC_REPRESENTATION_CONTEXT(2) 
PARAMETRIC_REPRESENTATION_CONTEXT() REPRESENTATION_CONTEXT('2D SPACE',''
  ) );
#4424 = PCURVE('',#4425,#4430);
#4425 = PLANE('',#4426);
#4426 = AXIS2_PLACEMENT_3D('',#4427,#4428,#4429);
#4427 = CARTESIAN_POINT('',(7.645517344109,-5.364575509855,12.2704));
#4428 = DIRECTION('',(0.792415180671,-0.609982115674,0.));
#4429 = DIRECTION('',(-0.609982115674,-0.792415180671,0.));
#4430 = DEFINITIONAL_REPRESENTATION('',(#4431),#4435);
#4431 = LINE('',#4432,#4433);
#4432 = CARTESIAN_POINT('',(0.,-0.65));
#4433 = VECTOR('',#4434,1.);
#4434 = DIRECTION('',(1.,0.));
#4435 = ( GEOMETRIC_REPRESENTATION_CONTEXT(2) 
PARAMETRIC_REPRESENTATION_CONTEXT() REPRESENTATION_CONTEXT('2D SPACE',''
  ) );
#4436 = ORIENTED_EDGE('',*,*,#4437,.T.);
#4437 = EDGE_CURVE('',#4410,#4438,#4440,.T.);
#4438 = VERTEX_POINT('',#4439);
#4439 = CARTESIAN_POINT('',(6.584936002415,-6.623556279228,12.9204));
#4440 = SURFACE_CURVE('',#4441,(#4445,#4452),.PCURVE_S1.);
#4441 = LINE('',#4442,#4443);
#4442 = CARTESIAN_POINT('',(7.142943780177,-6.017458457126,12.9204));
#4443 = VECTOR('',#4444,1.);
#4444 = DIRECTION('',(-0.677317987702,-0.735690385649,0.));
#4445 = PCURVE('',#1221,#4446);
#4446 = DEFINITIONAL_REPRESENTATION('',(#4447),#4451);
#4447 = LINE('',#4448,#4449);
#4448 = CARTESIAN_POINT('',(9.196213928651,-1.63903999497));
#4449 = VECTOR('',#4450,1.);
#4450 = DIRECTION('',(-0.218729390965,-0.975785557143));
#4451 = ( GEOMETRIC_REPRESENTATION_CONTEXT(2) 
PARAMETRIC_REPRESENTATION_CONTEXT() REPRESENTATION_CONTEXT('2D SPACE',''
  ) );
#4452 = PCURVE('',#4453,#4458);
#4453 = PLANE('',#4454);
#4454 = AXIS2_PLACEMENT_3D('',#4455,#4456,#4457);
#4455 = CARTESIAN_POINT('',(7.142943780177,-6.017458457126,12.2704));
#4456 = DIRECTION('',(0.735690385649,-0.677317987702,0.));
#4457 = DIRECTION('',(-0.677317987702,-0.735690385649,0.));
#4458 = DEFINITIONAL_REPRESENTATION('',(#4459),#4463);
#4459 = LINE('',#4460,#4461);
#4460 = CARTESIAN_POINT('',(0.,-0.65));
#4461 = VECTOR('',#4462,1.);
#4462 = DIRECTION('',(1.,0.));
#4463 = ( GEOMETRIC_REPRESENTATION_CONTEXT(2) 
PARAMETRIC_REPRESENTATION_CONTEXT() REPRESENTATION_CONTEXT('2D SPACE',''
  ) );
#4464 = ORIENTED_EDGE('',*,*,#4465,.T.);
#4465 = EDGE_CURVE('',#4438,#4466,#4468,.T.);
#4466 = VERTEX_POINT('',#4467);
#4467 = CARTESIAN_POINT('',(5.975496638767,-7.178136221199,12.9204));
#4468 = SURFACE_CURVE('',#4469,(#4473,#4480),.PCURVE_S1.);
#4469 = LINE('',#4470,#4471);
#4470 = CARTESIAN_POINT('',(6.584936002415,-6.623556279228,12.9204));
#4471 = VECTOR('',#4472,1.);
#4472 = DIRECTION('',(-0.739611286703,-0.673034281877,0.));
#4473 = PCURVE('',#1221,#4474);
#4474 = DEFINITIONAL_REPRESENTATION('',(#4475),#4479);
#4475 = LINE('',#4476,#4477);
#4476 = CARTESIAN_POINT('',(9.016013928651,-2.44293999497));
#4477 = VECTOR('',#4478,1.);
#4478 = DIRECTION('',(-0.304005022272,-0.952670429075));
#4479 = ( GEOMETRIC_REPRESENTATION_CONTEXT(2) 
PARAMETRIC_REPRESENTATION_CONTEXT() REPRESENTATION_CONTEXT('2D SPACE',''
  ) );
#4480 = PCURVE('',#4481,#4486);
#4481 = PLANE('',#4482);
#4482 = AXIS2_PLACEMENT_3D('',#4483,#4484,#4485);
#4483 = CARTESIAN_POINT('',(6.584936002415,-6.623556279228,12.2704));
#4484 = DIRECTION('',(0.673034281877,-0.739611286703,0.));
#4485 = DIRECTION('',(-0.739611286703,-0.673034281877,0.));
#4486 = DEFINITIONAL_REPRESENTATION('',(#4487),#4491);
#4487 = LINE('',#4488,#4489);
#4488 = CARTESIAN_POINT('',(0.,-0.65));
#4489 = VECTOR('',#4490,1.);
#4490 = DIRECTION('',(1.,0.));
#4491 = ( GEOMETRIC_REPRESENTATION_CONTEXT(2) 
PARAMETRIC_REPRESENTATION_CONTEXT() REPRESENTATION_CONTEXT('2D SPACE',''
  ) );
#4492 = ORIENTED_EDGE('',*,*,#4493,.T.);
#4493 = EDGE_CURVE('',#4466,#4494,#4496,.T.);
#4494 = VERTEX_POINT('',#4495);
#4495 = CARTESIAN_POINT('',(5.319680945121,-7.676842322994,12.9204));
#4496 = SURFACE_CURVE('',#4497,(#4501,#4508),.PCURVE_S1.);
#4497 = LINE('',#4498,#4499);
#4498 = CARTESIAN_POINT('',(5.975496638767,-7.178136221199,12.9204));
#4499 = VECTOR('',#4500,1.);
#4500 = DIRECTION('',(-0.795994832736,-0.605303416691,0.));
#4501 = PCURVE('',#1221,#4502);
#4502 = DEFINITIONAL_REPRESENTATION('',(#4503),#4507);
#4503 = LINE('',#4504,#4505);
#4504 = CARTESIAN_POINT('',(8.765513928651,-3.22793999497));
#4505 = VECTOR('',#4506,1.);
#4506 = DIRECTION('',(-0.386700038085,-0.92220555222));
#4507 = ( GEOMETRIC_REPRESENTATION_CONTEXT(2) 
PARAMETRIC_REPRESENTATION_CONTEXT() REPRESENTATION_CONTEXT('2D SPACE',''
  ) );
#4508 = PCURVE('',#4509,#4514);
#4509 = PLANE('',#4510);
#4510 = AXIS2_PLACEMENT_3D('',#4511,#4512,#4513);
#4511 = CARTESIAN_POINT('',(5.975496638767,-7.178136221199,12.2704));
#4512 = DIRECTION('',(0.605303416691,-0.795994832736,0.));
#4513 = DIRECTION('',(-0.795994832736,-0.605303416691,0.));
#4514 = DEFINITIONAL_REPRESENTATION('',(#4515),#4519);
#4515 = LINE('',#4516,#4517);
#4516 = CARTESIAN_POINT('',(0.,-0.65));
#4517 = VECTOR('',#4518,1.);
#4518 = DIRECTION('',(1.,0.));
#4519 = ( GEOMETRIC_REPRESENTATION_CONTEXT(2) 
PARAMETRIC_REPRESENTATION_CONTEXT() REPRESENTATION_CONTEXT('2D SPACE',''
  ) );
#4520 = ORIENTED_EDGE('',*,*,#4521,.T.);
#4521 = EDGE_CURVE('',#4494,#4522,#4524,.T.);
#4522 = VERTEX_POINT('',#4523);
#4523 = CARTESIAN_POINT('',(4.622430779906,-8.115715034732,12.9204));
#4524 = SURFACE_CURVE('',#4525,(#4529,#4536),.PCURVE_S1.);
#4525 = LINE('',#4526,#4527);
#4526 = CARTESIAN_POINT('',(5.319680945121,-7.676842322994,12.9204));
#4527 = VECTOR('',#4528,1.);
#4528 = DIRECTION('',(-0.846307617543,-0.532694487008,0.));
#4529 = PCURVE('',#1221,#4530);
#4530 = DEFINITIONAL_REPRESENTATION('',(#4531),#4535);
#4531 = LINE('',#4532,#4533);
#4532 = CARTESIAN_POINT('',(8.446913928651,-3.98773999497));
#4533 = VECTOR('',#4534,1.);
#4534 = DIRECTION('',(-0.466576652704,-0.884480766976));
#4535 = ( GEOMETRIC_REPRESENTATION_CONTEXT(2) 
PARAMETRIC_REPRESENTATION_CONTEXT() REPRESENTATION_CONTEXT('2D SPACE',''
  ) );
#4536 = PCURVE('',#4537,#4542);
#4537 = PLANE('',#4538);
#4538 = AXIS2_PLACEMENT_3D('',#4539,#4540,#4541);
#4539 = CARTESIAN_POINT('',(5.319680945121,-7.676842322994,12.2704));
#4540 = DIRECTION('',(0.532694487008,-0.846307617543,0.));
#4541 = DIRECTION('',(-0.846307617543,-0.532694487008,0.));
#4542 = DEFINITIONAL_REPRESENTATION('',(#4543),#4547);
#4543 = LINE('',#4544,#4545);
#4544 = CARTESIAN_POINT('',(0.,-0.65));
#4545 = VECTOR('',#4546,1.);
#4546 = DIRECTION('',(1.,0.));
#4547 = ( GEOMETRIC_REPRESENTATION_CONTEXT(2) 
PARAMETRIC_REPRESENTATION_CONTEXT() REPRESENTATION_CONTEXT('2D SPACE',''
  ) );
#4548 = ORIENTED_EDGE('',*,*,#4549,.T.);
#4549 = EDGE_CURVE('',#4522,#4550,#4552,.T.);
#4550 = VERTEX_POINT('',#4551);
#4551 = CARTESIAN_POINT('',(3.889180821874,-8.491541216691,12.9204));
#4552 = SURFACE_CURVE('',#4553,(#4557,#4564),.PCURVE_S1.);
#4553 = LINE('',#4554,#4555);
#4554 = CARTESIAN_POINT('',(4.622430779906,-8.115715034732,12.9204));
#4555 = VECTOR('',#4556,1.);
#4556 = DIRECTION('',(-0.889915723496,-0.456124988435,0.));
#4557 = PCURVE('',#1221,#4558);
#4558 = DEFINITIONAL_REPRESENTATION('',(#4559),#4563);
#4559 = LINE('',#4560,#4561);
#4560 = CARTESIAN_POINT('',(8.062513928651,-4.71643999497));
#4561 = VECTOR('',#4562,1.);
#4562 = DIRECTION('',(-0.542627129558,-0.839973689033));
#4563 = ( GEOMETRIC_REPRESENTATION_CONTEXT(2) 
PARAMETRIC_REPRESENTATION_CONTEXT() REPRESENTATION_CONTEXT('2D SPACE',''
  ) );
#4564 = PCURVE('',#4565,#4570);
#4565 = PLANE('',#4566);
#4566 = AXIS2_PLACEMENT_3D('',#4567,#4568,#4569);
#4567 = CARTESIAN_POINT('',(4.622430779906,-8.115715034732,12.2704));
#4568 = DIRECTION('',(0.456124988435,-0.889915723496,0.));
#4569 = DIRECTION('',(-0.889915723496,-0.456124988435,0.));
#4570 = DEFINITIONAL_REPRESENTATION('',(#4571),#4575);
#4571 = LINE('',#4572,#4573);
#4572 = CARTESIAN_POINT('',(0.,-0.65));
#4573 = VECTOR('',#4574,1.);
#4574 = DIRECTION('',(1.,0.));
#4575 = ( GEOMETRIC_REPRESENTATION_CONTEXT(2) 
PARAMETRIC_REPRESENTATION_CONTEXT() REPRESENTATION_CONTEXT('2D SPACE',''
  ) );
#4576 = ORIENTED_EDGE('',*,*,#4577,.T.);
#4577 = EDGE_CURVE('',#4550,#4578,#4580,.T.);
#4578 = VERTEX_POINT('',#4579);
#4579 = CARTESIAN_POINT('',(3.125762159938,-8.801221126611,12.9204));
#4580 = SURFACE_CURVE('',#4581,(#4585,#4592),.PCURVE_S1.);
#4581 = LINE('',#4582,#4583);
#4582 = CARTESIAN_POINT('',(3.889180821874,-8.491541216691,12.9204));
#4583 = VECTOR('',#4584,1.);
#4584 = DIRECTION('',(-0.926660698475,-0.375898855946,0.));
#4585 = PCURVE('',#1221,#4586);
#4586 = DEFINITIONAL_REPRESENTATION('',(#4587),#4591);
#4587 = LINE('',#4588,#4589);
#4588 = CARTESIAN_POINT('',(7.615413928651,-5.40853999497));
#4589 = VECTOR('',#4590,1.);
#4590 = DIRECTION('',(-0.614562277595,-0.78886830774));
#4591 = ( GEOMETRIC_REPRESENTATION_CONTEXT(2) 
PARAMETRIC_REPRESENTATION_CONTEXT() REPRESENTATION_CONTEXT('2D SPACE',''
  ) );
#4592 = PCURVE('',#4593,#4598);
#4593 = PLANE('',#4594);
#4594 = AXIS2_PLACEMENT_3D('',#4595,#4596,#4597);
#4595 = CARTESIAN_POINT('',(3.889180821874,-8.491541216691,12.2704));
#4596 = DIRECTION('',(0.375898855946,-0.926660698475,0.));
#4597 = DIRECTION('',(-0.926660698475,-0.375898855946,0.));
#4598 = DEFINITIONAL_REPRESENTATION('',(#4599),#4603);
#4599 = LINE('',#4600,#4601);
#4600 = CARTESIAN_POINT('',(0.,-0.65));
#4601 = VECTOR('',#4602,1.);
#4602 = DIRECTION('',(1.,0.));
#4603 = ( GEOMETRIC_REPRESENTATION_CONTEXT(2) 
PARAMETRIC_REPRESENTATION_CONTEXT() REPRESENTATION_CONTEXT('2D SPACE',''
  ) );
#4604 = ORIENTED_EDGE('',*,*,#4605,.T.);
#4605 = EDGE_CURVE('',#4578,#4606,#4608,.T.);
#4606 = VERTEX_POINT('',#4607);
#4607 = CARTESIAN_POINT('',(2.338002293173,-9.042461240012,12.9204));
#4608 = SURFACE_CURVE('',#4609,(#4613,#4620),.PCURVE_S1.);
#4609 = LINE('',#4610,#4611);
#4610 = CARTESIAN_POINT('',(3.125762159938,-8.801221126611,12.9204));
#4611 = VECTOR('',#4612,1.);
#4612 = DIRECTION('',(-0.956169668984,-0.292813189791,0.));
#4613 = PCURVE('',#1221,#4614);
#4614 = DEFINITIONAL_REPRESENTATION('',(#4615),#4619);
#4615 = LINE('',#4616,#4617);
#4616 = CARTESIAN_POINT('',(7.109113928651,-6.05843999497));
#4617 = VECTOR('',#4618,1.);
#4618 = DIRECTION('',(-0.681660628773,-0.731668495414));
#4619 = ( GEOMETRIC_REPRESENTATION_CONTEXT(2) 
PARAMETRIC_REPRESENTATION_CONTEXT() REPRESENTATION_CONTEXT('2D SPACE',''
  ) );
#4620 = PCURVE('',#4621,#4626);
#4621 = PLANE('',#4622);
#4622 = AXIS2_PLACEMENT_3D('',#4623,#4624,#4625);
#4623 = CARTESIAN_POINT('',(3.125762159938,-8.801221126611,12.2704));
#4624 = DIRECTION('',(0.292813189791,-0.956169668984,0.));
#4625 = DIRECTION('',(-0.956169668984,-0.292813189791,0.));
#4626 = DEFINITIONAL_REPRESENTATION('',(#4627),#4631);
#4627 = LINE('',#4628,#4629);
#4628 = CARTESIAN_POINT('',(0.,-0.65));
#4629 = VECTOR('',#4630,1.);
#4630 = DIRECTION('',(1.,0.));
#4631 = ( GEOMETRIC_REPRESENTATION_CONTEXT(2) 
PARAMETRIC_REPRESENTATION_CONTEXT() REPRESENTATION_CONTEXT('2D SPACE',''
  ) );
#4632 = ORIENTED_EDGE('',*,*,#4633,.T.);
#4633 = EDGE_CURVE('',#4606,#4634,#4636,.T.);
#4634 = VERTEX_POINT('',#4635);
#4635 = CARTESIAN_POINT('',(1.531975130815,-9.213341237497,12.9204));
#4636 = SURFACE_CURVE('',#4637,(#4641,#4648),.PCURVE_S1.);
#4637 = LINE('',#4638,#4639);
#4638 = CARTESIAN_POINT('',(2.338002293173,-9.042461240012,12.9204));
#4639 = VECTOR('',#4640,1.);
#4640 = DIRECTION('',(-0.978257636807,-0.207393336508,0.));
#4641 = PCURVE('',#1221,#4642);
#4642 = DEFINITIONAL_REPRESENTATION('',(#4643),#4647);
#4643 = LINE('',#4644,#4645);
#4644 = CARTESIAN_POINT('',(6.547513928651,-6.66123999497));
#4645 = VECTOR('',#4646,1.);
#4646 = DIRECTION('',(-0.743499296667,-0.668736716395));
#4647 = ( GEOMETRIC_REPRESENTATION_CONTEXT(2) 
PARAMETRIC_REPRESENTATION_CONTEXT() REPRESENTATION_CONTEXT('2D SPACE',''
  ) );
#4648 = PCURVE('',#4649,#4654);
#4649 = PLANE('',#4650);
#4650 = AXIS2_PLACEMENT_3D('',#4651,#4652,#4653);
#4651 = CARTESIAN_POINT('',(2.338002293173,-9.042461240012,12.2704));
#4652 = DIRECTION('',(0.207393336508,-0.978257636807,0.));
#4653 = DIRECTION('',(-0.978257636807,-0.207393336508,0.));
#4654 = DEFINITIONAL_REPRESENTATION('',(#4655),#4659);
#4655 = LINE('',#4656,#4657);
#4656 = CARTESIAN_POINT('',(0.,-0.65));
#4657 = VECTOR('',#4658,1.);
#4658 = DIRECTION('',(1.,0.));
#4659 = ( GEOMETRIC_REPRESENTATION_CONTEXT(2) 
PARAMETRIC_REPRESENTATION_CONTEXT() REPRESENTATION_CONTEXT('2D SPACE',''
  ) );
#4660 = ORIENTED_EDGE('',*,*,#4661,.T.);
#4661 = EDGE_CURVE('',#4634,#4662,#4664,.T.);
#4662 = VERTEX_POINT('',#4663);
#4663 = CARTESIAN_POINT('',(0.714037594801,-9.31245060729,12.9204));
#4664 = SURFACE_CURVE('',#4665,(#4669,#4676),.PCURVE_S1.);
#4665 = LINE('',#4666,#4667);
#4666 = CARTESIAN_POINT('',(1.531975130815,-9.213341237497,12.9204));
#4667 = VECTOR('',#4668,1.);
#4668 = DIRECTION('',(-0.992738793919,-0.120290012259,0.));
#4669 = PCURVE('',#1221,#4670);
#4670 = DEFINITIONAL_REPRESENTATION('',(#4671),#4675);
#4671 = LINE('',#4672,#4673);
#4672 = CARTESIAN_POINT('',(5.934913928651,-7.21223999497));
#4673 = VECTOR('',#4674,1.);
#4674 = DIRECTION('',(-0.799592008726,-0.600543603397));
#4675 = ( GEOMETRIC_REPRESENTATION_CONTEXT(2) 
PARAMETRIC_REPRESENTATION_CONTEXT() REPRESENTATION_CONTEXT('2D SPACE',''
  ) );
#4676 = PCURVE('',#4677,#4682);
#4677 = PLANE('',#4678);
#4678 = AXIS2_PLACEMENT_3D('',#4679,#4680,#4681);
#4679 = CARTESIAN_POINT('',(1.531975130815,-9.213341237497,12.2704));
#4680 = DIRECTION('',(0.120290012259,-0.992738793919,0.));
#4681 = DIRECTION('',(-0.992738793919,-0.120290012259,0.));
#4682 = DEFINITIONAL_REPRESENTATION('',(#4683),#4687);
#4683 = LINE('',#4684,#4685);
#4684 = CARTESIAN_POINT('',(0.,-0.65));
#4685 = VECTOR('',#4686,1.);
#4686 = DIRECTION('',(1.,0.));
#4687 = ( GEOMETRIC_REPRESENTATION_CONTEXT(2) 
PARAMETRIC_REPRESENTATION_CONTEXT() REPRESENTATION_CONTEXT('2D SPACE',''
  ) );
#4688 = ORIENTED_EDGE('',*,*,#4689,.T.);
#4689 = EDGE_CURVE('',#4662,#4690,#4692,.T.);
#4690 = VERTEX_POINT('',#4691);
#4691 = CARTESIAN_POINT('',(-0.109456982767,-9.339185055396,12.9204));
#4692 = SURFACE_CURVE('',#4693,(#4697,#4704),.PCURVE_S1.);
#4693 = LINE('',#4694,#4695);
#4694 = CARTESIAN_POINT('',(0.714037594801,-9.31245060729,12.9204));
#4695 = VECTOR('',#4696,1.);
#4696 = DIRECTION('',(-0.999473440037,-3.244753704966E-02,0.));
#4697 = PCURVE('',#1221,#4698);
#4698 = DEFINITIONAL_REPRESENTATION('',(#4699),#4703);
#4699 = LINE('',#4700,#4701);
#4700 = CARTESIAN_POINT('',(5.276113928651,-7.70703999497));
#4701 = VECTOR('',#4702,1.);
#4702 = DIRECTION('',(-0.849345620955,-0.527837111394));
#4703 = ( GEOMETRIC_REPRESENTATION_CONTEXT(2) 
PARAMETRIC_REPRESENTATION_CONTEXT() REPRESENTATION_CONTEXT('2D SPACE',''
  ) );
#4704 = PCURVE('',#4705,#4710);
#4705 = PLANE('',#4706);
#4706 = AXIS2_PLACEMENT_3D('',#4707,#4708,#4709);
#4707 = CARTESIAN_POINT('',(0.714037594801,-9.31245060729,12.2704));
#4708 = DIRECTION('',(3.244753704966E-02,-0.999473440037,0.));
#4709 = DIRECTION('',(-0.999473440037,-3.244753704966E-02,0.));
#4710 = DEFINITIONAL_REPRESENTATION('',(#4711),#4715);
#4711 = LINE('',#4712,#4713);
#4712 = CARTESIAN_POINT('',(0.,-0.65));
#4713 = VECTOR('',#4714,1.);
#4714 = DIRECTION('',(1.,0.));
#4715 = ( GEOMETRIC_REPRESENTATION_CONTEXT(2) 
PARAMETRIC_REPRESENTATION_CONTEXT() REPRESENTATION_CONTEXT('2D SPACE',''
  ) );
#4716 = ORIENTED_EDGE('',*,*,#4717,.T.);
#4717 = EDGE_CURVE('',#4690,#4718,#4720,.T.);
#4718 = VERTEX_POINT('',#4719);
#4719 = CARTESIAN_POINT('',(-0.93208206471,-9.293213492901,12.9204));
#4720 = SURFACE_CURVE('',#4721,(#4725,#4732),.PCURVE_S1.);
#4721 = LINE('',#4722,#4723);
#4722 = CARTESIAN_POINT('',(-0.109456982767,-9.339185055396,12.9204));
#4723 = VECTOR('',#4724,1.);
#4724 = DIRECTION('',(-0.998442138442,5.579691912103E-02,0.));
#4725 = PCURVE('',#1221,#4726);
#4726 = DEFINITIONAL_REPRESENTATION('',(#4727),#4731);
#4727 = LINE('',#4728,#4729);
#4728 = CARTESIAN_POINT('',(4.576313928651,-8.14193999497));
#4729 = VECTOR('',#4730,1.);
#4730 = DIRECTION('',(-0.89257471566,-0.450899519809));
#4731 = ( GEOMETRIC_REPRESENTATION_CONTEXT(2) 
PARAMETRIC_REPRESENTATION_CONTEXT() REPRESENTATION_CONTEXT('2D SPACE',''
  ) );
#4732 = PCURVE('',#4733,#4738);
#4733 = PLANE('',#4734);
#4734 = AXIS2_PLACEMENT_3D('',#4735,#4736,#4737);
#4735 = CARTESIAN_POINT('',(-0.109456982767,-9.339185055396,12.2704));
#4736 = DIRECTION('',(-5.579691912103E-02,-0.998442138442,0.));
#4737 = DIRECTION('',(-0.998442138442,5.579691912103E-02,0.));
#4738 = DEFINITIONAL_REPRESENTATION('',(#4739),#4743);
#4739 = LINE('',#4740,#4741);
#4740 = CARTESIAN_POINT('',(0.,-0.65));
#4741 = VECTOR('',#4742,1.);
#4742 = DIRECTION('',(1.,0.));
#4743 = ( GEOMETRIC_REPRESENTATION_CONTEXT(2) 
PARAMETRIC_REPRESENTATION_CONTEXT() REPRESENTATION_CONTEXT('2D SPACE',''
  ) );
#4744 = ORIENTED_EDGE('',*,*,#4745,.T.);
#4745 = EDGE_CURVE('',#4718,#4746,#4748,.T.);
#4746 = VERTEX_POINT('',#4747);
#4747 = CARTESIAN_POINT('',(-1.747364703686,-9.174924446136,12.9204));
#4748 = SURFACE_CURVE('',#4749,(#4753,#4760),.PCURVE_S1.);
#4749 = LINE('',#4750,#4751);
#4750 = CARTESIAN_POINT('',(-0.93208206471,-9.293213492901,12.9204));
#4751 = VECTOR('',#4752,1.);
#4752 = DIRECTION('',(-0.989637818037,0.143586173116,0.));
#4753 = PCURVE('',#1221,#4754);
#4754 = DEFINITIONAL_REPRESENTATION('',(#4755),#4759);
#4755 = LINE('',#4756,#4757);
#4756 = CARTESIAN_POINT('',(3.840913928651,-8.51343999497));
#4757 = VECTOR('',#4758,1.);
#4758 = DIRECTION('',(-0.928844577524,-0.370469635468));
#4759 = ( GEOMETRIC_REPRESENTATION_CONTEXT(2) 
PARAMETRIC_REPRESENTATION_CONTEXT() REPRESENTATION_CONTEXT('2D SPACE',''
  ) );
#4760 = PCURVE('',#4761,#4766);
#4761 = PLANE('',#4762);
#4762 = AXIS2_PLACEMENT_3D('',#4763,#4764,#4765);
#4763 = CARTESIAN_POINT('',(-0.93208206471,-9.293213492901,12.2704));
#4764 = DIRECTION('',(-0.143586173116,-0.989637818037,0.));
#4765 = DIRECTION('',(-0.989637818037,0.143586173116,0.));
#4766 = DEFINITIONAL_REPRESENTATION('',(#4767),#4771);
#4767 = LINE('',#4768,#4769);
#4768 = CARTESIAN_POINT('',(0.,-0.65));
#4769 = VECTOR('',#4770,1.);
#4770 = DIRECTION('',(1.,0.));
#4771 = ( GEOMETRIC_REPRESENTATION_CONTEXT(2) 
PARAMETRIC_REPRESENTATION_CONTEXT() REPRESENTATION_CONTEXT('2D SPACE',''
  ) );
#4772 = ORIENTED_EDGE('',*,*,#4773,.T.);
#4773 = EDGE_CURVE('',#4746,#4774,#4776,.T.);
#4774 = VERTEX_POINT('',#4775);
#4775 = CARTESIAN_POINT('',(-2.549131952353,-8.985226056672,12.9204));
#4776 = SURFACE_CURVE('',#4777,(#4781,#4788),.PCURVE_S1.);
#4777 = LINE('',#4778,#4779);
#4778 = CARTESIAN_POINT('',(-1.747364703686,-9.174924446136,12.9204));
#4779 = VECTOR('',#4780,1.);
#4780 = DIRECTION('',(-0.97313302798,0.230243588086,0.));
#4781 = PCURVE('',#1221,#4782);
#4782 = DEFINITIONAL_REPRESENTATION('',(#4783),#4787);
#4783 = LINE('',#4784,#4785);
#4784 = CARTESIAN_POINT('',(3.075713928651,-8.81863999497));
#4785 = VECTOR('',#4786,1.);
#4786 = DIRECTION('',(-0.957879717535,-0.287169717649));
#4787 = ( GEOMETRIC_REPRESENTATION_CONTEXT(2) 
PARAMETRIC_REPRESENTATION_CONTEXT() REPRESENTATION_CONTEXT('2D SPACE',''
  ) );
#4788 = PCURVE('',#4789,#4794);
#4789 = PLANE('',#4790);
#4790 = AXIS2_PLACEMENT_3D('',#4791,#4792,#4793);
#4791 = CARTESIAN_POINT('',(-1.747364703686,-9.174924446136,12.2704));
#4792 = DIRECTION('',(-0.230243588086,-0.97313302798,0.));
#4793 = DIRECTION('',(-0.97313302798,0.230243588086,0.));
#4794 = DEFINITIONAL_REPRESENTATION('',(#4795),#4799);
#4795 = LINE('',#4796,#4797);
#4796 = CARTESIAN_POINT('',(0.,-0.65));
#4797 = VECTOR('',#4798,1.);
#4798 = DIRECTION('',(1.,0.));
#4799 = ( GEOMETRIC_REPRESENTATION_CONTEXT(2) 
PARAMETRIC_REPRESENTATION_CONTEXT() REPRESENTATION_CONTEXT('2D SPACE',''
  ) );
#4800 = ORIENTED_EDGE('',*,*,#4801,.T.);
#4801 = EDGE_CURVE('',#4774,#4802,#4804,.T.);
#4802 = VERTEX_POINT('',#4803);
#4803 = CARTESIAN_POINT('',(-3.331064453207,-8.72557287624,12.9204));
#4804 = SURFACE_CURVE('',#4805,(#4809,#4816),.PCURVE_S1.);
#4805 = LINE('',#4806,#4807);
#4806 = CARTESIAN_POINT('',(-2.549131952353,-8.985226056672,12.9204));
#4807 = VECTOR('',#4808,1.);
#4808 = DIRECTION('',(-0.949043513135,0.315145062117,0.));
#4809 = PCURVE('',#1221,#4810);
#4810 = DEFINITIONAL_REPRESENTATION('',(#4811),#4815);
#4811 = LINE('',#4812,#4813);
#4812 = CARTESIAN_POINT('',(2.286513928651,-9.05523999497));
#4813 = VECTOR('',#4814,1.);
#4814 = DIRECTION('',(-0.97946832273,-0.201598126897));
#4815 = ( GEOMETRIC_REPRESENTATION_CONTEXT(2) 
PARAMETRIC_REPRESENTATION_CONTEXT() REPRESENTATION_CONTEXT('2D SPACE',''
  ) );
#4816 = PCURVE('',#4817,#4822);
#4817 = PLANE('',#4818);
#4818 = AXIS2_PLACEMENT_3D('',#4819,#4820,#4821);
#4819 = CARTESIAN_POINT('',(-2.549131952353,-8.985226056672,12.2704));
#4820 = DIRECTION('',(-0.315145062117,-0.949043513135,0.));
#4821 = DIRECTION('',(-0.949043513135,0.315145062117,0.));
#4822 = DEFINITIONAL_REPRESENTATION('',(#4823),#4827);
#4823 = LINE('',#4824,#4825);
#4824 = CARTESIAN_POINT('',(0.,-0.65));
#4825 = VECTOR('',#4826,1.);
#4826 = DIRECTION('',(1.,0.));
#4827 = ( GEOMETRIC_REPRESENTATION_CONTEXT(2) 
PARAMETRIC_REPRESENTATION_CONTEXT() REPRESENTATION_CONTEXT('2D SPACE',''
  ) );
#4828 = ORIENTED_EDGE('',*,*,#4829,.T.);
#4829 = EDGE_CURVE('',#4802,#4830,#4832,.T.);
#4830 = VERTEX_POINT('',#4831);
#4831 = CARTESIAN_POINT('',(-4.087106246204,-8.398075674358,12.9204));
#4832 = SURFACE_CURVE('',#4833,(#4837,#4844),.PCURVE_S1.);
#4833 = LINE('',#4834,#4835);
#4834 = CARTESIAN_POINT('',(-3.331064453207,-8.72557287624,12.9204));
#4835 = VECTOR('',#4836,1.);
#4836 = DIRECTION('',(-0.917609154157,0.397483886727,0.));
#4837 = PCURVE('',#1221,#4838);
#4838 = DEFINITIONAL_REPRESENTATION('',(#4839),#4843);
#4839 = LINE('',#4840,#4841);
#4840 = CARTESIAN_POINT('',(1.479513928651,-9.22133999497));
#4841 = VECTOR('',#4842,1.);
#4842 = DIRECTION('',(-0.993414781608,-0.114573433578));
#4843 = ( GEOMETRIC_REPRESENTATION_CONTEXT(2) 
PARAMETRIC_REPRESENTATION_CONTEXT() REPRESENTATION_CONTEXT('2D SPACE',''
  ) );
#4844 = PCURVE('',#4845,#4850);
#4845 = PLANE('',#4846);
#4846 = AXIS2_PLACEMENT_3D('',#4847,#4848,#4849);
#4847 = CARTESIAN_POINT('',(-3.331064453207,-8.72557287624,12.2704));
#4848 = DIRECTION('',(-0.397483886727,-0.917609154157,0.));
#4849 = DIRECTION('',(-0.917609154157,0.397483886727,0.));
#4850 = DEFINITIONAL_REPRESENTATION('',(#4851),#4855);
#4851 = LINE('',#4852,#4853);
#4852 = CARTESIAN_POINT('',(0.,-0.65));
#4853 = VECTOR('',#4854,1.);
#4854 = DIRECTION('',(1.,0.));
#4855 = ( GEOMETRIC_REPRESENTATION_CONTEXT(2) 
PARAMETRIC_REPRESENTATION_CONTEXT() REPRESENTATION_CONTEXT('2D SPACE',''
  ) );
#4856 = ORIENTED_EDGE('',*,*,#4857,.T.);
#4857 = EDGE_CURVE('',#4830,#4858,#4860,.T.);
#4858 = VERTEX_POINT('',#4859);
#4859 = CARTESIAN_POINT('',(-4.811314768761,-8.005241630701,12.9204));
#4860 = SURFACE_CURVE('',#4861,(#4865,#4872),.PCURVE_S1.);
#4861 = LINE('',#4862,#4863);
#4862 = CARTESIAN_POINT('',(-4.087106246204,-8.398075674358,12.9204));
#4863 = VECTOR('',#4864,1.);
#4864 = DIRECTION('',(-0.87900999178,0.476803349769,0.));
#4865 = PCURVE('',#1221,#4866);
#4866 = DEFINITIONAL_REPRESENTATION('',(#4867),#4871);
#4867 = LINE('',#4868,#4869);
#4868 = CARTESIAN_POINT('',(0.661013928651,-9.31573999497));
#4869 = VECTOR('',#4870,1.);
#4870 = DIRECTION('',(-0.999646657946,-2.658118238104E-02));
#4871 = ( GEOMETRIC_REPRESENTATION_CONTEXT(2) 
PARAMETRIC_REPRESENTATION_CONTEXT() REPRESENTATION_CONTEXT('2D SPACE',''
  ) );
#4872 = PCURVE('',#4873,#4878);
#4873 = PLANE('',#4874);
#4874 = AXIS2_PLACEMENT_3D('',#4875,#4876,#4877);
#4875 = CARTESIAN_POINT('',(-4.087106246204,-8.398075674358,12.2704));
#4876 = DIRECTION('',(-0.476803349769,-0.87900999178,0.));
#4877 = DIRECTION('',(-0.87900999178,0.476803349769,0.));
#4878 = DEFINITIONAL_REPRESENTATION('',(#4879),#4883);
#4879 = LINE('',#4880,#4881);
#4880 = CARTESIAN_POINT('',(0.,-0.65));
#4881 = VECTOR('',#4882,1.);
#4882 = DIRECTION('',(1.,0.));
#4883 = ( GEOMETRIC_REPRESENTATION_CONTEXT(2) 
PARAMETRIC_REPRESENTATION_CONTEXT() REPRESENTATION_CONTEXT('2D SPACE',''
  ) );
#4884 = ORIENTED_EDGE('',*,*,#4885,.T.);
#4885 = EDGE_CURVE('',#4858,#4886,#4888,.T.);
#4886 = VERTEX_POINT('',#4887);
#4887 = CARTESIAN_POINT('',(-5.498134060833,-7.550047540188,12.9204));
#4888 = SURFACE_CURVE('',#4889,(#4893,#4900),.PCURVE_S1.);
#4889 = LINE('',#4890,#4891);
#4890 = CARTESIAN_POINT('',(-4.811314768761,-8.005241630701,12.9204));
#4891 = VECTOR('',#4892,1.);
#4892 = DIRECTION('',(-0.833551460269,0.552441818732,0.));
#4893 = PCURVE('',#1221,#4894);
#4894 = DEFINITIONAL_REPRESENTATION('',(#4895),#4899);
#4895 = LINE('',#4896,#4897);
#4896 = CARTESIAN_POINT('',(-0.162586071349,-9.33763999497));
#4897 = VECTOR('',#4898,1.);
#4898 = DIRECTION('',(-0.99809764932,6.165291899985E-02));
#4899 = ( GEOMETRIC_REPRESENTATION_CONTEXT(2) 
PARAMETRIC_REPRESENTATION_CONTEXT() REPRESENTATION_CONTEXT('2D SPACE',''
  ) );
#4900 = PCURVE('',#4901,#4906);
#4901 = PLANE('',#4902);
#4902 = AXIS2_PLACEMENT_3D('',#4903,#4904,#4905);
#4903 = CARTESIAN_POINT('',(-4.811314768761,-8.005241630701,12.2704));
#4904 = DIRECTION('',(-0.552441818732,-0.833551460269,0.));
#4905 = DIRECTION('',(-0.833551460269,0.552441818732,0.));
#4906 = DEFINITIONAL_REPRESENTATION('',(#4907),#4911);
#4907 = LINE('',#4908,#4909);
#4908 = CARTESIAN_POINT('',(0.,-0.65));
#4909 = VECTOR('',#4910,1.);
#4910 = DIRECTION('',(1.,0.));
#4911 = ( GEOMETRIC_REPRESENTATION_CONTEXT(2) 
PARAMETRIC_REPRESENTATION_CONTEXT() REPRESENTATION_CONTEXT('2D SPACE',''
  ) );
#4912 = ORIENTED_EDGE('',*,*,#4913,.T.);
#4913 = EDGE_CURVE('',#4886,#4914,#4916,.T.);
#4914 = VERTEX_POINT('',#4915);
#4915 = CARTESIAN_POINT('',(-6.142048354756,-7.036139812982,12.9204));
#4916 = SURFACE_CURVE('',#4917,(#4921,#4928),.PCURVE_S1.);
#4917 = LINE('',#4918,#4919);
#4918 = CARTESIAN_POINT('',(-5.498134060833,-7.550047540188,12.9204));
#4919 = VECTOR('',#4920,1.);
#4920 = DIRECTION('',(-0.781592847648,0.623788923038,0.));
#4921 = PCURVE('',#1221,#4922);
#4922 = DEFINITIONAL_REPRESENTATION('',(#4923),#4927);
#4923 = LINE('',#4924,#4925);
#4924 = CARTESIAN_POINT('',(-0.984986071349,-9.28683999497));
#4925 = VECTOR('',#4926,1.);
#4926 = DIRECTION('',(-0.988773722999,0.149420630127));
#4927 = ( GEOMETRIC_REPRESENTATION_CONTEXT(2) 
PARAMETRIC_REPRESENTATION_CONTEXT() REPRESENTATION_CONTEXT('2D SPACE',''
  ) );
#4928 = PCURVE('',#4929,#4934);
#4929 = PLANE('',#4930);
#4930 = AXIS2_PLACEMENT_3D('',#4931,#4932,#4933);
#4931 = CARTESIAN_POINT('',(-5.498134060833,-7.550047540188,12.2704));
#4932 = DIRECTION('',(-0.623788923038,-0.781592847648,0.));
#4933 = DIRECTION('',(-0.781592847648,0.623788923038,0.));
#4934 = DEFINITIONAL_REPRESENTATION('',(#4935),#4939);
#4935 = LINE('',#4936,#4937);
#4936 = CARTESIAN_POINT('',(0.,-0.65));
#4937 = VECTOR('',#4938,1.);
#4938 = DIRECTION('',(1.,0.));
#4939 = ( GEOMETRIC_REPRESENTATION_CONTEXT(2) 
PARAMETRIC_REPRESENTATION_CONTEXT() REPRESENTATION_CONTEXT('2D SPACE',''
  ) );
#4940 = ORIENTED_EDGE('',*,*,#4941,.T.);
#4941 = EDGE_CURVE('',#4914,#4942,#4944,.T.);
#4942 = VERTEX_POINT('',#4943);
#4943 = CARTESIAN_POINT('',(-6.738274895566,-6.467434474487,12.9204));
#4944 = SURFACE_CURVE('',#4945,(#4949,#4956),.PCURVE_S1.);
#4945 = LINE('',#4946,#4947);
#4946 = CARTESIAN_POINT('',(-6.142048354756,-7.036139812982,12.9204));
#4947 = VECTOR('',#4948,1.);
#4948 = DIRECTION('',(-0.723610083374,0.690208988089,0.));
#4949 = PCURVE('',#1221,#4950);
#4950 = DEFINITIONAL_REPRESENTATION('',(#4951),#4955);
#4951 = LINE('',#4952,#4953);
#4952 = CARTESIAN_POINT('',(-1.799586071349,-9.16373999497));
#4953 = VECTOR('',#4954,1.);
#4954 = DIRECTION('',(-0.971769208681,0.235933475918));
#4955 = ( GEOMETRIC_REPRESENTATION_CONTEXT(2) 
PARAMETRIC_REPRESENTATION_CONTEXT() REPRESENTATION_CONTEXT('2D SPACE',''
  ) );
#4956 = PCURVE('',#4957,#4962);
#4957 = PLANE('',#4958);
#4958 = AXIS2_PLACEMENT_3D('',#4959,#4960,#4961);
#4959 = CARTESIAN_POINT('',(-6.142048354756,-7.036139812982,12.2704));
#4960 = DIRECTION('',(-0.690208988089,-0.723610083374,0.));
#4961 = DIRECTION('',(-0.723610083374,0.690208988089,0.));
#4962 = DEFINITIONAL_REPRESENTATION('',(#4963),#4967);
#4963 = LINE('',#4964,#4965);
#4964 = CARTESIAN_POINT('',(0.,-0.65));
#4965 = VECTOR('',#4966,1.);
#4966 = DIRECTION('',(1.,0.));
#4967 = ( GEOMETRIC_REPRESENTATION_CONTEXT(2) 
PARAMETRIC_REPRESENTATION_CONTEXT() REPRESENTATION_CONTEXT('2D SPACE',''
  ) );
#4968 = ORIENTED_EDGE('',*,*,#4969,.T.);
#4969 = EDGE_CURVE('',#4942,#4970,#4972,.T.);
#4970 = VERTEX_POINT('',#4971);
#4971 = CARTESIAN_POINT('',(-7.28202112068,-5.848430562807,12.9204));
#4972 = SURFACE_CURVE('',#4973,(#4977,#4984),.PCURVE_S1.);
#4973 = LINE('',#4974,#4975);
#4974 = CARTESIAN_POINT('',(-6.738274895566,-6.467434474487,12.9204));
#4975 = VECTOR('',#4976,1.);
#4976 = DIRECTION('',(-0.659959196158,0.751301443767,0.));
#4977 = PCURVE('',#1221,#4978);
#4978 = DEFINITIONAL_REPRESENTATION('',(#4979),#4983);
#4979 = LINE('',#4980,#4981);
#4980 = CARTESIAN_POINT('',(-2.600286071349,-8.96933999497));
#4981 = VECTOR('',#4982,1.);
#4982 = DIRECTION('',(-0.947192151217,0.320666538124));
#4983 = ( GEOMETRIC_REPRESENTATION_CONTEXT(2) 
PARAMETRIC_REPRESENTATION_CONTEXT() REPRESENTATION_CONTEXT('2D SPACE',''
  ) );
#4984 = PCURVE('',#4985,#4990);
#4985 = PLANE('',#4986);
#4986 = AXIS2_PLACEMENT_3D('',#4987,#4988,#4989);
#4987 = CARTESIAN_POINT('',(-6.738274895566,-6.467434474487,12.2704));
#4988 = DIRECTION('',(-0.751301443767,-0.659959196158,0.));
#4989 = DIRECTION('',(-0.659959196158,0.751301443767,0.));
#4990 = DEFINITIONAL_REPRESENTATION('',(#4991),#4995);
#4991 = LINE('',#4992,#4993);
#4992 = CARTESIAN_POINT('',(0.,-0.65));
#4993 = VECTOR('',#4994,1.);
#4994 = DIRECTION('',(1.,0.));
#4995 = ( GEOMETRIC_REPRESENTATION_CONTEXT(2) 
PARAMETRIC_REPRESENTATION_CONTEXT() REPRESENTATION_CONTEXT('2D SPACE',''
  ) );
#4996 = ORIENTED_EDGE('',*,*,#4997,.T.);
#4997 = EDGE_CURVE('',#4970,#4998,#5000,.T.);
#4998 = VERTEX_POINT('',#4999);
#4999 = CARTESIAN_POINT('',(-7.769140877674,-5.183946731291,12.9204));
#5000 = SURFACE_CURVE('',#5001,(#5005,#5012),.PCURVE_S1.);
#5001 = LINE('',#5002,#5003);
#5002 = CARTESIAN_POINT('',(-7.28202112068,-5.848430562807,12.9204));
#5003 = VECTOR('',#5004,1.);
#5004 = DIRECTION('',(-0.591230752844,0.806502446922,0.));
#5005 = PCURVE('',#1221,#5006);
#5006 = DEFINITIONAL_REPRESENTATION('',(#5007),#5011);
#5007 = LINE('',#5008,#5009);
#5008 = CARTESIAN_POINT('',(-3.380686071349,-8.70513999497));
#5009 = VECTOR('',#5010,1.);
#5010 = DIRECTION('',(-0.915272074923,0.402836230827));
#5011 = ( GEOMETRIC_REPRESENTATION_CONTEXT(2) 
PARAMETRIC_REPRESENTATION_CONTEXT() REPRESENTATION_CONTEXT('2D SPACE',''
  ) );
#5012 = PCURVE('',#5013,#5018);
#5013 = PLANE('',#5014);
#5014 = AXIS2_PLACEMENT_3D('',#5015,#5016,#5017);
#5015 = CARTESIAN_POINT('',(-7.28202112068,-5.848430562807,12.2704));
#5016 = DIRECTION('',(-0.806502446922,-0.591230752844,0.));
#5017 = DIRECTION('',(-0.591230752844,0.806502446922,0.));
#5018 = DEFINITIONAL_REPRESENTATION('',(#5019),#5023);
#5019 = LINE('',#5020,#5021);
#5020 = CARTESIAN_POINT('',(0.,-0.65));
#5021 = VECTOR('',#5022,1.);
#5022 = DIRECTION('',(1.,0.));
#5023 = ( GEOMETRIC_REPRESENTATION_CONTEXT(2) 
PARAMETRIC_REPRESENTATION_CONTEXT() REPRESENTATION_CONTEXT('2D SPACE',''
  ) );
#5024 = ORIENTED_EDGE('',*,*,#5025,.T.);
#5025 = EDGE_CURVE('',#4998,#5026,#5028,.T.);
#5026 = VERTEX_POINT('',#5027);
#5027 = CARTESIAN_POINT('',(-8.195688014125,-4.479148043448,12.9204));
#5028 = SURFACE_CURVE('',#5029,(#5033,#5040),.PCURVE_S1.);
#5029 = LINE('',#5030,#5031);
#5030 = CARTESIAN_POINT('',(-7.769140877674,-5.183946731291,12.9204));
#5031 = VECTOR('',#5032,1.);
#5032 = DIRECTION('',(-0.517765772276,0.855522416457,0.));
#5033 = PCURVE('',#1221,#5034);
#5034 = DEFINITIONAL_REPRESENTATION('',(#5035),#5039);
#5035 = LINE('',#5036,#5037);
#5036 = CARTESIAN_POINT('',(-4.134786071349,-8.37323999497));
#5037 = VECTOR('',#5038,1.);
#5038 = DIRECTION('',(-0.876159520229,0.482021260021));
#5039 = ( GEOMETRIC_REPRESENTATION_CONTEXT(2) 
PARAMETRIC_REPRESENTATION_CONTEXT() REPRESENTATION_CONTEXT('2D SPACE',''
  ) );
#5040 = PCURVE('',#5041,#5046);
#5041 = PLANE('',#5042);
#5042 = AXIS2_PLACEMENT_3D('',#5043,#5044,#5045);
#5043 = CARTESIAN_POINT('',(-7.769140877674,-5.183946731291,12.2704));
#5044 = DIRECTION('',(-0.855522416457,-0.517765772276,0.));
#5045 = DIRECTION('',(-0.517765772276,0.855522416457,0.));
#5046 = DEFINITIONAL_REPRESENTATION('',(#5047),#5051);
#5047 = LINE('',#5048,#5049);
#5048 = CARTESIAN_POINT('',(0.,-0.65));
#5049 = VECTOR('',#5050,1.);
#5050 = DIRECTION('',(1.,0.));
#5051 = ( GEOMETRIC_REPRESENTATION_CONTEXT(2) 
PARAMETRIC_REPRESENTATION_CONTEXT() REPRESENTATION_CONTEXT('2D SPACE',''
  ) );
#5052 = ORIENTED_EDGE('',*,*,#5053,.T.);
#5053 = EDGE_CURVE('',#5026,#5054,#5056,.T.);
#5054 = VERTEX_POINT('',#5055);
#5055 = CARTESIAN_POINT('',(-8.558535992854,-3.73941917803,12.9204));
#5056 = SURFACE_CURVE('',#5057,(#5061,#5068),.PCURVE_S1.);
#5057 = LINE('',#5058,#5059);
#5058 = CARTESIAN_POINT('',(-8.195688014125,-4.479148043448,12.9204));
#5059 = VECTOR('',#5060,1.);
#5060 = DIRECTION('',(-0.44038793655,0.897807588151,0.));
#5061 = PCURVE('',#1221,#5062);
#5062 = DEFINITIONAL_REPRESENTATION('',(#5063),#5067);
#5063 = LINE('',#5064,#5065);
#5064 = CARTESIAN_POINT('',(-4.856586071349,-7.97613999497));
#5065 = VECTOR('',#5066,1.);
#5066 = DIRECTION('',(-0.830290934648,0.557330210774));
#5067 = ( GEOMETRIC_REPRESENTATION_CONTEXT(2) 
PARAMETRIC_REPRESENTATION_CONTEXT() REPRESENTATION_CONTEXT('2D SPACE',''
  ) );
#5068 = PCURVE('',#5069,#5074);
#5069 = PLANE('',#5070);
#5070 = AXIS2_PLACEMENT_3D('',#5071,#5072,#5073);
#5071 = CARTESIAN_POINT('',(-8.195688014125,-4.479148043448,12.2704));
#5072 = DIRECTION('',(-0.897807588151,-0.44038793655,0.));
#5073 = DIRECTION('',(-0.44038793655,0.897807588151,0.));
#5074 = DEFINITIONAL_REPRESENTATION('',(#5075),#5079);
#5075 = LINE('',#5076,#5077);
#5076 = CARTESIAN_POINT('',(0.,-0.65));
#5077 = VECTOR('',#5078,1.);
#5078 = DIRECTION('',(1.,0.));
#5079 = ( GEOMETRIC_REPRESENTATION_CONTEXT(2) 
PARAMETRIC_REPRESENTATION_CONTEXT() REPRESENTATION_CONTEXT('2D SPACE',''
  ) );
#5080 = ORIENTED_EDGE('',*,*,#5081,.T.);
#5081 = EDGE_CURVE('',#5054,#5082,#5084,.T.);
#5082 = VERTEX_POINT('',#5083);
#5083 = CARTESIAN_POINT('',(-8.85480827668,-2.970577826491,12.9204));
#5084 = SURFACE_CURVE('',#5085,(#5089,#5096),.PCURVE_S1.);
#5085 = LINE('',#5086,#5087);
#5086 = CARTESIAN_POINT('',(-8.558535992854,-3.73941917803,12.9204));
#5087 = VECTOR('',#5088,1.);
#5088 = DIRECTION('',(-0.359575379346,0.93311604132,0.));
#5089 = PCURVE('',#1221,#5090);
#5090 = DEFINITIONAL_REPRESENTATION('',(#5091),#5095);
#5091 = LINE('',#5092,#5093);
#5092 = CARTESIAN_POINT('',(-5.540686071349,-7.51693999497));
#5093 = VECTOR('',#5094,1.);
#5094 = DIRECTION('',(-0.777959433749,0.628314506789));
#5095 = ( GEOMETRIC_REPRESENTATION_CONTEXT(2) 
PARAMETRIC_REPRESENTATION_CONTEXT() REPRESENTATION_CONTEXT('2D SPACE',''
  ) );
#5096 = PCURVE('',#5097,#5102);
#5097 = PLANE('',#5098);
#5098 = AXIS2_PLACEMENT_3D('',#5099,#5100,#5101);
#5099 = CARTESIAN_POINT('',(-8.558535992854,-3.73941917803,12.2704));
#5100 = DIRECTION('',(-0.93311604132,-0.359575379346,0.));
#5101 = DIRECTION('',(-0.359575379346,0.93311604132,0.));
#5102 = DEFINITIONAL_REPRESENTATION('',(#5103),#5107);
#5103 = LINE('',#5104,#5105);
#5104 = CARTESIAN_POINT('',(0.,-0.65));
#5105 = VECTOR('',#5106,1.);
#5106 = DIRECTION('',(1.,0.));
#5107 = ( GEOMETRIC_REPRESENTATION_CONTEXT(2) 
PARAMETRIC_REPRESENTATION_CONTEXT() REPRESENTATION_CONTEXT('2D SPACE',''
  ) );
#5108 = ORIENTED_EDGE('',*,*,#5109,.T.);
#5109 = EDGE_CURVE('',#5082,#5110,#5112,.T.);
#5110 = VERTEX_POINT('',#5111);
#5111 = CARTESIAN_POINT('',(-9.082138136043,-2.178724692986,12.9204));
#5112 = SURFACE_CURVE('',#5113,(#5117,#5124),.PCURVE_S1.);
#5113 = LINE('',#5114,#5115);
#5114 = CARTESIAN_POINT('',(-8.85480827668,-2.970577826491,12.9204));
#5115 = VECTOR('',#5116,1.);
#5116 = DIRECTION('',(-0.275939758105,0.961174931996,0.));
#5117 = PCURVE('',#1221,#5118);
#5118 = DEFINITIONAL_REPRESENTATION('',(#5119),#5123);
#5119 = LINE('',#5120,#5121);
#5120 = CARTESIAN_POINT('',(-6.181686071349,-6.99923999497));
#5121 = VECTOR('',#5122,1.);
#5122 = DIRECTION('',(-0.719558306431,0.694432029536));
#5123 = ( GEOMETRIC_REPRESENTATION_CONTEXT(2) 
PARAMETRIC_REPRESENTATION_CONTEXT() REPRESENTATION_CONTEXT('2D SPACE',''
  ) );
#5124 = PCURVE('',#5125,#5130);
#5125 = PLANE('',#5126);
#5126 = AXIS2_PLACEMENT_3D('',#5127,#5128,#5129);
#5127 = CARTESIAN_POINT('',(-8.85480827668,-2.970577826491,12.2704));
#5128 = DIRECTION('',(-0.961174931996,-0.275939758105,0.));
#5129 = DIRECTION('',(-0.275939758105,0.961174931996,0.));
#5130 = DEFINITIONAL_REPRESENTATION('',(#5131),#5135);
#5131 = LINE('',#5132,#5133);
#5132 = CARTESIAN_POINT('',(0.,-0.65));
#5133 = VECTOR('',#5134,1.);
#5134 = DIRECTION('',(1.,0.));
#5135 = ( GEOMETRIC_REPRESENTATION_CONTEXT(2) 
PARAMETRIC_REPRESENTATION_CONTEXT() REPRESENTATION_CONTEXT('2D SPACE',''
  ) );
#5136 = ORIENTED_EDGE('',*,*,#5137,.T.);
#5137 = EDGE_CURVE('',#5110,#5138,#5140,.T.);
#5138 = VERTEX_POINT('',#5139);
#5139 = CARTESIAN_POINT('',(-9.238778456627,-1.369833686751,12.9204));
#5140 = SURFACE_CURVE('',#5141,(#5145,#5152),.PCURVE_S1.);
#5141 = LINE('',#5142,#5143);
#5142 = CARTESIAN_POINT('',(-9.082138136043,-2.178724692986,12.9204));
#5143 = VECTOR('',#5144,1.);
#5144 = DIRECTION('',(-0.190116398689,0.981761557075,0.));
#5145 = PCURVE('',#1221,#5146);
#5146 = DEFINITIONAL_REPRESENTATION('',(#5147),#5151);
#5147 = LINE('',#5148,#5149);
#5148 = CARTESIAN_POINT('',(-6.774486071349,-6.42713999497));
#5149 = VECTOR('',#5150,1.);
#5150 = DIRECTION('',(-0.655526409478,0.755172249541));
#5151 = ( GEOMETRIC_REPRESENTATION_CONTEXT(2) 
PARAMETRIC_REPRESENTATION_CONTEXT() REPRESENTATION_CONTEXT('2D SPACE',''
  ) );
#5152 = PCURVE('',#5153,#5158);
#5153 = PLANE('',#5154);
#5154 = AXIS2_PLACEMENT_3D('',#5155,#5156,#5157);
#5155 = CARTESIAN_POINT('',(-9.082138136043,-2.178724692986,12.2704));
#5156 = DIRECTION('',(-0.981761557075,-0.190116398689,0.));
#5157 = DIRECTION('',(-0.190116398689,0.981761557075,0.));
#5158 = DEFINITIONAL_REPRESENTATION('',(#5159),#5163);
#5159 = LINE('',#5160,#5161);
#5160 = CARTESIAN_POINT('',(0.,-0.65));
#5161 = VECTOR('',#5162,1.);
#5162 = DIRECTION('',(1.,0.));
#5163 = ( GEOMETRIC_REPRESENTATION_CONTEXT(2) 
PARAMETRIC_REPRESENTATION_CONTEXT() REPRESENTATION_CONTEXT('2D SPACE',''
  ) );
#5164 = ORIENTED_EDGE('',*,*,#5165,.T.);
#5165 = EDGE_CURVE('',#5138,#5166,#5168,.T.);
#5166 = VERTEX_POINT('',#5167);
#5167 = CARTESIAN_POINT('',(-9.323591931736,-0.550334934806,12.9204));
#5168 = SURFACE_CURVE('',#5169,(#5173,#5180),.PCURVE_S1.);
#5169 = LINE('',#5170,#5171);
#5170 = CARTESIAN_POINT('',(-9.238778456627,-1.369833686751,12.9204));
#5171 = VECTOR('',#5172,1.);
#5172 = DIRECTION('',(-0.102944476403,0.994687103957,0.));
#5173 = PCURVE('',#1221,#5174);
#5174 = DEFINITIONAL_REPRESENTATION('',(#5175),#5179);
#5175 = LINE('',#5176,#5177);
#5176 = CARTESIAN_POINT('',(-7.314586071349,-5.80493999497));
#5177 = VECTOR('',#5178,1.);
#5178 = DIRECTION('',(-0.586496083723,0.809952062642));
#5179 = ( GEOMETRIC_REPRESENTATION_CONTEXT(2) 
PARAMETRIC_REPRESENTATION_CONTEXT() REPRESENTATION_CONTEXT('2D SPACE',''
  ) );
#5180 = PCURVE('',#5181,#5186);
#5181 = PLANE('',#5182);
#5182 = AXIS2_PLACEMENT_3D('',#5183,#5184,#5185);
#5183 = CARTESIAN_POINT('',(-9.238778456627,-1.369833686751,12.2704));
#5184 = DIRECTION('',(-0.994687103957,-0.102944476403,0.));
#5185 = DIRECTION('',(-0.102944476403,0.994687103957,0.));
#5186 = DEFINITIONAL_REPRESENTATION('',(#5187),#5191);
#5187 = LINE('',#5188,#5189);
#5188 = CARTESIAN_POINT('',(0.,-0.65));
#5189 = VECTOR('',#5190,1.);
#5190 = DIRECTION('',(1.,0.));
#5191 = ( GEOMETRIC_REPRESENTATION_CONTEXT(2) 
PARAMETRIC_REPRESENTATION_CONTEXT() REPRESENTATION_CONTEXT('2D SPACE',''
  ) );
#5192 = ORIENTED_EDGE('',*,*,#5193,.T.);
#5193 = EDGE_CURVE('',#5166,#5194,#5196,.T.);
#5194 = VERTEX_POINT('',#5195);
#5195 = CARTESIAN_POINT('',(-9.335787664835,0.273541435831,12.9204));
#5196 = SURFACE_CURVE('',#5197,(#5201,#5208),.PCURVE_S1.);
#5197 = LINE('',#5198,#5199);
#5198 = CARTESIAN_POINT('',(-9.323591931736,-0.550334934806,12.9204));
#5199 = VECTOR('',#5200,1.);
#5200 = DIRECTION('',(-1.480124635042E-02,0.999890455553,0.));
#5201 = PCURVE('',#1221,#5202);
#5202 = DEFINITIONAL_REPRESENTATION('',(#5203),#5207);
#5203 = LINE('',#5204,#5205);
#5204 = CARTESIAN_POINT('',(-7.797786071349,-5.13763999497));
#5205 = VECTOR('',#5206,1.);
#5206 = DIRECTION('',(-0.512763483124,0.858529912335));
#5207 = ( GEOMETRIC_REPRESENTATION_CONTEXT(2) 
PARAMETRIC_REPRESENTATION_CONTEXT() REPRESENTATION_CONTEXT('2D SPACE',''
  ) );
#5208 = PCURVE('',#5209,#5214);
#5209 = PLANE('',#5210);
#5210 = AXIS2_PLACEMENT_3D('',#5211,#5212,#5213);
#5211 = CARTESIAN_POINT('',(-9.323591931736,-0.550334934806,12.2704));
#5212 = DIRECTION('',(-0.999890455553,-1.480124635042E-02,0.));
#5213 = DIRECTION('',(-1.480124635042E-02,0.999890455553,0.));
#5214 = DEFINITIONAL_REPRESENTATION('',(#5215),#5219);
#5215 = LINE('',#5216,#5217);
#5216 = CARTESIAN_POINT('',(0.,-0.65));
#5217 = VECTOR('',#5218,1.);
#5218 = DIRECTION('',(1.,0.));
#5219 = ( GEOMETRIC_REPRESENTATION_CONTEXT(2) 
PARAMETRIC_REPRESENTATION_CONTEXT() REPRESENTATION_CONTEXT('2D SPACE',''
  ) );
#5220 = ORIENTED_EDGE('',*,*,#5221,.T.);
#5221 = EDGE_CURVE('',#5194,#5222,#5224,.T.);
#5222 = VERTEX_POINT('',#5223);
#5223 = CARTESIAN_POINT('',(-9.275357772092,1.095209080358,12.9204));
#5224 = SURFACE_CURVE('',#5225,(#5229,#5236),.PCURVE_S1.);
#5225 = LINE('',#5226,#5227);
#5226 = CARTESIAN_POINT('',(-9.335787664835,0.273541435831,12.9204));
#5227 = VECTOR('',#5228,1.);
#5228 = DIRECTION('',(7.334732316735E-02,0.997306457507,0.));
#5229 = PCURVE('',#1221,#5230);
#5230 = DEFINITIONAL_REPRESENTATION('',(#5231),#5235);
#5231 = LINE('',#5232,#5233);
#5232 = CARTESIAN_POINT('',(-8.220286071349,-4.43023999497));
#5233 = VECTOR('',#5234,1.);
#5234 = DIRECTION('',(-0.435132583591,0.900366389143));
#5235 = ( GEOMETRIC_REPRESENTATION_CONTEXT(2) 
PARAMETRIC_REPRESENTATION_CONTEXT() REPRESENTATION_CONTEXT('2D SPACE',''
  ) );
#5236 = PCURVE('',#5237,#5242);
#5237 = PLANE('',#5238);
#5238 = AXIS2_PLACEMENT_3D('',#5239,#5240,#5241);
#5239 = CARTESIAN_POINT('',(-9.335787664835,0.273541435831,12.2704));
#5240 = DIRECTION('',(-0.997306457507,7.334732316735E-02,0.));
#5241 = DIRECTION('',(7.334732316735E-02,0.997306457507,0.));
#5242 = DEFINITIONAL_REPRESENTATION('',(#5243),#5247);
#5243 = LINE('',#5244,#5245);
#5244 = CARTESIAN_POINT('',(0.,-0.65));
#5245 = VECTOR('',#5246,1.);
#5246 = DIRECTION('',(1.,0.));
#5247 = ( GEOMETRIC_REPRESENTATION_CONTEXT(2) 
PARAMETRIC_REPRESENTATION_CONTEXT() REPRESENTATION_CONTEXT('2D SPACE',''
  ) );
#5248 = ORIENTED_EDGE('',*,*,#5249,.T.);
#5249 = EDGE_CURVE('',#5222,#5250,#5252,.T.);
#5250 = VERTEX_POINT('',#5251);
#5251 = CARTESIAN_POINT('',(-9.142813984916,1.908381653974,12.9204));
#5252 = SURFACE_CURVE('',#5253,(#5257,#5264),.PCURVE_S1.);
#5253 = LINE('',#5254,#5255);
#5254 = CARTESIAN_POINT('',(-9.275357772092,1.095209080358,12.9204));
#5255 = VECTOR('',#5256,1.);
#5256 = DIRECTION('',(0.160872889996,0.986975133053,0.));
#5257 = PCURVE('',#1221,#5258);
#5258 = DEFINITIONAL_REPRESENTATION('',(#5259),#5263);
#5259 = LINE('',#5260,#5261);
#5260 = CARTESIAN_POINT('',(-8.578786071349,-3.68843999497));
#5261 = VECTOR('',#5262,1.);
#5262 = DIRECTION('',(-0.35416755701,0.935181983125));
#5263 = ( GEOMETRIC_REPRESENTATION_CONTEXT(2) 
PARAMETRIC_REPRESENTATION_CONTEXT() REPRESENTATION_CONTEXT('2D SPACE',''
  ) );
#5264 = PCURVE('',#5265,#5270);
#5265 = PLANE('',#5266);
#5266 = AXIS2_PLACEMENT_3D('',#5267,#5268,#5269);
#5267 = CARTESIAN_POINT('',(-9.275357772092,1.095209080358,12.2704));
#5268 = DIRECTION('',(-0.986975133053,0.160872889996,0.));
#5269 = DIRECTION('',(0.160872889996,0.986975133053,0.));
#5270 = DEFINITIONAL_REPRESENTATION('',(#5271),#5275);
#5271 = LINE('',#5272,#5273);
#5272 = CARTESIAN_POINT('',(0.,-0.65));
#5273 = VECTOR('',#5274,1.);
#5274 = DIRECTION('',(1.,0.));
#5275 = ( GEOMETRIC_REPRESENTATION_CONTEXT(2) 
PARAMETRIC_REPRESENTATION_CONTEXT() REPRESENTATION_CONTEXT('2D SPACE',''
  ) );
#5276 = ORIENTED_EDGE('',*,*,#5277,.T.);
#5277 = EDGE_CURVE('',#5250,#5278,#5280,.T.);
#5278 = VERTEX_POINT('',#5279);
#5279 = CARTESIAN_POINT('',(-8.939077842339,2.706663004256,12.9204));
#5280 = SURFACE_CURVE('',#5281,(#5285,#5292),.PCURVE_S1.);
#5281 = LINE('',#5282,#5283);
#5282 = CARTESIAN_POINT('',(-9.142813984916,1.908381653974,12.9204));
#5283 = VECTOR('',#5284,1.);
#5284 = DIRECTION('',(0.247291659645,0.968941089577,0.));
#5285 = PCURVE('',#1221,#5286);
#5286 = DEFINITIONAL_REPRESENTATION('',(#5287),#5291);
#5287 = LINE('',#5288,#5289);
#5288 = CARTESIAN_POINT('',(-8.870586071349,-2.91793999497));
#5289 = VECTOR('',#5290,1.);
#5290 = DIRECTION('',(-0.270309685392,0.962773428166));
#5291 = ( GEOMETRIC_REPRESENTATION_CONTEXT(2) 
PARAMETRIC_REPRESENTATION_CONTEXT() REPRESENTATION_CONTEXT('2D SPACE',''
  ) );
#5292 = PCURVE('',#5293,#5298);
#5293 = PLANE('',#5294);
#5294 = AXIS2_PLACEMENT_3D('',#5295,#5296,#5297);
#5295 = CARTESIAN_POINT('',(-9.142813984916,1.908381653974,12.2704));
#5296 = DIRECTION('',(-0.968941089577,0.247291659645,0.));
#5297 = DIRECTION('',(0.247291659645,0.968941089577,0.));
#5298 = DEFINITIONAL_REPRESENTATION('',(#5299),#5303);
#5299 = LINE('',#5300,#5301);
#5300 = CARTESIAN_POINT('',(0.,-0.65));
#5301 = VECTOR('',#5302,1.);
#5302 = DIRECTION('',(1.,0.));
#5303 = ( GEOMETRIC_REPRESENTATION_CONTEXT(2) 
PARAMETRIC_REPRESENTATION_CONTEXT() REPRESENTATION_CONTEXT('2D SPACE',''
  ) );
#5304 = ORIENTED_EDGE('',*,*,#5305,.T.);
#5305 = EDGE_CURVE('',#5278,#5306,#5308,.T.);
#5306 = VERTEX_POINT('',#5307);
#5307 = CARTESIAN_POINT('',(-8.665727101174,3.483920376241,12.9204));
#5308 = SURFACE_CURVE('',#5309,(#5313,#5320),.PCURVE_S1.);
#5309 = LINE('',#5310,#5311);
#5310 = CARTESIAN_POINT('',(-8.939077842339,2.706663004256,12.9204));
#5311 = VECTOR('',#5312,1.);
#5312 = DIRECTION('',(0.331767206924,0.943361288378,0.));
#5313 = PCURVE('',#1221,#5314);
#5314 = DEFINITIONAL_REPRESENTATION('',(#5315),#5319);
#5315 = LINE('',#5316,#5317);
#5316 = CARTESIAN_POINT('',(-9.093286071349,-2.12473999497));
#5317 = VECTOR('',#5318,1.);
#5318 = DIRECTION('',(-0.18436181485,0.982858444144));
#5319 = ( GEOMETRIC_REPRESENTATION_CONTEXT(2) 
PARAMETRIC_REPRESENTATION_CONTEXT() REPRESENTATION_CONTEXT('2D SPACE',''
  ) );
#5320 = PCURVE('',#5321,#5326);
#5321 = PLANE('',#5322);
#5322 = AXIS2_PLACEMENT_3D('',#5323,#5324,#5325);
#5323 = CARTESIAN_POINT('',(-8.939077842339,2.706663004256,12.2704));
#5324 = DIRECTION('',(-0.943361288378,0.331767206924,0.));
#5325 = DIRECTION('',(0.331767206924,0.943361288378,0.));
#5326 = DEFINITIONAL_REPRESENTATION('',(#5327),#5331);
#5327 = LINE('',#5328,#5329);
#5328 = CARTESIAN_POINT('',(0.,-0.65));
#5329 = VECTOR('',#5330,1.);
#5330 = DIRECTION('',(1.,0.));
#5331 = ( GEOMETRIC_REPRESENTATION_CONTEXT(2) 
PARAMETRIC_REPRESENTATION_CONTEXT() REPRESENTATION_CONTEXT('2D SPACE',''
  ) );
#5332 = ORIENTED_EDGE('',*,*,#5333,.T.);
#5333 = EDGE_CURVE('',#5306,#5334,#5336,.T.);
#5334 = VERTEX_POINT('',#5335);
#5335 = CARTESIAN_POINT('',(-8.325009133476,4.234061207344,12.9204));
#5336 = SURFACE_CURVE('',#5337,(#5341,#5348),.PCURVE_S1.);
#5337 = LINE('',#5338,#5339);
#5338 = CARTESIAN_POINT('',(-8.665727101174,3.483920376241,12.9204));
#5339 = VECTOR('',#5340,1.);
#5340 = DIRECTION('',(0.413546281185,0.910483098865,0.));
#5341 = PCURVE('',#1221,#5342);
#5342 = DEFINITIONAL_REPRESENTATION('',(#5343),#5347);
#5343 = LINE('',#5344,#5345);
#5344 = CARTESIAN_POINT('',(-9.245186071349,-1.31493999497));
#5345 = VECTOR('',#5346,1.);
#5346 = DIRECTION('',(-9.709996428543E-02,0.995274633926));
#5347 = ( GEOMETRIC_REPRESENTATION_CONTEXT(2) 
PARAMETRIC_REPRESENTATION_CONTEXT() REPRESENTATION_CONTEXT('2D SPACE',''
  ) );
#5348 = PCURVE('',#5349,#5354);
#5349 = PLANE('',#5350);
#5350 = AXIS2_PLACEMENT_3D('',#5351,#5352,#5353);
#5351 = CARTESIAN_POINT('',(-8.665727101174,3.483920376241,12.2704));
#5352 = DIRECTION('',(-0.910483098865,0.413546281185,0.));
#5353 = DIRECTION('',(0.413546281185,0.910483098865,0.));
#5354 = DEFINITIONAL_REPRESENTATION('',(#5355),#5359);
#5355 = LINE('',#5356,#5357);
#5356 = CARTESIAN_POINT('',(0.,-0.65));
#5357 = VECTOR('',#5358,1.);
#5358 = DIRECTION('',(1.,0.));
#5359 = ( GEOMETRIC_REPRESENTATION_CONTEXT(2) 
PARAMETRIC_REPRESENTATION_CONTEXT() REPRESENTATION_CONTEXT('2D SPACE',''
  ) );
#5360 = ORIENTED_EDGE('',*,*,#5361,.T.);
#5361 = EDGE_CURVE('',#5334,#5362,#5364,.T.);
#5362 = VERTEX_POINT('',#5363);
#5363 = CARTESIAN_POINT('',(-7.919467721464,4.951279537522,12.9204));
#5364 = SURFACE_CURVE('',#5365,(#5369,#5376),.PCURVE_S1.);
#5365 = LINE('',#5366,#5367);
#5366 = CARTESIAN_POINT('',(-8.325009133476,4.234061207344,12.9204));
#5367 = VECTOR('',#5368,1.);
#5368 = DIRECTION('',(0.49220179075,0.870481129711,0.));
#5369 = PCURVE('',#1221,#5370);
#5370 = DEFINITIONAL_REPRESENTATION('',(#5371),#5375);
#5371 = LINE('',#5372,#5373);
#5372 = CARTESIAN_POINT('',(-9.325186071349,-0.49493999497));
#5373 = VECTOR('',#5374,1.);
#5374 = DIRECTION('',(-8.981310277246E-03,0.999959667219));
#5375 = ( GEOMETRIC_REPRESENTATION_CONTEXT(2) 
PARAMETRIC_REPRESENTATION_CONTEXT() REPRESENTATION_CONTEXT('2D SPACE',''
  ) );
#5376 = PCURVE('',#5377,#5382);
#5377 = PLANE('',#5378);
#5378 = AXIS2_PLACEMENT_3D('',#5379,#5380,#5381);
#5379 = CARTESIAN_POINT('',(-8.325009133476,4.234061207344,12.2704));
#5380 = DIRECTION('',(-0.870481129711,0.49220179075,0.));
#5381 = DIRECTION('',(0.49220179075,0.870481129711,0.));
#5382 = DEFINITIONAL_REPRESENTATION('',(#5383),#5387);
#5383 = LINE('',#5384,#5385);
#5384 = CARTESIAN_POINT('',(0.,-0.65));
#5385 = VECTOR('',#5386,1.);
#5386 = DIRECTION('',(1.,0.));
#5387 = ( GEOMETRIC_REPRESENTATION_CONTEXT(2) 
PARAMETRIC_REPRESENTATION_CONTEXT() REPRESENTATION_CONTEXT('2D SPACE',''
  ) );
#5388 = ORIENTED_EDGE('',*,*,#5389,.T.);
#5389 = EDGE_CURVE('',#5362,#5390,#5392,.T.);
#5390 = VERTEX_POINT('',#5391);
#5391 = CARTESIAN_POINT('',(-7.452266262597,5.62989620165,12.9204));
#5392 = SURFACE_CURVE('',#5393,(#5397,#5404),.PCURVE_S1.);
#5393 = LINE('',#5394,#5395);
#5394 = CARTESIAN_POINT('',(-7.919467721464,4.951279537522,12.9204));
#5395 = VECTOR('',#5396,1.);
#5396 = DIRECTION('',(0.567066489416,0.823672020031,0.));
#5397 = PCURVE('',#1221,#5398);
#5398 = DEFINITIONAL_REPRESENTATION('',(#5399),#5403);
#5399 = LINE('',#5400,#5401);
#5400 = CARTESIAN_POINT('',(-9.332586071349,0.32896000503));
#5401 = VECTOR('',#5402,1.);
#5402 = DIRECTION('',(7.925797545379E-02,0.996854138441));
#5403 = ( GEOMETRIC_REPRESENTATION_CONTEXT(2) 
PARAMETRIC_REPRESENTATION_CONTEXT() REPRESENTATION_CONTEXT('2D SPACE',''
  ) );
#5404 = PCURVE('',#5405,#5410);
#5405 = PLANE('',#5406);
#5406 = AXIS2_PLACEMENT_3D('',#5407,#5408,#5409);
#5407 = CARTESIAN_POINT('',(-7.919467721464,4.951279537522,12.2704));
#5408 = DIRECTION('',(-0.823672020031,0.567066489416,0.));
#5409 = DIRECTION('',(0.567066489416,0.823672020031,0.));
#5410 = DEFINITIONAL_REPRESENTATION('',(#5411),#5415);
#5411 = LINE('',#5412,#5413);
#5412 = CARTESIAN_POINT('',(0.,-0.65));
#5413 = VECTOR('',#5414,1.);
#5414 = DIRECTION('',(1.,0.));
#5415 = ( GEOMETRIC_REPRESENTATION_CONTEXT(2) 
PARAMETRIC_REPRESENTATION_CONTEXT() REPRESENTATION_CONTEXT('2D SPACE',''
  ) );
#5416 = ORIENTED_EDGE('',*,*,#5417,.T.);
#5417 = EDGE_CURVE('',#5390,#5418,#5420,.T.);
#5418 = VERTEX_POINT('',#5419);
#5419 = CARTESIAN_POINT('',(-6.927074372117,6.264755239685,12.9204));
#5420 = SURFACE_CURVE('',#5421,(#5425,#5432),.PCURVE_S1.);
#5421 = LINE('',#5422,#5423);
#5422 = CARTESIAN_POINT('',(-7.452266262597,5.62989620165,12.9204));
#5423 = VECTOR('',#5424,1.);
#5424 = DIRECTION('',(0.637417374086,0.77051871568,0.));
#5425 = PCURVE('',#1221,#5426);
#5426 = DEFINITIONAL_REPRESENTATION('',(#5427),#5431);
#5427 = LINE('',#5428,#5429);
#5428 = CARTESIAN_POINT('',(-9.267286071349,1.15026000503));
#5429 = VECTOR('',#5430,1.);
#5430 = DIRECTION('',(0.166760280931,0.985997468913));
#5431 = ( GEOMETRIC_REPRESENTATION_CONTEXT(2) 
PARAMETRIC_REPRESENTATION_CONTEXT() REPRESENTATION_CONTEXT('2D SPACE',''
  ) );
#5432 = PCURVE('',#5433,#5438);
#5433 = PLANE('',#5434);
#5434 = AXIS2_PLACEMENT_3D('',#5435,#5436,#5437);
#5435 = CARTESIAN_POINT('',(-7.452266262597,5.62989620165,12.2704));
#5436 = DIRECTION('',(-0.77051871568,0.637417374086,0.));
#5437 = DIRECTION('',(0.637417374086,0.77051871568,0.));
#5438 = DEFINITIONAL_REPRESENTATION('',(#5439),#5443);
#5439 = LINE('',#5440,#5441);
#5440 = CARTESIAN_POINT('',(0.,-0.65));
#5441 = VECTOR('',#5442,1.);
#5442 = DIRECTION('',(1.,0.));
#5443 = ( GEOMETRIC_REPRESENTATION_CONTEXT(2) 
PARAMETRIC_REPRESENTATION_CONTEXT() REPRESENTATION_CONTEXT('2D SPACE',''
  ) );
#5444 = ORIENTED_EDGE('',*,*,#5445,.T.);
#5445 = EDGE_CURVE('',#5418,#5446,#5448,.T.);
#5446 = VERTEX_POINT('',#5447);
#5447 = CARTESIAN_POINT('',(-6.348044677969,6.850864089041,12.9204));
#5448 = SURFACE_CURVE('',#5449,(#5453,#5460),.PCURVE_S1.);
#5449 = LINE('',#5450,#5451);
#5450 = CARTESIAN_POINT('',(-6.927074372117,6.264755239685,12.9204));
#5451 = VECTOR('',#5452,1.);
#5452 = DIRECTION('',(0.702797565982,0.711389893975,0.));
#5453 = PCURVE('',#1221,#5454);
#5454 = DEFINITIONAL_REPRESENTATION('',(#5455),#5459);
#5455 = LINE('',#5456,#5457);
#5456 = CARTESIAN_POINT('',(-9.129886071349,1.96266000503));
#5457 = VECTOR('',#5458,1.);
#5458 = DIRECTION('',(0.252945598871,0.967480503169));
#5459 = ( GEOMETRIC_REPRESENTATION_CONTEXT(2) 
PARAMETRIC_REPRESENTATION_CONTEXT() REPRESENTATION_CONTEXT('2D SPACE',''
  ) );
#5460 = PCURVE('',#5461,#5466);
#5461 = PLANE('',#5462);
#5462 = AXIS2_PLACEMENT_3D('',#5463,#5464,#5465);
#5463 = CARTESIAN_POINT('',(-6.927074372117,6.264755239685,12.2704));
#5464 = DIRECTION('',(-0.711389893975,0.702797565982,0.));
#5465 = DIRECTION('',(0.702797565982,0.711389893975,0.));
#5466 = DEFINITIONAL_REPRESENTATION('',(#5467),#5471);
#5467 = LINE('',#5468,#5469);
#5468 = CARTESIAN_POINT('',(0.,-0.65));
#5469 = VECTOR('',#5470,1.);
#5470 = DIRECTION('',(1.,0.));
#5471 = ( GEOMETRIC_REPRESENTATION_CONTEXT(2) 
PARAMETRIC_REPRESENTATION_CONTEXT() REPRESENTATION_CONTEXT('2D SPACE',''
  ) );
#5472 = ORIENTED_EDGE('',*,*,#5473,.T.);
#5473 = EDGE_CURVE('',#5446,#5474,#5476,.T.);
#5474 = VERTEX_POINT('',#5475);
#5475 = CARTESIAN_POINT('',(-5.719662820797,7.383653392216,12.9204));
#5476 = SURFACE_CURVE('',#5477,(#5481,#5488),.PCURVE_S1.);
#5477 = LINE('',#5478,#5479);
#5478 = CARTESIAN_POINT('',(-6.348044677969,6.850864089041,12.9204));
#5479 = VECTOR('',#5480,1.);
#5480 = DIRECTION('',(0.762738538974,0.646706982461,0.));
#5481 = PCURVE('',#1221,#5482);
#5482 = DEFINITIONAL_REPRESENTATION('',(#5483),#5487);
#5483 = LINE('',#5484,#5485);
#5484 = CARTESIAN_POINT('',(-8.921486071349,2.75976000503));
#5485 = VECTOR('',#5486,1.);
#5486 = DIRECTION('',(0.337197459966,0.941433945103));
#5487 = ( GEOMETRIC_REPRESENTATION_CONTEXT(2) 
PARAMETRIC_REPRESENTATION_CONTEXT() REPRESENTATION_CONTEXT('2D SPACE',''
  ) );
#5488 = PCURVE('',#5489,#5494);
#5489 = PLANE('',#5490);
#5490 = AXIS2_PLACEMENT_3D('',#5491,#5492,#5493);
#5491 = CARTESIAN_POINT('',(-6.348044677969,6.850864089041,12.2704));
#5492 = DIRECTION('',(-0.646706982461,0.762738538974,0.));
#5493 = DIRECTION('',(0.762738538974,0.646706982461,0.));
#5494 = DEFINITIONAL_REPRESENTATION('',(#5495),#5499);
#5495 = LINE('',#5496,#5497);
#5496 = CARTESIAN_POINT('',(0.,-0.65));
#5497 = VECTOR('',#5498,1.);
#5498 = DIRECTION('',(1.,0.));
#5499 = ( GEOMETRIC_REPRESENTATION_CONTEXT(2) 
PARAMETRIC_REPRESENTATION_CONTEXT() REPRESENTATION_CONTEXT('2D SPACE',''
  ) );
#5500 = ORIENTED_EDGE('',*,*,#5501,.T.);
#5501 = EDGE_CURVE('',#5474,#5502,#5504,.T.);
#5502 = VERTEX_POINT('',#5503);
#5503 = CARTESIAN_POINT('',(-5.046610851411,7.859013599328,12.9204));
#5504 = SURFACE_CURVE('',#5505,(#5509,#5516),.PCURVE_S1.);
#5505 = LINE('',#5506,#5507);
#5506 = CARTESIAN_POINT('',(-5.719662820797,7.383653392216,12.9204));
#5507 = VECTOR('',#5508,1.);
#5508 = DIRECTION('',(0.81681648912,0.576897584586,0.));
#5509 = PCURVE('',#1221,#5510);
#5510 = DEFINITIONAL_REPRESENTATION('',(#5511),#5515);
#5511 = LINE('',#5512,#5513);
#5512 = CARTESIAN_POINT('',(-8.643686071349,3.53536000503));
#5513 = VECTOR('',#5514,1.);
#5514 = DIRECTION('',(0.418935037515,0.908016208194));
#5515 = ( GEOMETRIC_REPRESENTATION_CONTEXT(2) 
PARAMETRIC_REPRESENTATION_CONTEXT() REPRESENTATION_CONTEXT('2D SPACE',''
  ) );
#5516 = PCURVE('',#5517,#5522);
#5517 = PLANE('',#5518);
#5518 = AXIS2_PLACEMENT_3D('',#5519,#5520,#5521);
#5519 = CARTESIAN_POINT('',(-5.719662820797,7.383653392216,12.2704));
#5520 = DIRECTION('',(-0.576897584586,0.81681648912,0.));
#5521 = DIRECTION('',(0.81681648912,0.576897584586,0.));
#5522 = DEFINITIONAL_REPRESENTATION('',(#5523),#5527);
#5523 = LINE('',#5524,#5525);
#5524 = CARTESIAN_POINT('',(0.,-0.65));
#5525 = VECTOR('',#5526,1.);
#5526 = DIRECTION('',(1.,0.));
#5527 = ( GEOMETRIC_REPRESENTATION_CONTEXT(2) 
PARAMETRIC_REPRESENTATION_CONTEXT() REPRESENTATION_CONTEXT('2D SPACE',''
  ) );
#5528 = ORIENTED_EDGE('',*,*,#5529,.T.);
#5529 = EDGE_CURVE('',#5502,#5530,#5532,.T.);
#5530 = VERTEX_POINT('',#5531);
#5531 = CARTESIAN_POINT('',(-4.33440024348,8.273198557953,12.9204));
#5532 = SURFACE_CURVE('',#5533,(#5537,#5544),.PCURVE_S1.);
#5533 = LINE('',#5534,#5535);
#5534 = CARTESIAN_POINT('',(-5.046610851411,7.859013599328,12.9204));
#5535 = VECTOR('',#5536,1.);
#5536 = DIRECTION('',(0.864449681895,0.502719352594,0.));
#5537 = PCURVE('',#1221,#5538);
#5538 = DEFINITIONAL_REPRESENTATION('',(#5539),#5543);
#5539 = LINE('',#5540,#5541);
#5540 = CARTESIAN_POINT('',(-8.298486071349,4.28356000503));
#5541 = VECTOR('',#5542,1.);
#5542 = DIRECTION('',(0.497275708517,0.867592571267));
#5543 = ( GEOMETRIC_REPRESENTATION_CONTEXT(2) 
PARAMETRIC_REPRESENTATION_CONTEXT() REPRESENTATION_CONTEXT('2D SPACE',''
  ) );
#5544 = PCURVE('',#5545,#5550);
#5545 = PLANE('',#5546);
#5546 = AXIS2_PLACEMENT_3D('',#5547,#5548,#5549);
#5547 = CARTESIAN_POINT('',(-5.046610851411,7.859013599328,12.2704));
#5548 = DIRECTION('',(-0.502719352594,0.864449681895,0.));
#5549 = DIRECTION('',(0.864449681895,0.502719352594,0.));
#5550 = DEFINITIONAL_REPRESENTATION('',(#5551),#5555);
#5551 = LINE('',#5552,#5553);
#5552 = CARTESIAN_POINT('',(0.,-0.65));
#5553 = VECTOR('',#5554,1.);
#5554 = DIRECTION('',(1.,0.));
#5555 = ( GEOMETRIC_REPRESENTATION_CONTEXT(2) 
PARAMETRIC_REPRESENTATION_CONTEXT() REPRESENTATION_CONTEXT('2D SPACE',''
  ) );
#5556 = ORIENTED_EDGE('',*,*,#5557,.T.);
#5557 = EDGE_CURVE('',#5530,#5558,#5560,.T.);
#5558 = VERTEX_POINT('',#5559);
#5559 = CARTESIAN_POINT('',(-3.588465675758,8.622995128371,12.9204));
#5560 = SURFACE_CURVE('',#5561,(#5565,#5572),.PCURVE_S1.);
#5561 = LINE('',#5562,#5563);
#5562 = CARTESIAN_POINT('',(-4.33440024348,8.273198557953,12.9204));
#5563 = VECTOR('',#5564,1.);
#5564 = DIRECTION('',(0.90539374115,0.424572930705,0.));
#5565 = PCURVE('',#1221,#5566);
#5566 = DEFINITIONAL_REPRESENTATION('',(#5567),#5571);
#5567 = LINE('',#5568,#5569);
#5568 = CARTESIAN_POINT('',(-7.888786071349,4.99836000503));
#5569 = VECTOR('',#5570,1.);
#5570 = DIRECTION('',(0.571807514911,0.820387814324));
#5571 = ( GEOMETRIC_REPRESENTATION_CONTEXT(2) 
PARAMETRIC_REPRESENTATION_CONTEXT() REPRESENTATION_CONTEXT('2D SPACE',''
  ) );
#5572 = PCURVE('',#5573,#5578);
#5573 = PLANE('',#5574);
#5574 = AXIS2_PLACEMENT_3D('',#5575,#5576,#5577);
#5575 = CARTESIAN_POINT('',(-4.33440024348,8.273198557953,12.2704));
#5576 = DIRECTION('',(-0.424572930705,0.90539374115,0.));
#5577 = DIRECTION('',(0.90539374115,0.424572930705,0.));
#5578 = DEFINITIONAL_REPRESENTATION('',(#5579),#5583);
#5579 = LINE('',#5580,#5581);
#5580 = CARTESIAN_POINT('',(0.,-0.65));
#5581 = VECTOR('',#5582,1.);
#5582 = DIRECTION('',(1.,0.));
#5583 = ( GEOMETRIC_REPRESENTATION_CONTEXT(2) 
PARAMETRIC_REPRESENTATION_CONTEXT() REPRESENTATION_CONTEXT('2D SPACE',''
  ) );
#5584 = ORIENTED_EDGE('',*,*,#5585,.T.);
#5585 = EDGE_CURVE('',#5558,#5586,#5588,.T.);
#5586 = VERTEX_POINT('',#5587);
#5587 = CARTESIAN_POINT('',(-2.814574839696,8.905613375942,12.9204));
#5588 = SURFACE_CURVE('',#5589,(#5593,#5600),.PCURVE_S1.);
#5589 = LINE('',#5590,#5591);
#5590 = CARTESIAN_POINT('',(-3.588465675758,8.622995128371,12.9204));
#5591 = VECTOR('',#5592,1.);
#5592 = DIRECTION('',(0.939323425691,0.343032800106,0.));
#5593 = PCURVE('',#1221,#5594);
#5594 = DEFINITIONAL_REPRESENTATION('',(#5595),#5599);
#5595 = LINE('',#5596,#5597);
#5596 = CARTESIAN_POINT('',(-7.417686071349,5.67426000503));
#5597 = VECTOR('',#5598,1.);
#5598 = DIRECTION('',(0.641961548965,0.766736832069));
#5599 = ( GEOMETRIC_REPRESENTATION_CONTEXT(2) 
PARAMETRIC_REPRESENTATION_CONTEXT() REPRESENTATION_CONTEXT('2D SPACE',''
  ) );
#5600 = PCURVE('',#5601,#5606);
#5601 = PLANE('',#5602);
#5602 = AXIS2_PLACEMENT_3D('',#5603,#5604,#5605);
#5603 = CARTESIAN_POINT('',(-3.588465675758,8.622995128371,12.2704));
#5604 = DIRECTION('',(-0.343032800106,0.939323425691,0.));
#5605 = DIRECTION('',(0.939323425691,0.343032800106,0.));
#5606 = DEFINITIONAL_REPRESENTATION('',(#5607),#5611);
#5607 = LINE('',#5608,#5609);
#5608 = CARTESIAN_POINT('',(0.,-0.65));
#5609 = VECTOR('',#5610,1.);
#5610 = DIRECTION('',(1.,0.));
#5611 = ( GEOMETRIC_REPRESENTATION_CONTEXT(2) 
PARAMETRIC_REPRESENTATION_CONTEXT() REPRESENTATION_CONTEXT('2D SPACE',''
  ) );
#5612 = ORIENTED_EDGE('',*,*,#5613,.T.);
#5613 = EDGE_CURVE('',#5586,#5614,#5616,.T.);
#5614 = VERTEX_POINT('',#5615);
#5615 = CARTESIAN_POINT('',(-2.018765041991,9.118996378727,12.9204));
#5616 = SURFACE_CURVE('',#5617,(#5621,#5628),.PCURVE_S1.);
#5617 = LINE('',#5618,#5619);
#5618 = CARTESIAN_POINT('',(-2.814574839696,8.905613375942,12.9204));
#5619 = VECTOR('',#5620,1.);
#5620 = DIRECTION('',(0.965881387233,0.258984837001,0.));
#5621 = PCURVE('',#1221,#5622);
#5622 = DEFINITIONAL_REPRESENTATION('',(#5623),#5627);
#5623 = LINE('',#5624,#5625);
#5624 = CARTESIAN_POINT('',(-6.888786071349,6.30596000503));
#5625 = VECTOR('',#5626,1.);
#5626 = DIRECTION('',(0.706985399886,0.707228141654));
#5627 = ( GEOMETRIC_REPRESENTATION_CONTEXT(2) 
PARAMETRIC_REPRESENTATION_CONTEXT() REPRESENTATION_CONTEXT('2D SPACE',''
  ) );
#5628 = PCURVE('',#5629,#5634);
#5629 = PLANE('',#5630);
#5630 = AXIS2_PLACEMENT_3D('',#5631,#5632,#5633);
#5631 = CARTESIAN_POINT('',(-2.814574839696,8.905613375942,12.2704));
#5632 = DIRECTION('',(-0.258984837001,0.965881387233,0.));
#5633 = DIRECTION('',(0.965881387233,0.258984837001,0.));
#5634 = DEFINITIONAL_REPRESENTATION('',(#5635),#5639);
#5635 = LINE('',#5636,#5637);
#5636 = CARTESIAN_POINT('',(0.,-0.65));
#5637 = VECTOR('',#5638,1.);
#5638 = DIRECTION('',(1.,0.));
#5639 = ( GEOMETRIC_REPRESENTATION_CONTEXT(2) 
PARAMETRIC_REPRESENTATION_CONTEXT() REPRESENTATION_CONTEXT('2D SPACE',''
  ) );
#5640 = ORIENTED_EDGE('',*,*,#5641,.T.);
#5641 = EDGE_CURVE('',#5614,#5642,#5644,.T.);
#5642 = VERTEX_POINT('',#5643);
#5643 = CARTESIAN_POINT('',(-1.207319999502,9.261460419869,12.9204));
#5644 = SURFACE_CURVE('',#5645,(#5649,#5656),.PCURVE_S1.);
#5645 = LINE('',#5646,#5647);
#5646 = CARTESIAN_POINT('',(-2.018765041991,9.118996378727,12.9204));
#5647 = VECTOR('',#5648,1.);
#5648 = DIRECTION('',(0.984935270871,0.172923428704,0.));
#5649 = PCURVE('',#1221,#5650);
#5650 = DEFINITIONAL_REPRESENTATION('',(#5651),#5655);
#5651 = LINE('',#5652,#5653);
#5652 = CARTESIAN_POINT('',(-6.306286071349,6.88866000503));
#5653 = VECTOR('',#5654,1.);
#5654 = DIRECTION('',(0.766517251306,0.642223717602));
#5655 = ( GEOMETRIC_REPRESENTATION_CONTEXT(2) 
PARAMETRIC_REPRESENTATION_CONTEXT() REPRESENTATION_CONTEXT('2D SPACE',''
  ) );
#5656 = PCURVE('',#5657,#5662);
#5657 = PLANE('',#5658);
#5658 = AXIS2_PLACEMENT_3D('',#5659,#5660,#5661);
#5659 = CARTESIAN_POINT('',(-2.018765041991,9.118996378727,12.2704));
#5660 = DIRECTION('',(-0.172923428704,0.984935270871,0.));
#5661 = DIRECTION('',(0.984935270871,0.172923428704,0.));
#5662 = DEFINITIONAL_REPRESENTATION('',(#5663),#5667);
#5663 = LINE('',#5664,#5665);
#5664 = CARTESIAN_POINT('',(0.,-0.65));
#5665 = VECTOR('',#5666,1.);
#5666 = DIRECTION('',(1.,0.));
#5667 = ( GEOMETRIC_REPRESENTATION_CONTEXT(2) 
PARAMETRIC_REPRESENTATION_CONTEXT() REPRESENTATION_CONTEXT('2D SPACE',''
  ) );
#5668 = ORIENTED_EDGE('',*,*,#5669,.T.);
#5669 = EDGE_CURVE('',#5642,#5670,#5672,.T.);
#5670 = VERTEX_POINT('',#5671);
#5671 = CARTESIAN_POINT('',(-0.386360031624,9.331804795213,12.9204));
#5672 = SURFACE_CURVE('',#5673,(#5677,#5684),.PCURVE_S1.);
#5673 = LINE('',#5674,#5675);
#5674 = CARTESIAN_POINT('',(-1.207319999502,9.261460419869,12.9204));
#5675 = VECTOR('',#5676,1.);
#5676 = DIRECTION('',(0.99634908801,8.537268193702E-02,0.));
#5677 = PCURVE('',#1221,#5678);
#5678 = DEFINITIONAL_REPRESENTATION('',(#5679),#5683);
#5679 = LINE('',#5680,#5681);
#5680 = CARTESIAN_POINT('',(-5.674786071349,7.41776000503));
#5681 = VECTOR('',#5682,1.);
#5682 = DIRECTION('',(0.820177280286,0.572109455352));
#5683 = ( GEOMETRIC_REPRESENTATION_CONTEXT(2) 
PARAMETRIC_REPRESENTATION_CONTEXT() REPRESENTATION_CONTEXT('2D SPACE',''
  ) );
#5684 = PCURVE('',#5685,#5690);
#5685 = PLANE('',#5686);
#5686 = AXIS2_PLACEMENT_3D('',#5687,#5688,#5689);
#5687 = CARTESIAN_POINT('',(-1.207319999502,9.261460419869,12.2704));
#5688 = DIRECTION('',(-8.537268193702E-02,0.99634908801,0.));
#5689 = DIRECTION('',(0.99634908801,8.537268193702E-02,0.));
#5690 = DEFINITIONAL_REPRESENTATION('',(#5691),#5695);
#5691 = LINE('',#5692,#5693);
#5692 = CARTESIAN_POINT('',(0.,-0.65));
#5693 = VECTOR('',#5694,1.);
#5694 = DIRECTION('',(1.,0.));
#5695 = ( GEOMETRIC_REPRESENTATION_CONTEXT(2) 
PARAMETRIC_REPRESENTATION_CONTEXT() REPRESENTATION_CONTEXT('2D SPACE',''
  ) );
#5696 = ORIENTED_EDGE('',*,*,#5697,.T.);
#5697 = EDGE_CURVE('',#5670,#5698,#5700,.T.);
#5698 = VERTEX_POINT('',#5699);
#5699 = CARTESIAN_POINT('',(0.43750172192,9.329575210765,12.9204));
#5700 = SURFACE_CURVE('',#5701,(#5705,#5712),.PCURVE_S1.);
#5701 = LINE('',#5702,#5703);
#5702 = CARTESIAN_POINT('',(-0.386360031624,9.331804795213,12.9204));
#5703 = VECTOR('',#5704,1.);
#5704 = DIRECTION('',(0.999996338097,-2.706250501697E-03,0.));
#5705 = PCURVE('',#1221,#5706);
#5706 = DEFINITIONAL_REPRESENTATION('',(#5707),#5711);
#5707 = LINE('',#5708,#5709);
#5708 = CARTESIAN_POINT('',(-4.998986071349,7.88916000503));
#5709 = VECTOR('',#5710,1.);
#5710 = DIRECTION('',(0.867375357735,0.497654487365));
#5711 = ( GEOMETRIC_REPRESENTATION_CONTEXT(2) 
PARAMETRIC_REPRESENTATION_CONTEXT() REPRESENTATION_CONTEXT('2D SPACE',''
  ) );
#5712 = PCURVE('',#5713,#5718);
#5713 = PLANE('',#5714);
#5714 = AXIS2_PLACEMENT_3D('',#5715,#5716,#5717);
#5715 = CARTESIAN_POINT('',(-0.386360031624,9.331804795213,12.2704));
#5716 = DIRECTION('',(2.706250501697E-03,0.999996338097,-0.));
#5717 = DIRECTION('',(0.999996338097,-2.706250501697E-03,0.));
#5718 = DEFINITIONAL_REPRESENTATION('',(#5719),#5723);
#5719 = LINE('',#5720,#5721);
#5720 = CARTESIAN_POINT('',(0.,-0.65));
#5721 = VECTOR('',#5722,1.);
#5722 = DIRECTION('',(1.,0.));
#5723 = ( GEOMETRIC_REPRESENTATION_CONTEXT(2) 
PARAMETRIC_REPRESENTATION_CONTEXT() REPRESENTATION_CONTEXT('2D SPACE',''
  ) );
#5724 = ORIENTED_EDGE('',*,*,#5725,.T.);
#5725 = EDGE_CURVE('',#5698,#5726,#5728,.T.);
#5726 = VERTEX_POINT('',#5727);
#5727 = CARTESIAN_POINT('',(1.257988723951,9.254700385232,12.9204));
#5728 = SURFACE_CURVE('',#5729,(#5733,#5740),.PCURVE_S1.);
#5729 = LINE('',#5730,#5731);
#5730 = CARTESIAN_POINT('',(0.43750172192,9.329575210765,12.9204));
#5731 = VECTOR('',#5732,1.);
#5732 = DIRECTION('',(0.995861947333,-9.087894064968E-02,0.));
#5733 = PCURVE('',#1221,#5734);
#5734 = DEFINITIONAL_REPRESENTATION('',(#5735),#5739);
#5735 = LINE('',#5736,#5737);
#5736 = CARTESIAN_POINT('',(-4.284386071349,8.29916000503));
#5737 = VECTOR('',#5738,1.);
#5738 = DIRECTION('',(0.907881215378,0.419227502395));
#5739 = ( GEOMETRIC_REPRESENTATION_CONTEXT(2) 
PARAMETRIC_REPRESENTATION_CONTEXT() REPRESENTATION_CONTEXT('2D SPACE',''
  ) );
#5740 = PCURVE('',#5741,#5746);
#5741 = PLANE('',#5742);
#5742 = AXIS2_PLACEMENT_3D('',#5743,#5744,#5745);
#5743 = CARTESIAN_POINT('',(0.43750172192,9.329575210765,12.2704));
#5744 = DIRECTION('',(9.087894064968E-02,0.995861947333,-0.));
#5745 = DIRECTION('',(0.995861947333,-9.087894064968E-02,0.));
#5746 = DEFINITIONAL_REPRESENTATION('',(#5747),#5751);
#5747 = LINE('',#5748,#5749);
#5748 = CARTESIAN_POINT('',(0.,-0.65));
#5749 = VECTOR('',#5750,1.);
#5750 = DIRECTION('',(1.,0.));
#5751 = ( GEOMETRIC_REPRESENTATION_CONTEXT(2) 
PARAMETRIC_REPRESENTATION_CONTEXT() REPRESENTATION_CONTEXT('2D SPACE',''
  ) );
#5752 = ORIENTED_EDGE('',*,*,#5753,.T.);
#5753 = EDGE_CURVE('',#5726,#5754,#5756,.T.);
#5754 = VERTEX_POINT('',#5755);
#5755 = CARTESIAN_POINT('',(2.068778027126,9.107828652565,12.9204));
#5756 = SURFACE_CURVE('',#5757,(#5761,#5768),.PCURVE_S1.);
#5757 = LINE('',#5758,#5759);
#5758 = CARTESIAN_POINT('',(1.257988723951,9.254700385232,12.9204));
#5759 = VECTOR('',#5760,1.);
#5760 = DIRECTION('',(0.983986006215,-0.178245728066,0.));
#5761 = PCURVE('',#1221,#5762);
#5762 = DEFINITIONAL_REPRESENTATION('',(#5763),#5767);
#5763 = LINE('',#5764,#5765);
#5764 = CARTESIAN_POINT('',(-3.536386071349,8.64456000503));
#5765 = VECTOR('',#5766,1.);
#5766 = DIRECTION('',(0.941279742383,0.337627674486));
#5767 = ( GEOMETRIC_REPRESENTATION_CONTEXT(2) 
PARAMETRIC_REPRESENTATION_CONTEXT() REPRESENTATION_CONTEXT('2D SPACE',''
  ) );
#5768 = PCURVE('',#5769,#5774);
#5769 = PLANE('',#5770);
#5770 = AXIS2_PLACEMENT_3D('',#5771,#5772,#5773);
#5771 = CARTESIAN_POINT('',(1.257988723951,9.254700385232,12.2704));
#5772 = DIRECTION('',(0.178245728066,0.983986006215,-0.));
#5773 = DIRECTION('',(0.983986006215,-0.178245728066,0.));
#5774 = DEFINITIONAL_REPRESENTATION('',(#5775),#5779);
#5775 = LINE('',#5776,#5777);
#5776 = CARTESIAN_POINT('',(0.,-0.65));
#5777 = VECTOR('',#5778,1.);
#5778 = DIRECTION('',(1.,0.));
#5779 = ( GEOMETRIC_REPRESENTATION_CONTEXT(2) 
PARAMETRIC_REPRESENTATION_CONTEXT() REPRESENTATION_CONTEXT('2D SPACE',''
  ) );
#5780 = ORIENTED_EDGE('',*,*,#5781,.T.);
#5781 = EDGE_CURVE('',#5754,#5782,#5784,.T.);
#5782 = VERTEX_POINT('',#5783);
#5783 = CARTESIAN_POINT('',(2.863350273942,8.890068154335,12.9204));
#5784 = SURFACE_CURVE('',#5785,(#5789,#5796),.PCURVE_S1.);
#5785 = LINE('',#5786,#5787);
#5786 = CARTESIAN_POINT('',(2.068778027126,9.107828652565,12.9204));
#5787 = VECTOR('',#5788,1.);
#5788 = DIRECTION('',(0.964436794342,-0.264313582168,0.));
#5789 = PCURVE('',#1221,#5790);
#5790 = DEFINITIONAL_REPRESENTATION('',(#5791),#5795);
#5791 = LINE('',#5792,#5793);
#5792 = CARTESIAN_POINT('',(-2.760786071349,8.92276000503));
#5793 = VECTOR('',#5794,1.);
#5794 = DIRECTION('',(0.967383555329,0.253316120448));
#5795 = ( GEOMETRIC_REPRESENTATION_CONTEXT(2) 
PARAMETRIC_REPRESENTATION_CONTEXT() REPRESENTATION_CONTEXT('2D SPACE',''
  ) );
#5796 = PCURVE('',#5797,#5802);
#5797 = PLANE('',#5798);
#5798 = AXIS2_PLACEMENT_3D('',#5799,#5800,#5801);
#5799 = CARTESIAN_POINT('',(2.068778027126,9.107828652565,12.2704));
#5800 = DIRECTION('',(0.264313582168,0.964436794342,-0.));
#5801 = DIRECTION('',(0.964436794342,-0.264313582168,0.));
#5802 = DEFINITIONAL_REPRESENTATION('',(#5803),#5807);
#5803 = LINE('',#5804,#5805);
#5804 = CARTESIAN_POINT('',(0.,-0.65));
#5805 = VECTOR('',#5806,1.);
#5806 = DIRECTION('',(1.,0.));
#5807 = ( GEOMETRIC_REPRESENTATION_CONTEXT(2) 
PARAMETRIC_REPRESENTATION_CONTEXT() REPRESENTATION_CONTEXT('2D SPACE',''
  ) );
#5808 = ORIENTED_EDGE('',*,*,#5809,.T.);
#5809 = EDGE_CURVE('',#5782,#5810,#5812,.T.);
#5810 = VERTEX_POINT('',#5811);
#5811 = CARTESIAN_POINT('',(3.635672709437,8.603169852436,12.9204));
#5812 = SURFACE_CURVE('',#5813,(#5817,#5824),.PCURVE_S1.);
#5813 = LINE('',#5814,#5815);
#5814 = CARTESIAN_POINT('',(2.863350273942,8.890068154335,12.9204));
#5815 = VECTOR('',#5816,1.);
#5816 = DIRECTION('',(0.937411134752,-0.348224589085,0.));
#5817 = PCURVE('',#1221,#5818);
#5818 = DEFINITIONAL_REPRESENTATION('',(#5819),#5823);
#5819 = LINE('',#5820,#5821);
#5820 = CARTESIAN_POINT('',(-1.963786071349,9.13146000503));
#5821 = VECTOR('',#5822,1.);
#5822 = DIRECTION('',(0.985934151028,0.167134227005));
#5823 = ( GEOMETRIC_REPRESENTATION_CONTEXT(2) 
PARAMETRIC_REPRESENTATION_CONTEXT() REPRESENTATION_CONTEXT('2D SPACE',''
  ) );
#5824 = PCURVE('',#5825,#5830);
#5825 = PLANE('',#5826);
#5826 = AXIS2_PLACEMENT_3D('',#5827,#5828,#5829);
#5827 = CARTESIAN_POINT('',(2.863350273942,8.890068154335,12.2704));
#5828 = DIRECTION('',(0.348224589085,0.937411134752,-0.));
#5829 = DIRECTION('',(0.937411134752,-0.348224589085,0.));
#5830 = DEFINITIONAL_REPRESENTATION('',(#5831),#5835);
#5831 = LINE('',#5832,#5833);
#5832 = CARTESIAN_POINT('',(0.,-0.65));
#5833 = VECTOR('',#5834,1.);
#5834 = DIRECTION('',(1.,0.));
#5835 = ( GEOMETRIC_REPRESENTATION_CONTEXT(2) 
PARAMETRIC_REPRESENTATION_CONTEXT() REPRESENTATION_CONTEXT('2D SPACE',''
  ) );
#5836 = ORIENTED_EDGE('',*,*,#5837,.T.);
#5837 = EDGE_CURVE('',#5810,#5838,#5840,.T.);
#5838 = VERTEX_POINT('',#5839);
#5839 = CARTESIAN_POINT('',(4.379689373565,8.249244516384,12.9204));
#5840 = SURFACE_CURVE('',#5841,(#5845,#5852),.PCURVE_S1.);
#5841 = LINE('',#5842,#5843);
#5842 = CARTESIAN_POINT('',(3.635672709437,8.603169852436,12.9204));
#5843 = VECTOR('',#5844,1.);
#5844 = DIRECTION('',(0.903033969918,-0.429569143648,0.));
#5845 = PCURVE('',#1221,#5846);
#5846 = DEFINITIONAL_REPRESENTATION('',(#5847),#5851);
#5847 = LINE('',#5848,#5849);
#5848 = CARTESIAN_POINT('',(-1.151486071349,9.26916000503));
#5849 = VECTOR('',#5850,1.);
#5850 = DIRECTION('',(0.996834930253,7.949919387749E-02));
#5851 = ( GEOMETRIC_REPRESENTATION_CONTEXT(2) 
PARAMETRIC_REPRESENTATION_CONTEXT() REPRESENTATION_CONTEXT('2D SPACE',''
  ) );
#5852 = PCURVE('',#5853,#5858);
#5853 = PLANE('',#5854);
#5854 = AXIS2_PLACEMENT_3D('',#5855,#5856,#5857);
#5855 = CARTESIAN_POINT('',(3.635672709437,8.603169852436,12.2704));
#5856 = DIRECTION('',(0.429569143648,0.903033969918,-0.));
#5857 = DIRECTION('',(0.903033969918,-0.429569143648,0.));
#5858 = DEFINITIONAL_REPRESENTATION('',(#5859),#5863);
#5859 = LINE('',#5860,#5861);
#5860 = CARTESIAN_POINT('',(0.,-0.65));
#5861 = VECTOR('',#5862,1.);
#5862 = DIRECTION('',(1.,0.));
#5863 = ( GEOMETRIC_REPRESENTATION_CONTEXT(2) 
PARAMETRIC_REPRESENTATION_CONTEXT() REPRESENTATION_CONTEXT('2D SPACE',''
  ) );
#5864 = ORIENTED_EDGE('',*,*,#5865,.T.);
#5865 = EDGE_CURVE('',#5838,#5866,#5868,.T.);
#5866 = VERTEX_POINT('',#5867);
#5867 = CARTESIAN_POINT('',(5.089707703743,7.831232338557,12.9204));
#5868 = SURFACE_CURVE('',#5869,(#5873,#5880),.PCURVE_S1.);
#5869 = LINE('',#5870,#5871);
#5870 = CARTESIAN_POINT('',(4.379689373565,8.249244516384,12.9204));
#5871 = VECTOR('',#5872,1.);
#5872 = DIRECTION('',(0.861746213402,-0.507339594046,0.));
#5873 = PCURVE('',#1221,#5874);
#5874 = DEFINITIONAL_REPRESENTATION('',(#5875),#5879);
#5875 = LINE('',#5876,#5877);
#5876 = CARTESIAN_POINT('',(-0.330186071349,9.33466000503));
#5877 = VECTOR('',#5878,1.);
#5878 = DIRECTION('',(0.999963909444,-8.495870088738E-03));
#5879 = ( GEOMETRIC_REPRESENTATION_CONTEXT(2) 
PARAMETRIC_REPRESENTATION_CONTEXT() REPRESENTATION_CONTEXT('2D SPACE',''
  ) );
#5880 = PCURVE('',#5881,#5886);
#5881 = PLANE('',#5882);
#5882 = AXIS2_PLACEMENT_3D('',#5883,#5884,#5885);
#5883 = CARTESIAN_POINT('',(4.379689373565,8.249244516384,12.2704));
#5884 = DIRECTION('',(0.507339594046,0.861746213402,-0.));
#5885 = DIRECTION('',(0.861746213402,-0.507339594046,0.));
#5886 = DEFINITIONAL_REPRESENTATION('',(#5887),#5891);
#5887 = LINE('',#5888,#5889);
#5888 = CARTESIAN_POINT('',(0.,-0.65));
#5889 = VECTOR('',#5890,1.);
#5890 = DIRECTION('',(1.,0.));
#5891 = ( GEOMETRIC_REPRESENTATION_CONTEXT(2) 
PARAMETRIC_REPRESENTATION_CONTEXT() REPRESENTATION_CONTEXT('2D SPACE',''
  ) );
#5892 = ORIENTED_EDGE('',*,*,#5893,.T.);
#5893 = EDGE_CURVE('',#5866,#5894,#5896,.T.);
#5894 = VERTEX_POINT('',#5895);
#5895 = CARTESIAN_POINT('',(5.759998534846,7.352210113875,12.9204));
#5896 = SURFACE_CURVE('',#5897,(#5901,#5908),.PCURVE_S1.);
#5897 = LINE('',#5898,#5899);
#5898 = CARTESIAN_POINT('',(5.089707703743,7.831232338557,12.9204));
#5899 = VECTOR('',#5900,1.);
#5900 = DIRECTION('',(0.813593909425,-0.581433530635,0.));
#5901 = PCURVE('',#1221,#5902);
#5902 = DEFINITIONAL_REPRESENTATION('',(#5903),#5907);
#5903 = LINE('',#5904,#5905);
#5904 = CARTESIAN_POINT('',(0.493713928651,9.32766000503));
#5905 = VECTOR('',#5906,1.);
#5906 = DIRECTION('',(0.995309759244,-9.673925342894E-02));
#5907 = ( GEOMETRIC_REPRESENTATION_CONTEXT(2) 
PARAMETRIC_REPRESENTATION_CONTEXT() REPRESENTATION_CONTEXT('2D SPACE',''
  ) );
#5908 = PCURVE('',#5909,#5914);
#5909 = PLANE('',#5910);
#5910 = AXIS2_PLACEMENT_3D('',#5911,#5912,#5913);
#5911 = CARTESIAN_POINT('',(5.089707703743,7.831232338557,12.2704));
#5912 = DIRECTION('',(0.581433530635,0.813593909425,-0.));
#5913 = DIRECTION('',(0.813593909425,-0.581433530635,0.));
#5914 = DEFINITIONAL_REPRESENTATION('',(#5915),#5919);
#5915 = LINE('',#5916,#5917);
#5916 = CARTESIAN_POINT('',(0.,-0.65));
#5917 = VECTOR('',#5918,1.);
#5918 = DIRECTION('',(1.,0.));
#5919 = ( GEOMETRIC_REPRESENTATION_CONTEXT(2) 
PARAMETRIC_REPRESENTATION_CONTEXT() REPRESENTATION_CONTEXT('2D SPACE',''
  ) );
#5920 = ORIENTED_EDGE('',*,*,#5921,.T.);
#5921 = EDGE_CURVE('',#5894,#5922,#5924,.T.);
#5922 = VERTEX_POINT('',#5923);
#5923 = CARTESIAN_POINT('',(6.385592509371,6.815970662662,12.9204));
#5924 = SURFACE_CURVE('',#5925,(#5929,#5936),.PCURVE_S1.);
#5925 = LINE('',#5926,#5927);
#5926 = CARTESIAN_POINT('',(5.759998534846,7.352210113875,12.9204));
#5927 = VECTOR('',#5928,1.);
#5928 = DIRECTION('',(0.759246980701,-0.650802598564,0.));
#5929 = PCURVE('',#1221,#5930);
#5930 = DEFINITIONAL_REPRESENTATION('',(#5931),#5935);
#5931 = LINE('',#5932,#5933);
#5932 = CARTESIAN_POINT('',(1.313713928651,9.24796000503));
#5933 = VECTOR('',#5934,1.);
#5934 = DIRECTION('',(0.982928472315,-0.183988092855));
#5935 = ( GEOMETRIC_REPRESENTATION_CONTEXT(2) 
PARAMETRIC_REPRESENTATION_CONTEXT() REPRESENTATION_CONTEXT('2D SPACE',''
  ) );
#5936 = PCURVE('',#5937,#5942);
#5937 = PLANE('',#5938);
#5938 = AXIS2_PLACEMENT_3D('',#5939,#5940,#5941);
#5939 = CARTESIAN_POINT('',(5.759998534846,7.352210113875,12.2704));
#5940 = DIRECTION('',(0.650802598564,0.759246980701,-0.));
#5941 = DIRECTION('',(0.759246980701,-0.650802598564,0.));
#5942 = DEFINITIONAL_REPRESENTATION('',(#5943),#5947);
#5943 = LINE('',#5944,#5945);
#5944 = CARTESIAN_POINT('',(0.,-0.65));
#5945 = VECTOR('',#5946,1.);
#5946 = DIRECTION('',(1.,0.));
#5947 = ( GEOMETRIC_REPRESENTATION_CONTEXT(2) 
PARAMETRIC_REPRESENTATION_CONTEXT() REPRESENTATION_CONTEXT('2D SPACE',''
  ) );
#5948 = ORIENTED_EDGE('',*,*,#5949,.T.);
#5949 = EDGE_CURVE('',#5922,#5950,#5952,.T.);
#5950 = VERTEX_POINT('',#5951);
#5951 = CARTESIAN_POINT('',(6.961410462193,6.22671661286,12.9204));
#5952 = SURFACE_CURVE('',#5953,(#5957,#5964),.PCURVE_S1.);
#5953 = LINE('',#5954,#5955);
#5954 = CARTESIAN_POINT('',(6.385592509371,6.815970662662,12.9204));
#5955 = VECTOR('',#5956,1.);
#5956 = DIRECTION('',(0.698905655918,-0.715213872996,0.));
#5957 = PCURVE('',#1221,#5958);
#5958 = DEFINITIONAL_REPRESENTATION('',(#5959),#5963);
#5959 = LINE('',#5960,#5961);
#5960 = CARTESIAN_POINT('',(2.123613928651,9.09636000503));
#5961 = VECTOR('',#5962,1.);
#5962 = DIRECTION('',(0.962876989371,-0.269940555195));
#5963 = ( GEOMETRIC_REPRESENTATION_CONTEXT(2) 
PARAMETRIC_REPRESENTATION_CONTEXT() REPRESENTATION_CONTEXT('2D SPACE',''
  ) );
#5964 = PCURVE('',#5965,#5970);
#5965 = PLANE('',#5966);
#5966 = AXIS2_PLACEMENT_3D('',#5967,#5968,#5969);
#5967 = CARTESIAN_POINT('',(6.385592509371,6.815970662662,12.2704));
#5968 = DIRECTION('',(0.715213872996,0.698905655918,-0.));
#5969 = DIRECTION('',(0.698905655918,-0.715213872996,0.));
#5970 = DEFINITIONAL_REPRESENTATION('',(#5971),#5975);
#5971 = LINE('',#5972,#5973);
#5972 = CARTESIAN_POINT('',(0.,-0.65));
#5973 = VECTOR('',#5974,1.);
#5974 = DIRECTION('',(1.,0.));
#5975 = ( GEOMETRIC_REPRESENTATION_CONTEXT(2) 
PARAMETRIC_REPRESENTATION_CONTEXT() REPRESENTATION_CONTEXT('2D SPACE',''
  ) );
#5976 = ORIENTED_EDGE('',*,*,#5977,.T.);
#5977 = EDGE_CURVE('',#5950,#5978,#5980,.T.);
#5978 = VERTEX_POINT('',#5979);
#5979 = CARTESIAN_POINT('',(7.483019638349,5.588970207657,12.9204));
#5980 = SURFACE_CURVE('',#5981,(#5985,#5992),.PCURVE_S1.);
#5981 = LINE('',#5982,#5983);
#5982 = CARTESIAN_POINT('',(6.961410462193,6.22671661286,12.9204));
#5983 = VECTOR('',#5984,1.);
#5984 = DIRECTION('',(0.633104485594,-0.774066347492,0.));
#5985 = PCURVE('',#1221,#5986);
#5986 = DEFINITIONAL_REPRESENTATION('',(#5987),#5991);
#5987 = LINE('',#5988,#5989);
#5988 = CARTESIAN_POINT('',(2.916913928651,8.87396000503));
#5989 = VECTOR('',#5990,1.);
#5990 = DIRECTION('',(0.935317741521,-0.353808878346));
#5991 = ( GEOMETRIC_REPRESENTATION_CONTEXT(2) 
PARAMETRIC_REPRESENTATION_CONTEXT() REPRESENTATION_CONTEXT('2D SPACE',''
  ) );
#5992 = PCURVE('',#5993,#5998);
#5993 = PLANE('',#5994);
#5994 = AXIS2_PLACEMENT_3D('',#5995,#5996,#5997);
#5995 = CARTESIAN_POINT('',(6.961410462193,6.22671661286,12.2704));
#5996 = DIRECTION('',(0.774066347492,0.633104485594,-0.));
#5997 = DIRECTION('',(0.633104485594,-0.774066347492,0.));
#5998 = DEFINITIONAL_REPRESENTATION('',(#5999),#6003);
#5999 = LINE('',#6000,#6001);
#6000 = CARTESIAN_POINT('',(0.,-0.65));
#6001 = VECTOR('',#6002,1.);
#6002 = DIRECTION('',(1.,0.));
#6003 = ( GEOMETRIC_REPRESENTATION_CONTEXT(2) 
PARAMETRIC_REPRESENTATION_CONTEXT() REPRESENTATION_CONTEXT('2D SPACE',''
  ) );
#6004 = ORIENTED_EDGE('',*,*,#6005,.T.);
#6005 = EDGE_CURVE('',#5978,#6006,#6008,.T.);
#6006 = VERTEX_POINT('',#6007);
#6007 = CARTESIAN_POINT('',(7.946510487957,4.907759908021,12.9204));
#6008 = SURFACE_CURVE('',#6009,(#6013,#6020),.PCURVE_S1.);
#6009 = LINE('',#6010,#6011);
#6010 = CARTESIAN_POINT('',(7.483019638349,5.588970207657,12.9204));
#6011 = VECTOR('',#6012,1.);
#6012 = DIRECTION('',(0.562532293712,-0.826775313209,0.));
#6013 = PCURVE('',#1221,#6014);
#6014 = DEFINITIONAL_REPRESENTATION('',(#6015),#6019);
#6015 = LINE('',#6016,#6017);
#6016 = CARTESIAN_POINT('',(3.687513928651,8.58246000503));
#6017 = VECTOR('',#6018,1.);
#6018 = DIRECTION('',(0.900554913408,-0.434742277605));
#6019 = ( GEOMETRIC_REPRESENTATION_CONTEXT(2) 
PARAMETRIC_REPRESENTATION_CONTEXT() REPRESENTATION_CONTEXT('2D SPACE',''
  ) );
#6020 = PCURVE('',#6021,#6026);
#6021 = PLANE('',#6022);
#6022 = AXIS2_PLACEMENT_3D('',#6023,#6024,#6025);
#6023 = CARTESIAN_POINT('',(7.483019638349,5.588970207657,12.2704));
#6024 = DIRECTION('',(0.826775313209,0.562532293712,-0.));
#6025 = DIRECTION('',(0.562532293712,-0.826775313209,0.));
#6026 = DEFINITIONAL_REPRESENTATION('',(#6027),#6031);
#6027 = LINE('',#6028,#6029);
#6028 = CARTESIAN_POINT('',(0.,-0.65));
#6029 = VECTOR('',#6030,1.);
#6030 = DIRECTION('',(1.,0.));
#6031 = ( GEOMETRIC_REPRESENTATION_CONTEXT(2) 
PARAMETRIC_REPRESENTATION_CONTEXT() REPRESENTATION_CONTEXT('2D SPACE',''
  ) );
#6032 = ORIENTED_EDGE('',*,*,#6033,.T.);
#6033 = EDGE_CURVE('',#6006,#6034,#6036,.T.);
#6034 = VERTEX_POINT('',#6035);
#6035 = CARTESIAN_POINT('',(8.348073461135,4.188287380003,12.9204));
#6036 = SURFACE_CURVE('',#6037,(#6041,#6048),.PCURVE_S1.);
#6037 = LINE('',#6038,#6039);
#6038 = CARTESIAN_POINT('',(7.946510487957,4.907759908021,12.9204));
#6039 = VECTOR('',#6040,1.);
#6040 = DIRECTION('',(0.487363300761,-0.873199297453,0.));
#6041 = PCURVE('',#1221,#6042);
#6042 = DEFINITIONAL_REPRESENTATION('',(#6043),#6047);
#6043 = LINE('',#6044,#6045);
#6044 = CARTESIAN_POINT('',(4.429513928651,8.22426000503));
#6045 = VECTOR('',#6046,1.);
#6046 = DIRECTION('',(0.858668648057,-0.51253112378));
#6047 = ( GEOMETRIC_REPRESENTATION_CONTEXT(2) 
PARAMETRIC_REPRESENTATION_CONTEXT() REPRESENTATION_CONTEXT('2D SPACE',''
  ) );
#6048 = PCURVE('',#6049,#6054);
#6049 = PLANE('',#6050);
#6050 = AXIS2_PLACEMENT_3D('',#6051,#6052,#6053);
#6051 = CARTESIAN_POINT('',(7.946510487957,4.907759908021,12.2704));
#6052 = DIRECTION('',(0.873199297453,0.487363300761,-0.));
#6053 = DIRECTION('',(0.487363300761,-0.873199297453,0.));
#6054 = DEFINITIONAL_REPRESENTATION('',(#6055),#6059);
#6055 = LINE('',#6056,#6057);
#6056 = CARTESIAN_POINT('',(0.,-0.65));
#6057 = VECTOR('',#6058,1.);
#6058 = DIRECTION('',(1.,0.));
#6059 = ( GEOMETRIC_REPRESENTATION_CONTEXT(2) 
PARAMETRIC_REPRESENTATION_CONTEXT() REPRESENTATION_CONTEXT('2D SPACE',''
  ) );
#6060 = ORIENTED_EDGE('',*,*,#6061,.T.);
#6061 = EDGE_CURVE('',#6034,#6062,#6064,.T.);
#6062 = VERTEX_POINT('',#6063);
#6063 = CARTESIAN_POINT('',(8.684695418161,3.436333712516,12.9204));
#6064 = SURFACE_CURVE('',#6065,(#6069,#6076),.PCURVE_S1.);
#6065 = LINE('',#6066,#6067);
#6066 = CARTESIAN_POINT('',(8.348073461135,4.188287380003,12.9204));
#6067 = VECTOR('',#6068,1.);
#6068 = DIRECTION('',(0.408590201901,-0.912717944882,0.));
#6069 = PCURVE('',#1221,#6070);
#6070 = DEFINITIONAL_REPRESENTATION('',(#6071),#6075);
#6071 = LINE('',#6072,#6073);
#6072 = CARTESIAN_POINT('',(5.137013928651,7.80196000503));
#6073 = VECTOR('',#6074,1.);
#6074 = DIRECTION('',(0.810208467025,-0.586141825807));
#6075 = ( GEOMETRIC_REPRESENTATION_CONTEXT(2) 
PARAMETRIC_REPRESENTATION_CONTEXT() REPRESENTATION_CONTEXT('2D SPACE',''
  ) );
#6076 = PCURVE('',#6077,#6082);
#6077 = PLANE('',#6078);
#6078 = AXIS2_PLACEMENT_3D('',#6079,#6080,#6081);
#6079 = CARTESIAN_POINT('',(8.348073461135,4.188287380003,12.2704));
#6080 = DIRECTION('',(0.912717944882,0.408590201901,-0.));
#6081 = DIRECTION('',(0.408590201901,-0.912717944882,0.));
#6082 = DEFINITIONAL_REPRESENTATION('',(#6083),#6087);
#6083 = LINE('',#6084,#6085);
#6084 = CARTESIAN_POINT('',(0.,-0.65));
#6085 = VECTOR('',#6086,1.);
#6086 = DIRECTION('',(1.,0.));
#6087 = ( GEOMETRIC_REPRESENTATION_CONTEXT(2) 
PARAMETRIC_REPRESENTATION_CONTEXT() REPRESENTATION_CONTEXT('2D SPACE',''
  ) );
#6088 = ORIENTED_EDGE('',*,*,#6089,.T.);
#6089 = EDGE_CURVE('',#6062,#6090,#6092,.T.);
#6090 = VERTEX_POINT('',#6091);
#6091 = CARTESIAN_POINT('',(8.953759629477,2.657566597012,12.9204));
#6092 = SURFACE_CURVE('',#6093,(#6097,#6104),.PCURVE_S1.);
#6093 = LINE('',#6094,#6095);
#6094 = CARTESIAN_POINT('',(8.684695418161,3.436333712516,12.9204));
#6095 = VECTOR('',#6096,1.);
#6096 = DIRECTION('',(0.326558822118,-0.94517688064,0.));
#6097 = PCURVE('',#1221,#6098);
#6098 = DEFINITIONAL_REPRESENTATION('',(#6099),#6103);
#6099 = LINE('',#6100,#6101);
#6100 = CARTESIAN_POINT('',(5.804513928651,7.31906000503));
#6101 = VECTOR('',#6102,1.);
#6102 = DIRECTION('',(0.755396676104,-0.655267778645));
#6103 = ( GEOMETRIC_REPRESENTATION_CONTEXT(2) 
PARAMETRIC_REPRESENTATION_CONTEXT() REPRESENTATION_CONTEXT('2D SPACE',''
  ) );
#6104 = PCURVE('',#6105,#6110);
#6105 = PLANE('',#6106);
#6106 = AXIS2_PLACEMENT_3D('',#6107,#6108,#6109);
#6107 = CARTESIAN_POINT('',(8.684695418161,3.436333712516,12.2704));
#6108 = DIRECTION('',(0.94517688064,0.326558822118,-0.));
#6109 = DIRECTION('',(0.326558822118,-0.94517688064,0.));
#6110 = DEFINITIONAL_REPRESENTATION('',(#6111),#6115);
#6111 = LINE('',#6112,#6113);
#6112 = CARTESIAN_POINT('',(0.,-0.65));
#6113 = VECTOR('',#6114,1.);
#6114 = DIRECTION('',(1.,0.));
#6115 = ( GEOMETRIC_REPRESENTATION_CONTEXT(2) 
PARAMETRIC_REPRESENTATION_CONTEXT() REPRESENTATION_CONTEXT('2D SPACE',''
  ) );
#6116 = ORIENTED_EDGE('',*,*,#6117,.T.);
#6117 = EDGE_CURVE('',#6090,#6118,#6120,.T.);
#6118 = VERTEX_POINT('',#6119);
#6119 = CARTESIAN_POINT('',(9.153085968062,1.85820994273,12.9204));
#6120 = SURFACE_CURVE('',#6121,(#6125,#6132),.PCURVE_S1.);
#6121 = LINE('',#6122,#6123);
#6122 = CARTESIAN_POINT('',(8.953759629477,2.657566597012,12.9204));
#6123 = VECTOR('',#6124,1.);
#6124 = DIRECTION('',(0.241949711625,-0.970288790539,0.));
#6125 = PCURVE('',#1221,#6126);
#6126 = DEFINITIONAL_REPRESENTATION('',(#6127),#6131);
#6127 = LINE('',#6128,#6129);
#6128 = CARTESIAN_POINT('',(6.426913928651,6.77916000503));
#6129 = VECTOR('',#6130,1.);
#6130 = DIRECTION('',(0.694678991975,-0.719319885801));
#6131 = ( GEOMETRIC_REPRESENTATION_CONTEXT(2) 
PARAMETRIC_REPRESENTATION_CONTEXT() REPRESENTATION_CONTEXT('2D SPACE',''
  ) );
#6132 = PCURVE('',#6133,#6138);
#6133 = PLANE('',#6134);
#6134 = AXIS2_PLACEMENT_3D('',#6135,#6136,#6137);
#6135 = CARTESIAN_POINT('',(8.953759629477,2.657566597012,12.2704));
#6136 = DIRECTION('',(0.970288790539,0.241949711625,-0.));
#6137 = DIRECTION('',(0.241949711625,-0.970288790539,0.));
#6138 = DEFINITIONAL_REPRESENTATION('',(#6139),#6143);
#6139 = LINE('',#6140,#6141);
#6140 = CARTESIAN_POINT('',(0.,-0.65));
#6141 = VECTOR('',#6142,1.);
#6142 = DIRECTION('',(1.,0.));
#6143 = ( GEOMETRIC_REPRESENTATION_CONTEXT(2) 
PARAMETRIC_REPRESENTATION_CONTEXT() REPRESENTATION_CONTEXT('2D SPACE',''
  ) );
#6144 = ORIENTED_EDGE('',*,*,#6145,.T.);
#6145 = EDGE_CURVE('',#6118,#6146,#6148,.T.);
#6146 = VERTEX_POINT('',#6147);
#6147 = CARTESIAN_POINT('',(9.281200524682,1.044310863985,12.9204));
#6148 = SURFACE_CURVE('',#6149,(#6153,#6160),.PCURVE_S1.);
#6149 = LINE('',#6150,#6151);
#6150 = CARTESIAN_POINT('',(9.153085968062,1.85820994273,12.9204));
#6151 = VECTOR('',#6152,1.);
#6152 = DIRECTION('',(0.15549382615,-0.987836864077,0.));
#6153 = PCURVE('',#1221,#6154);
#6154 = DEFINITIONAL_REPRESENTATION('',(#6155),#6159);
#6155 = LINE('',#6156,#6157);
#6156 = CARTESIAN_POINT('',(6.999213928651,6.18656000503));
#6157 = VECTOR('',#6158,1.);
#6158 = DIRECTION('',(0.628580035616,-0.77774490601));
#6159 = ( GEOMETRIC_REPRESENTATION_CONTEXT(2) 
PARAMETRIC_REPRESENTATION_CONTEXT() REPRESENTATION_CONTEXT('2D SPACE',''
  ) );
#6160 = PCURVE('',#6161,#6166);
#6161 = PLANE('',#6162);
#6162 = AXIS2_PLACEMENT_3D('',#6163,#6164,#6165);
#6163 = CARTESIAN_POINT('',(9.153085968062,1.85820994273,12.2704));
#6164 = DIRECTION('',(0.987836864077,0.15549382615,-0.));
#6165 = DIRECTION('',(0.15549382615,-0.987836864077,0.));
#6166 = DEFINITIONAL_REPRESENTATION('',(#6167),#6171);
#6167 = LINE('',#6168,#6169);
#6168 = CARTESIAN_POINT('',(0.,-0.65));
#6169 = VECTOR('',#6170,1.);
#6170 = DIRECTION('',(1.,0.));
#6171 = ( GEOMETRIC_REPRESENTATION_CONTEXT(2) 
PARAMETRIC_REPRESENTATION_CONTEXT() REPRESENTATION_CONTEXT('2D SPACE',''
  ) );
#6172 = ORIENTED_EDGE('',*,*,#6173,.T.);
#6173 = EDGE_CURVE('',#6146,#6174,#6176,.T.);
#6174 = VERTEX_POINT('',#6175);
#6175 = CARTESIAN_POINT('',(9.337189197721,0.222286090337,12.9204));
#6176 = SURFACE_CURVE('',#6177,(#6181,#6188),.PCURVE_S1.);
#6177 = LINE('',#6178,#6179);
#6178 = CARTESIAN_POINT('',(9.281200524682,1.044310863985,12.9204));
#6179 = VECTOR('',#6180,1.);
#6180 = DIRECTION('',(6.795325076283E-02,-0.997688506354,0.));
#6181 = PCURVE('',#1221,#6182);
#6182 = DEFINITIONAL_REPRESENTATION('',(#6183),#6187);
#6183 = LINE('',#6184,#6185);
#6184 = CARTESIAN_POINT('',(7.517113928651,5.54576000503));
#6185 = VECTOR('',#6186,1.);
#6186 = DIRECTION('',(0.557693494607,-0.830046966185));
#6187 = ( GEOMETRIC_REPRESENTATION_CONTEXT(2) 
PARAMETRIC_REPRESENTATION_CONTEXT() REPRESENTATION_CONTEXT('2D SPACE',''
  ) );
#6188 = PCURVE('',#6189,#6194);
#6189 = PLANE('',#6190);
#6190 = AXIS2_PLACEMENT_3D('',#6191,#6192,#6193);
#6191 = CARTESIAN_POINT('',(9.281200524682,1.044310863985,12.2704));
#6192 = DIRECTION('',(0.997688506354,6.795325076283E-02,-0.));
#6193 = DIRECTION('',(6.795325076283E-02,-0.997688506354,0.));
#6194 = DEFINITIONAL_REPRESENTATION('',(#6195),#6199);
#6195 = LINE('',#6196,#6197);
#6196 = CARTESIAN_POINT('',(0.,-0.65));
#6197 = VECTOR('',#6198,1.);
#6198 = DIRECTION('',(1.,0.));
#6199 = ( GEOMETRIC_REPRESENTATION_CONTEXT(2) 
PARAMETRIC_REPRESENTATION_CONTEXT() REPRESENTATION_CONTEXT('2D SPACE',''
  ) );
#6200 = ORIENTED_EDGE('',*,*,#6201,.T.);
#6201 = EDGE_CURVE('',#6174,#6202,#6204,.T.);
#6202 = VERTEX_POINT('',#6203);
#6203 = CARTESIAN_POINT('',(9.320497693185,-0.601424443575,12.9204));
#6204 = SURFACE_CURVE('',#6205,(#6209,#6216),.PCURVE_S1.);
#6205 = LINE('',#6206,#6207);
#6206 = CARTESIAN_POINT('',(9.337189197721,0.222286090337,12.9204));
#6207 = VECTOR('',#6208,1.);
#6208 = DIRECTION('',(-2.02596397137E-02,-0.999794752436,0.));
#6209 = PCURVE('',#1221,#6210);
#6210 = DEFINITIONAL_REPRESENTATION('',(#6211),#6215);
#6211 = LINE('',#6212,#6213);
#6212 = CARTESIAN_POINT('',(7.976613928651,4.86186000503));
#6213 = VECTOR('',#6214,1.);
#6214 = DIRECTION('',(0.482352013554,-0.875977474037));
#6215 = ( GEOMETRIC_REPRESENTATION_CONTEXT(2) 
PARAMETRIC_REPRESENTATION_CONTEXT() REPRESENTATION_CONTEXT('2D SPACE',''
  ) );
#6216 = PCURVE('',#6217,#6222);
#6217 = PLANE('',#6218);
#6218 = AXIS2_PLACEMENT_3D('',#6219,#6220,#6221);
#6219 = CARTESIAN_POINT('',(9.337189197721,0.222286090337,12.2704));
#6220 = DIRECTION('',(0.999794752436,-2.02596397137E-02,0.));
#6221 = DIRECTION('',(-2.02596397137E-02,-0.999794752436,0.));
#6222 = DEFINITIONAL_REPRESENTATION('',(#6223),#6227);
#6223 = LINE('',#6224,#6225);
#6224 = CARTESIAN_POINT('',(0.,-0.65));
#6225 = VECTOR('',#6226,1.);
#6226 = DIRECTION('',(1.,0.));
#6227 = ( GEOMETRIC_REPRESENTATION_CONTEXT(2) 
PARAMETRIC_REPRESENTATION_CONTEXT() REPRESENTATION_CONTEXT('2D SPACE',''
  ) );
#6228 = ORIENTED_EDGE('',*,*,#6229,.T.);
#6229 = EDGE_CURVE('',#6202,#6230,#6232,.T.);
#6230 = VERTEX_POINT('',#6231);
#6231 = CARTESIAN_POINT('',(9.231191332322,-1.420507598028,12.9204));
#6232 = SURFACE_CURVE('',#6233,(#6237,#6244),.PCURVE_S1.);
#6233 = LINE('',#6234,#6235);
#6234 = CARTESIAN_POINT('',(9.320497693185,-0.601424443575,12.9204));
#6235 = VECTOR('',#6236,1.);
#6236 = DIRECTION('',(-0.108389740294,-0.994108477078,0.));
#6237 = PCURVE('',#1221,#6238);
#6238 = DEFINITIONAL_REPRESENTATION('',(#6239),#6243);
#6239 = LINE('',#6240,#6241);
#6240 = CARTESIAN_POINT('',(8.374013928651,4.14016000503));
#6241 = VECTOR('',#6242,1.);
#6242 = DIRECTION('',(0.403185969935,-0.915118065414));
#6243 = ( GEOMETRIC_REPRESENTATION_CONTEXT(2) 
PARAMETRIC_REPRESENTATION_CONTEXT() REPRESENTATION_CONTEXT('2D SPACE',''
  ) );
#6244 = PCURVE('',#6245,#6250);
#6245 = PLANE('',#6246);
#6246 = AXIS2_PLACEMENT_3D('',#6247,#6248,#6249);
#6247 = CARTESIAN_POINT('',(9.320497693185,-0.601424443575,12.2704));
#6248 = DIRECTION('',(0.994108477078,-0.108389740294,0.));
#6249 = DIRECTION('',(-0.108389740294,-0.994108477078,0.));
#6250 = DEFINITIONAL_REPRESENTATION('',(#6251),#6255);
#6251 = LINE('',#6252,#6253);
#6252 = CARTESIAN_POINT('',(0.,-0.65));
#6253 = VECTOR('',#6254,1.);
#6254 = DIRECTION('',(1.,0.));
#6255 = ( GEOMETRIC_REPRESENTATION_CONTEXT(2) 
PARAMETRIC_REPRESENTATION_CONTEXT() REPRESENTATION_CONTEXT('2D SPACE',''
  ) );
#6256 = ORIENTED_EDGE('',*,*,#6257,.T.);
#6257 = EDGE_CURVE('',#6230,#6258,#6260,.T.);
#6258 = VERTEX_POINT('',#6259);
#6259 = CARTESIAN_POINT('',(9.070105051623,-2.228517220601,12.9204));
#6260 = SURFACE_CURVE('',#6261,(#6265,#6272),.PCURVE_S1.);
#6261 = LINE('',#6262,#6263);
#6262 = CARTESIAN_POINT('',(9.231191332322,-1.420507598028,12.9204));
#6263 = VECTOR('',#6264,1.);
#6264 = DIRECTION('',(-0.195514319951,-0.980700846688,0.));
#6265 = PCURVE('',#1221,#6266);
#6266 = DEFINITIONAL_REPRESENTATION('',(#6267),#6271);
#6267 = LINE('',#6268,#6269);
#6268 = CARTESIAN_POINT('',(8.706213928651,3.38616000503));
#6269 = VECTOR('',#6270,1.);
#6270 = DIRECTION('',(0.321030055463,-0.94706900672));
#6271 = ( GEOMETRIC_REPRESENTATION_CONTEXT(2) 
PARAMETRIC_REPRESENTATION_CONTEXT() REPRESENTATION_CONTEXT('2D SPACE',''
  ) );
#6272 = PCURVE('',#6273,#6278);
#6273 = PLANE('',#6274);
#6274 = AXIS2_PLACEMENT_3D('',#6275,#6276,#6277);
#6275 = CARTESIAN_POINT('',(9.231191332322,-1.420507598028,12.2704));
#6276 = DIRECTION('',(0.980700846688,-0.195514319951,0.));
#6277 = DIRECTION('',(-0.195514319951,-0.980700846688,0.));
#6278 = DEFINITIONAL_REPRESENTATION('',(#6279),#6283);
#6279 = LINE('',#6280,#6281);
#6280 = CARTESIAN_POINT('',(0.,-0.65));
#6281 = VECTOR('',#6282,1.);
#6282 = DIRECTION('',(1.,0.));
#6283 = ( GEOMETRIC_REPRESENTATION_CONTEXT(2) 
PARAMETRIC_REPRESENTATION_CONTEXT() REPRESENTATION_CONTEXT('2D SPACE',''
  ) );
#6284 = ORIENTED_EDGE('',*,*,#6285,.T.);
#6285 = EDGE_CURVE('',#6258,#6286,#6288,.T.);
#6286 = VERTEX_POINT('',#6287);
#6287 = CARTESIAN_POINT('',(8.8383835952,-3.019070556331,12.9204));
#6288 = SURFACE_CURVE('',#6289,(#6293,#6300),.PCURVE_S1.);
#6289 = LINE('',#6290,#6291);
#6290 = CARTESIAN_POINT('',(9.070105051623,-2.228517220601,12.9204));
#6291 = VECTOR('',#6292,1.);
#6292 = DIRECTION('',(-0.281278872311,-0.959626070921,0.));
#6293 = PCURVE('',#1221,#6294);
#6294 = DEFINITIONAL_REPRESENTATION('',(#6295),#6299);
#6295 = LINE('',#6296,#6297);
#6296 = CARTESIAN_POINT('',(8.970713928651,2.60586000503));
#6297 = VECTOR('',#6298,1.);
#6298 = DIRECTION('',(0.236218386491,-0.971699991707));
#6299 = ( GEOMETRIC_REPRESENTATION_CONTEXT(2) 
PARAMETRIC_REPRESENTATION_CONTEXT() REPRESENTATION_CONTEXT('2D SPACE',''
  ) );
#6300 = PCURVE('',#6301,#6306);
#6301 = PLANE('',#6302);
#6302 = AXIS2_PLACEMENT_3D('',#6303,#6304,#6305);
#6303 = CARTESIAN_POINT('',(9.070105051623,-2.228517220601,12.2704));
#6304 = DIRECTION('',(0.959626070921,-0.281278872311,0.));
#6305 = DIRECTION('',(-0.281278872311,-0.959626070921,0.));
#6306 = DEFINITIONAL_REPRESENTATION('',(#6307),#6311);
#6307 = LINE('',#6308,#6309);
#6308 = CARTESIAN_POINT('',(0.,-0.65));
#6309 = VECTOR('',#6310,1.);
#6310 = DIRECTION('',(1.,0.));
#6311 = ( GEOMETRIC_REPRESENTATION_CONTEXT(2) 
PARAMETRIC_REPRESENTATION_CONTEXT() REPRESENTATION_CONTEXT('2D SPACE',''
  ) );
#6312 = ORIENTED_EDGE('',*,*,#6313,.T.);
#6313 = EDGE_CURVE('',#6286,#6314,#6316,.T.);
#6314 = VERTEX_POINT('',#6315);
#6315 = CARTESIAN_POINT('',(8.537901130027,-3.786321452794,12.9204));
#6316 = SURFACE_CURVE('',#6317,(#6321,#6328),.PCURVE_S1.);
#6317 = LINE('',#6318,#6319);
#6318 = CARTESIAN_POINT('',(8.8383835952,-3.019070556331,12.9204));
#6319 = VECTOR('',#6320,1.);
#6320 = DIRECTION('',(-0.364666502392,-0.931138197065,0.));
#6321 = PCURVE('',#1221,#6322);
#6322 = DEFINITIONAL_REPRESENTATION('',(#6323),#6327);
#6323 = LINE('',#6324,#6325);
#6324 = CARTESIAN_POINT('',(9.165313928651,1.80536000503));
#6325 = VECTOR('',#6326,1.);
#6326 = DIRECTION('',(0.149758643551,-0.988722584288));
#6327 = ( GEOMETRIC_REPRESENTATION_CONTEXT(2) 
PARAMETRIC_REPRESENTATION_CONTEXT() REPRESENTATION_CONTEXT('2D SPACE',''
  ) );
#6328 = PCURVE('',#6329,#6334);
#6329 = PLANE('',#6330);
#6330 = AXIS2_PLACEMENT_3D('',#6331,#6332,#6333);
#6331 = CARTESIAN_POINT('',(8.8383835952,-3.019070556331,12.2704));
#6332 = DIRECTION('',(0.931138197065,-0.364666502392,0.));
#6333 = DIRECTION('',(-0.364666502392,-0.931138197065,0.));
#6334 = DEFINITIONAL_REPRESENTATION('',(#6335),#6339);
#6335 = LINE('',#6336,#6337);
#6336 = CARTESIAN_POINT('',(0.,-0.65));
#6337 = VECTOR('',#6338,1.);
#6338 = DIRECTION('',(1.,0.));
#6339 = ( GEOMETRIC_REPRESENTATION_CONTEXT(2) 
PARAMETRIC_REPRESENTATION_CONTEXT() REPRESENTATION_CONTEXT('2D SPACE',''
  ) );
#6340 = ORIENTED_EDGE('',*,*,#6341,.T.);
#6341 = EDGE_CURVE('',#6314,#4380,#6342,.T.);
#6342 = SURFACE_CURVE('',#6343,(#6347,#6354),.PCURVE_S1.);
#6343 = LINE('',#6344,#6345);
#6344 = CARTESIAN_POINT('',(8.537901130027,-3.786321452794,12.9204));
#6345 = VECTOR('',#6346,1.);
#6346 = DIRECTION('',(-0.453342727828,-0.891336283972,0.));
#6347 = PCURVE('',#1221,#6348);
#6348 = DEFINITIONAL_REPRESENTATION('',(#6349),#6353);
#6349 = LINE('',#6350,#6351);
#6350 = CARTESIAN_POINT('',(9.288713928651,0.99066000503));
#6351 = VECTOR('',#6352,1.);
#6352 = DIRECTION('',(5.306182306619E-02,-0.998591229149));
#6353 = ( GEOMETRIC_REPRESENTATION_CONTEXT(2) 
PARAMETRIC_REPRESENTATION_CONTEXT() REPRESENTATION_CONTEXT('2D SPACE',''
  ) );
#6354 = PCURVE('',#6355,#6360);
#6355 = PLANE('',#6356);
#6356 = AXIS2_PLACEMENT_3D('',#6357,#6358,#6359);
#6357 = CARTESIAN_POINT('',(8.537901130027,-3.786321452794,12.2704));
#6358 = DIRECTION('',(0.891336283972,-0.453342727828,0.));
#6359 = DIRECTION('',(-0.453342727828,-0.891336283972,0.));
#6360 = DEFINITIONAL_REPRESENTATION('',(#6361),#6365);
#6361 = LINE('',#6362,#6363);
#6362 = CARTESIAN_POINT('',(0.,-0.65));
#6363 = VECTOR('',#6364,1.);
#6364 = DIRECTION('',(1.,0.));
#6365 = ( GEOMETRIC_REPRESENTATION_CONTEXT(2) 
PARAMETRIC_REPRESENTATION_CONTEXT() REPRESENTATION_CONTEXT('2D SPACE',''
  ) );
#6366 = ADVANCED_FACE('',(#6367),#1193,.F.);
#6367 = FACE_BOUND('',#6368,.F.);
#6368 = EDGE_LOOP('',(#6369,#6370,#6391,#6412));
#6369 = ORIENTED_EDGE('',*,*,#1178,.F.);
#6370 = ORIENTED_EDGE('',*,*,#6371,.T.);
#6371 = EDGE_CURVE('',#1150,#6372,#6374,.T.);
#6372 = VERTEX_POINT('',#6373);
#6373 = CARTESIAN_POINT('',(9.965783029166,-0.974557456277,12.3204));
#6374 = SURFACE_CURVE('',#6375,(#6379,#6385),.PCURVE_S1.);
#6375 = LINE('',#6376,#6377);
#6376 = CARTESIAN_POINT('',(9.977479582053,-0.761588538015,12.3204));
#6377 = VECTOR('',#6378,1.);
#6378 = DIRECTION('',(-5.483876368483E-02,-0.998495222822,0.));
#6379 = PCURVE('',#1193,#6380);
#6380 = DEFINITIONAL_REPRESENTATION('',(#6381),#6384);
#6381 = B_SPLINE_CURVE_WITH_KNOTS('',1,(#6382,#6383),.UNSPECIFIED.,.F.,
  .F.,(2,2),(-0.639825811839,0.213289871993),.PIECEWISE_BEZIER_KNOTS.);
#6382 = CARTESIAN_POINT('',(0.853115683832,-5.E-02));
#6383 = CARTESIAN_POINT('',(0.,-5.E-02));
#6384 = ( GEOMETRIC_REPRESENTATION_CONTEXT(2) 
PARAMETRIC_REPRESENTATION_CONTEXT() REPRESENTATION_CONTEXT('2D SPACE',''
  ) );
#6385 = PCURVE('',#1166,#6386);
#6386 = DEFINITIONAL_REPRESENTATION('',(#6387),#6390);
#6387 = B_SPLINE_CURVE_WITH_KNOTS('',1,(#6388,#6389),.UNSPECIFIED.,.F.,
  .F.,(2,2),(-0.639825811839,0.213289871993),.PIECEWISE_BEZIER_KNOTS.);
#6388 = CARTESIAN_POINT('',(10.012566838548,-0.122725521456));
#6389 = CARTESIAN_POINT('',(9.965783029166,-0.974557456277));
#6390 = ( GEOMETRIC_REPRESENTATION_CONTEXT(2) 
PARAMETRIC_REPRESENTATION_CONTEXT() REPRESENTATION_CONTEXT('2D SPACE',''
  ) );
#6391 = ORIENTED_EDGE('',*,*,#6392,.T.);
#6392 = EDGE_CURVE('',#6372,#3433,#6393,.T.);
#6393 = SURFACE_CURVE('',#6394,(#6398,#6405),.PCURVE_S1.);
#6394 = LINE('',#6395,#6396);
#6395 = CARTESIAN_POINT('',(9.965783029166,-0.974557456277,12.2704));
#6396 = VECTOR('',#6397,1.);
#6397 = DIRECTION('',(0.,0.,1.));
#6398 = PCURVE('',#1193,#6399);
#6399 = DEFINITIONAL_REPRESENTATION('',(#6400),#6404);
#6400 = LINE('',#6401,#6402);
#6401 = CARTESIAN_POINT('',(0.,0.));
#6402 = VECTOR('',#6403,1.);
#6403 = DIRECTION('',(0.,-1.));
#6404 = ( GEOMETRIC_REPRESENTATION_CONTEXT(2) 
PARAMETRIC_REPRESENTATION_CONTEXT() REPRESENTATION_CONTEXT('2D SPACE',''
  ) );
#6405 = PCURVE('',#3448,#6406);
#6406 = DEFINITIONAL_REPRESENTATION('',(#6407),#6411);
#6407 = LINE('',#6408,#6409);
#6408 = CARTESIAN_POINT('',(0.85306966304,0.));
#6409 = VECTOR('',#6410,1.);
#6410 = DIRECTION('',(0.,-1.));
#6411 = ( GEOMETRIC_REPRESENTATION_CONTEXT(2) 
PARAMETRIC_REPRESENTATION_CONTEXT() REPRESENTATION_CONTEXT('2D SPACE',''
  ) );
#6412 = ORIENTED_EDGE('',*,*,#3460,.T.);
#6413 = ADVANCED_FACE('',(#6414),#1166,.T.);
#6414 = FACE_BOUND('',#6415,.T.);
#6415 = EDGE_LOOP('',(#6416,#6440,#6441,#6442,#6443,#6464,#6485,#6506,
    #6527,#6548,#6569,#6590,#6611,#6632,#6653,#6674,#6695,#6716,#6737,
    #6758,#6779,#6800,#6821,#6842,#6863,#6884,#6905,#6926,#6947,#6968,
    #6989,#7010,#7031,#7052,#7073,#7094,#7115,#7136,#7157,#7178));
#6416 = ORIENTED_EDGE('',*,*,#6417,.F.);
#6417 = EDGE_CURVE('',#3167,#6418,#6420,.T.);
#6418 = VERTEX_POINT('',#6419);
#6419 = CARTESIAN_POINT('',(-9.9904769117,-0.537880509982,12.3204));
#6420 = SURFACE_CURVE('',#6421,(#6426,#6433),.PCURVE_S1.);
#6421 = CIRCLE('',#6422,1.1);
#6422 = AXIS2_PLACEMENT_3D('',#6423,#6424,#6425);
#6423 = CARTESIAN_POINT('',(-10.95,1.340988245066E-15,12.3204));
#6424 = DIRECTION('',(0.,0.,1.));
#6425 = DIRECTION('',(1.,0.,-0.));
#6426 = PCURVE('',#1166,#6427);
#6427 = DEFINITIONAL_REPRESENTATION('',(#6428),#6432);
#6428 = CIRCLE('',#6429,1.1);
#6429 = AXIS2_PLACEMENT_2D('',#6430,#6431);
#6430 = CARTESIAN_POINT('',(-10.95,1.340988245066E-15));
#6431 = DIRECTION('',(1.,0.));
#6432 = ( GEOMETRIC_REPRESENTATION_CONTEXT(2) 
PARAMETRIC_REPRESENTATION_CONTEXT() REPRESENTATION_CONTEXT('2D SPACE',''
  ) );
#6433 = PCURVE('',#103,#6434);
#6434 = DEFINITIONAL_REPRESENTATION('',(#6435),#6439);
#6435 = LINE('',#6436,#6437);
#6436 = CARTESIAN_POINT('',(0.,1.1));
#6437 = VECTOR('',#6438,1.);
#6438 = DIRECTION('',(1.,0.));
#6439 = ( GEOMETRIC_REPRESENTATION_CONTEXT(2) 
PARAMETRIC_REPRESENTATION_CONTEXT() REPRESENTATION_CONTEXT('2D SPACE',''
  ) );
#6440 = ORIENTED_EDGE('',*,*,#3166,.T.);
#6441 = ORIENTED_EDGE('',*,*,#1149,.F.);
#6442 = ORIENTED_EDGE('',*,*,#6371,.T.);
#6443 = ORIENTED_EDGE('',*,*,#6444,.T.);
#6444 = EDGE_CURVE('',#6372,#6445,#6447,.T.);
#6445 = VERTEX_POINT('',#6446);
#6446 = CARTESIAN_POINT('',(9.846668338054,-1.81927015321,12.3204));
#6447 = SURFACE_CURVE('',#6448,(#6452,#6458),.PCURVE_S1.);
#6448 = LINE('',#6449,#6450);
#6449 = CARTESIAN_POINT('',(9.876448141454,-1.608083961072,12.3204));
#6450 = VECTOR('',#6451,1.);
#6451 = DIRECTION('',(-0.139630672936,-0.990203653384,0.));
#6452 = PCURVE('',#1166,#6453);
#6453 = DEFINITIONAL_REPRESENTATION('',(#6454),#6457);
#6454 = B_SPLINE_CURVE_WITH_KNOTS('',1,(#6455,#6456),.UNSPECIFIED.,.F.,
  .F.,(2,2),(-0.639794150052,0.213275512989),.PIECEWISE_BEZIER_KNOTS.);
#6455 = CARTESIAN_POINT('',(9.965783029166,-0.974557456277));
#6456 = CARTESIAN_POINT('',(9.846668338054,-1.81927015321));
#6457 = ( GEOMETRIC_REPRESENTATION_CONTEXT(2) 
PARAMETRIC_REPRESENTATION_CONTEXT() REPRESENTATION_CONTEXT('2D SPACE',''
  ) );
#6458 = PCURVE('',#3448,#6459);
#6459 = DEFINITIONAL_REPRESENTATION('',(#6460),#6463);
#6460 = B_SPLINE_CURVE_WITH_KNOTS('',1,(#6461,#6462),.UNSPECIFIED.,.F.,
  .F.,(2,2),(-0.639794150052,0.213275512989),.PIECEWISE_BEZIER_KNOTS.);
#6461 = CARTESIAN_POINT('',(0.85306966304,-5.E-02));
#6462 = CARTESIAN_POINT('',(0.,-5.E-02));
#6463 = ( GEOMETRIC_REPRESENTATION_CONTEXT(2) 
PARAMETRIC_REPRESENTATION_CONTEXT() REPRESENTATION_CONTEXT('2D SPACE',''
  ) );
#6464 = ORIENTED_EDGE('',*,*,#6465,.T.);
#6465 = EDGE_CURVE('',#6445,#6466,#6468,.T.);
#6466 = VERTEX_POINT('',#6467);
#6467 = CARTESIAN_POINT('',(9.656030906783,-2.650863869997,12.3204));
#6468 = SURFACE_CURVE('',#6469,(#6473,#6479),.PCURVE_S1.);
#6469 = LINE('',#6470,#6471);
#6470 = CARTESIAN_POINT('',(9.703650381873,-2.443139416212,12.3204));
#6471 = VECTOR('',#6472,1.);
#6472 = DIRECTION('',(-0.223447284052,-0.974716015694,0.));
#6473 = PCURVE('',#1166,#6474);
#6474 = DEFINITIONAL_REPRESENTATION('',(#6475),#6478);
#6475 = B_SPLINE_CURVE_WITH_KNOTS('',1,(#6476,#6477),.UNSPECIFIED.,.F.,
  .F.,(2,2),(-0.640052336226,0.213112794332),.PIECEWISE_BEZIER_KNOTS.);
#6476 = CARTESIAN_POINT('',(9.846668338054,-1.81927015321));
#6477 = CARTESIAN_POINT('',(9.656030906783,-2.650863869997));
#6478 = ( GEOMETRIC_REPRESENTATION_CONTEXT(2) 
PARAMETRIC_REPRESENTATION_CONTEXT() REPRESENTATION_CONTEXT('2D SPACE',''
  ) );
#6479 = PCURVE('',#3420,#6480);
#6480 = DEFINITIONAL_REPRESENTATION('',(#6481),#6484);
#6481 = B_SPLINE_CURVE_WITH_KNOTS('',1,(#6482,#6483),.UNSPECIFIED.,.F.,
  .F.,(2,2),(-0.640052336226,0.213112794332),.PIECEWISE_BEZIER_KNOTS.);
#6482 = CARTESIAN_POINT('',(0.853165130558,-5.E-02));
#6483 = CARTESIAN_POINT('',(0.,-5.E-02));
#6484 = ( GEOMETRIC_REPRESENTATION_CONTEXT(2) 
PARAMETRIC_REPRESENTATION_CONTEXT() REPRESENTATION_CONTEXT('2D SPACE',''
  ) );
#6485 = ORIENTED_EDGE('',*,*,#6486,.T.);
#6486 = EDGE_CURVE('',#6466,#6487,#6489,.T.);
#6487 = VERTEX_POINT('',#6488);
#6488 = CARTESIAN_POINT('',(9.395361889626,-3.463155851672,12.3204));
#6489 = SURFACE_CURVE('',#6490,(#6494,#6500),.PCURVE_S1.);
#6490 = LINE('',#6491,#6492);
#6491 = CARTESIAN_POINT('',(9.460552547179,-3.260009927435,12.3204));
#6492 = VECTOR('',#6493,1.);
#6493 = DIRECTION('',(-0.305557785824,-0.952173534353,0.));
#6494 = PCURVE('',#1166,#6495);
#6495 = DEFINITIONAL_REPRESENTATION('',(#6496),#6499);
#6496 = B_SPLINE_CURVE_WITH_KNOTS('',1,(#6497,#6498),.UNSPECIFIED.,.F.,
  .F.,(2,2),(-0.639742689186,0.213349685649),.PIECEWISE_BEZIER_KNOTS.);
#6497 = CARTESIAN_POINT('',(9.656030906783,-2.650863869997));
#6498 = CARTESIAN_POINT('',(9.395361889626,-3.463155851672));
#6499 = ( GEOMETRIC_REPRESENTATION_CONTEXT(2) 
PARAMETRIC_REPRESENTATION_CONTEXT() REPRESENTATION_CONTEXT('2D SPACE',''
  ) );
#6500 = PCURVE('',#3392,#6501);
#6501 = DEFINITIONAL_REPRESENTATION('',(#6502),#6505);
#6502 = B_SPLINE_CURVE_WITH_KNOTS('',1,(#6503,#6504),.UNSPECIFIED.,.F.,
  .F.,(2,2),(-0.639742689186,0.213349685649),.PIECEWISE_BEZIER_KNOTS.);
#6503 = CARTESIAN_POINT('',(0.853092374834,-5.E-02));
#6504 = CARTESIAN_POINT('',(0.,-5.E-02));
#6505 = ( GEOMETRIC_REPRESENTATION_CONTEXT(2) 
PARAMETRIC_REPRESENTATION_CONTEXT() REPRESENTATION_CONTEXT('2D SPACE',''
  ) );
#6506 = ORIENTED_EDGE('',*,*,#6507,.T.);
#6507 = EDGE_CURVE('',#6487,#6508,#6510,.T.);
#6508 = VERTEX_POINT('',#6509);
#6509 = CARTESIAN_POINT('',(9.066485453557,-4.250386548355,12.3204));
#6510 = SURFACE_CURVE('',#6511,(#6515,#6521),.PCURVE_S1.);
#6511 = LINE('',#6512,#6513);
#6512 = CARTESIAN_POINT('',(9.148780332864,-4.053397503033,12.3204));
#6513 = VECTOR('',#6514,1.);
#6514 = DIRECTION('',(-0.385477754248,-0.92271712945,0.));
#6515 = PCURVE('',#1166,#6516);
#6516 = DEFINITIONAL_REPRESENTATION('',(#6517),#6520);
#6517 = B_SPLINE_CURVE_WITH_KNOTS('',1,(#6518,#6519),.UNSPECIFIED.,.F.,
  .F.,(2,2),(-0.639677786965,0.213488011693),.PIECEWISE_BEZIER_KNOTS.);
#6518 = CARTESIAN_POINT('',(9.395361889626,-3.463155851672));
#6519 = CARTESIAN_POINT('',(9.066485453557,-4.250386548355));
#6520 = ( GEOMETRIC_REPRESENTATION_CONTEXT(2) 
PARAMETRIC_REPRESENTATION_CONTEXT() REPRESENTATION_CONTEXT('2D SPACE',''
  ) );
#6521 = PCURVE('',#3364,#6522);
#6522 = DEFINITIONAL_REPRESENTATION('',(#6523),#6526);
#6523 = B_SPLINE_CURVE_WITH_KNOTS('',1,(#6524,#6525),.UNSPECIFIED.,.F.,
  .F.,(2,2),(-0.639677786965,0.213488011693),.PIECEWISE_BEZIER_KNOTS.);
#6524 = CARTESIAN_POINT('',(0.853165798658,-5.E-02));
#6525 = CARTESIAN_POINT('',(0.,-5.E-02));
#6526 = ( GEOMETRIC_REPRESENTATION_CONTEXT(2) 
PARAMETRIC_REPRESENTATION_CONTEXT() REPRESENTATION_CONTEXT('2D SPACE',''
  ) );
#6527 = ORIENTED_EDGE('',*,*,#6528,.T.);
#6528 = EDGE_CURVE('',#6508,#6529,#6531,.T.);
#6529 = VERTEX_POINT('',#6530);
#6530 = CARTESIAN_POINT('',(8.671772175715,-5.00665,12.3204));
#6531 = SURFACE_CURVE('',#6532,(#6536,#6542),.PCURVE_S1.);
#6532 = LINE('',#6533,#6534);
#6533 = CARTESIAN_POINT('',(8.770346438132,-4.817783508489,12.3204));
#6534 = VECTOR('',#6535,1.);
#6535 = DIRECTION('',(-0.462695959917,-0.886517032367,0.));
#6536 = PCURVE('',#1166,#6537);
#6537 = DEFINITIONAL_REPRESENTATION('',(#6538),#6541);
#6538 = B_SPLINE_CURVE_WITH_KNOTS('',1,(#6539,#6540),.UNSPECIFIED.,.F.,
  .F.,(2,2),(-0.640029395283,0.21304327454),.PIECEWISE_BEZIER_KNOTS.);
#6539 = CARTESIAN_POINT('',(9.066485453557,-4.250386548355));
#6540 = CARTESIAN_POINT('',(8.671772175715,-5.00665));
#6541 = ( GEOMETRIC_REPRESENTATION_CONTEXT(2) 
PARAMETRIC_REPRESENTATION_CONTEXT() REPRESENTATION_CONTEXT('2D SPACE',''
  ) );
#6542 = PCURVE('',#3336,#6543);
#6543 = DEFINITIONAL_REPRESENTATION('',(#6544),#6547);
#6544 = B_SPLINE_CURVE_WITH_KNOTS('',1,(#6545,#6546),.UNSPECIFIED.,.F.,
  .F.,(2,2),(-0.640029395283,0.21304327454),.PIECEWISE_BEZIER_KNOTS.);
#6545 = CARTESIAN_POINT('',(0.853072669824,-5.E-02));
#6546 = CARTESIAN_POINT('',(0.,-5.E-02));
#6547 = ( GEOMETRIC_REPRESENTATION_CONTEXT(2) 
PARAMETRIC_REPRESENTATION_CONTEXT() REPRESENTATION_CONTEXT('2D SPACE',''
  ) );
#6548 = ORIENTED_EDGE('',*,*,#6549,.T.);
#6549 = EDGE_CURVE('',#6529,#6550,#6552,.T.);
#6550 = VERTEX_POINT('',#6551);
#6551 = CARTESIAN_POINT('',(8.345631090502,-5.533342930023,12.3204));
#6552 = SURFACE_CURVE('',#6553,(#6557,#6563),.PCURVE_S1.);
#6553 = LINE('',#6554,#6555);
#6554 = CARTESIAN_POINT('',(8.42743520249,-5.401235540356,12.3204));
#6555 = VECTOR('',#6556,1.);
#6556 = DIRECTION('',(-0.526463235854,-0.850197895371,0.));
#6557 = PCURVE('',#1166,#6558);
#6558 = DEFINITIONAL_REPRESENTATION('',(#6559),#6562);
#6559 = B_SPLINE_CURVE_WITH_KNOTS('',1,(#6560,#6561),.UNSPECIFIED.,.F.,
  .F.,(2,2),(-0.464110229517,0.155384282161),.PIECEWISE_BEZIER_KNOTS.);
#6560 = CARTESIAN_POINT('',(8.671772175715,-5.00665));
#6561 = CARTESIAN_POINT('',(8.345631090502,-5.533342930023));
#6562 = ( GEOMETRIC_REPRESENTATION_CONTEXT(2) 
PARAMETRIC_REPRESENTATION_CONTEXT() REPRESENTATION_CONTEXT('2D SPACE',''
  ) );
#6563 = PCURVE('',#3308,#6564);
#6564 = DEFINITIONAL_REPRESENTATION('',(#6565),#6568);
#6565 = B_SPLINE_CURVE_WITH_KNOTS('',1,(#6566,#6567),.UNSPECIFIED.,.F.,
  .F.,(2,2),(-0.464110229517,0.155384282161),.PIECEWISE_BEZIER_KNOTS.);
#6566 = CARTESIAN_POINT('',(0.619494511679,-5.E-02));
#6567 = CARTESIAN_POINT('',(0.,-5.E-02));
#6568 = ( GEOMETRIC_REPRESENTATION_CONTEXT(2) 
PARAMETRIC_REPRESENTATION_CONTEXT() REPRESENTATION_CONTEXT('2D SPACE',''
  ) );
#6569 = ORIENTED_EDGE('',*,*,#6570,.T.);
#6570 = EDGE_CURVE('',#6550,#6571,#6573,.T.);
#6571 = VERTEX_POINT('',#6572);
#6572 = CARTESIAN_POINT('',(7.844354829566,-6.223578882594,12.3204));
#6573 = SURFACE_CURVE('',#6574,(#6578,#6584),.PCURVE_S1.);
#6574 = LINE('',#6575,#6576);
#6575 = CARTESIAN_POINT('',(7.969569624061,-6.051163470795,12.3204));
#6576 = VECTOR('',#6577,1.);
#6577 = DIRECTION('',(-0.587624491445,-0.809133769567,0.));
#6578 = PCURVE('',#1166,#6579);
#6579 = DEFINITIONAL_REPRESENTATION('',(#6580),#6583);
#6580 = B_SPLINE_CURVE_WITH_KNOTS('',1,(#6581,#6582),.UNSPECIFIED.,.F.,
  .F.,(2,2),(-0.639969014083,0.213086412018),.PIECEWISE_BEZIER_KNOTS.);
#6581 = CARTESIAN_POINT('',(8.345631090502,-5.533342930023));
#6582 = CARTESIAN_POINT('',(7.844354829566,-6.223578882594));
#6583 = ( GEOMETRIC_REPRESENTATION_CONTEXT(2) 
PARAMETRIC_REPRESENTATION_CONTEXT() REPRESENTATION_CONTEXT('2D SPACE',''
  ) );
#6584 = PCURVE('',#3280,#6585);
#6585 = DEFINITIONAL_REPRESENTATION('',(#6586),#6589);
#6586 = B_SPLINE_CURVE_WITH_KNOTS('',1,(#6587,#6588),.UNSPECIFIED.,.F.,
  .F.,(2,2),(-0.639969014083,0.213086412018),.PIECEWISE_BEZIER_KNOTS.);
#6587 = CARTESIAN_POINT('',(0.853055426101,-5.E-02));
#6588 = CARTESIAN_POINT('',(0.,-5.E-02));
#6589 = ( GEOMETRIC_REPRESENTATION_CONTEXT(2) 
PARAMETRIC_REPRESENTATION_CONTEXT() REPRESENTATION_CONTEXT('2D SPACE',''
  ) );
#6590 = ORIENTED_EDGE('',*,*,#6591,.T.);
#6591 = EDGE_CURVE('',#6571,#6592,#6594,.T.);
#6592 = VERTEX_POINT('',#6593);
#6593 = CARTESIAN_POINT('',(7.286111342097,-6.868684965885,12.3204));
#6594 = SURFACE_CURVE('',#6595,(#6599,#6605),.PCURVE_S1.);
#6595 = LINE('',#6596,#6597);
#6596 = CARTESIAN_POINT('',(7.425560006891,-6.707538111538,12.3204));
#6597 = VECTOR('',#6598,1.);
#6598 = DIRECTION('',(-0.654362406289,-0.75618109024,0.));
#6599 = PCURVE('',#1166,#6600);
#6600 = DEFINITIONAL_REPRESENTATION('',(#6601),#6604);
#6601 = B_SPLINE_CURVE_WITH_KNOTS('',1,(#6602,#6603),.UNSPECIFIED.,.F.,
  .F.,(2,2),(-0.640004405281,0.213106167857),.PIECEWISE_BEZIER_KNOTS.);
#6602 = CARTESIAN_POINT('',(7.844354829566,-6.223578882594));
#6603 = CARTESIAN_POINT('',(7.286111342097,-6.868684965885));
#6604 = ( GEOMETRIC_REPRESENTATION_CONTEXT(2) 
PARAMETRIC_REPRESENTATION_CONTEXT() REPRESENTATION_CONTEXT('2D SPACE',''
  ) );
#6605 = PCURVE('',#4365,#6606);
#6606 = DEFINITIONAL_REPRESENTATION('',(#6607),#6610);
#6607 = B_SPLINE_CURVE_WITH_KNOTS('',1,(#6608,#6609),.UNSPECIFIED.,.F.,
  .F.,(2,2),(-0.640004405281,0.213106167857),.PIECEWISE_BEZIER_KNOTS.);
#6608 = CARTESIAN_POINT('',(0.853110573138,-5.E-02));
#6609 = CARTESIAN_POINT('',(0.,-5.E-02));
#6610 = ( GEOMETRIC_REPRESENTATION_CONTEXT(2) 
PARAMETRIC_REPRESENTATION_CONTEXT() REPRESENTATION_CONTEXT('2D SPACE',''
  ) );
#6611 = ORIENTED_EDGE('',*,*,#6612,.T.);
#6612 = EDGE_CURVE('',#6592,#6613,#6615,.T.);
#6613 = VERTEX_POINT('',#6614);
#6614 = CARTESIAN_POINT('',(6.67498985858,-7.463978424932,12.3204));
#6615 = SURFACE_CURVE('',#6616,(#6620,#6626),.PCURVE_S1.);
#6616 = LINE('',#6617,#6618);
#6617 = CARTESIAN_POINT('',(6.827814706906,-7.315111734687,12.3204));
#6618 = VECTOR('',#6619,1.);
#6619 = DIRECTION('',(-0.716322292232,-0.697769570597,0.));
#6620 = PCURVE('',#1166,#6621);
#6621 = DEFINITIONAL_REPRESENTATION('',(#6622),#6625);
#6622 = B_SPLINE_CURVE_WITH_KNOTS('',1,(#6623,#6624),.UNSPECIFIED.,.F.,
  .F.,(2,2),(-0.639791111012,0.213346492191),.PIECEWISE_BEZIER_KNOTS.);
#6623 = CARTESIAN_POINT('',(7.286111342097,-6.868684965885));
#6624 = CARTESIAN_POINT('',(6.67498985858,-7.463978424932));
#6625 = ( GEOMETRIC_REPRESENTATION_CONTEXT(2) 
PARAMETRIC_REPRESENTATION_CONTEXT() REPRESENTATION_CONTEXT('2D SPACE',''
  ) );
#6626 = PCURVE('',#4339,#6627);
#6627 = DEFINITIONAL_REPRESENTATION('',(#6628),#6631);
#6628 = B_SPLINE_CURVE_WITH_KNOTS('',1,(#6629,#6630),.UNSPECIFIED.,.F.,
  .F.,(2,2),(-0.639791111012,0.213346492191),.PIECEWISE_BEZIER_KNOTS.);
#6629 = CARTESIAN_POINT('',(0.853137603204,-5.E-02));
#6630 = CARTESIAN_POINT('',(0.,-5.E-02));
#6631 = ( GEOMETRIC_REPRESENTATION_CONTEXT(2) 
PARAMETRIC_REPRESENTATION_CONTEXT() REPRESENTATION_CONTEXT('2D SPACE',''
  ) );
#6632 = ORIENTED_EDGE('',*,*,#6633,.T.);
#6633 = EDGE_CURVE('',#6613,#6634,#6636,.T.);
#6634 = VERTEX_POINT('',#6635);
#6635 = CARTESIAN_POINT('',(6.015462622203,-8.005113107314,12.3204));
#6636 = SURFACE_CURVE('',#6637,(#6641,#6647),.PCURVE_S1.);
#6637 = LINE('',#6638,#6639);
#6638 = CARTESIAN_POINT('',(6.180607878657,-7.869613281121,12.3204));
#6639 = VECTOR('',#6640,1.);
#6640 = DIRECTION('',(-0.773082492857,-0.634305493621,0.));
#6641 = PCURVE('',#1166,#6642);
#6642 = DEFINITIONAL_REPRESENTATION('',(#6643),#6646);
#6643 = B_SPLINE_CURVE_WITH_KNOTS('',1,(#6644,#6645),.UNSPECIFIED.,.F.,
  .F.,(2,2),(-0.639494471147,0.213619190682),.PIECEWISE_BEZIER_KNOTS.);
#6644 = CARTESIAN_POINT('',(6.67498985858,-7.463978424932));
#6645 = CARTESIAN_POINT('',(6.015462622203,-8.005113107314));
#6646 = ( GEOMETRIC_REPRESENTATION_CONTEXT(2) 
PARAMETRIC_REPRESENTATION_CONTEXT() REPRESENTATION_CONTEXT('2D SPACE',''
  ) );
#6647 = PCURVE('',#4311,#6648);
#6648 = DEFINITIONAL_REPRESENTATION('',(#6649),#6652);
#6649 = B_SPLINE_CURVE_WITH_KNOTS('',1,(#6650,#6651),.UNSPECIFIED.,.F.,
  .F.,(2,2),(-0.639494471147,0.213619190682),.PIECEWISE_BEZIER_KNOTS.);
#6650 = CARTESIAN_POINT('',(0.853113661829,-5.E-02));
#6651 = CARTESIAN_POINT('',(0.,-5.E-02));
#6652 = ( GEOMETRIC_REPRESENTATION_CONTEXT(2) 
PARAMETRIC_REPRESENTATION_CONTEXT() REPRESENTATION_CONTEXT('2D SPACE',''
  ) );
#6653 = ORIENTED_EDGE('',*,*,#6654,.T.);
#6654 = EDGE_CURVE('',#6634,#6655,#6657,.T.);
#6655 = VERTEX_POINT('',#6656);
#6656 = CARTESIAN_POINT('',(5.312248286312,-8.488116065687,12.3204));
#6657 = SURFACE_CURVE('',#6658,(#6662,#6668),.PCURVE_S1.);
#6658 = LINE('',#6659,#6660);
#6659 = CARTESIAN_POINT('',(5.488165347546,-8.367287384205,12.3204));
#6660 = VECTOR('',#6661,1.);
#6661 = DIRECTION('',(-0.824291868957,-0.566165094978,0.));
#6662 = PCURVE('',#1166,#6663);
#6663 = DEFINITIONAL_REPRESENTATION('',(#6664),#6667);
#6664 = B_SPLINE_CURVE_WITH_KNOTS('',1,(#6665,#6666),.UNSPECIFIED.,.F.,
  .F.,(2,2),(-0.639697289897,0.213415985114),.PIECEWISE_BEZIER_KNOTS.);
#6665 = CARTESIAN_POINT('',(6.015462622203,-8.005113107314));
#6666 = CARTESIAN_POINT('',(5.312248286312,-8.488116065687));
#6667 = ( GEOMETRIC_REPRESENTATION_CONTEXT(2) 
PARAMETRIC_REPRESENTATION_CONTEXT() REPRESENTATION_CONTEXT('2D SPACE',''
  ) );
#6668 = PCURVE('',#4283,#6669);
#6669 = DEFINITIONAL_REPRESENTATION('',(#6670),#6673);
#6670 = B_SPLINE_CURVE_WITH_KNOTS('',1,(#6671,#6672),.UNSPECIFIED.,.F.,
  .F.,(2,2),(-0.639697289897,0.213415985114),.PIECEWISE_BEZIER_KNOTS.);
#6671 = CARTESIAN_POINT('',(0.853113275011,-5.E-02));
#6672 = CARTESIAN_POINT('',(0.,-5.E-02));
#6673 = ( GEOMETRIC_REPRESENTATION_CONTEXT(2) 
PARAMETRIC_REPRESENTATION_CONTEXT() REPRESENTATION_CONTEXT('2D SPACE',''
  ) );
#6674 = ORIENTED_EDGE('',*,*,#6675,.T.);
#6675 = EDGE_CURVE('',#6655,#6676,#6678,.T.);
#6676 = VERTEX_POINT('',#6677);
#6677 = CARTESIAN_POINT('',(4.570398516958,-8.909437557792,12.3204));
#6678 = SURFACE_CURVE('',#6679,(#6683,#6689),.PCURVE_S1.);
#6679 = LINE('',#6680,#6681);
#6680 = CARTESIAN_POINT('',(4.755484863285,-8.804320782369,12.3204));
#6681 = VECTOR('',#6682,1.);
#6682 = DIRECTION('',(-0.86954920749,-0.493846307827,0.));
#6683 = PCURVE('',#1166,#6684);
#6684 = DEFINITIONAL_REPRESENTATION('',(#6685),#6688);
#6685 = B_SPLINE_CURVE_WITH_KNOTS('',1,(#6686,#6687),.UNSPECIFIED.,.F.,
  .F.,(2,2),(-0.640289725103,0.212853217199),.PIECEWISE_BEZIER_KNOTS.);
#6686 = CARTESIAN_POINT('',(5.312248286312,-8.488116065687));
#6687 = CARTESIAN_POINT('',(4.570398516958,-8.909437557792));
#6688 = ( GEOMETRIC_REPRESENTATION_CONTEXT(2) 
PARAMETRIC_REPRESENTATION_CONTEXT() REPRESENTATION_CONTEXT('2D SPACE',''
  ) );
#6689 = PCURVE('',#4255,#6690);
#6690 = DEFINITIONAL_REPRESENTATION('',(#6691),#6694);
#6691 = B_SPLINE_CURVE_WITH_KNOTS('',1,(#6692,#6693),.UNSPECIFIED.,.F.,
  .F.,(2,2),(-0.640289725103,0.212853217199),.PIECEWISE_BEZIER_KNOTS.);
#6692 = CARTESIAN_POINT('',(0.853142942302,-5.E-02));
#6693 = CARTESIAN_POINT('',(0.,-5.E-02));
#6694 = ( GEOMETRIC_REPRESENTATION_CONTEXT(2) 
PARAMETRIC_REPRESENTATION_CONTEXT() REPRESENTATION_CONTEXT('2D SPACE',''
  ) );
#6695 = ORIENTED_EDGE('',*,*,#6696,.T.);
#6696 = EDGE_CURVE('',#6676,#6697,#6699,.T.);
#6697 = VERTEX_POINT('',#6698);
#6698 = CARTESIAN_POINT('',(3.795421197973,-9.266137648987,12.3204));
#6699 = SURFACE_CURVE('',#6700,(#6704,#6710),.PCURVE_S1.);
#6700 = LINE('',#6701,#6702);
#6701 = CARTESIAN_POINT('',(3.989141250609,-9.176973800254,12.3204));
#6702 = VECTOR('',#6703,1.);
#6703 = DIRECTION('',(-0.908396741041,-0.41810926905,0.));
#6704 = PCURVE('',#1166,#6705);
#6705 = DEFINITIONAL_REPRESENTATION('',(#6706),#6709);
#6706 = B_SPLINE_CURVE_WITH_KNOTS('',1,(#6707,#6708),.UNSPECIFIED.,.F.,
  .F.,(2,2),(-0.639871589238,0.213254896108),.PIECEWISE_BEZIER_KNOTS.);
#6707 = CARTESIAN_POINT('',(4.570398516958,-8.909437557792));
#6708 = CARTESIAN_POINT('',(3.795421197973,-9.266137648987));
#6709 = ( GEOMETRIC_REPRESENTATION_CONTEXT(2) 
PARAMETRIC_REPRESENTATION_CONTEXT() REPRESENTATION_CONTEXT('2D SPACE',''
  ) );
#6710 = PCURVE('',#4227,#6711);
#6711 = DEFINITIONAL_REPRESENTATION('',(#6712),#6715);
#6712 = B_SPLINE_CURVE_WITH_KNOTS('',1,(#6713,#6714),.UNSPECIFIED.,.F.,
  .F.,(2,2),(-0.639871589238,0.213254896108),.PIECEWISE_BEZIER_KNOTS.);
#6713 = CARTESIAN_POINT('',(0.853126485347,-5.E-02));
#6714 = CARTESIAN_POINT('',(0.,-5.E-02));
#6715 = ( GEOMETRIC_REPRESENTATION_CONTEXT(2) 
PARAMETRIC_REPRESENTATION_CONTEXT() REPRESENTATION_CONTEXT('2D SPACE',''
  ) );
#6716 = ORIENTED_EDGE('',*,*,#6717,.T.);
#6717 = EDGE_CURVE('',#6697,#6718,#6720,.T.);
#6718 = VERTEX_POINT('',#6719);
#6719 = CARTESIAN_POINT('',(2.992984020811,-9.555599609714,12.3204));
#6720 = SURFACE_CURVE('',#6721,(#6725,#6731),.PCURVE_S1.);
#6721 = LINE('',#6722,#6723);
#6722 = CARTESIAN_POINT('',(3.19384369985,-9.483143798617,12.3204));
#6723 = VECTOR('',#6724,1.);
#6724 = DIRECTION('',(-0.940668820025,-0.339326054162,0.));
#6725 = PCURVE('',#1166,#6726);
#6726 = DEFINITIONAL_REPRESENTATION('',(#6727),#6730);
#6727 = B_SPLINE_CURVE_WITH_KNOTS('',1,(#6728,#6729),.UNSPECIFIED.,.F.,
  .F.,(2,2),(-0.639521035796,0.213528581753),.PIECEWISE_BEZIER_KNOTS.);
#6728 = CARTESIAN_POINT('',(3.795421197973,-9.266137648987));
#6729 = CARTESIAN_POINT('',(2.992984020811,-9.555599609714));
#6730 = ( GEOMETRIC_REPRESENTATION_CONTEXT(2) 
PARAMETRIC_REPRESENTATION_CONTEXT() REPRESENTATION_CONTEXT('2D SPACE',''
  ) );
#6731 = PCURVE('',#4199,#6732);
#6732 = DEFINITIONAL_REPRESENTATION('',(#6733),#6736);
#6733 = B_SPLINE_CURVE_WITH_KNOTS('',1,(#6734,#6735),.UNSPECIFIED.,.F.,
  .F.,(2,2),(-0.639521035796,0.213528581753),.PIECEWISE_BEZIER_KNOTS.);
#6734 = CARTESIAN_POINT('',(0.853049617549,-5.E-02));
#6735 = CARTESIAN_POINT('',(0.,-5.E-02));
#6736 = ( GEOMETRIC_REPRESENTATION_CONTEXT(2) 
PARAMETRIC_REPRESENTATION_CONTEXT() REPRESENTATION_CONTEXT('2D SPACE',''
  ) );
#6737 = ORIENTED_EDGE('',*,*,#6738,.T.);
#6738 = EDGE_CURVE('',#6718,#6739,#6741,.T.);
#6739 = VERTEX_POINT('',#6740);
#6740 = CARTESIAN_POINT('',(2.168727882006,-9.775653120575,12.3204));
#6741 = SURFACE_CURVE('',#6742,(#6746,#6752),.PCURVE_S1.);
#6742 = LINE('',#6743,#6744);
#6743 = CARTESIAN_POINT('',(2.374604293049,-9.720689833169,12.3204));
#6744 = VECTOR('',#6745,1.);
#6745 = DIRECTION('',(-0.966161397336,-0.257938276141,0.));
#6746 = PCURVE('',#1166,#6747);
#6747 = DEFINITIONAL_REPRESENTATION('',(#6748),#6751);
#6748 = B_SPLINE_CURVE_WITH_KNOTS('',1,(#6749,#6750),.UNSPECIFIED.,.F.,
  .F.,(2,2),(-0.640037709504,0.213086976577),.PIECEWISE_BEZIER_KNOTS.);
#6749 = CARTESIAN_POINT('',(2.992984020811,-9.555599609714));
#6750 = CARTESIAN_POINT('',(2.168727882006,-9.775653120575));
#6751 = ( GEOMETRIC_REPRESENTATION_CONTEXT(2) 
PARAMETRIC_REPRESENTATION_CONTEXT() REPRESENTATION_CONTEXT('2D SPACE',''
  ) );
#6752 = PCURVE('',#4171,#6753);
#6753 = DEFINITIONAL_REPRESENTATION('',(#6754),#6757);
#6754 = B_SPLINE_CURVE_WITH_KNOTS('',1,(#6755,#6756),.UNSPECIFIED.,.F.,
  .F.,(2,2),(-0.640037709504,0.213086976577),.PIECEWISE_BEZIER_KNOTS.);
#6755 = CARTESIAN_POINT('',(0.853124686081,-5.E-02));
#6756 = CARTESIAN_POINT('',(0.,-5.E-02));
#6757 = ( GEOMETRIC_REPRESENTATION_CONTEXT(2) 
PARAMETRIC_REPRESENTATION_CONTEXT() REPRESENTATION_CONTEXT('2D SPACE',''
  ) );
#6758 = ORIENTED_EDGE('',*,*,#6759,.T.);
#6759 = EDGE_CURVE('',#6739,#6760,#6762,.T.);
#6760 = VERTEX_POINT('',#6761);
#6761 = CARTESIAN_POINT('',(1.328749895875,-9.924737669793,12.3204));
#6762 = SURFACE_CURVE('',#6763,(#6767,#6773),.PCURVE_S1.);
#6763 = LINE('',#6764,#6765);
#6764 = CARTESIAN_POINT('',(1.538519200415,-9.887506500973,12.3204));
#6765 = VECTOR('',#6766,1.);
#6766 = DIRECTION('',(-0.984611933444,-0.174755087247,0.));
#6767 = PCURVE('',#1166,#6768);
#6768 = DEFINITIONAL_REPRESENTATION('',(#6769),#6772);
#6769 = B_SPLINE_CURVE_WITH_KNOTS('',1,(#6770,#6771),.UNSPECIFIED.,.F.,
  .F.,(2,2),(-0.640057935705,0.213047696676),.PIECEWISE_BEZIER_KNOTS.);
#6770 = CARTESIAN_POINT('',(2.168727882006,-9.775653120575));
#6771 = CARTESIAN_POINT('',(1.328749895875,-9.924737669793));
#6772 = ( GEOMETRIC_REPRESENTATION_CONTEXT(2) 
PARAMETRIC_REPRESENTATION_CONTEXT() REPRESENTATION_CONTEXT('2D SPACE',''
  ) );
#6773 = PCURVE('',#4143,#6774);
#6774 = DEFINITIONAL_REPRESENTATION('',(#6775),#6778);
#6775 = B_SPLINE_CURVE_WITH_KNOTS('',1,(#6776,#6777),.UNSPECIFIED.,.F.,
  .F.,(2,2),(-0.640057935705,0.213047696676),.PIECEWISE_BEZIER_KNOTS.);
#6776 = CARTESIAN_POINT('',(0.853105632381,-5.E-02));
#6777 = CARTESIAN_POINT('',(0.,-5.E-02));
#6778 = ( GEOMETRIC_REPRESENTATION_CONTEXT(2) 
PARAMETRIC_REPRESENTATION_CONTEXT() REPRESENTATION_CONTEXT('2D SPACE',''
  ) );
#6779 = ORIENTED_EDGE('',*,*,#6780,.T.);
#6780 = EDGE_CURVE('',#6760,#6781,#6783,.T.);
#6781 = VERTEX_POINT('',#6782);
#6782 = CARTESIAN_POINT('',(0.479156984356,-10.00187575829,12.3204));
#6783 = SURFACE_CURVE('',#6784,(#6788,#6794),.PCURVE_S1.);
#6784 = LINE('',#6785,#6786);
#6785 = CARTESIAN_POINT('',(0.691880919809,-9.982561663818,12.3204));
#6786 = VECTOR('',#6787,1.);
#6787 = DIRECTION('',(-0.995903518718,-9.042223954935E-02,0.));
#6788 = PCURVE('',#1166,#6789);
#6789 = DEFINITIONAL_REPRESENTATION('',(#6790),#6793);
#6790 = B_SPLINE_CURVE_WITH_KNOTS('',1,(#6791,#6792),.UNSPECIFIED.,.F.,
  .F.,(2,2),(-0.639488629266,0.21359893951),.PIECEWISE_BEZIER_KNOTS.);
#6791 = CARTESIAN_POINT('',(1.328749895875,-9.924737669793));
#6792 = CARTESIAN_POINT('',(0.479156984356,-10.00187575829));
#6793 = ( GEOMETRIC_REPRESENTATION_CONTEXT(2) 
PARAMETRIC_REPRESENTATION_CONTEXT() REPRESENTATION_CONTEXT('2D SPACE',''
  ) );
#6794 = PCURVE('',#4115,#6795);
#6795 = DEFINITIONAL_REPRESENTATION('',(#6796),#6799);
#6796 = B_SPLINE_CURVE_WITH_KNOTS('',1,(#6797,#6798),.UNSPECIFIED.,.F.,
  .F.,(2,2),(-0.639488629266,0.21359893951),.PIECEWISE_BEZIER_KNOTS.);
#6797 = CARTESIAN_POINT('',(0.853087568776,-5.E-02));
#6798 = CARTESIAN_POINT('',(0.,-5.E-02));
#6799 = ( GEOMETRIC_REPRESENTATION_CONTEXT(2) 
PARAMETRIC_REPRESENTATION_CONTEXT() REPRESENTATION_CONTEXT('2D SPACE',''
  ) );
#6800 = ORIENTED_EDGE('',*,*,#6801,.T.);
#6801 = EDGE_CURVE('',#6781,#6802,#6804,.T.);
#6802 = VERTEX_POINT('',#6803);
#6803 = CARTESIAN_POINT('',(-0.373957328071,-10.00631309208,12.3204));
#6804 = SURFACE_CURVE('',#6805,(#6809,#6815),.PCURVE_S1.);
#6805 = LINE('',#6806,#6807);
#6806 = CARTESIAN_POINT('',(-0.160961330475,-10.00520522843,12.3204));
#6807 = VECTOR('',#6808,1.);
#6808 = DIRECTION('',(-0.999986473329,-5.201265178451E-03,0.));
#6809 = PCURVE('',#1166,#6810);
#6810 = DEFINITIONAL_REPRESENTATION('',(#6811),#6814);
#6811 = B_SPLINE_CURVE_WITH_KNOTS('',1,(#6812,#6813),.UNSPECIFIED.,.F.,
  .F.,(2,2),(-0.640126973618,0.212998878762),.PIECEWISE_BEZIER_KNOTS.);
#6812 = CARTESIAN_POINT('',(0.479156984356,-10.00187575829));
#6813 = CARTESIAN_POINT('',(-0.373957328071,-10.00631309208));
#6814 = ( GEOMETRIC_REPRESENTATION_CONTEXT(2) 
PARAMETRIC_REPRESENTATION_CONTEXT() REPRESENTATION_CONTEXT('2D SPACE',''
  ) );
#6815 = PCURVE('',#4087,#6816);
#6816 = DEFINITIONAL_REPRESENTATION('',(#6817),#6820);
#6817 = B_SPLINE_CURVE_WITH_KNOTS('',1,(#6818,#6819),.UNSPECIFIED.,.F.,
  .F.,(2,2),(-0.640126973618,0.212998878762),.PIECEWISE_BEZIER_KNOTS.);
#6818 = CARTESIAN_POINT('',(0.853125852381,-5.E-02));
#6819 = CARTESIAN_POINT('',(0.,-5.E-02));
#6820 = ( GEOMETRIC_REPRESENTATION_CONTEXT(2) 
PARAMETRIC_REPRESENTATION_CONTEXT() REPRESENTATION_CONTEXT('2D SPACE',''
  ) );
#6821 = ORIENTED_EDGE('',*,*,#6822,.T.);
#6822 = EDGE_CURVE('',#6802,#6823,#6825,.T.);
#6823 = VERTEX_POINT('',#6824);
#6824 = CARTESIAN_POINT('',(-1.224329901687,-9.938201594948,12.3204));
#6825 = SURFACE_CURVE('',#6826,(#6830,#6836),.PCURVE_S1.);
#6826 = LINE('',#6827,#6828);
#6827 = CARTESIAN_POINT('',(-1.01153552919,-9.95524558689,12.3204));
#6828 = VECTOR('',#6829,1.);
#6829 = DIRECTION('',(-0.996807662026,7.984037152879E-02,0.));
#6830 = PCURVE('',#1166,#6831);
#6831 = DEFINITIONAL_REPRESENTATION('',(#6832),#6835);
#6832 = B_SPLINE_CURVE_WITH_KNOTS('',1,(#6833,#6834),.UNSPECIFIED.,.F.,
  .F.,(2,2),(-0.639620084603,0.213475859591),.PIECEWISE_BEZIER_KNOTS.);
#6833 = CARTESIAN_POINT('',(-0.373957328071,-10.00631309208));
#6834 = CARTESIAN_POINT('',(-1.224329901687,-9.938201594948));
#6835 = ( GEOMETRIC_REPRESENTATION_CONTEXT(2) 
PARAMETRIC_REPRESENTATION_CONTEXT() REPRESENTATION_CONTEXT('2D SPACE',''
  ) );
#6836 = PCURVE('',#4059,#6837);
#6837 = DEFINITIONAL_REPRESENTATION('',(#6838),#6841);
#6838 = B_SPLINE_CURVE_WITH_KNOTS('',1,(#6839,#6840),.UNSPECIFIED.,.F.,
  .F.,(2,2),(-0.639620084603,0.213475859591),.PIECEWISE_BEZIER_KNOTS.);
#6839 = CARTESIAN_POINT('',(0.853095944194,-5.E-02));
#6840 = CARTESIAN_POINT('',(0.,-5.E-02));
#6841 = ( GEOMETRIC_REPRESENTATION_CONTEXT(2) 
PARAMETRIC_REPRESENTATION_CONTEXT() REPRESENTATION_CONTEXT('2D SPACE',''
  ) );
#6842 = ORIENTED_EDGE('',*,*,#6843,.T.);
#6843 = EDGE_CURVE('',#6823,#6844,#6846,.T.);
#6844 = VERTEX_POINT('',#6845);
#6845 = CARTESIAN_POINT('',(-2.065847596771,-9.797952998301,12.3204));
#6846 = SURFACE_CURVE('',#6847,(#6851,#6857),.PCURVE_S1.);
#6847 = LINE('',#6848,#6849);
#6848 = CARTESIAN_POINT('',(-1.855244272144,-9.833052463114,12.3204));
#6849 = VECTOR('',#6850,1.);
#6850 = DIRECTION('',(-0.98639475115,0.164394023319,0.));
#6851 = PCURVE('',#1166,#6852);
#6852 = DEFINITIONAL_REPRESENTATION('',(#6853),#6856);
#6853 = B_SPLINE_CURVE_WITH_KNOTS('',1,(#6854,#6855),.UNSPECIFIED.,.F.,
  .F.,(2,2),(-0.639616512274,0.213508156224),.PIECEWISE_BEZIER_KNOTS.);
#6854 = CARTESIAN_POINT('',(-1.224329901687,-9.938201594948));
#6855 = CARTESIAN_POINT('',(-2.065847596771,-9.797952998301));
#6856 = ( GEOMETRIC_REPRESENTATION_CONTEXT(2) 
PARAMETRIC_REPRESENTATION_CONTEXT() REPRESENTATION_CONTEXT('2D SPACE',''
  ) );
#6857 = PCURVE('',#4031,#6858);
#6858 = DEFINITIONAL_REPRESENTATION('',(#6859),#6862);
#6859 = B_SPLINE_CURVE_WITH_KNOTS('',1,(#6860,#6861),.UNSPECIFIED.,.F.,
  .F.,(2,2),(-0.639616512274,0.213508156224),.PIECEWISE_BEZIER_KNOTS.);
#6860 = CARTESIAN_POINT('',(0.853124668498,-5.E-02));
#6861 = CARTESIAN_POINT('',(0.,-5.E-02));
#6862 = ( GEOMETRIC_REPRESENTATION_CONTEXT(2) 
PARAMETRIC_REPRESENTATION_CONTEXT() REPRESENTATION_CONTEXT('2D SPACE',''
  ) );
#6863 = ORIENTED_EDGE('',*,*,#6864,.T.);
#6864 = EDGE_CURVE('',#6844,#6865,#6867,.T.);
#6865 = VERTEX_POINT('',#6866);
#6866 = CARTESIAN_POINT('',(-2.89233746598,-9.586475443712,12.3204));
#6867 = SURFACE_CURVE('',#6868,(#6872,#6878),.PCURVE_S1.);
#6868 = LINE('',#6869,#6870);
#6869 = CARTESIAN_POINT('',(-2.686135677019,-9.639237191564,12.3204));
#6870 = VECTOR('',#6871,1.);
#6871 = DIRECTION('',(-0.96878865521,0.247888163365,0.));
#6872 = PCURVE('',#1166,#6873);
#6873 = DEFINITIONAL_REPRESENTATION('',(#6874),#6877);
#6874 = B_SPLINE_CURVE_WITH_KNOTS('',1,(#6875,#6876),.UNSPECIFIED.,.F.,
  .F.,(2,2),(-0.640271824936,0.2128449666),.PIECEWISE_BEZIER_KNOTS.);
#6875 = CARTESIAN_POINT('',(-2.065847596771,-9.797952998301));
#6876 = CARTESIAN_POINT('',(-2.89233746598,-9.586475443712));
#6877 = ( GEOMETRIC_REPRESENTATION_CONTEXT(2) 
PARAMETRIC_REPRESENTATION_CONTEXT() REPRESENTATION_CONTEXT('2D SPACE',''
  ) );
#6878 = PCURVE('',#4003,#6879);
#6879 = DEFINITIONAL_REPRESENTATION('',(#6880),#6883);
#6880 = B_SPLINE_CURVE_WITH_KNOTS('',1,(#6881,#6882),.UNSPECIFIED.,.F.,
  .F.,(2,2),(-0.640271824936,0.2128449666),.PIECEWISE_BEZIER_KNOTS.);
#6881 = CARTESIAN_POINT('',(0.853116791536,-5.E-02));
#6882 = CARTESIAN_POINT('',(0.,-5.E-02));
#6883 = ( GEOMETRIC_REPRESENTATION_CONTEXT(2) 
PARAMETRIC_REPRESENTATION_CONTEXT() REPRESENTATION_CONTEXT('2D SPACE',''
  ) );
#6884 = ORIENTED_EDGE('',*,*,#6885,.T.);
#6885 = EDGE_CURVE('',#6865,#6886,#6888,.T.);
#6886 = VERTEX_POINT('',#6887);
#6887 = CARTESIAN_POINT('',(-3.697903356891,-9.305556495615,12.3204));
#6888 = SURFACE_CURVE('',#6889,(#6893,#6899),.PCURVE_S1.);
#6889 = LINE('',#6890,#6891);
#6890 = CARTESIAN_POINT('',(-3.496029475552,-9.375954459374,12.3204));
#6891 = VECTOR('',#6892,1.);
#6892 = DIRECTION('',(-0.944233862137,0.329275589125,0.));
#6893 = PCURVE('',#1166,#6894);
#6894 = DEFINITIONAL_REPRESENTATION('',(#6895),#6898);
#6895 = B_SPLINE_CURVE_WITH_KNOTS('',1,(#6896,#6897),.UNSPECIFIED.,.F.,
  .F.,(2,2),(-0.639345858881,0.213796485631),.PIECEWISE_BEZIER_KNOTS.);
#6896 = CARTESIAN_POINT('',(-2.89233746598,-9.586475443712));
#6897 = CARTESIAN_POINT('',(-3.697903356891,-9.305556495615));
#6898 = ( GEOMETRIC_REPRESENTATION_CONTEXT(2) 
PARAMETRIC_REPRESENTATION_CONTEXT() REPRESENTATION_CONTEXT('2D SPACE',''
  ) );
#6899 = PCURVE('',#3975,#6900);
#6900 = DEFINITIONAL_REPRESENTATION('',(#6901),#6904);
#6901 = B_SPLINE_CURVE_WITH_KNOTS('',1,(#6902,#6903),.UNSPECIFIED.,.F.,
  .F.,(2,2),(-0.639345858881,0.213796485631),.PIECEWISE_BEZIER_KNOTS.);
#6902 = CARTESIAN_POINT('',(0.853142344512,-5.E-02));
#6903 = CARTESIAN_POINT('',(0.,-5.E-02));
#6904 = ( GEOMETRIC_REPRESENTATION_CONTEXT(2) 
PARAMETRIC_REPRESENTATION_CONTEXT() REPRESENTATION_CONTEXT('2D SPACE',''
  ) );
#6905 = ORIENTED_EDGE('',*,*,#6906,.T.);
#6906 = EDGE_CURVE('',#6886,#6907,#6909,.T.);
#6907 = VERTEX_POINT('',#6908);
#6908 = CARTESIAN_POINT('',(-4.476512514543,-8.956947115906,12.3204));
#6909 = SURFACE_CURVE('',#6910,(#6914,#6920),.PCURVE_S1.);
#6910 = LINE('',#6911,#6912);
#6911 = CARTESIAN_POINT('',(-4.282343003841,-9.043883304646,12.3204));
#6912 = VECTOR('',#6913,1.);
#6913 = DIRECTION('',(-0.912694013018,0.408643657239,0.));
#6914 = PCURVE('',#1166,#6915);
#6915 = DEFINITIONAL_REPRESENTATION('',(#6916),#6919);
#6916 = B_SPLINE_CURVE_WITH_KNOTS('',1,(#6917,#6918),.UNSPECIFIED.,.F.,
  .F.,(2,2),(-0.6403456565,0.212743272041),.PIECEWISE_BEZIER_KNOTS.);
#6917 = CARTESIAN_POINT('',(-3.697903356891,-9.305556495615));
#6918 = CARTESIAN_POINT('',(-4.476512514543,-8.956947115906));
#6919 = ( GEOMETRIC_REPRESENTATION_CONTEXT(2) 
PARAMETRIC_REPRESENTATION_CONTEXT() REPRESENTATION_CONTEXT('2D SPACE',''
  ) );
#6920 = PCURVE('',#3947,#6921);
#6921 = DEFINITIONAL_REPRESENTATION('',(#6922),#6925);
#6922 = B_SPLINE_CURVE_WITH_KNOTS('',1,(#6923,#6924),.UNSPECIFIED.,.F.,
  .F.,(2,2),(-0.6403456565,0.212743272041),.PIECEWISE_BEZIER_KNOTS.);
#6923 = CARTESIAN_POINT('',(0.853088928541,-5.E-02));
#6924 = CARTESIAN_POINT('',(0.,-5.E-02));
#6925 = ( GEOMETRIC_REPRESENTATION_CONTEXT(2) 
PARAMETRIC_REPRESENTATION_CONTEXT() REPRESENTATION_CONTEXT('2D SPACE',''
  ) );
#6926 = ORIENTED_EDGE('',*,*,#6927,.T.);
#6927 = EDGE_CURVE('',#6907,#6928,#6930,.T.);
#6928 = VERTEX_POINT('',#6929);
#6929 = CARTESIAN_POINT('',(-5.222732183971,-8.543437496963,12.3204));
#6930 = SURFACE_CURVE('',#6931,(#6935,#6941),.PCURVE_S1.);
#6931 = LINE('',#6932,#6933);
#6932 = CARTESIAN_POINT('',(-5.035872302789,-8.646983894129,12.3204));
#6933 = VECTOR('',#6934,1.);
#6934 = DIRECTION('',(-0.874682671363,0.48469601238,0.));
#6935 = PCURVE('',#1166,#6936);
#6936 = DEFINITIONAL_REPRESENTATION('',(#6937),#6940);
#6937 = B_SPLINE_CURVE_WITH_KNOTS('',1,(#6938,#6939),.UNSPECIFIED.,.F.,
  .F.,(2,2),(-0.639500251416,0.213631625845),.PIECEWISE_BEZIER_KNOTS.);
#6938 = CARTESIAN_POINT('',(-4.476512514543,-8.956947115906));
#6939 = CARTESIAN_POINT('',(-5.222732183971,-8.543437496963));
#6940 = ( GEOMETRIC_REPRESENTATION_CONTEXT(2) 
PARAMETRIC_REPRESENTATION_CONTEXT() REPRESENTATION_CONTEXT('2D SPACE',''
  ) );
#6941 = PCURVE('',#3919,#6942);
#6942 = DEFINITIONAL_REPRESENTATION('',(#6943),#6946);
#6943 = B_SPLINE_CURVE_WITH_KNOTS('',1,(#6944,#6945),.UNSPECIFIED.,.F.,
  .F.,(2,2),(-0.639500251416,0.213631625845),.PIECEWISE_BEZIER_KNOTS.);
#6944 = CARTESIAN_POINT('',(0.853131877262,-5.E-02));
#6945 = CARTESIAN_POINT('',(0.,-5.E-02));
#6946 = ( GEOMETRIC_REPRESENTATION_CONTEXT(2) 
PARAMETRIC_REPRESENTATION_CONTEXT() REPRESENTATION_CONTEXT('2D SPACE',''
  ) );
#6947 = ORIENTED_EDGE('',*,*,#6948,.T.);
#6948 = EDGE_CURVE('',#6928,#6949,#6951,.T.);
#6949 = VERTEX_POINT('',#6950);
#6950 = CARTESIAN_POINT('',(-5.931043007672,-8.067867831165,12.3204));
#6951 = SURFACE_CURVE('',#6952,(#6956,#6962),.PCURVE_S1.);
#6952 = LINE('',#6953,#6954);
#6953 = CARTESIAN_POINT('',(-5.753842013826,-8.186843024826,12.3204));
#6954 = VECTOR('',#6955,1.);
#6955 = DIRECTION('',(-0.83022680417,0.557425738227,0.));
#6956 = PCURVE('',#1166,#6957);
#6957 = DEFINITIONAL_REPRESENTATION('',(#6958),#6961);
#6958 = B_SPLINE_CURVE_WITH_KNOTS('',1,(#6959,#6960),.UNSPECIFIED.,.F.,
  .F.,(2,2),(-0.639716553582,0.213436849974),.PIECEWISE_BEZIER_KNOTS.);
#6959 = CARTESIAN_POINT('',(-5.222732183971,-8.543437496963));
#6960 = CARTESIAN_POINT('',(-5.931043007672,-8.067867831165));
#6961 = ( GEOMETRIC_REPRESENTATION_CONTEXT(2) 
PARAMETRIC_REPRESENTATION_CONTEXT() REPRESENTATION_CONTEXT('2D SPACE',''
  ) );
#6962 = PCURVE('',#3891,#6963);
#6963 = DEFINITIONAL_REPRESENTATION('',(#6964),#6967);
#6964 = B_SPLINE_CURVE_WITH_KNOTS('',1,(#6965,#6966),.UNSPECIFIED.,.F.,
  .F.,(2,2),(-0.639716553582,0.213436849974),.PIECEWISE_BEZIER_KNOTS.);
#6965 = CARTESIAN_POINT('',(0.853153403556,-5.E-02));
#6966 = CARTESIAN_POINT('',(0.,-5.E-02));
#6967 = ( GEOMETRIC_REPRESENTATION_CONTEXT(2) 
PARAMETRIC_REPRESENTATION_CONTEXT() REPRESENTATION_CONTEXT('2D SPACE',''
  ) );
#6968 = ORIENTED_EDGE('',*,*,#6969,.T.);
#6969 = EDGE_CURVE('',#6949,#6970,#6972,.T.);
#6970 = VERTEX_POINT('',#6971);
#6971 = CARTESIAN_POINT('',(-6.596189025603,-7.533734528673,12.3204));
#6972 = SURFACE_CURVE('',#6973,(#6977,#6983),.PCURVE_S1.);
#6973 = LINE('',#6974,#6975);
#6974 = CARTESIAN_POINT('',(-6.43010746422,-7.6671032785,12.3204));
#6975 = VECTOR('',#6976,1.);
#6976 = DIRECTION('',(-0.779714396722,0.626135336444,0.));
#6977 = PCURVE('',#1166,#6978);
#6978 = DEFINITIONAL_REPRESENTATION('',(#6979),#6982);
#6979 = B_SPLINE_CURVE_WITH_KNOTS('',1,(#6980,#6981),.UNSPECIFIED.,.F.,
  .F.,(2,2),(-0.64006058968,0.213003071485),.PIECEWISE_BEZIER_KNOTS.);
#6980 = CARTESIAN_POINT('',(-5.931043007672,-8.067867831165));
#6981 = CARTESIAN_POINT('',(-6.596189025603,-7.533734528673));
#6982 = ( GEOMETRIC_REPRESENTATION_CONTEXT(2) 
PARAMETRIC_REPRESENTATION_CONTEXT() REPRESENTATION_CONTEXT('2D SPACE',''
  ) );
#6983 = PCURVE('',#3863,#6984);
#6984 = DEFINITIONAL_REPRESENTATION('',(#6985),#6988);
#6985 = B_SPLINE_CURVE_WITH_KNOTS('',1,(#6986,#6987),.UNSPECIFIED.,.F.,
  .F.,(2,2),(-0.64006058968,0.213003071485),.PIECEWISE_BEZIER_KNOTS.);
#6986 = CARTESIAN_POINT('',(0.853063661165,-5.E-02));
#6987 = CARTESIAN_POINT('',(0.,-5.E-02));
#6988 = ( GEOMETRIC_REPRESENTATION_CONTEXT(2) 
PARAMETRIC_REPRESENTATION_CONTEXT() REPRESENTATION_CONTEXT('2D SPACE',''
  ) );
#6989 = ORIENTED_EDGE('',*,*,#6990,.T.);
#6990 = EDGE_CURVE('',#6970,#6991,#6993,.T.);
#6991 = VERTEX_POINT('',#6992);
#6992 = CARTESIAN_POINT('',(-7.21347408534,-6.944903614891,12.3204));
#6993 = SURFACE_CURVE('',#6994,(#6998,#7004),.PCURVE_S1.);
#6994 = LINE('',#6995,#6996);
#6995 = CARTESIAN_POINT('',(-7.059358721991,-7.091914932915,12.3204));
#6996 = VECTOR('',#6997,1.);
#6997 = DIRECTION('',(-0.723587194268,0.690232984065,0.));
#6998 = PCURVE('',#1166,#6999);
#6999 = DEFINITIONAL_REPRESENTATION('',(#7000),#7003);
#7000 = B_SPLINE_CURVE_WITH_KNOTS('',1,(#7001,#7002),.UNSPECIFIED.,.F.,
  .F.,(2,2),(-0.640102119078,0.212987964091),.PIECEWISE_BEZIER_KNOTS.);
#7001 = CARTESIAN_POINT('',(-6.596189025603,-7.533734528673));
#7002 = CARTESIAN_POINT('',(-7.21347408534,-6.944903614891));
#7003 = ( GEOMETRIC_REPRESENTATION_CONTEXT(2) 
PARAMETRIC_REPRESENTATION_CONTEXT() REPRESENTATION_CONTEXT('2D SPACE',''
  ) );
#7004 = PCURVE('',#3835,#7005);
#7005 = DEFINITIONAL_REPRESENTATION('',(#7006),#7009);
#7006 = B_SPLINE_CURVE_WITH_KNOTS('',1,(#7007,#7008),.UNSPECIFIED.,.F.,
  .F.,(2,2),(-0.640102119078,0.212987964091),.PIECEWISE_BEZIER_KNOTS.);
#7007 = CARTESIAN_POINT('',(0.853090083168,-5.E-02));
#7008 = CARTESIAN_POINT('',(0.,-5.E-02));
#7009 = ( GEOMETRIC_REPRESENTATION_CONTEXT(2) 
PARAMETRIC_REPRESENTATION_CONTEXT() REPRESENTATION_CONTEXT('2D SPACE',''
  ) );
#7010 = ORIENTED_EDGE('',*,*,#7011,.T.);
#7011 = EDGE_CURVE('',#6991,#7012,#7014,.T.);
#7012 = VERTEX_POINT('',#7013);
#7013 = CARTESIAN_POINT('',(-7.778452034462,-6.305674127925,12.3204));
#7014 = SURFACE_CURVE('',#7015,(#7019,#7025),.PCURVE_S1.);
#7015 = LINE('',#7016,#7017);
#7016 = CARTESIAN_POINT('',(-7.637217704628,-6.465470007289,12.3204));
#7017 = VECTOR('',#7018,1.);
#7018 = DIRECTION('',(-0.662248784482,0.74928402322,0.));
#7019 = PCURVE('',#1166,#7020);
#7020 = DEFINITIONAL_REPRESENTATION('',(#7021),#7024);
#7021 = B_SPLINE_CURVE_WITH_KNOTS('',1,(#7022,#7023),.UNSPECIFIED.,.F.,
  .F.,(2,2),(-0.639855639176,0.213264762643),.PIECEWISE_BEZIER_KNOTS.);
#7022 = CARTESIAN_POINT('',(-7.21347408534,-6.944903614891));
#7023 = CARTESIAN_POINT('',(-7.778452034462,-6.305674127925));
#7024 = ( GEOMETRIC_REPRESENTATION_CONTEXT(2) 
PARAMETRIC_REPRESENTATION_CONTEXT() REPRESENTATION_CONTEXT('2D SPACE',''
  ) );
#7025 = PCURVE('',#3807,#7026);
#7026 = DEFINITIONAL_REPRESENTATION('',(#7027),#7030);
#7027 = B_SPLINE_CURVE_WITH_KNOTS('',1,(#7028,#7029),.UNSPECIFIED.,.F.,
  .F.,(2,2),(-0.639855639176,0.213264762643),.PIECEWISE_BEZIER_KNOTS.);
#7028 = CARTESIAN_POINT('',(0.853120401819,-5.E-02));
#7029 = CARTESIAN_POINT('',(0.,-5.E-02));
#7030 = ( GEOMETRIC_REPRESENTATION_CONTEXT(2) 
PARAMETRIC_REPRESENTATION_CONTEXT() REPRESENTATION_CONTEXT('2D SPACE',''
  ) );
#7031 = ORIENTED_EDGE('',*,*,#7032,.T.);
#7032 = EDGE_CURVE('',#7012,#7033,#7035,.T.);
#7033 = VERTEX_POINT('',#7034);
#7034 = CARTESIAN_POINT('',(-8.287013323084,-5.620728118582,12.3204));
#7035 = SURFACE_CURVE('',#7036,(#7040,#7046),.PCURVE_S1.);
#7036 = LINE('',#7037,#7038);
#7037 = CARTESIAN_POINT('',(-8.159640283073,-5.792278052494,12.3204));
#7038 = VECTOR('',#7039,1.);
#7039 = DIRECTION('',(-0.596130803877,0.802887329996,0.));
#7040 = PCURVE('',#1166,#7041);
#7041 = DEFINITIONAL_REPRESENTATION('',(#7042),#7045);
#7042 = B_SPLINE_CURVE_WITH_KNOTS('',1,(#7043,#7044),.UNSPECIFIED.,.F.,
  .F.,(2,2),(-0.639437261306,0.213666261134),.PIECEWISE_BEZIER_KNOTS.);
#7043 = CARTESIAN_POINT('',(-7.778452034462,-6.305674127925));
#7044 = CARTESIAN_POINT('',(-8.287013323084,-5.620728118582));
#7045 = ( GEOMETRIC_REPRESENTATION_CONTEXT(2) 
PARAMETRIC_REPRESENTATION_CONTEXT() REPRESENTATION_CONTEXT('2D SPACE',''
  ) );
#7046 = PCURVE('',#3779,#7047);
#7047 = DEFINITIONAL_REPRESENTATION('',(#7048),#7051);
#7048 = B_SPLINE_CURVE_WITH_KNOTS('',1,(#7049,#7050),.UNSPECIFIED.,.F.,
  .F.,(2,2),(-0.639437261306,0.213666261134),.PIECEWISE_BEZIER_KNOTS.);
#7049 = CARTESIAN_POINT('',(0.85310352244,-5.E-02));
#7050 = CARTESIAN_POINT('',(0.,-5.E-02));
#7051 = ( GEOMETRIC_REPRESENTATION_CONTEXT(2) 
PARAMETRIC_REPRESENTATION_CONTEXT() REPRESENTATION_CONTEXT('2D SPACE',''
  ) );
#7052 = ORIENTED_EDGE('',*,*,#7053,.T.);
#7053 = EDGE_CURVE('',#7033,#7054,#7056,.T.);
#7054 = VERTEX_POINT('',#7055);
#7055 = CARTESIAN_POINT('',(-8.735371606407,-4.894907445292,12.3204));
#7056 = SURFACE_CURVE('',#7057,(#7061,#7067),.PCURVE_S1.);
#7057 = LINE('',#7058,#7059);
#7058 = CARTESIAN_POINT('',(-8.623334150147,-5.076278248422,12.3204));
#7059 = VECTOR('',#7060,1.);
#7060 = DIRECTION('',(-0.525541479376,0.850767978626,0.));
#7061 = PCURVE('',#1166,#7062);
#7062 = DEFINITIONAL_REPRESENTATION('',(#7063),#7066);
#7063 = B_SPLINE_CURVE_WITH_KNOTS('',1,(#7064,#7065),.UNSPECIFIED.,.F.,
  .F.,(2,2),(-0.639951060499,0.21318480207),.PIECEWISE_BEZIER_KNOTS.);
#7064 = CARTESIAN_POINT('',(-8.287013323084,-5.620728118582));
#7065 = CARTESIAN_POINT('',(-8.735371606407,-4.894907445292));
#7066 = ( GEOMETRIC_REPRESENTATION_CONTEXT(2) 
PARAMETRIC_REPRESENTATION_CONTEXT() REPRESENTATION_CONTEXT('2D SPACE',''
  ) );
#7067 = PCURVE('',#3751,#7068);
#7068 = DEFINITIONAL_REPRESENTATION('',(#7069),#7072);
#7069 = B_SPLINE_CURVE_WITH_KNOTS('',1,(#7070,#7071),.UNSPECIFIED.,.F.,
  .F.,(2,2),(-0.639951060499,0.21318480207),.PIECEWISE_BEZIER_KNOTS.);
#7070 = CARTESIAN_POINT('',(0.853135862568,-5.E-02));
#7071 = CARTESIAN_POINT('',(0.,-5.E-02));
#7072 = ( GEOMETRIC_REPRESENTATION_CONTEXT(2) 
PARAMETRIC_REPRESENTATION_CONTEXT() REPRESENTATION_CONTEXT('2D SPACE',''
  ) );
#7073 = ORIENTED_EDGE('',*,*,#7074,.T.);
#7074 = EDGE_CURVE('',#7054,#7075,#7077,.T.);
#7075 = VERTEX_POINT('',#7076);
#7076 = CARTESIAN_POINT('',(-9.120313744709,-4.133646786805,12.3204));
#7077 = SURFACE_CURVE('',#7078,(#7082,#7088),.PCURVE_S1.);
#7078 = LINE('',#7079,#7080);
#7079 = CARTESIAN_POINT('',(-9.024035552708,-4.324046310652,12.3204));
#7080 = VECTOR('',#7081,1.);
#7081 = DIRECTION('',(-0.451252677873,0.892396224058,0.));
#7082 = PCURVE('',#1166,#7083);
#7083 = DEFINITIONAL_REPRESENTATION('',(#7084),#7087);
#7084 = B_SPLINE_CURVE_WITH_KNOTS('',1,(#7085,#7086),.UNSPECIFIED.,.F.,
  .F.,(2,2),(-0.639694699787,0.213357608105),.PIECEWISE_BEZIER_KNOTS.);
#7085 = CARTESIAN_POINT('',(-8.735371606407,-4.894907445292));
#7086 = CARTESIAN_POINT('',(-9.120313744709,-4.133646786805));
#7087 = ( GEOMETRIC_REPRESENTATION_CONTEXT(2) 
PARAMETRIC_REPRESENTATION_CONTEXT() REPRESENTATION_CONTEXT('2D SPACE',''
  ) );
#7088 = PCURVE('',#3723,#7089);
#7089 = DEFINITIONAL_REPRESENTATION('',(#7090),#7093);
#7090 = B_SPLINE_CURVE_WITH_KNOTS('',1,(#7091,#7092),.UNSPECIFIED.,.F.,
  .F.,(2,2),(-0.639694699787,0.213357608105),.PIECEWISE_BEZIER_KNOTS.);
#7091 = CARTESIAN_POINT('',(0.853052307892,-5.E-02));
#7092 = CARTESIAN_POINT('',(0.,-5.E-02));
#7093 = ( GEOMETRIC_REPRESENTATION_CONTEXT(2) 
PARAMETRIC_REPRESENTATION_CONTEXT() REPRESENTATION_CONTEXT('2D SPACE',''
  ) );
#7094 = ORIENTED_EDGE('',*,*,#7095,.T.);
#7095 = EDGE_CURVE('',#7075,#7096,#7098,.T.);
#7096 = VERTEX_POINT('',#7097);
#7097 = CARTESIAN_POINT('',(-9.439109610972,-3.342217424415,12.3204));
#7098 = SURFACE_CURVE('',#7099,(#7103,#7109),.PCURVE_S1.);
#7099 = LINE('',#7100,#7101);
#7100 = CARTESIAN_POINT('',(-9.359405279988,-3.540088082494,12.3204));
#7101 = VECTOR('',#7102,1.);
#7102 = DIRECTION('',(-0.373636766229,0.927575100421,0.));
#7103 = PCURVE('',#1166,#7104);
#7104 = DEFINITIONAL_REPRESENTATION('',(#7105),#7108);
#7105 = B_SPLINE_CURVE_WITH_KNOTS('',1,(#7106,#7107),.UNSPECIFIED.,.F.,
  .F.,(2,2),(-0.639903662832,0.213320364021),.PIECEWISE_BEZIER_KNOTS.);
#7106 = CARTESIAN_POINT('',(-9.120313744709,-4.133646786805));
#7107 = CARTESIAN_POINT('',(-9.439109610972,-3.342217424415));
#7108 = ( GEOMETRIC_REPRESENTATION_CONTEXT(2) 
PARAMETRIC_REPRESENTATION_CONTEXT() REPRESENTATION_CONTEXT('2D SPACE',''
  ) );
#7109 = PCURVE('',#3695,#7110);
#7110 = DEFINITIONAL_REPRESENTATION('',(#7111),#7114);
#7111 = B_SPLINE_CURVE_WITH_KNOTS('',1,(#7112,#7113),.UNSPECIFIED.,.F.,
  .F.,(2,2),(-0.639903662832,0.213320364021),.PIECEWISE_BEZIER_KNOTS.);
#7112 = CARTESIAN_POINT('',(0.853224026853,-5.E-02));
#7113 = CARTESIAN_POINT('',(0.,-5.E-02));
#7114 = ( GEOMETRIC_REPRESENTATION_CONTEXT(2) 
PARAMETRIC_REPRESENTATION_CONTEXT() REPRESENTATION_CONTEXT('2D SPACE',''
  ) );
#7115 = ORIENTED_EDGE('',*,*,#7116,.T.);
#7116 = EDGE_CURVE('',#7096,#7117,#7119,.T.);
#7117 = VERTEX_POINT('',#7118);
#7118 = CARTESIAN_POINT('',(-9.689342475635,-2.526633459735,12.3204));
#7119 = SURFACE_CURVE('',#7120,(#7124,#7130),.PCURVE_S1.);
#7120 = LINE('',#7121,#7122);
#7121 = CARTESIAN_POINT('',(-9.626781965304,-2.730536928277,12.3204));
#7122 = VECTOR('',#7123,1.);
#7123 = DIRECTION('',(-0.293319006132,0.956014623655,0.));
#7124 = PCURVE('',#1166,#7125);
#7125 = DEFINITIONAL_REPRESENTATION('',(#7126),#7129);
#7126 = B_SPLINE_CURVE_WITH_KNOTS('',1,(#7127,#7128),.UNSPECIFIED.,.F.,
  .F.,(2,2),(-0.639823367763,0.213284884453),.PIECEWISE_BEZIER_KNOTS.);
#7127 = CARTESIAN_POINT('',(-9.439109610972,-3.342217424415));
#7128 = CARTESIAN_POINT('',(-9.689342475635,-2.526633459735));
#7129 = ( GEOMETRIC_REPRESENTATION_CONTEXT(2) 
PARAMETRIC_REPRESENTATION_CONTEXT() REPRESENTATION_CONTEXT('2D SPACE',''
  ) );
#7130 = PCURVE('',#3667,#7131);
#7131 = DEFINITIONAL_REPRESENTATION('',(#7132),#7135);
#7132 = B_SPLINE_CURVE_WITH_KNOTS('',1,(#7133,#7134),.UNSPECIFIED.,.F.,
  .F.,(2,2),(-0.639823367763,0.213284884453),.PIECEWISE_BEZIER_KNOTS.);
#7133 = CARTESIAN_POINT('',(0.853108252217,-5.E-02));
#7134 = CARTESIAN_POINT('',(0.,-5.E-02));
#7135 = ( GEOMETRIC_REPRESENTATION_CONTEXT(2) 
PARAMETRIC_REPRESENTATION_CONTEXT() REPRESENTATION_CONTEXT('2D SPACE',''
  ) );
#7136 = ORIENTED_EDGE('',*,*,#7137,.T.);
#7137 = EDGE_CURVE('',#7117,#7138,#7140,.T.);
#7138 = VERTEX_POINT('',#7139);
#7139 = CARTESIAN_POINT('',(-9.869215224382,-1.692782199463,12.3204));
#7140 = SURFACE_CURVE('',#7141,(#7145,#7151),.PCURVE_S1.);
#7141 = LINE('',#7142,#7143);
#7142 = CARTESIAN_POINT('',(-9.824266412775,-1.901155193522,12.3204));
#7143 = VECTOR('',#7144,1.);
#7144 = DIRECTION('',(-0.210863050356,0.977515613172,0.));
#7145 = PCURVE('',#1166,#7146);
#7146 = DEFINITIONAL_REPRESENTATION('',(#7147),#7150);
#7147 = B_SPLINE_CURVE_WITH_KNOTS('',1,(#7148,#7149),.UNSPECIFIED.,.F.,
  .F.,(2,2),(-0.639865243874,0.213165898582),.PIECEWISE_BEZIER_KNOTS.);
#7148 = CARTESIAN_POINT('',(-9.689342475635,-2.526633459735));
#7149 = CARTESIAN_POINT('',(-9.869215224382,-1.692782199463));
#7150 = ( GEOMETRIC_REPRESENTATION_CONTEXT(2) 
PARAMETRIC_REPRESENTATION_CONTEXT() REPRESENTATION_CONTEXT('2D SPACE',''
  ) );
#7151 = PCURVE('',#3639,#7152);
#7152 = DEFINITIONAL_REPRESENTATION('',(#7153),#7156);
#7153 = B_SPLINE_CURVE_WITH_KNOTS('',1,(#7154,#7155),.UNSPECIFIED.,.F.,
  .F.,(2,2),(-0.639865243874,0.213165898582),.PIECEWISE_BEZIER_KNOTS.);
#7154 = CARTESIAN_POINT('',(0.853031142456,-5.E-02));
#7155 = CARTESIAN_POINT('',(0.,-5.E-02));
#7156 = ( GEOMETRIC_REPRESENTATION_CONTEXT(2) 
PARAMETRIC_REPRESENTATION_CONTEXT() REPRESENTATION_CONTEXT('2D SPACE',''
  ) );
#7157 = ORIENTED_EDGE('',*,*,#7158,.T.);
#7158 = EDGE_CURVE('',#7138,#7159,#7161,.T.);
#7159 = VERTEX_POINT('',#7160);
#7160 = CARTESIAN_POINT('',(-9.977513755599,-0.846560757914,12.3204));
#7161 = SURFACE_CURVE('',#7162,(#7166,#7172),.PCURVE_S1.);
#7162 = LINE('',#7163,#7164);
#7163 = CARTESIAN_POINT('',(-9.950419587763,-1.058268760835,12.3204));
#7164 = VECTOR('',#7165,1.);
#7165 = DIRECTION('',(-0.12694359192,0.991909937681,0.));
#7166 = PCURVE('',#1166,#7167);
#7167 = DEFINITIONAL_REPRESENTATION('',(#7168),#7171);
#7168 = B_SPLINE_CURVE_WITH_KNOTS('',1,(#7169,#7170),.UNSPECIFIED.,.F.,
  .F.,(2,2),(-0.639688558934,0.213434702969),.PIECEWISE_BEZIER_KNOTS.);
#7169 = CARTESIAN_POINT('',(-9.869215224382,-1.692782199463));
#7170 = CARTESIAN_POINT('',(-9.977513755599,-0.846560757914));
#7171 = ( GEOMETRIC_REPRESENTATION_CONTEXT(2) 
PARAMETRIC_REPRESENTATION_CONTEXT() REPRESENTATION_CONTEXT('2D SPACE',''
  ) );
#7172 = PCURVE('',#3611,#7173);
#7173 = DEFINITIONAL_REPRESENTATION('',(#7174),#7177);
#7174 = B_SPLINE_CURVE_WITH_KNOTS('',1,(#7175,#7176),.UNSPECIFIED.,.F.,
  .F.,(2,2),(-0.639688558934,0.213434702969),.PIECEWISE_BEZIER_KNOTS.);
#7175 = CARTESIAN_POINT('',(0.853123261903,-5.E-02));
#7176 = CARTESIAN_POINT('',(0.,-5.E-02));
#7177 = ( GEOMETRIC_REPRESENTATION_CONTEXT(2) 
PARAMETRIC_REPRESENTATION_CONTEXT() REPRESENTATION_CONTEXT('2D SPACE',''
  ) );
#7178 = ORIENTED_EDGE('',*,*,#7179,.T.);
#7179 = EDGE_CURVE('',#7159,#6418,#7180,.T.);
#7180 = SURFACE_CURVE('',#7181,(#7185,#7191),.PCURVE_S1.);
#7181 = LINE('',#7182,#7183);
#7182 = CARTESIAN_POINT('',(-10.00437394708,-0.206962615024,12.3204));
#7183 = VECTOR('',#7184,1.);
#7184 = DIRECTION('',(-4.19584352296E-02,0.999119357091,0.));
#7185 = PCURVE('',#1166,#7186);
#7186 = DEFINITIONAL_REPRESENTATION('',(#7187),#7190);
#7187 = B_SPLINE_CURVE_WITH_KNOTS('',1,(#7188,#7189),.UNSPECIFIED.,.F.,
  .F.,(2,2),(-0.640161896925,0.212987521407),.PIECEWISE_BEZIER_KNOTS.);
#7188 = CARTESIAN_POINT('',(-9.977513755599,-0.846560757914));
#7189 = CARTESIAN_POINT('',(-10.0133105702,5.837340431751E-03));
#7190 = ( GEOMETRIC_REPRESENTATION_CONTEXT(2) 
PARAMETRIC_REPRESENTATION_CONTEXT() REPRESENTATION_CONTEXT('2D SPACE',''
  ) );
#7191 = PCURVE('',#3583,#7192);
#7192 = DEFINITIONAL_REPRESENTATION('',(#7193),#7196);
#7193 = B_SPLINE_CURVE_WITH_KNOTS('',1,(#7194,#7195),.UNSPECIFIED.,.F.,
  .F.,(2,2),(-0.640161896925,0.212987521407),.PIECEWISE_BEZIER_KNOTS.);
#7194 = CARTESIAN_POINT('',(0.853149418332,-5.E-02));
#7195 = CARTESIAN_POINT('',(0.,-5.E-02));
#7196 = ( GEOMETRIC_REPRESENTATION_CONTEXT(2) 
PARAMETRIC_REPRESENTATION_CONTEXT() REPRESENTATION_CONTEXT('2D SPACE',''
  ) );
#7197 = ADVANCED_FACE('',(#7198),#1116,.T.);
#7198 = FACE_BOUND('',#7199,.T.);
#7199 = EDGE_LOOP('',(#7200,#7201,#7202));
#7200 = ORIENTED_EDGE('',*,*,#3069,.T.);
#7201 = ORIENTED_EDGE('',*,*,#1099,.T.);
#7202 = ORIENTED_EDGE('',*,*,#3143,.T.);
#7203 = ADVANCED_FACE('',(#7204),#3228,.T.);
#7204 = FACE_BOUND('',#7205,.T.);
#7205 = EDGE_LOOP('',(#7206,#7230,#7252));
#7206 = ORIENTED_EDGE('',*,*,#7207,.T.);
#7207 = EDGE_CURVE('',#3191,#7208,#7210,.T.);
#7208 = VERTEX_POINT('',#7209);
#7209 = CARTESIAN_POINT('',(-9.85,1.071565949254E-15,11.2204));
#7210 = SURFACE_CURVE('',#7211,(#7216,#7223),.PCURVE_S1.);
#7211 = CIRCLE('',#7212,1.1);
#7212 = AXIS2_PLACEMENT_3D('',#7213,#7214,#7215);
#7213 = CARTESIAN_POINT('',(-10.95,1.340988245066E-15,11.2204));
#7214 = DIRECTION('',(0.,0.,1.));
#7215 = DIRECTION('',(1.,0.,-0.));
#7216 = PCURVE('',#3228,#7217);
#7217 = DEFINITIONAL_REPRESENTATION('',(#7218),#7222);
#7218 = CIRCLE('',#7219,1.1);
#7219 = AXIS2_PLACEMENT_2D('',#7220,#7221);
#7220 = CARTESIAN_POINT('',(0.,0.));
#7221 = DIRECTION('',(1.,0.));
#7222 = ( GEOMETRIC_REPRESENTATION_CONTEXT(2) 
PARAMETRIC_REPRESENTATION_CONTEXT() REPRESENTATION_CONTEXT('2D SPACE',''
  ) );
#7223 = PCURVE('',#103,#7224);
#7224 = DEFINITIONAL_REPRESENTATION('',(#7225),#7229);
#7225 = LINE('',#7226,#7227);
#7226 = CARTESIAN_POINT('',(0.,0.));
#7227 = VECTOR('',#7228,1.);
#7228 = DIRECTION('',(1.,0.));
#7229 = ( GEOMETRIC_REPRESENTATION_CONTEXT(2) 
PARAMETRIC_REPRESENTATION_CONTEXT() REPRESENTATION_CONTEXT('2D SPACE',''
  ) );
#7230 = ORIENTED_EDGE('',*,*,#7231,.T.);
#7231 = EDGE_CURVE('',#7208,#3212,#7232,.T.);
#7232 = SURFACE_CURVE('',#7233,(#7238,#7245),.PCURVE_S1.);
#7233 = CIRCLE('',#7234,1.1);
#7234 = AXIS2_PLACEMENT_3D('',#7235,#7236,#7237);
#7235 = CARTESIAN_POINT('',(-10.95,1.340988245066E-15,11.2204));
#7236 = DIRECTION('',(0.,0.,1.));
#7237 = DIRECTION('',(1.,0.,-0.));
#7238 = PCURVE('',#3228,#7239);
#7239 = DEFINITIONAL_REPRESENTATION('',(#7240),#7244);
#7240 = CIRCLE('',#7241,1.1);
#7241 = AXIS2_PLACEMENT_2D('',#7242,#7243);
#7242 = CARTESIAN_POINT('',(0.,0.));
#7243 = DIRECTION('',(1.,0.));
#7244 = ( GEOMETRIC_REPRESENTATION_CONTEXT(2) 
PARAMETRIC_REPRESENTATION_CONTEXT() REPRESENTATION_CONTEXT('2D SPACE',''
  ) );
#7245 = PCURVE('',#103,#7246);
#7246 = DEFINITIONAL_REPRESENTATION('',(#7247),#7251);
#7247 = LINE('',#7248,#7249);
#7248 = CARTESIAN_POINT('',(6.28318530718,0.));
#7249 = VECTOR('',#7250,1.);
#7250 = DIRECTION('',(1.,0.));
#7251 = ( GEOMETRIC_REPRESENTATION_CONTEXT(2) 
PARAMETRIC_REPRESENTATION_CONTEXT() REPRESENTATION_CONTEXT('2D SPACE',''
  ) );
#7252 = ORIENTED_EDGE('',*,*,#3211,.T.);
#7253 = ADVANCED_FACE('',(#7254,#7257,#7288,#7319),#3130,.F.);
#7254 = FACE_BOUND('',#7255,.F.);
#7255 = EDGE_LOOP('',(#7256));
#7256 = ORIENTED_EDGE('',*,*,#3115,.T.);
#7257 = FACE_BOUND('',#7258,.F.);
#7258 = EDGE_LOOP('',(#7259));
#7259 = ORIENTED_EDGE('',*,*,#7260,.F.);
#7260 = EDGE_CURVE('',#7261,#7261,#7263,.T.);
#7261 = VERTEX_POINT('',#7262);
#7262 = CARTESIAN_POINT('',(-10.4,1.20627709716E-15,10.6204));
#7263 = SURFACE_CURVE('',#7264,(#7269,#7276),.PCURVE_S1.);
#7264 = CIRCLE('',#7265,0.55);
#7265 = AXIS2_PLACEMENT_3D('',#7266,#7267,#7268);
#7266 = CARTESIAN_POINT('',(-10.95,1.340988245066E-15,10.6204));
#7267 = DIRECTION('',(0.,0.,1.));
#7268 = DIRECTION('',(1.,0.,-0.));
#7269 = PCURVE('',#3130,#7270);
#7270 = DEFINITIONAL_REPRESENTATION('',(#7271),#7275);
#7271 = CIRCLE('',#7272,0.55);
#7272 = AXIS2_PLACEMENT_2D('',#7273,#7274);
#7273 = CARTESIAN_POINT('',(-10.95,1.340988245066E-15));
#7274 = DIRECTION('',(1.,0.));
#7275 = ( GEOMETRIC_REPRESENTATION_CONTEXT(2) 
PARAMETRIC_REPRESENTATION_CONTEXT() REPRESENTATION_CONTEXT('2D SPACE',''
  ) );
#7276 = PCURVE('',#7277,#7282);
#7277 = CYLINDRICAL_SURFACE('',#7278,0.55);
#7278 = AXIS2_PLACEMENT_3D('',#7279,#7280,#7281);
#7279 = CARTESIAN_POINT('',(-10.95,1.340988245066E-15,10.5204));
#7280 = DIRECTION('',(0.,0.,1.));
#7281 = DIRECTION('',(1.,0.,-0.));
#7282 = DEFINITIONAL_REPRESENTATION('',(#7283),#7287);
#7283 = LINE('',#7284,#7285);
#7284 = CARTESIAN_POINT('',(0.,1.E-01));
#7285 = VECTOR('',#7286,1.);
#7286 = DIRECTION('',(1.,0.));
#7287 = ( GEOMETRIC_REPRESENTATION_CONTEXT(2) 
PARAMETRIC_REPRESENTATION_CONTEXT() REPRESENTATION_CONTEXT('2D SPACE',''
  ) );
#7288 = FACE_BOUND('',#7289,.F.);
#7289 = EDGE_LOOP('',(#7290));
#7290 = ORIENTED_EDGE('',*,*,#7291,.F.);
#7291 = EDGE_CURVE('',#7292,#7292,#7294,.T.);
#7292 = VERTEX_POINT('',#7293);
#7293 = CARTESIAN_POINT('',(11.5,-1.347111479062E-16,10.6204));
#7294 = SURFACE_CURVE('',#7295,(#7300,#7307),.PCURVE_S1.);
#7295 = CIRCLE('',#7296,0.55);
#7296 = AXIS2_PLACEMENT_3D('',#7297,#7298,#7299);
#7297 = CARTESIAN_POINT('',(10.95,0.,10.6204));
#7298 = DIRECTION('',(0.,0.,1.));
#7299 = DIRECTION('',(1.,0.,-0.));
#7300 = PCURVE('',#3130,#7301);
#7301 = DEFINITIONAL_REPRESENTATION('',(#7302),#7306);
#7302 = CIRCLE('',#7303,0.55);
#7303 = AXIS2_PLACEMENT_2D('',#7304,#7305);
#7304 = CARTESIAN_POINT('',(10.95,0.));
#7305 = DIRECTION('',(1.,0.));
#7306 = ( GEOMETRIC_REPRESENTATION_CONTEXT(2) 
PARAMETRIC_REPRESENTATION_CONTEXT() REPRESENTATION_CONTEXT('2D SPACE',''
  ) );
#7307 = PCURVE('',#7308,#7313);
#7308 = CYLINDRICAL_SURFACE('',#7309,0.55);
#7309 = AXIS2_PLACEMENT_3D('',#7310,#7311,#7312);
#7310 = CARTESIAN_POINT('',(10.95,0.,10.5204));
#7311 = DIRECTION('',(0.,0.,1.));
#7312 = DIRECTION('',(1.,0.,-0.));
#7313 = DEFINITIONAL_REPRESENTATION('',(#7314),#7318);
#7314 = LINE('',#7315,#7316);
#7315 = CARTESIAN_POINT('',(0.,1.E-01));
#7316 = VECTOR('',#7317,1.);
#7317 = DIRECTION('',(1.,0.));
#7318 = ( GEOMETRIC_REPRESENTATION_CONTEXT(2) 
PARAMETRIC_REPRESENTATION_CONTEXT() REPRESENTATION_CONTEXT('2D SPACE',''
  ) );
#7319 = FACE_BOUND('',#7320,.F.);
#7320 = EDGE_LOOP('',(#7321,#7350,#7377,#7404,#7431,#7458,#7485,#7512,
    #7539,#7566,#7593,#7620,#7647));
#7321 = ORIENTED_EDGE('',*,*,#7322,.F.);
#7322 = EDGE_CURVE('',#7323,#7325,#7327,.T.);
#7323 = VERTEX_POINT('',#7324);
#7324 = CARTESIAN_POINT('',(3.585770366866,-8.350833530066,10.6204));
#7325 = VERTEX_POINT('',#7326);
#7326 = CARTESIAN_POINT('',(8.44,-3.496603896932,10.6204));
#7327 = SURFACE_CURVE('',#7328,(#7332,#7338),.PCURVE_S1.);
#7328 = LINE('',#7329,#7330);
#7329 = CARTESIAN_POINT('',(7.204150974233,-4.732452922699,10.6204));
#7330 = VECTOR('',#7331,1.);
#7331 = DIRECTION('',(0.707106781187,0.707106781187,-0.));
#7332 = PCURVE('',#3130,#7333);
#7333 = DEFINITIONAL_REPRESENTATION('',(#7334),#7337);
#7334 = B_SPLINE_CURVE_WITH_KNOTS('',1,(#7335,#7336),.UNSPECIFIED.,.F.,
  .F.,(2,2),(-5.117162928767,1.747754453285),.PIECEWISE_BEZIER_KNOTS.);
#7335 = CARTESIAN_POINT('',(3.585770366866,-8.350833530066));
#7336 = CARTESIAN_POINT('',(8.44,-3.496603896932));
#7337 = ( GEOMETRIC_REPRESENTATION_CONTEXT(2) 
PARAMETRIC_REPRESENTATION_CONTEXT() REPRESENTATION_CONTEXT('2D SPACE',''
  ) );
#7338 = PCURVE('',#7339,#7344);
#7339 = PLANE('',#7340);
#7340 = AXIS2_PLACEMENT_3D('',#7341,#7342,#7343);
#7341 = CARTESIAN_POINT('',(6.012885183433,-5.923718713499,11.2704));
#7342 = DIRECTION('',(-0.707106781187,0.707106781187,-0.));
#7343 = DIRECTION('',(-0.707106781187,-0.707106781187,0.));
#7344 = DEFINITIONAL_REPRESENTATION('',(#7345),#7349);
#7345 = LINE('',#7346,#7347);
#7346 = CARTESIAN_POINT('',(-1.684704237741,-0.65));
#7347 = VECTOR('',#7348,1.);
#7348 = DIRECTION('',(-1.,0.));
#7349 = ( GEOMETRIC_REPRESENTATION_CONTEXT(2) 
PARAMETRIC_REPRESENTATION_CONTEXT() REPRESENTATION_CONTEXT('2D SPACE',''
  ) );
#7350 = ORIENTED_EDGE('',*,*,#7351,.F.);
#7351 = EDGE_CURVE('',#7352,#7323,#7354,.T.);
#7352 = VERTEX_POINT('',#7353);
#7353 = CARTESIAN_POINT('',(0.248091756665,-9.066050375109,10.6204));
#7354 = SURFACE_CURVE('',#7355,(#7359,#7365),.PCURVE_S1.);
#7355 = LINE('',#7356,#7357);
#7356 = CARTESIAN_POINT('',(2.727048455542,-8.534845368207,10.6204));
#7357 = VECTOR('',#7358,1.);
#7358 = DIRECTION('',(0.977802414077,0.209529088731,-0.));
#7359 = PCURVE('',#3130,#7360);
#7360 = DEFINITIONAL_REPRESENTATION('',(#7361),#7364);
#7361 = B_SPLINE_CURVE_WITH_KNOTS('',1,(#7362,#7363),.UNSPECIFIED.,.F.,
  .F.,(2,2),(-2.535232745581,0.878216190675),.PIECEWISE_BEZIER_KNOTS.);
#7362 = CARTESIAN_POINT('',(0.248091756665,-9.066050375109));
#7363 = CARTESIAN_POINT('',(3.585770366866,-8.350833530066));
#7364 = ( GEOMETRIC_REPRESENTATION_CONTEXT(2) 
PARAMETRIC_REPRESENTATION_CONTEXT() REPRESENTATION_CONTEXT('2D SPACE',''
  ) );
#7365 = PCURVE('',#7366,#7371);
#7366 = PLANE('',#7367);
#7367 = AXIS2_PLACEMENT_3D('',#7368,#7369,#7370);
#7368 = CARTESIAN_POINT('',(1.916931061765,-8.708441952588,11.2704));
#7369 = DIRECTION('',(-0.209529088731,0.977802414077,0.));
#7370 = DIRECTION('',(0.977802414077,0.209529088731,0.));
#7371 = DEFINITIONAL_REPRESENTATION('',(#7372),#7376);
#7372 = LINE('',#7373,#7374);
#7373 = CARTESIAN_POINT('',(0.828508277453,0.65));
#7374 = VECTOR('',#7375,1.);
#7375 = DIRECTION('',(1.,0.));
#7376 = ( GEOMETRIC_REPRESENTATION_CONTEXT(2) 
PARAMETRIC_REPRESENTATION_CONTEXT() REPRESENTATION_CONTEXT('2D SPACE',''
  ) );
#7377 = ORIENTED_EDGE('',*,*,#7378,.F.);
#7378 = EDGE_CURVE('',#7379,#7352,#7381,.T.);
#7379 = VERTEX_POINT('',#7380);
#7380 = CARTESIAN_POINT('',(-3.590240893781,-8.346363003151,10.6204));
#7381 = SURFACE_CURVE('',#7382,(#7386,#7392),.PCURVE_S1.);
#7382 = LINE('',#7383,#7384);
#7383 = CARTESIAN_POINT('',(-0.692817503168,-8.889629888891,10.6204));
#7384 = VECTOR('',#7385,1.);
#7385 = DIRECTION('',(0.982872186934,-0.18428853505,0.));
#7386 = PCURVE('',#3130,#7387);
#7387 = DEFINITIONAL_REPRESENTATION('',(#7388),#7391);
#7388 = B_SPLINE_CURVE_WITH_KNOTS('',1,(#7389,#7390),.UNSPECIFIED.,.F.,
  .F.,(2,2),(-2.947914722921,0.957305814877),.PIECEWISE_BEZIER_KNOTS.);
#7389 = CARTESIAN_POINT('',(-3.590240893781,-8.346363003151));
#7390 = CARTESIAN_POINT('',(0.248091756665,-9.066050375109));
#7391 = ( GEOMETRIC_REPRESENTATION_CONTEXT(2) 
PARAMETRIC_REPRESENTATION_CONTEXT() REPRESENTATION_CONTEXT('2D SPACE',''
  ) );
#7392 = PCURVE('',#7393,#7398);
#7393 = PLANE('',#7394);
#7394 = AXIS2_PLACEMENT_3D('',#7395,#7396,#7397);
#7395 = CARTESIAN_POINT('',(-1.671074568558,-8.70620668913,11.2704));
#7396 = DIRECTION('',(0.18428853505,0.982872186934,2.082982157436E-17));
#7397 = DIRECTION('',(0.982872186934,-0.18428853505,7.703719777549E-34)
  );
#7398 = DEFINITIONAL_REPRESENTATION('',(#7399),#7403);
#7399 = LINE('',#7400,#7401);
#7400 = CARTESIAN_POINT('',(0.995304454022,0.65));
#7401 = VECTOR('',#7402,1.);
#7402 = DIRECTION('',(1.,2.118887643277E-33));
#7403 = ( GEOMETRIC_REPRESENTATION_CONTEXT(2) 
PARAMETRIC_REPRESENTATION_CONTEXT() REPRESENTATION_CONTEXT('2D SPACE',''
  ) );
#7404 = ORIENTED_EDGE('',*,*,#7405,.F.);
#7405 = EDGE_CURVE('',#7406,#7379,#7408,.T.);
#7406 = VERTEX_POINT('',#7407);
#7407 = CARTESIAN_POINT('',(-8.44,-3.496603896932,10.6204));
#7408 = SURFACE_CURVE('',#7409,(#7413,#7419),.PCURVE_S1.);
#7409 = LINE('',#7410,#7411);
#7410 = CARTESIAN_POINT('',(-4.779271421124,-7.157332475808,10.6204));
#7411 = VECTOR('',#7412,1.);
#7412 = DIRECTION('',(0.707106781187,-0.707106781187,0.));
#7413 = PCURVE('',#3130,#7414);
#7414 = DEFINITIONAL_REPRESENTATION('',(#7415),#7418);
#7415 = B_SPLINE_CURVE_WITH_KNOTS('',1,(#7416,#7417),.UNSPECIFIED.,.F.,
  .F.,(2,2),(-5.177052004414,1.681543097843),.PIECEWISE_BEZIER_KNOTS.);
#7416 = CARTESIAN_POINT('',(-8.44,-3.496603896932));
#7417 = CARTESIAN_POINT('',(-3.590240893781,-8.346363003151));
#7418 = ( GEOMETRIC_REPRESENTATION_CONTEXT(2) 
PARAMETRIC_REPRESENTATION_CONTEXT() REPRESENTATION_CONTEXT('2D SPACE',''
  ) );
#7419 = PCURVE('',#7420,#7425);
#7420 = PLANE('',#7421);
#7421 = AXIS2_PLACEMENT_3D('',#7422,#7423,#7424);
#7422 = CARTESIAN_POINT('',(-6.015120446891,-5.921483450041,11.2704));
#7423 = DIRECTION('',(0.707106781187,0.707106781187,0.));
#7424 = DIRECTION('',(0.707106781187,-0.707106781187,0.));
#7425 = DEFINITIONAL_REPRESENTATION('',(#7426),#7430);
#7426 = LINE('',#7427,#7428);
#7427 = CARTESIAN_POINT('',(1.747754453285,0.65));
#7428 = VECTOR('',#7429,1.);
#7429 = DIRECTION('',(1.,0.));
#7430 = ( GEOMETRIC_REPRESENTATION_CONTEXT(2) 
PARAMETRIC_REPRESENTATION_CONTEXT() REPRESENTATION_CONTEXT('2D SPACE',''
  ) );
#7431 = ORIENTED_EDGE('',*,*,#7432,.F.);
#7432 = EDGE_CURVE('',#7433,#7406,#7435,.T.);
#7433 = VERTEX_POINT('',#7434);
#7434 = CARTESIAN_POINT('',(-8.44,3.750603896932,10.6204));
#7435 = SURFACE_CURVE('',#7436,(#7440,#7446),.PCURVE_S1.);
#7436 = LINE('',#7437,#7438);
#7437 = CARTESIAN_POINT('',(-8.44,-1.748301948466,10.6204));
#7438 = VECTOR('',#7439,1.);
#7439 = DIRECTION('',(0.,-1.,0.));
#7440 = PCURVE('',#3130,#7441);
#7441 = DEFINITIONAL_REPRESENTATION('',(#7442),#7445);
#7442 = B_SPLINE_CURVE_WITH_KNOTS('',1,(#7443,#7444),.UNSPECIFIED.,.F.,
  .F.,(2,2),(-5.498905845398,1.748301948466),.PIECEWISE_BEZIER_KNOTS.);
#7443 = CARTESIAN_POINT('',(-8.44,3.750603896932));
#7444 = CARTESIAN_POINT('',(-8.44,-3.496603896932));
#7445 = ( GEOMETRIC_REPRESENTATION_CONTEXT(2) 
PARAMETRIC_REPRESENTATION_CONTEXT() REPRESENTATION_CONTEXT('2D SPACE',''
  ) );
#7446 = PCURVE('',#7447,#7452);
#7447 = PLANE('',#7448);
#7448 = AXIS2_PLACEMENT_3D('',#7449,#7450,#7451);
#7449 = CARTESIAN_POINT('',(-8.44,0.127,11.2704));
#7450 = DIRECTION('',(1.,0.,0.));
#7451 = DIRECTION('',(-0.,0.,1.));
#7452 = DEFINITIONAL_REPRESENTATION('',(#7453),#7457);
#7453 = LINE('',#7454,#7455);
#7454 = CARTESIAN_POINT('',(-0.65,1.875301948466));
#7455 = VECTOR('',#7456,1.);
#7456 = DIRECTION('',(0.,1.));
#7457 = ( GEOMETRIC_REPRESENTATION_CONTEXT(2) 
PARAMETRIC_REPRESENTATION_CONTEXT() REPRESENTATION_CONTEXT('2D SPACE',''
  ) );
#7458 = ORIENTED_EDGE('',*,*,#7459,.F.);
#7459 = EDGE_CURVE('',#7460,#7433,#7462,.T.);
#7460 = VERTEX_POINT('',#7461);
#7461 = CARTESIAN_POINT('',(-3.597867965644,8.592735931288,10.6204));
#7462 = SURFACE_CURVE('',#7463,(#7467,#7473),.PCURVE_S1.);
#7463 = LINE('',#7464,#7465);
#7464 = CARTESIAN_POINT('',(-7.267650974233,4.922952922699,10.6204));
#7465 = VECTOR('',#7466,1.);
#7466 = DIRECTION('',(-0.707106781187,-0.707106781187,0.));
#7467 = PCURVE('',#3130,#7468);
#7468 = DEFINITIONAL_REPRESENTATION('',(#7469),#7472);
#7469 = B_SPLINE_CURVE_WITH_KNOTS('',1,(#7470,#7471),.UNSPECIFIED.,.F.,
  .F.,(2,2),(-5.189856901713,1.657951892075),.PIECEWISE_BEZIER_KNOTS.);
#7470 = CARTESIAN_POINT('',(-3.597867965644,8.592735931288));
#7471 = CARTESIAN_POINT('',(-8.44,3.750603896932));
#7472 = ( GEOMETRIC_REPRESENTATION_CONTEXT(2) 
PARAMETRIC_REPRESENTATION_CONTEXT() REPRESENTATION_CONTEXT('2D SPACE',''
  ) );
#7473 = PCURVE('',#7474,#7479);
#7474 = PLANE('',#7475);
#7475 = AXIS2_PLACEMENT_3D('',#7476,#7477,#7478);
#7476 = CARTESIAN_POINT('',(-6.018933982822,6.17166991411,11.2704));
#7477 = DIRECTION('',(0.707106781187,-0.707106781187,-8.50285936848E-17)
  );
#7478 = DIRECTION('',(-0.707106781187,-0.707106781187,0.));
#7479 = DEFINITIONAL_REPRESENTATION('',(#7480),#7484);
#7480 = LINE('',#7481,#7482);
#7481 = CARTESIAN_POINT('',(1.765952504819,0.65));
#7482 = VECTOR('',#7483,1.);
#7483 = DIRECTION('',(1.,-3.277094423997E-33));
#7484 = ( GEOMETRIC_REPRESENTATION_CONTEXT(2) 
PARAMETRIC_REPRESENTATION_CONTEXT() REPRESENTATION_CONTEXT('2D SPACE',''
  ) );
#7485 = ORIENTED_EDGE('',*,*,#7486,.F.);
#7486 = EDGE_CURVE('',#7487,#7460,#7489,.T.);
#7487 = VERTEX_POINT('',#7488);
#7488 = CARTESIAN_POINT('',(-0.3254,9.060231354952,10.6204));
#7489 = SURFACE_CURVE('',#7490,(#7494,#7500),.PCURVE_S1.);
#7490 = LINE('',#7491,#7492);
#7491 = CARTESIAN_POINT('',(-2.436404177669,8.75865932957,10.6204));
#7492 = VECTOR('',#7493,1.);
#7493 = DIRECTION('',(-0.989949493661,-0.141421356237,0.));
#7494 = PCURVE('',#3130,#7495);
#7495 = DEFINITIONAL_REPRESENTATION('',(#7496),#7499);
#7496 = B_SPLINE_CURVE_WITH_KNOTS('',1,(#7497,#7498),.UNSPECIFIED.,.F.,
  .F.,(2,2),(-2.20858370995,1.173255600829),.PIECEWISE_BEZIER_KNOTS.);
#7497 = CARTESIAN_POINT('',(-0.250017852295,9.071000233195));
#7498 = CARTESIAN_POINT('',(-3.597867965644,8.592735931288));
#7499 = ( GEOMETRIC_REPRESENTATION_CONTEXT(2) 
PARAMETRIC_REPRESENTATION_CONTEXT() REPRESENTATION_CONTEXT('2D SPACE',''
  ) );
#7500 = PCURVE('',#7501,#7506);
#7501 = PLANE('',#7502);
#7502 = AXIS2_PLACEMENT_3D('',#7503,#7504,#7505);
#7503 = CARTESIAN_POINT('',(-1.928370675333,8.83123554419,
    11.274872719459));
#7504 = DIRECTION('',(0.141421356237,-0.989949493661,1.147270042828E-16)
  );
#7505 = DIRECTION('',(-0.989949493661,-0.141421356237,-3.08148791102E-33
    ));
#7506 = DEFINITIONAL_REPRESENTATION('',(#7507),#7511);
#7507 = LINE('',#7508,#7509);
#7508 = CARTESIAN_POINT('',(0.513191335102,0.654472719459));
#7509 = VECTOR('',#7510,1.);
#7510 = DIRECTION('',(1.,2.056522630121E-34));
#7511 = ( GEOMETRIC_REPRESENTATION_CONTEXT(2) 
PARAMETRIC_REPRESENTATION_CONTEXT() REPRESENTATION_CONTEXT('2D SPACE',''
  ) );
#7512 = ORIENTED_EDGE('',*,*,#7513,.T.);
#7513 = EDGE_CURVE('',#7487,#7514,#7516,.T.);
#7514 = VERTEX_POINT('',#7515);
#7515 = CARTESIAN_POINT('',(-0.3254,10.9,10.6204));
#7516 = SURFACE_CURVE('',#7517,(#7521,#7527),.PCURVE_S1.);
#7517 = LINE('',#7518,#7519);
#7518 = CARTESIAN_POINT('',(-0.3254,3.5465,10.6204));
#7519 = VECTOR('',#7520,1.);
#7520 = DIRECTION('',(-0.,1.,0.));
#7521 = PCURVE('',#3130,#7522);
#7522 = DEFINITIONAL_REPRESENTATION('',(#7523),#7526);
#7523 = B_SPLINE_CURVE_WITH_KNOTS('',1,(#7524,#7525),.UNSPECIFIED.,.F.,
  .F.,(2,2),(3.5465,7.3535),.PIECEWISE_BEZIER_KNOTS.);
#7524 = CARTESIAN_POINT('',(-0.3254,7.093));
#7525 = CARTESIAN_POINT('',(-0.3254,10.9));
#7526 = ( GEOMETRIC_REPRESENTATION_CONTEXT(2) 
PARAMETRIC_REPRESENTATION_CONTEXT() REPRESENTATION_CONTEXT('2D SPACE',''
  ) );
#7527 = PCURVE('',#7528,#7533);
#7528 = PLANE('',#7529);
#7529 = AXIS2_PLACEMENT_3D('',#7530,#7531,#7532);
#7530 = CARTESIAN_POINT('',(-0.3254,7.093,10.6104));
#7531 = DIRECTION('',(1.,0.,-0.));
#7532 = DIRECTION('',(0.,0.,1.));
#7533 = DEFINITIONAL_REPRESENTATION('',(#7534),#7538);
#7534 = LINE('',#7535,#7536);
#7535 = CARTESIAN_POINT('',(1.E-02,3.5465));
#7536 = VECTOR('',#7537,1.);
#7537 = DIRECTION('',(0.,-1.));
#7538 = ( GEOMETRIC_REPRESENTATION_CONTEXT(2) 
PARAMETRIC_REPRESENTATION_CONTEXT() REPRESENTATION_CONTEXT('2D SPACE',''
  ) );
#7539 = ORIENTED_EDGE('',*,*,#7540,.F.);
#7540 = EDGE_CURVE('',#7541,#7514,#7543,.T.);
#7541 = VERTEX_POINT('',#7542);
#7542 = CARTESIAN_POINT('',(0.2746,10.9,10.6204));
#7543 = SURFACE_CURVE('',#7544,(#7548,#7554),.PCURVE_S1.);
#7544 = LINE('',#7545,#7546);
#7545 = CARTESIAN_POINT('',(-0.1627,10.9,10.6204));
#7546 = VECTOR('',#7547,1.);
#7547 = DIRECTION('',(-1.,-0.,0.));
#7548 = PCURVE('',#3130,#7549);
#7549 = DEFINITIONAL_REPRESENTATION('',(#7550),#7553);
#7550 = B_SPLINE_CURVE_WITH_KNOTS('',1,(#7551,#7552),.UNSPECIFIED.,.F.,
  .F.,(2,2),(-0.4373,0.1627),.PIECEWISE_BEZIER_KNOTS.);
#7551 = CARTESIAN_POINT('',(0.2746,10.9));
#7552 = CARTESIAN_POINT('',(-0.3254,10.9));
#7553 = ( GEOMETRIC_REPRESENTATION_CONTEXT(2) 
PARAMETRIC_REPRESENTATION_CONTEXT() REPRESENTATION_CONTEXT('2D SPACE',''
  ) );
#7554 = PCURVE('',#7555,#7560);
#7555 = PLANE('',#7556);
#7556 = AXIS2_PLACEMENT_3D('',#7557,#7558,#7559);
#7557 = CARTESIAN_POINT('',(-0.3254,10.9,10.6104));
#7558 = DIRECTION('',(-0.,1.,0.));
#7559 = DIRECTION('',(0.,0.,1.));
#7560 = DEFINITIONAL_REPRESENTATION('',(#7561),#7565);
#7561 = LINE('',#7562,#7563);
#7562 = CARTESIAN_POINT('',(1.E-02,0.1627));
#7563 = VECTOR('',#7564,1.);
#7564 = DIRECTION('',(0.,-1.));
#7565 = ( GEOMETRIC_REPRESENTATION_CONTEXT(2) 
PARAMETRIC_REPRESENTATION_CONTEXT() REPRESENTATION_CONTEXT('2D SPACE',''
  ) );
#7566 = ORIENTED_EDGE('',*,*,#7567,.F.);
#7567 = EDGE_CURVE('',#7568,#7541,#7570,.T.);
#7568 = VERTEX_POINT('',#7569);
#7569 = CARTESIAN_POINT('',(0.2746,9.005423001658,10.6204));
#7570 = SURFACE_CURVE('',#7571,(#7575,#7581),.PCURVE_S1.);
#7571 = LINE('',#7572,#7573);
#7572 = CARTESIAN_POINT('',(0.2746,3.5465,10.6204));
#7573 = VECTOR('',#7574,1.);
#7574 = DIRECTION('',(-0.,1.,0.));
#7575 = PCURVE('',#3130,#7576);
#7576 = DEFINITIONAL_REPRESENTATION('',(#7577),#7580);
#7577 = B_SPLINE_CURVE_WITH_KNOTS('',1,(#7578,#7579),.UNSPECIFIED.,.F.,
  .F.,(2,2),(3.5465,7.3535),.PIECEWISE_BEZIER_KNOTS.);
#7578 = CARTESIAN_POINT('',(0.2746,7.093));
#7579 = CARTESIAN_POINT('',(0.2746,10.9));
#7580 = ( GEOMETRIC_REPRESENTATION_CONTEXT(2) 
PARAMETRIC_REPRESENTATION_CONTEXT() REPRESENTATION_CONTEXT('2D SPACE',''
  ) );
#7581 = PCURVE('',#7582,#7587);
#7582 = PLANE('',#7583);
#7583 = AXIS2_PLACEMENT_3D('',#7584,#7585,#7586);
#7584 = CARTESIAN_POINT('',(0.2746,7.093,10.6104));
#7585 = DIRECTION('',(1.,0.,-0.));
#7586 = DIRECTION('',(0.,0.,1.));
#7587 = DEFINITIONAL_REPRESENTATION('',(#7588),#7592);
#7588 = LINE('',#7589,#7590);
#7589 = CARTESIAN_POINT('',(1.E-02,3.5465));
#7590 = VECTOR('',#7591,1.);
#7591 = DIRECTION('',(0.,-1.));
#7592 = ( GEOMETRIC_REPRESENTATION_CONTEXT(2) 
PARAMETRIC_REPRESENTATION_CONTEXT() REPRESENTATION_CONTEXT('2D SPACE',''
  ) );
#7593 = ORIENTED_EDGE('',*,*,#7594,.F.);
#7594 = EDGE_CURVE('',#7595,#7568,#7597,.T.);
#7595 = VERTEX_POINT('',#7596);
#7596 = CARTESIAN_POINT('',(3.600978166027,8.589625730905,10.6204));
#7597 = SURFACE_CURVE('',#7598,(#7602,#7608),.PCURVE_S1.);
#7598 = LINE('',#7599,#7600);
#7599 = CARTESIAN_POINT('',(0.43128325857,8.985837594337,10.6204));
#7600 = VECTOR('',#7601,1.);
#7601 = DIRECTION('',(-0.992277876714,0.124034734589,0.));
#7602 = PCURVE('',#3130,#7603);
#7603 = DEFINITIONAL_REPRESENTATION('',(#7604),#7607);
#7604 = B_SPLINE_CURVE_WITH_KNOTS('',1,(#7605,#7606),.UNSPECIFIED.,.F.,
  .F.,(2,2),(-3.194362165924,0.686603144999),.PIECEWISE_BEZIER_KNOTS.);
#7605 = CARTESIAN_POINT('',(3.600978166027,8.589625730905));
#7606 = CARTESIAN_POINT('',(-0.250017852295,9.071000233195));
#7607 = ( GEOMETRIC_REPRESENTATION_CONTEXT(2) 
PARAMETRIC_REPRESENTATION_CONTEXT() REPRESENTATION_CONTEXT('2D SPACE',''
  ) );
#7608 = PCURVE('',#7609,#7614);
#7609 = PLANE('',#7610);
#7610 = AXIS2_PLACEMENT_3D('',#7611,#7612,#7613);
#7611 = CARTESIAN_POINT('',(1.703326301498,8.826832213971,
    11.298462849415));
#7612 = DIRECTION('',(-0.124034734589,-0.992277876714,
    -4.086235540863E-16));
#7613 = DIRECTION('',(-0.992277876714,0.124034734589,-6.162975822039E-33
    ));
#7614 = DEFINITIONAL_REPRESENTATION('',(#7615),#7619);
#7615 = LINE('',#7616,#7617);
#7616 = CARTESIAN_POINT('',(1.281942359877,0.678062849415));
#7617 = VECTOR('',#7618,1.);
#7618 = DIRECTION('',(1.,-4.06799065285E-32));
#7619 = ( GEOMETRIC_REPRESENTATION_CONTEXT(2) 
PARAMETRIC_REPRESENTATION_CONTEXT() REPRESENTATION_CONTEXT('2D SPACE',''
  ) );
#7620 = ORIENTED_EDGE('',*,*,#7621,.F.);
#7621 = EDGE_CURVE('',#7622,#7595,#7624,.T.);
#7622 = VERTEX_POINT('',#7623);
#7623 = CARTESIAN_POINT('',(8.44,3.750603896932,10.6204));
#7624 = SURFACE_CURVE('',#7625,(#7629,#7635),.PCURVE_S1.);
#7625 = LINE('',#7626,#7627);
#7626 = CARTESIAN_POINT('',(4.848140057247,7.342463839685,10.6204));
#7627 = VECTOR('',#7628,1.);
#7628 = DIRECTION('',(-0.707106781187,0.707106781187,0.));
#7629 = PCURVE('',#3130,#7630);
#7630 = DEFINITIONAL_REPRESENTATION('',(#7631),#7634);
#7631 = B_SPLINE_CURVE_WITH_KNOTS('',1,(#7632,#7633),.UNSPECIFIED.,.F.,
  .F.,(2,2),(-5.079657045186,1.763753261037),.PIECEWISE_BEZIER_KNOTS.);
#7632 = CARTESIAN_POINT('',(8.44,3.750603896932));
#7633 = CARTESIAN_POINT('',(3.600978166027,8.589625730905));
#7634 = ( GEOMETRIC_REPRESENTATION_CONTEXT(2) 
PARAMETRIC_REPRESENTATION_CONTEXT() REPRESENTATION_CONTEXT('2D SPACE',''
  ) );
#7635 = PCURVE('',#7636,#7641);
#7636 = PLANE('',#7637);
#7637 = AXIS2_PLACEMENT_3D('',#7638,#7639,#7640);
#7638 = CARTESIAN_POINT('',(6.020489083014,6.170114813918,11.2704));
#7639 = DIRECTION('',(-0.707106781187,-0.707106781187,-0.));
#7640 = DIRECTION('',(0.707106781187,-0.707106781187,0.));
#7641 = DEFINITIONAL_REPRESENTATION('',(#7642),#7646);
#7642 = LINE('',#7643,#7644);
#7643 = CARTESIAN_POINT('',(-1.657951892075,-0.65));
#7644 = VECTOR('',#7645,1.);
#7645 = DIRECTION('',(-1.,0.));
#7646 = ( GEOMETRIC_REPRESENTATION_CONTEXT(2) 
PARAMETRIC_REPRESENTATION_CONTEXT() REPRESENTATION_CONTEXT('2D SPACE',''
  ) );
#7647 = ORIENTED_EDGE('',*,*,#7648,.F.);
#7648 = EDGE_CURVE('',#7325,#7622,#7649,.T.);
#7649 = SURFACE_CURVE('',#7650,(#7654,#7660),.PCURVE_S1.);
#7650 = LINE('',#7651,#7652);
#7651 = CARTESIAN_POINT('',(8.44,1.875301948466,10.6204));
#7652 = VECTOR('',#7653,1.);
#7653 = DIRECTION('',(-0.,1.,0.));
#7654 = PCURVE('',#3130,#7655);
#7655 = DEFINITIONAL_REPRESENTATION('',(#7656),#7659);
#7656 = B_SPLINE_CURVE_WITH_KNOTS('',1,(#7657,#7658),.UNSPECIFIED.,.F.,
  .F.,(2,2),(-5.371905845398,1.875301948466),.PIECEWISE_BEZIER_KNOTS.);
#7657 = CARTESIAN_POINT('',(8.44,-3.496603896932));
#7658 = CARTESIAN_POINT('',(8.44,3.750603896932));
#7659 = ( GEOMETRIC_REPRESENTATION_CONTEXT(2) 
PARAMETRIC_REPRESENTATION_CONTEXT() REPRESENTATION_CONTEXT('2D SPACE',''
  ) );
#7660 = PCURVE('',#7661,#7666);
#7661 = PLANE('',#7662);
#7662 = AXIS2_PLACEMENT_3D('',#7663,#7664,#7665);
#7663 = CARTESIAN_POINT('',(8.44,0.127,11.2704));
#7664 = DIRECTION('',(-1.,-0.,-0.));
#7665 = DIRECTION('',(0.,0.,-1.));
#7666 = DEFINITIONAL_REPRESENTATION('',(#7667),#7671);
#7667 = LINE('',#7668,#7669);
#7668 = CARTESIAN_POINT('',(0.65,-1.748301948466));
#7669 = VECTOR('',#7670,1.);
#7670 = DIRECTION('',(0.,-1.));
#7671 = ( GEOMETRIC_REPRESENTATION_CONTEXT(2) 
PARAMETRIC_REPRESENTATION_CONTEXT() REPRESENTATION_CONTEXT('2D SPACE',''
  ) );
#7672 = ADVANCED_FACE('',(#7673),#3280,.F.);
#7673 = FACE_BOUND('',#7674,.F.);
#7674 = EDGE_LOOP('',(#7675,#7676,#7697,#7698));
#7675 = ORIENTED_EDGE('',*,*,#6570,.T.);
#7676 = ORIENTED_EDGE('',*,*,#7677,.T.);
#7677 = EDGE_CURVE('',#6571,#3263,#7678,.T.);
#7678 = SURFACE_CURVE('',#7679,(#7683,#7690),.PCURVE_S1.);
#7679 = LINE('',#7680,#7681);
#7680 = CARTESIAN_POINT('',(7.844354829566,-6.223578882594,12.2704));
#7681 = VECTOR('',#7682,1.);
#7682 = DIRECTION('',(0.,0.,1.));
#7683 = PCURVE('',#3280,#7684);
#7684 = DEFINITIONAL_REPRESENTATION('',(#7685),#7689);
#7685 = LINE('',#7686,#7687);
#7686 = CARTESIAN_POINT('',(0.,0.));
#7687 = VECTOR('',#7688,1.);
#7688 = DIRECTION('',(0.,-1.));
#7689 = ( GEOMETRIC_REPRESENTATION_CONTEXT(2) 
PARAMETRIC_REPRESENTATION_CONTEXT() REPRESENTATION_CONTEXT('2D SPACE',''
  ) );
#7690 = PCURVE('',#4365,#7691);
#7691 = DEFINITIONAL_REPRESENTATION('',(#7692),#7696);
#7692 = LINE('',#7693,#7694);
#7693 = CARTESIAN_POINT('',(0.853110573138,0.));
#7694 = VECTOR('',#7695,1.);
#7695 = DIRECTION('',(0.,-1.));
#7696 = ( GEOMETRIC_REPRESENTATION_CONTEXT(2) 
PARAMETRIC_REPRESENTATION_CONTEXT() REPRESENTATION_CONTEXT('2D SPACE',''
  ) );
#7697 = ORIENTED_EDGE('',*,*,#3262,.T.);
#7698 = ORIENTED_EDGE('',*,*,#7699,.F.);
#7699 = EDGE_CURVE('',#6550,#3265,#7700,.T.);
#7700 = SURFACE_CURVE('',#7701,(#7705,#7712),.PCURVE_S1.);
#7701 = LINE('',#7702,#7703);
#7702 = CARTESIAN_POINT('',(8.345631090502,-5.533342930023,12.2704));
#7703 = VECTOR('',#7704,1.);
#7704 = DIRECTION('',(0.,0.,1.));
#7705 = PCURVE('',#3280,#7706);
#7706 = DEFINITIONAL_REPRESENTATION('',(#7707),#7711);
#7707 = LINE('',#7708,#7709);
#7708 = CARTESIAN_POINT('',(0.853055426101,0.));
#7709 = VECTOR('',#7710,1.);
#7710 = DIRECTION('',(0.,-1.));
#7711 = ( GEOMETRIC_REPRESENTATION_CONTEXT(2) 
PARAMETRIC_REPRESENTATION_CONTEXT() REPRESENTATION_CONTEXT('2D SPACE',''
  ) );
#7712 = PCURVE('',#3308,#7713);
#7713 = DEFINITIONAL_REPRESENTATION('',(#7714),#7718);
#7714 = LINE('',#7715,#7716);
#7715 = CARTESIAN_POINT('',(0.,0.));
#7716 = VECTOR('',#7717,1.);
#7717 = DIRECTION('',(0.,-1.));
#7718 = ( GEOMETRIC_REPRESENTATION_CONTEXT(2) 
PARAMETRIC_REPRESENTATION_CONTEXT() REPRESENTATION_CONTEXT('2D SPACE',''
  ) );
#7719 = ADVANCED_FACE('',(#7720),#4365,.F.);
#7720 = FACE_BOUND('',#7721,.F.);
#7721 = EDGE_LOOP('',(#7722,#7723,#7744,#7745));
#7722 = ORIENTED_EDGE('',*,*,#6591,.T.);
#7723 = ORIENTED_EDGE('',*,*,#7724,.T.);
#7724 = EDGE_CURVE('',#6592,#4324,#7725,.T.);
#7725 = SURFACE_CURVE('',#7726,(#7730,#7737),.PCURVE_S1.);
#7726 = LINE('',#7727,#7728);
#7727 = CARTESIAN_POINT('',(7.286111342097,-6.868684965885,12.2704));
#7728 = VECTOR('',#7729,1.);
#7729 = DIRECTION('',(0.,0.,1.));
#7730 = PCURVE('',#4365,#7731);
#7731 = DEFINITIONAL_REPRESENTATION('',(#7732),#7736);
#7732 = LINE('',#7733,#7734);
#7733 = CARTESIAN_POINT('',(0.,0.));
#7734 = VECTOR('',#7735,1.);
#7735 = DIRECTION('',(0.,-1.));
#7736 = ( GEOMETRIC_REPRESENTATION_CONTEXT(2) 
PARAMETRIC_REPRESENTATION_CONTEXT() REPRESENTATION_CONTEXT('2D SPACE',''
  ) );
#7737 = PCURVE('',#4339,#7738);
#7738 = DEFINITIONAL_REPRESENTATION('',(#7739),#7743);
#7739 = LINE('',#7740,#7741);
#7740 = CARTESIAN_POINT('',(0.853137603204,0.));
#7741 = VECTOR('',#7742,1.);
#7742 = DIRECTION('',(0.,-1.));
#7743 = ( GEOMETRIC_REPRESENTATION_CONTEXT(2) 
PARAMETRIC_REPRESENTATION_CONTEXT() REPRESENTATION_CONTEXT('2D SPACE',''
  ) );
#7744 = ORIENTED_EDGE('',*,*,#4351,.T.);
#7745 = ORIENTED_EDGE('',*,*,#7677,.F.);
#7746 = ADVANCED_FACE('',(#7747),#4339,.F.);
#7747 = FACE_BOUND('',#7748,.F.);
#7748 = EDGE_LOOP('',(#7749,#7750,#7771,#7772));
#7749 = ORIENTED_EDGE('',*,*,#6612,.T.);
#7750 = ORIENTED_EDGE('',*,*,#7751,.T.);
#7751 = EDGE_CURVE('',#6613,#4296,#7752,.T.);
#7752 = SURFACE_CURVE('',#7753,(#7757,#7764),.PCURVE_S1.);
#7753 = LINE('',#7754,#7755);
#7754 = CARTESIAN_POINT('',(6.67498985858,-7.463978424932,12.2704));
#7755 = VECTOR('',#7756,1.);
#7756 = DIRECTION('',(0.,0.,1.));
#7757 = PCURVE('',#4339,#7758);
#7758 = DEFINITIONAL_REPRESENTATION('',(#7759),#7763);
#7759 = LINE('',#7760,#7761);
#7760 = CARTESIAN_POINT('',(0.,0.));
#7761 = VECTOR('',#7762,1.);
#7762 = DIRECTION('',(0.,-1.));
#7763 = ( GEOMETRIC_REPRESENTATION_CONTEXT(2) 
PARAMETRIC_REPRESENTATION_CONTEXT() REPRESENTATION_CONTEXT('2D SPACE',''
  ) );
#7764 = PCURVE('',#4311,#7765);
#7765 = DEFINITIONAL_REPRESENTATION('',(#7766),#7770);
#7766 = LINE('',#7767,#7768);
#7767 = CARTESIAN_POINT('',(0.853113661829,0.));
#7768 = VECTOR('',#7769,1.);
#7769 = DIRECTION('',(0.,-1.));
#7770 = ( GEOMETRIC_REPRESENTATION_CONTEXT(2) 
PARAMETRIC_REPRESENTATION_CONTEXT() REPRESENTATION_CONTEXT('2D SPACE',''
  ) );
#7771 = ORIENTED_EDGE('',*,*,#4323,.T.);
#7772 = ORIENTED_EDGE('',*,*,#7724,.F.);
#7773 = ADVANCED_FACE('',(#7774),#4311,.F.);
#7774 = FACE_BOUND('',#7775,.F.);
#7775 = EDGE_LOOP('',(#7776,#7777,#7798,#7799));
#7776 = ORIENTED_EDGE('',*,*,#6633,.T.);
#7777 = ORIENTED_EDGE('',*,*,#7778,.T.);
#7778 = EDGE_CURVE('',#6634,#4268,#7779,.T.);
#7779 = SURFACE_CURVE('',#7780,(#7784,#7791),.PCURVE_S1.);
#7780 = LINE('',#7781,#7782);
#7781 = CARTESIAN_POINT('',(6.015462622203,-8.005113107314,12.2704));
#7782 = VECTOR('',#7783,1.);
#7783 = DIRECTION('',(0.,0.,1.));
#7784 = PCURVE('',#4311,#7785);
#7785 = DEFINITIONAL_REPRESENTATION('',(#7786),#7790);
#7786 = LINE('',#7787,#7788);
#7787 = CARTESIAN_POINT('',(0.,0.));
#7788 = VECTOR('',#7789,1.);
#7789 = DIRECTION('',(0.,-1.));
#7790 = ( GEOMETRIC_REPRESENTATION_CONTEXT(2) 
PARAMETRIC_REPRESENTATION_CONTEXT() REPRESENTATION_CONTEXT('2D SPACE',''
  ) );
#7791 = PCURVE('',#4283,#7792);
#7792 = DEFINITIONAL_REPRESENTATION('',(#7793),#7797);
#7793 = LINE('',#7794,#7795);
#7794 = CARTESIAN_POINT('',(0.853113275011,0.));
#7795 = VECTOR('',#7796,1.);
#7796 = DIRECTION('',(0.,-1.));
#7797 = ( GEOMETRIC_REPRESENTATION_CONTEXT(2) 
PARAMETRIC_REPRESENTATION_CONTEXT() REPRESENTATION_CONTEXT('2D SPACE',''
  ) );
#7798 = ORIENTED_EDGE('',*,*,#4295,.T.);
#7799 = ORIENTED_EDGE('',*,*,#7751,.F.);
#7800 = ADVANCED_FACE('',(#7801),#4283,.F.);
#7801 = FACE_BOUND('',#7802,.F.);
#7802 = EDGE_LOOP('',(#7803,#7804,#7825,#7826));
#7803 = ORIENTED_EDGE('',*,*,#6654,.T.);
#7804 = ORIENTED_EDGE('',*,*,#7805,.T.);
#7805 = EDGE_CURVE('',#6655,#4240,#7806,.T.);
#7806 = SURFACE_CURVE('',#7807,(#7811,#7818),.PCURVE_S1.);
#7807 = LINE('',#7808,#7809);
#7808 = CARTESIAN_POINT('',(5.312248286312,-8.488116065687,12.2704));
#7809 = VECTOR('',#7810,1.);
#7810 = DIRECTION('',(0.,0.,1.));
#7811 = PCURVE('',#4283,#7812);
#7812 = DEFINITIONAL_REPRESENTATION('',(#7813),#7817);
#7813 = LINE('',#7814,#7815);
#7814 = CARTESIAN_POINT('',(0.,0.));
#7815 = VECTOR('',#7816,1.);
#7816 = DIRECTION('',(0.,-1.));
#7817 = ( GEOMETRIC_REPRESENTATION_CONTEXT(2) 
PARAMETRIC_REPRESENTATION_CONTEXT() REPRESENTATION_CONTEXT('2D SPACE',''
  ) );
#7818 = PCURVE('',#4255,#7819);
#7819 = DEFINITIONAL_REPRESENTATION('',(#7820),#7824);
#7820 = LINE('',#7821,#7822);
#7821 = CARTESIAN_POINT('',(0.853142942302,0.));
#7822 = VECTOR('',#7823,1.);
#7823 = DIRECTION('',(0.,-1.));
#7824 = ( GEOMETRIC_REPRESENTATION_CONTEXT(2) 
PARAMETRIC_REPRESENTATION_CONTEXT() REPRESENTATION_CONTEXT('2D SPACE',''
  ) );
#7825 = ORIENTED_EDGE('',*,*,#4267,.T.);
#7826 = ORIENTED_EDGE('',*,*,#7778,.F.);
#7827 = ADVANCED_FACE('',(#7828),#4255,.F.);
#7828 = FACE_BOUND('',#7829,.F.);
#7829 = EDGE_LOOP('',(#7830,#7831,#7852,#7853));
#7830 = ORIENTED_EDGE('',*,*,#6675,.T.);
#7831 = ORIENTED_EDGE('',*,*,#7832,.T.);
#7832 = EDGE_CURVE('',#6676,#4212,#7833,.T.);
#7833 = SURFACE_CURVE('',#7834,(#7838,#7845),.PCURVE_S1.);
#7834 = LINE('',#7835,#7836);
#7835 = CARTESIAN_POINT('',(4.570398516958,-8.909437557792,12.2704));
#7836 = VECTOR('',#7837,1.);
#7837 = DIRECTION('',(0.,0.,1.));
#7838 = PCURVE('',#4255,#7839);
#7839 = DEFINITIONAL_REPRESENTATION('',(#7840),#7844);
#7840 = LINE('',#7841,#7842);
#7841 = CARTESIAN_POINT('',(0.,0.));
#7842 = VECTOR('',#7843,1.);
#7843 = DIRECTION('',(0.,-1.));
#7844 = ( GEOMETRIC_REPRESENTATION_CONTEXT(2) 
PARAMETRIC_REPRESENTATION_CONTEXT() REPRESENTATION_CONTEXT('2D SPACE',''
  ) );
#7845 = PCURVE('',#4227,#7846);
#7846 = DEFINITIONAL_REPRESENTATION('',(#7847),#7851);
#7847 = LINE('',#7848,#7849);
#7848 = CARTESIAN_POINT('',(0.853126485347,0.));
#7849 = VECTOR('',#7850,1.);
#7850 = DIRECTION('',(0.,-1.));
#7851 = ( GEOMETRIC_REPRESENTATION_CONTEXT(2) 
PARAMETRIC_REPRESENTATION_CONTEXT() REPRESENTATION_CONTEXT('2D SPACE',''
  ) );
#7852 = ORIENTED_EDGE('',*,*,#4239,.T.);
#7853 = ORIENTED_EDGE('',*,*,#7805,.F.);
#7854 = ADVANCED_FACE('',(#7855),#4227,.F.);
#7855 = FACE_BOUND('',#7856,.F.);
#7856 = EDGE_LOOP('',(#7857,#7858,#7879,#7880));
#7857 = ORIENTED_EDGE('',*,*,#6696,.T.);
#7858 = ORIENTED_EDGE('',*,*,#7859,.T.);
#7859 = EDGE_CURVE('',#6697,#4184,#7860,.T.);
#7860 = SURFACE_CURVE('',#7861,(#7865,#7872),.PCURVE_S1.);
#7861 = LINE('',#7862,#7863);
#7862 = CARTESIAN_POINT('',(3.795421197973,-9.266137648987,12.2704));
#7863 = VECTOR('',#7864,1.);
#7864 = DIRECTION('',(0.,0.,1.));
#7865 = PCURVE('',#4227,#7866);
#7866 = DEFINITIONAL_REPRESENTATION('',(#7867),#7871);
#7867 = LINE('',#7868,#7869);
#7868 = CARTESIAN_POINT('',(0.,0.));
#7869 = VECTOR('',#7870,1.);
#7870 = DIRECTION('',(0.,-1.));
#7871 = ( GEOMETRIC_REPRESENTATION_CONTEXT(2) 
PARAMETRIC_REPRESENTATION_CONTEXT() REPRESENTATION_CONTEXT('2D SPACE',''
  ) );
#7872 = PCURVE('',#4199,#7873);
#7873 = DEFINITIONAL_REPRESENTATION('',(#7874),#7878);
#7874 = LINE('',#7875,#7876);
#7875 = CARTESIAN_POINT('',(0.853049617549,0.));
#7876 = VECTOR('',#7877,1.);
#7877 = DIRECTION('',(0.,-1.));
#7878 = ( GEOMETRIC_REPRESENTATION_CONTEXT(2) 
PARAMETRIC_REPRESENTATION_CONTEXT() REPRESENTATION_CONTEXT('2D SPACE',''
  ) );
#7879 = ORIENTED_EDGE('',*,*,#4211,.T.);
#7880 = ORIENTED_EDGE('',*,*,#7832,.F.);
#7881 = ADVANCED_FACE('',(#7882),#4199,.F.);
#7882 = FACE_BOUND('',#7883,.F.);
#7883 = EDGE_LOOP('',(#7884,#7885,#7906,#7907));
#7884 = ORIENTED_EDGE('',*,*,#6717,.T.);
#7885 = ORIENTED_EDGE('',*,*,#7886,.T.);
#7886 = EDGE_CURVE('',#6718,#4156,#7887,.T.);
#7887 = SURFACE_CURVE('',#7888,(#7892,#7899),.PCURVE_S1.);
#7888 = LINE('',#7889,#7890);
#7889 = CARTESIAN_POINT('',(2.992984020811,-9.555599609714,12.2704));
#7890 = VECTOR('',#7891,1.);
#7891 = DIRECTION('',(0.,0.,1.));
#7892 = PCURVE('',#4199,#7893);
#7893 = DEFINITIONAL_REPRESENTATION('',(#7894),#7898);
#7894 = LINE('',#7895,#7896);
#7895 = CARTESIAN_POINT('',(0.,0.));
#7896 = VECTOR('',#7897,1.);
#7897 = DIRECTION('',(0.,-1.));
#7898 = ( GEOMETRIC_REPRESENTATION_CONTEXT(2) 
PARAMETRIC_REPRESENTATION_CONTEXT() REPRESENTATION_CONTEXT('2D SPACE',''
  ) );
#7899 = PCURVE('',#4171,#7900);
#7900 = DEFINITIONAL_REPRESENTATION('',(#7901),#7905);
#7901 = LINE('',#7902,#7903);
#7902 = CARTESIAN_POINT('',(0.853124686081,0.));
#7903 = VECTOR('',#7904,1.);
#7904 = DIRECTION('',(0.,-1.));
#7905 = ( GEOMETRIC_REPRESENTATION_CONTEXT(2) 
PARAMETRIC_REPRESENTATION_CONTEXT() REPRESENTATION_CONTEXT('2D SPACE',''
  ) );
#7906 = ORIENTED_EDGE('',*,*,#4183,.T.);
#7907 = ORIENTED_EDGE('',*,*,#7859,.F.);
#7908 = ADVANCED_FACE('',(#7909),#4171,.F.);
#7909 = FACE_BOUND('',#7910,.F.);
#7910 = EDGE_LOOP('',(#7911,#7912,#7933,#7934));
#7911 = ORIENTED_EDGE('',*,*,#6738,.T.);
#7912 = ORIENTED_EDGE('',*,*,#7913,.T.);
#7913 = EDGE_CURVE('',#6739,#4128,#7914,.T.);
#7914 = SURFACE_CURVE('',#7915,(#7919,#7926),.PCURVE_S1.);
#7915 = LINE('',#7916,#7917);
#7916 = CARTESIAN_POINT('',(2.168727882006,-9.775653120575,12.2704));
#7917 = VECTOR('',#7918,1.);
#7918 = DIRECTION('',(0.,0.,1.));
#7919 = PCURVE('',#4171,#7920);
#7920 = DEFINITIONAL_REPRESENTATION('',(#7921),#7925);
#7921 = LINE('',#7922,#7923);
#7922 = CARTESIAN_POINT('',(0.,0.));
#7923 = VECTOR('',#7924,1.);
#7924 = DIRECTION('',(0.,-1.));
#7925 = ( GEOMETRIC_REPRESENTATION_CONTEXT(2) 
PARAMETRIC_REPRESENTATION_CONTEXT() REPRESENTATION_CONTEXT('2D SPACE',''
  ) );
#7926 = PCURVE('',#4143,#7927);
#7927 = DEFINITIONAL_REPRESENTATION('',(#7928),#7932);
#7928 = LINE('',#7929,#7930);
#7929 = CARTESIAN_POINT('',(0.853105632381,0.));
#7930 = VECTOR('',#7931,1.);
#7931 = DIRECTION('',(0.,-1.));
#7932 = ( GEOMETRIC_REPRESENTATION_CONTEXT(2) 
PARAMETRIC_REPRESENTATION_CONTEXT() REPRESENTATION_CONTEXT('2D SPACE',''
  ) );
#7933 = ORIENTED_EDGE('',*,*,#4155,.T.);
#7934 = ORIENTED_EDGE('',*,*,#7886,.F.);
#7935 = ADVANCED_FACE('',(#7936),#4143,.F.);
#7936 = FACE_BOUND('',#7937,.F.);
#7937 = EDGE_LOOP('',(#7938,#7939,#7960,#7961));
#7938 = ORIENTED_EDGE('',*,*,#6759,.T.);
#7939 = ORIENTED_EDGE('',*,*,#7940,.T.);
#7940 = EDGE_CURVE('',#6760,#4100,#7941,.T.);
#7941 = SURFACE_CURVE('',#7942,(#7946,#7953),.PCURVE_S1.);
#7942 = LINE('',#7943,#7944);
#7943 = CARTESIAN_POINT('',(1.328749895875,-9.924737669793,12.2704));
#7944 = VECTOR('',#7945,1.);
#7945 = DIRECTION('',(0.,0.,1.));
#7946 = PCURVE('',#4143,#7947);
#7947 = DEFINITIONAL_REPRESENTATION('',(#7948),#7952);
#7948 = LINE('',#7949,#7950);
#7949 = CARTESIAN_POINT('',(0.,0.));
#7950 = VECTOR('',#7951,1.);
#7951 = DIRECTION('',(0.,-1.));
#7952 = ( GEOMETRIC_REPRESENTATION_CONTEXT(2) 
PARAMETRIC_REPRESENTATION_CONTEXT() REPRESENTATION_CONTEXT('2D SPACE',''
  ) );
#7953 = PCURVE('',#4115,#7954);
#7954 = DEFINITIONAL_REPRESENTATION('',(#7955),#7959);
#7955 = LINE('',#7956,#7957);
#7956 = CARTESIAN_POINT('',(0.853087568776,0.));
#7957 = VECTOR('',#7958,1.);
#7958 = DIRECTION('',(0.,-1.));
#7959 = ( GEOMETRIC_REPRESENTATION_CONTEXT(2) 
PARAMETRIC_REPRESENTATION_CONTEXT() REPRESENTATION_CONTEXT('2D SPACE',''
  ) );
#7960 = ORIENTED_EDGE('',*,*,#4127,.T.);
#7961 = ORIENTED_EDGE('',*,*,#7913,.F.);
#7962 = ADVANCED_FACE('',(#7963),#4115,.F.);
#7963 = FACE_BOUND('',#7964,.F.);
#7964 = EDGE_LOOP('',(#7965,#7966,#7987,#7988));
#7965 = ORIENTED_EDGE('',*,*,#6780,.T.);
#7966 = ORIENTED_EDGE('',*,*,#7967,.T.);
#7967 = EDGE_CURVE('',#6781,#4072,#7968,.T.);
#7968 = SURFACE_CURVE('',#7969,(#7973,#7980),.PCURVE_S1.);
#7969 = LINE('',#7970,#7971);
#7970 = CARTESIAN_POINT('',(0.479156984356,-10.00187575829,12.2704));
#7971 = VECTOR('',#7972,1.);
#7972 = DIRECTION('',(0.,0.,1.));
#7973 = PCURVE('',#4115,#7974);
#7974 = DEFINITIONAL_REPRESENTATION('',(#7975),#7979);
#7975 = LINE('',#7976,#7977);
#7976 = CARTESIAN_POINT('',(0.,0.));
#7977 = VECTOR('',#7978,1.);
#7978 = DIRECTION('',(0.,-1.));
#7979 = ( GEOMETRIC_REPRESENTATION_CONTEXT(2) 
PARAMETRIC_REPRESENTATION_CONTEXT() REPRESENTATION_CONTEXT('2D SPACE',''
  ) );
#7980 = PCURVE('',#4087,#7981);
#7981 = DEFINITIONAL_REPRESENTATION('',(#7982),#7986);
#7982 = LINE('',#7983,#7984);
#7983 = CARTESIAN_POINT('',(0.853125852381,0.));
#7984 = VECTOR('',#7985,1.);
#7985 = DIRECTION('',(0.,-1.));
#7986 = ( GEOMETRIC_REPRESENTATION_CONTEXT(2) 
PARAMETRIC_REPRESENTATION_CONTEXT() REPRESENTATION_CONTEXT('2D SPACE',''
  ) );
#7987 = ORIENTED_EDGE('',*,*,#4099,.T.);
#7988 = ORIENTED_EDGE('',*,*,#7940,.F.);
#7989 = ADVANCED_FACE('',(#7990),#4087,.F.);
#7990 = FACE_BOUND('',#7991,.F.);
#7991 = EDGE_LOOP('',(#7992,#7993,#8014,#8015));
#7992 = ORIENTED_EDGE('',*,*,#6801,.T.);
#7993 = ORIENTED_EDGE('',*,*,#7994,.T.);
#7994 = EDGE_CURVE('',#6802,#4044,#7995,.T.);
#7995 = SURFACE_CURVE('',#7996,(#8000,#8007),.PCURVE_S1.);
#7996 = LINE('',#7997,#7998);
#7997 = CARTESIAN_POINT('',(-0.373957328071,-10.00631309208,12.2704));
#7998 = VECTOR('',#7999,1.);
#7999 = DIRECTION('',(0.,0.,1.));
#8000 = PCURVE('',#4087,#8001);
#8001 = DEFINITIONAL_REPRESENTATION('',(#8002),#8006);
#8002 = LINE('',#8003,#8004);
#8003 = CARTESIAN_POINT('',(0.,0.));
#8004 = VECTOR('',#8005,1.);
#8005 = DIRECTION('',(0.,-1.));
#8006 = ( GEOMETRIC_REPRESENTATION_CONTEXT(2) 
PARAMETRIC_REPRESENTATION_CONTEXT() REPRESENTATION_CONTEXT('2D SPACE',''
  ) );
#8007 = PCURVE('',#4059,#8008);
#8008 = DEFINITIONAL_REPRESENTATION('',(#8009),#8013);
#8009 = LINE('',#8010,#8011);
#8010 = CARTESIAN_POINT('',(0.853095944194,0.));
#8011 = VECTOR('',#8012,1.);
#8012 = DIRECTION('',(0.,-1.));
#8013 = ( GEOMETRIC_REPRESENTATION_CONTEXT(2) 
PARAMETRIC_REPRESENTATION_CONTEXT() REPRESENTATION_CONTEXT('2D SPACE',''
  ) );
#8014 = ORIENTED_EDGE('',*,*,#4071,.T.);
#8015 = ORIENTED_EDGE('',*,*,#7967,.F.);
#8016 = ADVANCED_FACE('',(#8017),#4059,.F.);
#8017 = FACE_BOUND('',#8018,.F.);
#8018 = EDGE_LOOP('',(#8019,#8020,#8041,#8042));
#8019 = ORIENTED_EDGE('',*,*,#6822,.T.);
#8020 = ORIENTED_EDGE('',*,*,#8021,.T.);
#8021 = EDGE_CURVE('',#6823,#4016,#8022,.T.);
#8022 = SURFACE_CURVE('',#8023,(#8027,#8034),.PCURVE_S1.);
#8023 = LINE('',#8024,#8025);
#8024 = CARTESIAN_POINT('',(-1.224329901687,-9.938201594948,12.2704));
#8025 = VECTOR('',#8026,1.);
#8026 = DIRECTION('',(0.,0.,1.));
#8027 = PCURVE('',#4059,#8028);
#8028 = DEFINITIONAL_REPRESENTATION('',(#8029),#8033);
#8029 = LINE('',#8030,#8031);
#8030 = CARTESIAN_POINT('',(0.,0.));
#8031 = VECTOR('',#8032,1.);
#8032 = DIRECTION('',(0.,-1.));
#8033 = ( GEOMETRIC_REPRESENTATION_CONTEXT(2) 
PARAMETRIC_REPRESENTATION_CONTEXT() REPRESENTATION_CONTEXT('2D SPACE',''
  ) );
#8034 = PCURVE('',#4031,#8035);
#8035 = DEFINITIONAL_REPRESENTATION('',(#8036),#8040);
#8036 = LINE('',#8037,#8038);
#8037 = CARTESIAN_POINT('',(0.853124668498,0.));
#8038 = VECTOR('',#8039,1.);
#8039 = DIRECTION('',(0.,-1.));
#8040 = ( GEOMETRIC_REPRESENTATION_CONTEXT(2) 
PARAMETRIC_REPRESENTATION_CONTEXT() REPRESENTATION_CONTEXT('2D SPACE',''
  ) );
#8041 = ORIENTED_EDGE('',*,*,#4043,.T.);
#8042 = ORIENTED_EDGE('',*,*,#7994,.F.);
#8043 = ADVANCED_FACE('',(#8044),#4031,.F.);
#8044 = FACE_BOUND('',#8045,.F.);
#8045 = EDGE_LOOP('',(#8046,#8047,#8068,#8069));
#8046 = ORIENTED_EDGE('',*,*,#6843,.T.);
#8047 = ORIENTED_EDGE('',*,*,#8048,.T.);
#8048 = EDGE_CURVE('',#6844,#3988,#8049,.T.);
#8049 = SURFACE_CURVE('',#8050,(#8054,#8061),.PCURVE_S1.);
#8050 = LINE('',#8051,#8052);
#8051 = CARTESIAN_POINT('',(-2.065847596771,-9.797952998301,12.2704));
#8052 = VECTOR('',#8053,1.);
#8053 = DIRECTION('',(0.,0.,1.));
#8054 = PCURVE('',#4031,#8055);
#8055 = DEFINITIONAL_REPRESENTATION('',(#8056),#8060);
#8056 = LINE('',#8057,#8058);
#8057 = CARTESIAN_POINT('',(0.,0.));
#8058 = VECTOR('',#8059,1.);
#8059 = DIRECTION('',(0.,-1.));
#8060 = ( GEOMETRIC_REPRESENTATION_CONTEXT(2) 
PARAMETRIC_REPRESENTATION_CONTEXT() REPRESENTATION_CONTEXT('2D SPACE',''
  ) );
#8061 = PCURVE('',#4003,#8062);
#8062 = DEFINITIONAL_REPRESENTATION('',(#8063),#8067);
#8063 = LINE('',#8064,#8065);
#8064 = CARTESIAN_POINT('',(0.853116791536,0.));
#8065 = VECTOR('',#8066,1.);
#8066 = DIRECTION('',(0.,-1.));
#8067 = ( GEOMETRIC_REPRESENTATION_CONTEXT(2) 
PARAMETRIC_REPRESENTATION_CONTEXT() REPRESENTATION_CONTEXT('2D SPACE',''
  ) );
#8068 = ORIENTED_EDGE('',*,*,#4015,.T.);
#8069 = ORIENTED_EDGE('',*,*,#8021,.F.);
#8070 = ADVANCED_FACE('',(#8071),#4003,.F.);
#8071 = FACE_BOUND('',#8072,.F.);
#8072 = EDGE_LOOP('',(#8073,#8074,#8095,#8096));
#8073 = ORIENTED_EDGE('',*,*,#6864,.T.);
#8074 = ORIENTED_EDGE('',*,*,#8075,.T.);
#8075 = EDGE_CURVE('',#6865,#3960,#8076,.T.);
#8076 = SURFACE_CURVE('',#8077,(#8081,#8088),.PCURVE_S1.);
#8077 = LINE('',#8078,#8079);
#8078 = CARTESIAN_POINT('',(-2.89233746598,-9.586475443712,12.2704));
#8079 = VECTOR('',#8080,1.);
#8080 = DIRECTION('',(0.,0.,1.));
#8081 = PCURVE('',#4003,#8082);
#8082 = DEFINITIONAL_REPRESENTATION('',(#8083),#8087);
#8083 = LINE('',#8084,#8085);
#8084 = CARTESIAN_POINT('',(0.,0.));
#8085 = VECTOR('',#8086,1.);
#8086 = DIRECTION('',(0.,-1.));
#8087 = ( GEOMETRIC_REPRESENTATION_CONTEXT(2) 
PARAMETRIC_REPRESENTATION_CONTEXT() REPRESENTATION_CONTEXT('2D SPACE',''
  ) );
#8088 = PCURVE('',#3975,#8089);
#8089 = DEFINITIONAL_REPRESENTATION('',(#8090),#8094);
#8090 = LINE('',#8091,#8092);
#8091 = CARTESIAN_POINT('',(0.853142344512,0.));
#8092 = VECTOR('',#8093,1.);
#8093 = DIRECTION('',(0.,-1.));
#8094 = ( GEOMETRIC_REPRESENTATION_CONTEXT(2) 
PARAMETRIC_REPRESENTATION_CONTEXT() REPRESENTATION_CONTEXT('2D SPACE',''
  ) );
#8095 = ORIENTED_EDGE('',*,*,#3987,.T.);
#8096 = ORIENTED_EDGE('',*,*,#8048,.F.);
#8097 = ADVANCED_FACE('',(#8098),#3975,.F.);
#8098 = FACE_BOUND('',#8099,.F.);
#8099 = EDGE_LOOP('',(#8100,#8101,#8122,#8123));
#8100 = ORIENTED_EDGE('',*,*,#6885,.T.);
#8101 = ORIENTED_EDGE('',*,*,#8102,.T.);
#8102 = EDGE_CURVE('',#6886,#3932,#8103,.T.);
#8103 = SURFACE_CURVE('',#8104,(#8108,#8115),.PCURVE_S1.);
#8104 = LINE('',#8105,#8106);
#8105 = CARTESIAN_POINT('',(-3.697903356891,-9.305556495615,12.2704));
#8106 = VECTOR('',#8107,1.);
#8107 = DIRECTION('',(0.,0.,1.));
#8108 = PCURVE('',#3975,#8109);
#8109 = DEFINITIONAL_REPRESENTATION('',(#8110),#8114);
#8110 = LINE('',#8111,#8112);
#8111 = CARTESIAN_POINT('',(0.,0.));
#8112 = VECTOR('',#8113,1.);
#8113 = DIRECTION('',(0.,-1.));
#8114 = ( GEOMETRIC_REPRESENTATION_CONTEXT(2) 
PARAMETRIC_REPRESENTATION_CONTEXT() REPRESENTATION_CONTEXT('2D SPACE',''
  ) );
#8115 = PCURVE('',#3947,#8116);
#8116 = DEFINITIONAL_REPRESENTATION('',(#8117),#8121);
#8117 = LINE('',#8118,#8119);
#8118 = CARTESIAN_POINT('',(0.853088928541,0.));
#8119 = VECTOR('',#8120,1.);
#8120 = DIRECTION('',(0.,-1.));
#8121 = ( GEOMETRIC_REPRESENTATION_CONTEXT(2) 
PARAMETRIC_REPRESENTATION_CONTEXT() REPRESENTATION_CONTEXT('2D SPACE',''
  ) );
#8122 = ORIENTED_EDGE('',*,*,#3959,.T.);
#8123 = ORIENTED_EDGE('',*,*,#8075,.F.);
#8124 = ADVANCED_FACE('',(#8125),#3947,.F.);
#8125 = FACE_BOUND('',#8126,.F.);
#8126 = EDGE_LOOP('',(#8127,#8128,#8149,#8150));
#8127 = ORIENTED_EDGE('',*,*,#6906,.T.);
#8128 = ORIENTED_EDGE('',*,*,#8129,.T.);
#8129 = EDGE_CURVE('',#6907,#3904,#8130,.T.);
#8130 = SURFACE_CURVE('',#8131,(#8135,#8142),.PCURVE_S1.);
#8131 = LINE('',#8132,#8133);
#8132 = CARTESIAN_POINT('',(-4.476512514543,-8.956947115906,12.2704));
#8133 = VECTOR('',#8134,1.);
#8134 = DIRECTION('',(0.,0.,1.));
#8135 = PCURVE('',#3947,#8136);
#8136 = DEFINITIONAL_REPRESENTATION('',(#8137),#8141);
#8137 = LINE('',#8138,#8139);
#8138 = CARTESIAN_POINT('',(0.,0.));
#8139 = VECTOR('',#8140,1.);
#8140 = DIRECTION('',(0.,-1.));
#8141 = ( GEOMETRIC_REPRESENTATION_CONTEXT(2) 
PARAMETRIC_REPRESENTATION_CONTEXT() REPRESENTATION_CONTEXT('2D SPACE',''
  ) );
#8142 = PCURVE('',#3919,#8143);
#8143 = DEFINITIONAL_REPRESENTATION('',(#8144),#8148);
#8144 = LINE('',#8145,#8146);
#8145 = CARTESIAN_POINT('',(0.853131877262,0.));
#8146 = VECTOR('',#8147,1.);
#8147 = DIRECTION('',(0.,-1.));
#8148 = ( GEOMETRIC_REPRESENTATION_CONTEXT(2) 
PARAMETRIC_REPRESENTATION_CONTEXT() REPRESENTATION_CONTEXT('2D SPACE',''
  ) );
#8149 = ORIENTED_EDGE('',*,*,#3931,.T.);
#8150 = ORIENTED_EDGE('',*,*,#8102,.F.);
#8151 = ADVANCED_FACE('',(#8152),#3919,.F.);
#8152 = FACE_BOUND('',#8153,.F.);
#8153 = EDGE_LOOP('',(#8154,#8155,#8176,#8177));
#8154 = ORIENTED_EDGE('',*,*,#6927,.T.);
#8155 = ORIENTED_EDGE('',*,*,#8156,.T.);
#8156 = EDGE_CURVE('',#6928,#3876,#8157,.T.);
#8157 = SURFACE_CURVE('',#8158,(#8162,#8169),.PCURVE_S1.);
#8158 = LINE('',#8159,#8160);
#8159 = CARTESIAN_POINT('',(-5.222732183971,-8.543437496963,12.2704));
#8160 = VECTOR('',#8161,1.);
#8161 = DIRECTION('',(0.,0.,1.));
#8162 = PCURVE('',#3919,#8163);
#8163 = DEFINITIONAL_REPRESENTATION('',(#8164),#8168);
#8164 = LINE('',#8165,#8166);
#8165 = CARTESIAN_POINT('',(0.,0.));
#8166 = VECTOR('',#8167,1.);
#8167 = DIRECTION('',(0.,-1.));
#8168 = ( GEOMETRIC_REPRESENTATION_CONTEXT(2) 
PARAMETRIC_REPRESENTATION_CONTEXT() REPRESENTATION_CONTEXT('2D SPACE',''
  ) );
#8169 = PCURVE('',#3891,#8170);
#8170 = DEFINITIONAL_REPRESENTATION('',(#8171),#8175);
#8171 = LINE('',#8172,#8173);
#8172 = CARTESIAN_POINT('',(0.853153403556,0.));
#8173 = VECTOR('',#8174,1.);
#8174 = DIRECTION('',(0.,-1.));
#8175 = ( GEOMETRIC_REPRESENTATION_CONTEXT(2) 
PARAMETRIC_REPRESENTATION_CONTEXT() REPRESENTATION_CONTEXT('2D SPACE',''
  ) );
#8176 = ORIENTED_EDGE('',*,*,#3903,.T.);
#8177 = ORIENTED_EDGE('',*,*,#8129,.F.);
#8178 = ADVANCED_FACE('',(#8179),#3891,.F.);
#8179 = FACE_BOUND('',#8180,.F.);
#8180 = EDGE_LOOP('',(#8181,#8182,#8203,#8204));
#8181 = ORIENTED_EDGE('',*,*,#6948,.T.);
#8182 = ORIENTED_EDGE('',*,*,#8183,.T.);
#8183 = EDGE_CURVE('',#6949,#3848,#8184,.T.);
#8184 = SURFACE_CURVE('',#8185,(#8189,#8196),.PCURVE_S1.);
#8185 = LINE('',#8186,#8187);
#8186 = CARTESIAN_POINT('',(-5.931043007672,-8.067867831165,12.2704));
#8187 = VECTOR('',#8188,1.);
#8188 = DIRECTION('',(0.,0.,1.));
#8189 = PCURVE('',#3891,#8190);
#8190 = DEFINITIONAL_REPRESENTATION('',(#8191),#8195);
#8191 = LINE('',#8192,#8193);
#8192 = CARTESIAN_POINT('',(0.,0.));
#8193 = VECTOR('',#8194,1.);
#8194 = DIRECTION('',(0.,-1.));
#8195 = ( GEOMETRIC_REPRESENTATION_CONTEXT(2) 
PARAMETRIC_REPRESENTATION_CONTEXT() REPRESENTATION_CONTEXT('2D SPACE',''
  ) );
#8196 = PCURVE('',#3863,#8197);
#8197 = DEFINITIONAL_REPRESENTATION('',(#8198),#8202);
#8198 = LINE('',#8199,#8200);
#8199 = CARTESIAN_POINT('',(0.853063661165,0.));
#8200 = VECTOR('',#8201,1.);
#8201 = DIRECTION('',(0.,-1.));
#8202 = ( GEOMETRIC_REPRESENTATION_CONTEXT(2) 
PARAMETRIC_REPRESENTATION_CONTEXT() REPRESENTATION_CONTEXT('2D SPACE',''
  ) );
#8203 = ORIENTED_EDGE('',*,*,#3875,.T.);
#8204 = ORIENTED_EDGE('',*,*,#8156,.F.);
#8205 = ADVANCED_FACE('',(#8206),#3863,.F.);
#8206 = FACE_BOUND('',#8207,.F.);
#8207 = EDGE_LOOP('',(#8208,#8209,#8230,#8231));
#8208 = ORIENTED_EDGE('',*,*,#6969,.T.);
#8209 = ORIENTED_EDGE('',*,*,#8210,.T.);
#8210 = EDGE_CURVE('',#6970,#3820,#8211,.T.);
#8211 = SURFACE_CURVE('',#8212,(#8216,#8223),.PCURVE_S1.);
#8212 = LINE('',#8213,#8214);
#8213 = CARTESIAN_POINT('',(-6.596189025603,-7.533734528673,12.2704));
#8214 = VECTOR('',#8215,1.);
#8215 = DIRECTION('',(0.,0.,1.));
#8216 = PCURVE('',#3863,#8217);
#8217 = DEFINITIONAL_REPRESENTATION('',(#8218),#8222);
#8218 = LINE('',#8219,#8220);
#8219 = CARTESIAN_POINT('',(0.,0.));
#8220 = VECTOR('',#8221,1.);
#8221 = DIRECTION('',(0.,-1.));
#8222 = ( GEOMETRIC_REPRESENTATION_CONTEXT(2) 
PARAMETRIC_REPRESENTATION_CONTEXT() REPRESENTATION_CONTEXT('2D SPACE',''
  ) );
#8223 = PCURVE('',#3835,#8224);
#8224 = DEFINITIONAL_REPRESENTATION('',(#8225),#8229);
#8225 = LINE('',#8226,#8227);
#8226 = CARTESIAN_POINT('',(0.853090083168,0.));
#8227 = VECTOR('',#8228,1.);
#8228 = DIRECTION('',(0.,-1.));
#8229 = ( GEOMETRIC_REPRESENTATION_CONTEXT(2) 
PARAMETRIC_REPRESENTATION_CONTEXT() REPRESENTATION_CONTEXT('2D SPACE',''
  ) );
#8230 = ORIENTED_EDGE('',*,*,#3847,.T.);
#8231 = ORIENTED_EDGE('',*,*,#8183,.F.);
#8232 = ADVANCED_FACE('',(#8233),#3835,.F.);
#8233 = FACE_BOUND('',#8234,.F.);
#8234 = EDGE_LOOP('',(#8235,#8236,#8257,#8258));
#8235 = ORIENTED_EDGE('',*,*,#6990,.T.);
#8236 = ORIENTED_EDGE('',*,*,#8237,.T.);
#8237 = EDGE_CURVE('',#6991,#3792,#8238,.T.);
#8238 = SURFACE_CURVE('',#8239,(#8243,#8250),.PCURVE_S1.);
#8239 = LINE('',#8240,#8241);
#8240 = CARTESIAN_POINT('',(-7.21347408534,-6.944903614891,12.2704));
#8241 = VECTOR('',#8242,1.);
#8242 = DIRECTION('',(0.,0.,1.));
#8243 = PCURVE('',#3835,#8244);
#8244 = DEFINITIONAL_REPRESENTATION('',(#8245),#8249);
#8245 = LINE('',#8246,#8247);
#8246 = CARTESIAN_POINT('',(0.,0.));
#8247 = VECTOR('',#8248,1.);
#8248 = DIRECTION('',(0.,-1.));
#8249 = ( GEOMETRIC_REPRESENTATION_CONTEXT(2) 
PARAMETRIC_REPRESENTATION_CONTEXT() REPRESENTATION_CONTEXT('2D SPACE',''
  ) );
#8250 = PCURVE('',#3807,#8251);
#8251 = DEFINITIONAL_REPRESENTATION('',(#8252),#8256);
#8252 = LINE('',#8253,#8254);
#8253 = CARTESIAN_POINT('',(0.853120401819,0.));
#8254 = VECTOR('',#8255,1.);
#8255 = DIRECTION('',(0.,-1.));
#8256 = ( GEOMETRIC_REPRESENTATION_CONTEXT(2) 
PARAMETRIC_REPRESENTATION_CONTEXT() REPRESENTATION_CONTEXT('2D SPACE',''
  ) );
#8257 = ORIENTED_EDGE('',*,*,#3819,.T.);
#8258 = ORIENTED_EDGE('',*,*,#8210,.F.);
#8259 = ADVANCED_FACE('',(#8260),#3807,.F.);
#8260 = FACE_BOUND('',#8261,.F.);
#8261 = EDGE_LOOP('',(#8262,#8263,#8284,#8285));
#8262 = ORIENTED_EDGE('',*,*,#7011,.T.);
#8263 = ORIENTED_EDGE('',*,*,#8264,.T.);
#8264 = EDGE_CURVE('',#7012,#3764,#8265,.T.);
#8265 = SURFACE_CURVE('',#8266,(#8270,#8277),.PCURVE_S1.);
#8266 = LINE('',#8267,#8268);
#8267 = CARTESIAN_POINT('',(-7.778452034462,-6.305674127925,12.2704));
#8268 = VECTOR('',#8269,1.);
#8269 = DIRECTION('',(0.,0.,1.));
#8270 = PCURVE('',#3807,#8271);
#8271 = DEFINITIONAL_REPRESENTATION('',(#8272),#8276);
#8272 = LINE('',#8273,#8274);
#8273 = CARTESIAN_POINT('',(0.,0.));
#8274 = VECTOR('',#8275,1.);
#8275 = DIRECTION('',(0.,-1.));
#8276 = ( GEOMETRIC_REPRESENTATION_CONTEXT(2) 
PARAMETRIC_REPRESENTATION_CONTEXT() REPRESENTATION_CONTEXT('2D SPACE',''
  ) );
#8277 = PCURVE('',#3779,#8278);
#8278 = DEFINITIONAL_REPRESENTATION('',(#8279),#8283);
#8279 = LINE('',#8280,#8281);
#8280 = CARTESIAN_POINT('',(0.85310352244,0.));
#8281 = VECTOR('',#8282,1.);
#8282 = DIRECTION('',(0.,-1.));
#8283 = ( GEOMETRIC_REPRESENTATION_CONTEXT(2) 
PARAMETRIC_REPRESENTATION_CONTEXT() REPRESENTATION_CONTEXT('2D SPACE',''
  ) );
#8284 = ORIENTED_EDGE('',*,*,#3791,.T.);
#8285 = ORIENTED_EDGE('',*,*,#8237,.F.);
#8286 = ADVANCED_FACE('',(#8287),#3779,.F.);
#8287 = FACE_BOUND('',#8288,.F.);
#8288 = EDGE_LOOP('',(#8289,#8290,#8311,#8312));
#8289 = ORIENTED_EDGE('',*,*,#7032,.T.);
#8290 = ORIENTED_EDGE('',*,*,#8291,.T.);
#8291 = EDGE_CURVE('',#7033,#3736,#8292,.T.);
#8292 = SURFACE_CURVE('',#8293,(#8297,#8304),.PCURVE_S1.);
#8293 = LINE('',#8294,#8295);
#8294 = CARTESIAN_POINT('',(-8.287013323084,-5.620728118582,12.2704));
#8295 = VECTOR('',#8296,1.);
#8296 = DIRECTION('',(0.,0.,1.));
#8297 = PCURVE('',#3779,#8298);
#8298 = DEFINITIONAL_REPRESENTATION('',(#8299),#8303);
#8299 = LINE('',#8300,#8301);
#8300 = CARTESIAN_POINT('',(0.,0.));
#8301 = VECTOR('',#8302,1.);
#8302 = DIRECTION('',(0.,-1.));
#8303 = ( GEOMETRIC_REPRESENTATION_CONTEXT(2) 
PARAMETRIC_REPRESENTATION_CONTEXT() REPRESENTATION_CONTEXT('2D SPACE',''
  ) );
#8304 = PCURVE('',#3751,#8305);
#8305 = DEFINITIONAL_REPRESENTATION('',(#8306),#8310);
#8306 = LINE('',#8307,#8308);
#8307 = CARTESIAN_POINT('',(0.853135862568,0.));
#8308 = VECTOR('',#8309,1.);
#8309 = DIRECTION('',(0.,-1.));
#8310 = ( GEOMETRIC_REPRESENTATION_CONTEXT(2) 
PARAMETRIC_REPRESENTATION_CONTEXT() REPRESENTATION_CONTEXT('2D SPACE',''
  ) );
#8311 = ORIENTED_EDGE('',*,*,#3763,.T.);
#8312 = ORIENTED_EDGE('',*,*,#8264,.F.);
#8313 = ADVANCED_FACE('',(#8314),#3751,.F.);
#8314 = FACE_BOUND('',#8315,.F.);
#8315 = EDGE_LOOP('',(#8316,#8317,#8338,#8339));
#8316 = ORIENTED_EDGE('',*,*,#7053,.T.);
#8317 = ORIENTED_EDGE('',*,*,#8318,.T.);
#8318 = EDGE_CURVE('',#7054,#3708,#8319,.T.);
#8319 = SURFACE_CURVE('',#8320,(#8324,#8331),.PCURVE_S1.);
#8320 = LINE('',#8321,#8322);
#8321 = CARTESIAN_POINT('',(-8.735371606407,-4.894907445292,12.2704));
#8322 = VECTOR('',#8323,1.);
#8323 = DIRECTION('',(0.,0.,1.));
#8324 = PCURVE('',#3751,#8325);
#8325 = DEFINITIONAL_REPRESENTATION('',(#8326),#8330);
#8326 = LINE('',#8327,#8328);
#8327 = CARTESIAN_POINT('',(0.,0.));
#8328 = VECTOR('',#8329,1.);
#8329 = DIRECTION('',(0.,-1.));
#8330 = ( GEOMETRIC_REPRESENTATION_CONTEXT(2) 
PARAMETRIC_REPRESENTATION_CONTEXT() REPRESENTATION_CONTEXT('2D SPACE',''
  ) );
#8331 = PCURVE('',#3723,#8332);
#8332 = DEFINITIONAL_REPRESENTATION('',(#8333),#8337);
#8333 = LINE('',#8334,#8335);
#8334 = CARTESIAN_POINT('',(0.853052307892,0.));
#8335 = VECTOR('',#8336,1.);
#8336 = DIRECTION('',(0.,-1.));
#8337 = ( GEOMETRIC_REPRESENTATION_CONTEXT(2) 
PARAMETRIC_REPRESENTATION_CONTEXT() REPRESENTATION_CONTEXT('2D SPACE',''
  ) );
#8338 = ORIENTED_EDGE('',*,*,#3735,.T.);
#8339 = ORIENTED_EDGE('',*,*,#8291,.F.);
#8340 = ADVANCED_FACE('',(#8341),#3723,.F.);
#8341 = FACE_BOUND('',#8342,.F.);
#8342 = EDGE_LOOP('',(#8343,#8344,#8365,#8366));
#8343 = ORIENTED_EDGE('',*,*,#7074,.T.);
#8344 = ORIENTED_EDGE('',*,*,#8345,.T.);
#8345 = EDGE_CURVE('',#7075,#3680,#8346,.T.);
#8346 = SURFACE_CURVE('',#8347,(#8351,#8358),.PCURVE_S1.);
#8347 = LINE('',#8348,#8349);
#8348 = CARTESIAN_POINT('',(-9.120313744709,-4.133646786805,12.2704));
#8349 = VECTOR('',#8350,1.);
#8350 = DIRECTION('',(0.,0.,1.));
#8351 = PCURVE('',#3723,#8352);
#8352 = DEFINITIONAL_REPRESENTATION('',(#8353),#8357);
#8353 = LINE('',#8354,#8355);
#8354 = CARTESIAN_POINT('',(0.,0.));
#8355 = VECTOR('',#8356,1.);
#8356 = DIRECTION('',(0.,-1.));
#8357 = ( GEOMETRIC_REPRESENTATION_CONTEXT(2) 
PARAMETRIC_REPRESENTATION_CONTEXT() REPRESENTATION_CONTEXT('2D SPACE',''
  ) );
#8358 = PCURVE('',#3695,#8359);
#8359 = DEFINITIONAL_REPRESENTATION('',(#8360),#8364);
#8360 = LINE('',#8361,#8362);
#8361 = CARTESIAN_POINT('',(0.853224026853,0.));
#8362 = VECTOR('',#8363,1.);
#8363 = DIRECTION('',(0.,-1.));
#8364 = ( GEOMETRIC_REPRESENTATION_CONTEXT(2) 
PARAMETRIC_REPRESENTATION_CONTEXT() REPRESENTATION_CONTEXT('2D SPACE',''
  ) );
#8365 = ORIENTED_EDGE('',*,*,#3707,.T.);
#8366 = ORIENTED_EDGE('',*,*,#8318,.F.);
#8367 = ADVANCED_FACE('',(#8368),#3695,.F.);
#8368 = FACE_BOUND('',#8369,.F.);
#8369 = EDGE_LOOP('',(#8370,#8371,#8392,#8393));
#8370 = ORIENTED_EDGE('',*,*,#7095,.T.);
#8371 = ORIENTED_EDGE('',*,*,#8372,.T.);
#8372 = EDGE_CURVE('',#7096,#3652,#8373,.T.);
#8373 = SURFACE_CURVE('',#8374,(#8378,#8385),.PCURVE_S1.);
#8374 = LINE('',#8375,#8376);
#8375 = CARTESIAN_POINT('',(-9.439109610972,-3.342217424415,12.2704));
#8376 = VECTOR('',#8377,1.);
#8377 = DIRECTION('',(0.,0.,1.));
#8378 = PCURVE('',#3695,#8379);
#8379 = DEFINITIONAL_REPRESENTATION('',(#8380),#8384);
#8380 = LINE('',#8381,#8382);
#8381 = CARTESIAN_POINT('',(0.,0.));
#8382 = VECTOR('',#8383,1.);
#8383 = DIRECTION('',(0.,-1.));
#8384 = ( GEOMETRIC_REPRESENTATION_CONTEXT(2) 
PARAMETRIC_REPRESENTATION_CONTEXT() REPRESENTATION_CONTEXT('2D SPACE',''
  ) );
#8385 = PCURVE('',#3667,#8386);
#8386 = DEFINITIONAL_REPRESENTATION('',(#8387),#8391);
#8387 = LINE('',#8388,#8389);
#8388 = CARTESIAN_POINT('',(0.853108252217,0.));
#8389 = VECTOR('',#8390,1.);
#8390 = DIRECTION('',(0.,-1.));
#8391 = ( GEOMETRIC_REPRESENTATION_CONTEXT(2) 
PARAMETRIC_REPRESENTATION_CONTEXT() REPRESENTATION_CONTEXT('2D SPACE',''
  ) );
#8392 = ORIENTED_EDGE('',*,*,#3679,.T.);
#8393 = ORIENTED_EDGE('',*,*,#8345,.F.);
#8394 = ADVANCED_FACE('',(#8395),#3667,.F.);
#8395 = FACE_BOUND('',#8396,.F.);
#8396 = EDGE_LOOP('',(#8397,#8398,#8419,#8420));
#8397 = ORIENTED_EDGE('',*,*,#7116,.T.);
#8398 = ORIENTED_EDGE('',*,*,#8399,.T.);
#8399 = EDGE_CURVE('',#7117,#3624,#8400,.T.);
#8400 = SURFACE_CURVE('',#8401,(#8405,#8412),.PCURVE_S1.);
#8401 = LINE('',#8402,#8403);
#8402 = CARTESIAN_POINT('',(-9.689342475635,-2.526633459735,12.2704));
#8403 = VECTOR('',#8404,1.);
#8404 = DIRECTION('',(0.,0.,1.));
#8405 = PCURVE('',#3667,#8406);
#8406 = DEFINITIONAL_REPRESENTATION('',(#8407),#8411);
#8407 = LINE('',#8408,#8409);
#8408 = CARTESIAN_POINT('',(0.,0.));
#8409 = VECTOR('',#8410,1.);
#8410 = DIRECTION('',(0.,-1.));
#8411 = ( GEOMETRIC_REPRESENTATION_CONTEXT(2) 
PARAMETRIC_REPRESENTATION_CONTEXT() REPRESENTATION_CONTEXT('2D SPACE',''
  ) );
#8412 = PCURVE('',#3639,#8413);
#8413 = DEFINITIONAL_REPRESENTATION('',(#8414),#8418);
#8414 = LINE('',#8415,#8416);
#8415 = CARTESIAN_POINT('',(0.853031142456,0.));
#8416 = VECTOR('',#8417,1.);
#8417 = DIRECTION('',(0.,-1.));
#8418 = ( GEOMETRIC_REPRESENTATION_CONTEXT(2) 
PARAMETRIC_REPRESENTATION_CONTEXT() REPRESENTATION_CONTEXT('2D SPACE',''
  ) );
#8419 = ORIENTED_EDGE('',*,*,#3651,.T.);
#8420 = ORIENTED_EDGE('',*,*,#8372,.F.);
#8421 = ADVANCED_FACE('',(#8422),#3639,.F.);
#8422 = FACE_BOUND('',#8423,.F.);
#8423 = EDGE_LOOP('',(#8424,#8425,#8446,#8447));
#8424 = ORIENTED_EDGE('',*,*,#7137,.T.);
#8425 = ORIENTED_EDGE('',*,*,#8426,.T.);
#8426 = EDGE_CURVE('',#7138,#3596,#8427,.T.);
#8427 = SURFACE_CURVE('',#8428,(#8432,#8439),.PCURVE_S1.);
#8428 = LINE('',#8429,#8430);
#8429 = CARTESIAN_POINT('',(-9.869215224382,-1.692782199463,12.2704));
#8430 = VECTOR('',#8431,1.);
#8431 = DIRECTION('',(0.,0.,1.));
#8432 = PCURVE('',#3639,#8433);
#8433 = DEFINITIONAL_REPRESENTATION('',(#8434),#8438);
#8434 = LINE('',#8435,#8436);
#8435 = CARTESIAN_POINT('',(0.,0.));
#8436 = VECTOR('',#8437,1.);
#8437 = DIRECTION('',(0.,-1.));
#8438 = ( GEOMETRIC_REPRESENTATION_CONTEXT(2) 
PARAMETRIC_REPRESENTATION_CONTEXT() REPRESENTATION_CONTEXT('2D SPACE',''
  ) );
#8439 = PCURVE('',#3611,#8440);
#8440 = DEFINITIONAL_REPRESENTATION('',(#8441),#8445);
#8441 = LINE('',#8442,#8443);
#8442 = CARTESIAN_POINT('',(0.853123261903,0.));
#8443 = VECTOR('',#8444,1.);
#8444 = DIRECTION('',(0.,-1.));
#8445 = ( GEOMETRIC_REPRESENTATION_CONTEXT(2) 
PARAMETRIC_REPRESENTATION_CONTEXT() REPRESENTATION_CONTEXT('2D SPACE',''
  ) );
#8446 = ORIENTED_EDGE('',*,*,#3623,.T.);
#8447 = ORIENTED_EDGE('',*,*,#8399,.F.);
#8448 = ADVANCED_FACE('',(#8449),#3611,.F.);
#8449 = FACE_BOUND('',#8450,.F.);
#8450 = EDGE_LOOP('',(#8451,#8452,#8473,#8474));
#8451 = ORIENTED_EDGE('',*,*,#7158,.T.);
#8452 = ORIENTED_EDGE('',*,*,#8453,.T.);
#8453 = EDGE_CURVE('',#7159,#3568,#8454,.T.);
#8454 = SURFACE_CURVE('',#8455,(#8459,#8466),.PCURVE_S1.);
#8455 = LINE('',#8456,#8457);
#8456 = CARTESIAN_POINT('',(-9.977513755599,-0.846560757914,12.2704));
#8457 = VECTOR('',#8458,1.);
#8458 = DIRECTION('',(0.,0.,1.));
#8459 = PCURVE('',#3611,#8460);
#8460 = DEFINITIONAL_REPRESENTATION('',(#8461),#8465);
#8461 = LINE('',#8462,#8463);
#8462 = CARTESIAN_POINT('',(0.,0.));
#8463 = VECTOR('',#8464,1.);
#8464 = DIRECTION('',(0.,-1.));
#8465 = ( GEOMETRIC_REPRESENTATION_CONTEXT(2) 
PARAMETRIC_REPRESENTATION_CONTEXT() REPRESENTATION_CONTEXT('2D SPACE',''
  ) );
#8466 = PCURVE('',#3583,#8467);
#8467 = DEFINITIONAL_REPRESENTATION('',(#8468),#8472);
#8468 = LINE('',#8469,#8470);
#8469 = CARTESIAN_POINT('',(0.853149418332,0.));
#8470 = VECTOR('',#8471,1.);
#8471 = DIRECTION('',(0.,-1.));
#8472 = ( GEOMETRIC_REPRESENTATION_CONTEXT(2) 
PARAMETRIC_REPRESENTATION_CONTEXT() REPRESENTATION_CONTEXT('2D SPACE',''
  ) );
#8473 = ORIENTED_EDGE('',*,*,#3595,.T.);
#8474 = ORIENTED_EDGE('',*,*,#8426,.F.);
#8475 = ADVANCED_FACE('',(#8476),#3583,.F.);
#8476 = FACE_BOUND('',#8477,.F.);
#8477 = EDGE_LOOP('',(#8478,#8479,#8480,#8499));
#8478 = ORIENTED_EDGE('',*,*,#8453,.F.);
#8479 = ORIENTED_EDGE('',*,*,#7179,.T.);
#8480 = ORIENTED_EDGE('',*,*,#8481,.T.);
#8481 = EDGE_CURVE('',#6418,#3544,#8482,.T.);
#8482 = SURFACE_CURVE('',#8483,(#8487,#8493),.PCURVE_S1.);
#8483 = LINE('',#8484,#8485);
#8484 = CARTESIAN_POINT('',(-9.9904769117,-0.537880509982,11.2204));
#8485 = VECTOR('',#8486,1.);
#8486 = DIRECTION('',(0.,0.,1.));
#8487 = PCURVE('',#3583,#8488);
#8488 = DEFINITIONAL_REPRESENTATION('',(#8489),#8492);
#8489 = B_SPLINE_CURVE_WITH_KNOTS('',1,(#8490,#8491),.UNSPECIFIED.,.F.,
  .F.,(2,2),(1.04,1.76),.PIECEWISE_BEZIER_KNOTS.);
#8490 = CARTESIAN_POINT('',(0.544197093726,1.E-02));
#8491 = CARTESIAN_POINT('',(0.544197093726,-0.71));
#8492 = ( GEOMETRIC_REPRESENTATION_CONTEXT(2) 
PARAMETRIC_REPRESENTATION_CONTEXT() REPRESENTATION_CONTEXT('2D SPACE',''
  ) );
#8493 = PCURVE('',#103,#8494);
#8494 = DEFINITIONAL_REPRESENTATION('',(#8495),#8498);
#8495 = B_SPLINE_CURVE_WITH_KNOTS('',1,(#8496,#8497),.UNSPECIFIED.,.F.,
  .F.,(2,2),(1.04,1.76),.PIECEWISE_BEZIER_KNOTS.);
#8496 = CARTESIAN_POINT('',(5.772262651331,1.04));
#8497 = CARTESIAN_POINT('',(5.772262651331,1.76));
#8498 = ( GEOMETRIC_REPRESENTATION_CONTEXT(2) 
PARAMETRIC_REPRESENTATION_CONTEXT() REPRESENTATION_CONTEXT('2D SPACE',''
  ) );
#8499 = ORIENTED_EDGE('',*,*,#3567,.T.);
#8500 = ADVANCED_FACE('',(#8501),#3448,.F.);
#8501 = FACE_BOUND('',#8502,.F.);
#8502 = EDGE_LOOP('',(#8503,#8504,#8525,#8526));
#8503 = ORIENTED_EDGE('',*,*,#6444,.T.);
#8504 = ORIENTED_EDGE('',*,*,#8505,.T.);
#8505 = EDGE_CURVE('',#6445,#3405,#8506,.T.);
#8506 = SURFACE_CURVE('',#8507,(#8511,#8518),.PCURVE_S1.);
#8507 = LINE('',#8508,#8509);
#8508 = CARTESIAN_POINT('',(9.846668338054,-1.81927015321,12.2704));
#8509 = VECTOR('',#8510,1.);
#8510 = DIRECTION('',(0.,0.,1.));
#8511 = PCURVE('',#3448,#8512);
#8512 = DEFINITIONAL_REPRESENTATION('',(#8513),#8517);
#8513 = LINE('',#8514,#8515);
#8514 = CARTESIAN_POINT('',(0.,0.));
#8515 = VECTOR('',#8516,1.);
#8516 = DIRECTION('',(0.,-1.));
#8517 = ( GEOMETRIC_REPRESENTATION_CONTEXT(2) 
PARAMETRIC_REPRESENTATION_CONTEXT() REPRESENTATION_CONTEXT('2D SPACE',''
  ) );
#8518 = PCURVE('',#3420,#8519);
#8519 = DEFINITIONAL_REPRESENTATION('',(#8520),#8524);
#8520 = LINE('',#8521,#8522);
#8521 = CARTESIAN_POINT('',(0.853165130558,0.));
#8522 = VECTOR('',#8523,1.);
#8523 = DIRECTION('',(0.,-1.));
#8524 = ( GEOMETRIC_REPRESENTATION_CONTEXT(2) 
PARAMETRIC_REPRESENTATION_CONTEXT() REPRESENTATION_CONTEXT('2D SPACE',''
  ) );
#8525 = ORIENTED_EDGE('',*,*,#3432,.T.);
#8526 = ORIENTED_EDGE('',*,*,#6392,.F.);
#8527 = ADVANCED_FACE('',(#8528),#3420,.F.);
#8528 = FACE_BOUND('',#8529,.F.);
#8529 = EDGE_LOOP('',(#8530,#8531,#8552,#8553));
#8530 = ORIENTED_EDGE('',*,*,#6465,.T.);
#8531 = ORIENTED_EDGE('',*,*,#8532,.T.);
#8532 = EDGE_CURVE('',#6466,#3377,#8533,.T.);
#8533 = SURFACE_CURVE('',#8534,(#8538,#8545),.PCURVE_S1.);
#8534 = LINE('',#8535,#8536);
#8535 = CARTESIAN_POINT('',(9.656030906783,-2.650863869997,12.2704));
#8536 = VECTOR('',#8537,1.);
#8537 = DIRECTION('',(0.,0.,1.));
#8538 = PCURVE('',#3420,#8539);
#8539 = DEFINITIONAL_REPRESENTATION('',(#8540),#8544);
#8540 = LINE('',#8541,#8542);
#8541 = CARTESIAN_POINT('',(0.,0.));
#8542 = VECTOR('',#8543,1.);
#8543 = DIRECTION('',(0.,-1.));
#8544 = ( GEOMETRIC_REPRESENTATION_CONTEXT(2) 
PARAMETRIC_REPRESENTATION_CONTEXT() REPRESENTATION_CONTEXT('2D SPACE',''
  ) );
#8545 = PCURVE('',#3392,#8546);
#8546 = DEFINITIONAL_REPRESENTATION('',(#8547),#8551);
#8547 = LINE('',#8548,#8549);
#8548 = CARTESIAN_POINT('',(0.853092374834,0.));
#8549 = VECTOR('',#8550,1.);
#8550 = DIRECTION('',(0.,-1.));
#8551 = ( GEOMETRIC_REPRESENTATION_CONTEXT(2) 
PARAMETRIC_REPRESENTATION_CONTEXT() REPRESENTATION_CONTEXT('2D SPACE',''
  ) );
#8552 = ORIENTED_EDGE('',*,*,#3404,.T.);
#8553 = ORIENTED_EDGE('',*,*,#8505,.F.);
#8554 = ADVANCED_FACE('',(#8555),#3392,.F.);
#8555 = FACE_BOUND('',#8556,.F.);
#8556 = EDGE_LOOP('',(#8557,#8558,#8579,#8580));
#8557 = ORIENTED_EDGE('',*,*,#6486,.T.);
#8558 = ORIENTED_EDGE('',*,*,#8559,.T.);
#8559 = EDGE_CURVE('',#6487,#3349,#8560,.T.);
#8560 = SURFACE_CURVE('',#8561,(#8565,#8572),.PCURVE_S1.);
#8561 = LINE('',#8562,#8563);
#8562 = CARTESIAN_POINT('',(9.395361889626,-3.463155851672,12.2704));
#8563 = VECTOR('',#8564,1.);
#8564 = DIRECTION('',(0.,0.,1.));
#8565 = PCURVE('',#3392,#8566);
#8566 = DEFINITIONAL_REPRESENTATION('',(#8567),#8571);
#8567 = LINE('',#8568,#8569);
#8568 = CARTESIAN_POINT('',(0.,0.));
#8569 = VECTOR('',#8570,1.);
#8570 = DIRECTION('',(0.,-1.));
#8571 = ( GEOMETRIC_REPRESENTATION_CONTEXT(2) 
PARAMETRIC_REPRESENTATION_CONTEXT() REPRESENTATION_CONTEXT('2D SPACE',''
  ) );
#8572 = PCURVE('',#3364,#8573);
#8573 = DEFINITIONAL_REPRESENTATION('',(#8574),#8578);
#8574 = LINE('',#8575,#8576);
#8575 = CARTESIAN_POINT('',(0.853165798658,0.));
#8576 = VECTOR('',#8577,1.);
#8577 = DIRECTION('',(0.,-1.));
#8578 = ( GEOMETRIC_REPRESENTATION_CONTEXT(2) 
PARAMETRIC_REPRESENTATION_CONTEXT() REPRESENTATION_CONTEXT('2D SPACE',''
  ) );
#8579 = ORIENTED_EDGE('',*,*,#3376,.T.);
#8580 = ORIENTED_EDGE('',*,*,#8532,.F.);
#8581 = ADVANCED_FACE('',(#8582),#3364,.F.);
#8582 = FACE_BOUND('',#8583,.F.);
#8583 = EDGE_LOOP('',(#8584,#8585,#8606,#8607));
#8584 = ORIENTED_EDGE('',*,*,#6507,.T.);
#8585 = ORIENTED_EDGE('',*,*,#8586,.T.);
#8586 = EDGE_CURVE('',#6508,#3321,#8587,.T.);
#8587 = SURFACE_CURVE('',#8588,(#8592,#8599),.PCURVE_S1.);
#8588 = LINE('',#8589,#8590);
#8589 = CARTESIAN_POINT('',(9.066485453557,-4.250386548355,12.2704));
#8590 = VECTOR('',#8591,1.);
#8591 = DIRECTION('',(0.,0.,1.));
#8592 = PCURVE('',#3364,#8593);
#8593 = DEFINITIONAL_REPRESENTATION('',(#8594),#8598);
#8594 = LINE('',#8595,#8596);
#8595 = CARTESIAN_POINT('',(0.,0.));
#8596 = VECTOR('',#8597,1.);
#8597 = DIRECTION('',(0.,-1.));
#8598 = ( GEOMETRIC_REPRESENTATION_CONTEXT(2) 
PARAMETRIC_REPRESENTATION_CONTEXT() REPRESENTATION_CONTEXT('2D SPACE',''
  ) );
#8599 = PCURVE('',#3336,#8600);
#8600 = DEFINITIONAL_REPRESENTATION('',(#8601),#8605);
#8601 = LINE('',#8602,#8603);
#8602 = CARTESIAN_POINT('',(0.853072669824,0.));
#8603 = VECTOR('',#8604,1.);
#8604 = DIRECTION('',(0.,-1.));
#8605 = ( GEOMETRIC_REPRESENTATION_CONTEXT(2) 
PARAMETRIC_REPRESENTATION_CONTEXT() REPRESENTATION_CONTEXT('2D SPACE',''
  ) );
#8606 = ORIENTED_EDGE('',*,*,#3348,.T.);
#8607 = ORIENTED_EDGE('',*,*,#8559,.F.);
#8608 = ADVANCED_FACE('',(#8609),#3336,.F.);
#8609 = FACE_BOUND('',#8610,.F.);
#8610 = EDGE_LOOP('',(#8611,#8612,#8633,#8634));
#8611 = ORIENTED_EDGE('',*,*,#6528,.T.);
#8612 = ORIENTED_EDGE('',*,*,#8613,.T.);
#8613 = EDGE_CURVE('',#6529,#3293,#8614,.T.);
#8614 = SURFACE_CURVE('',#8615,(#8619,#8626),.PCURVE_S1.);
#8615 = LINE('',#8616,#8617);
#8616 = CARTESIAN_POINT('',(8.671772175715,-5.00665,12.2704));
#8617 = VECTOR('',#8618,1.);
#8618 = DIRECTION('',(0.,0.,1.));
#8619 = PCURVE('',#3336,#8620);
#8620 = DEFINITIONAL_REPRESENTATION('',(#8621),#8625);
#8621 = LINE('',#8622,#8623);
#8622 = CARTESIAN_POINT('',(0.,0.));
#8623 = VECTOR('',#8624,1.);
#8624 = DIRECTION('',(0.,-1.));
#8625 = ( GEOMETRIC_REPRESENTATION_CONTEXT(2) 
PARAMETRIC_REPRESENTATION_CONTEXT() REPRESENTATION_CONTEXT('2D SPACE',''
  ) );
#8626 = PCURVE('',#3308,#8627);
#8627 = DEFINITIONAL_REPRESENTATION('',(#8628),#8632);
#8628 = LINE('',#8629,#8630);
#8629 = CARTESIAN_POINT('',(0.619494511679,0.));
#8630 = VECTOR('',#8631,1.);
#8631 = DIRECTION('',(0.,-1.));
#8632 = ( GEOMETRIC_REPRESENTATION_CONTEXT(2) 
PARAMETRIC_REPRESENTATION_CONTEXT() REPRESENTATION_CONTEXT('2D SPACE',''
  ) );
#8633 = ORIENTED_EDGE('',*,*,#3320,.T.);
#8634 = ORIENTED_EDGE('',*,*,#8586,.F.);
#8635 = ADVANCED_FACE('',(#8636),#3308,.F.);
#8636 = FACE_BOUND('',#8637,.F.);
#8637 = EDGE_LOOP('',(#8638,#8639,#8640,#8641));
#8638 = ORIENTED_EDGE('',*,*,#6549,.T.);
#8639 = ORIENTED_EDGE('',*,*,#7699,.T.);
#8640 = ORIENTED_EDGE('',*,*,#3292,.T.);
#8641 = ORIENTED_EDGE('',*,*,#8613,.F.);
#8642 = ADVANCED_FACE('',(#8643),#4397,.F.);
#8643 = FACE_BOUND('',#8644,.F.);
#8644 = EDGE_LOOP('',(#8645,#8673,#8694,#8695));
#8645 = ORIENTED_EDGE('',*,*,#8646,.T.);
#8646 = EDGE_CURVE('',#8647,#8649,#8651,.T.);
#8647 = VERTEX_POINT('',#8648);
#8648 = CARTESIAN_POINT('',(7.645517344109,-5.364575509855,12.3204));
#8649 = VERTEX_POINT('',#8650);
#8650 = CARTESIAN_POINT('',(8.088504066266,-4.6699,12.3204));
#8651 = SURFACE_CURVE('',#8652,(#8656,#8662),.PCURVE_S1.);
#8652 = LINE('',#8653,#8654);
#8653 = CARTESIAN_POINT('',(7.977878412148,-4.843379088274,12.3204));
#8654 = VECTOR('',#8655,1.);
#8655 = DIRECTION('',(0.537670460967,0.843155071979,-0.));
#8656 = PCURVE('',#4397,#8657);
#8657 = DEFINITIONAL_REPRESENTATION('',(#8658),#8661);
#8658 = B_SPLINE_CURVE_WITH_KNOTS('',1,(#8659,#8660),.UNSPECIFIED.,.F.,
  .F.,(2,2),(-0.618150135014,0.205749919605),.PIECEWISE_BEZIER_KNOTS.);
#8659 = CARTESIAN_POINT('',(0.823900054618,-5.E-02));
#8660 = CARTESIAN_POINT('',(0.,-5.E-02));
#8661 = ( GEOMETRIC_REPRESENTATION_CONTEXT(2) 
PARAMETRIC_REPRESENTATION_CONTEXT() REPRESENTATION_CONTEXT('2D SPACE',''
  ) );
#8662 = PCURVE('',#8663,#8668);
#8663 = PLANE('',#8664);
#8664 = AXIS2_PLACEMENT_3D('',#8665,#8666,#8667);
#8665 = CARTESIAN_POINT('',(0.,0.,12.3204));
#8666 = DIRECTION('',(0.,0.,1.));
#8667 = DIRECTION('',(1.,0.,-0.));
#8668 = DEFINITIONAL_REPRESENTATION('',(#8669),#8672);
#8669 = B_SPLINE_CURVE_WITH_KNOTS('',1,(#8670,#8671),.UNSPECIFIED.,.F.,
  .F.,(2,2),(-0.618150135014,0.205749919605),.PIECEWISE_BEZIER_KNOTS.);
#8670 = CARTESIAN_POINT('',(7.645517344109,-5.364575509855));
#8671 = CARTESIAN_POINT('',(8.088504066266,-4.6699));
#8672 = ( GEOMETRIC_REPRESENTATION_CONTEXT(2) 
PARAMETRIC_REPRESENTATION_CONTEXT() REPRESENTATION_CONTEXT('2D SPACE',''
  ) );
#8673 = ORIENTED_EDGE('',*,*,#8674,.T.);
#8674 = EDGE_CURVE('',#8649,#4380,#8675,.T.);
#8675 = SURFACE_CURVE('',#8676,(#8680,#8687),.PCURVE_S1.);
#8676 = LINE('',#8677,#8678);
#8677 = CARTESIAN_POINT('',(8.088504066266,-4.6699,12.2704));
#8678 = VECTOR('',#8679,1.);
#8679 = DIRECTION('',(0.,0.,1.));
#8680 = PCURVE('',#4397,#8681);
#8681 = DEFINITIONAL_REPRESENTATION('',(#8682),#8686);
#8682 = LINE('',#8683,#8684);
#8683 = CARTESIAN_POINT('',(0.,0.));
#8684 = VECTOR('',#8685,1.);
#8685 = DIRECTION('',(0.,-1.));
#8686 = ( GEOMETRIC_REPRESENTATION_CONTEXT(2) 
PARAMETRIC_REPRESENTATION_CONTEXT() REPRESENTATION_CONTEXT('2D SPACE',''
  ) );
#8687 = PCURVE('',#6355,#8688);
#8688 = DEFINITIONAL_REPRESENTATION('',(#8689),#8693);
#8689 = LINE('',#8690,#8691);
#8690 = CARTESIAN_POINT('',(0.991296509628,0.));
#8691 = VECTOR('',#8692,1.);
#8692 = DIRECTION('',(0.,-1.));
#8693 = ( GEOMETRIC_REPRESENTATION_CONTEXT(2) 
PARAMETRIC_REPRESENTATION_CONTEXT() REPRESENTATION_CONTEXT('2D SPACE',''
  ) );
#8694 = ORIENTED_EDGE('',*,*,#4379,.T.);
#8695 = ORIENTED_EDGE('',*,*,#8696,.F.);
#8696 = EDGE_CURVE('',#8647,#4382,#8697,.T.);
#8697 = SURFACE_CURVE('',#8698,(#8702,#8709),.PCURVE_S1.);
#8698 = LINE('',#8699,#8700);
#8699 = CARTESIAN_POINT('',(7.645517344109,-5.364575509855,12.2704));
#8700 = VECTOR('',#8701,1.);
#8701 = DIRECTION('',(0.,0.,1.));
#8702 = PCURVE('',#4397,#8703);
#8703 = DEFINITIONAL_REPRESENTATION('',(#8704),#8708);
#8704 = LINE('',#8705,#8706);
#8705 = CARTESIAN_POINT('',(0.823900054618,0.));
#8706 = VECTOR('',#8707,1.);
#8707 = DIRECTION('',(0.,-1.));
#8708 = ( GEOMETRIC_REPRESENTATION_CONTEXT(2) 
PARAMETRIC_REPRESENTATION_CONTEXT() REPRESENTATION_CONTEXT('2D SPACE',''
  ) );
#8709 = PCURVE('',#4425,#8710);
#8710 = DEFINITIONAL_REPRESENTATION('',(#8711),#8715);
#8711 = LINE('',#8712,#8713);
#8712 = CARTESIAN_POINT('',(0.,0.));
#8713 = VECTOR('',#8714,1.);
#8714 = DIRECTION('',(0.,-1.));
#8715 = ( GEOMETRIC_REPRESENTATION_CONTEXT(2) 
PARAMETRIC_REPRESENTATION_CONTEXT() REPRESENTATION_CONTEXT('2D SPACE',''
  ) );
#8716 = ADVANCED_FACE('',(#8717),#6355,.F.);
#8717 = FACE_BOUND('',#8718,.F.);
#8718 = EDGE_LOOP('',(#8719,#8740,#8761,#8762));
#8719 = ORIENTED_EDGE('',*,*,#8720,.T.);
#8720 = EDGE_CURVE('',#8649,#8721,#8723,.T.);
#8721 = VERTEX_POINT('',#8722);
#8722 = CARTESIAN_POINT('',(8.537901130027,-3.786321452794,12.3204));
#8723 = SURFACE_CURVE('',#8724,(#8728,#8734),.PCURVE_S1.);
#8724 = LINE('',#8725,#8726);
#8725 = CARTESIAN_POINT('',(8.425537937457,-4.00724347133,12.3204));
#8726 = VECTOR('',#8727,1.);
#8727 = DIRECTION('',(0.453342727828,0.891336283972,-0.));
#8728 = PCURVE('',#6355,#8729);
#8729 = DEFINITIONAL_REPRESENTATION('',(#8730),#8733);
#8730 = B_SPLINE_CURVE_WITH_KNOTS('',1,(#8731,#8732),.UNSPECIFIED.,.F.,
  .F.,(2,2),(-0.743441662351,0.247854847277),.PIECEWISE_BEZIER_KNOTS.);
#8731 = CARTESIAN_POINT('',(0.991296509628,-5.E-02));
#8732 = CARTESIAN_POINT('',(0.,-5.E-02));
#8733 = ( GEOMETRIC_REPRESENTATION_CONTEXT(2) 
PARAMETRIC_REPRESENTATION_CONTEXT() REPRESENTATION_CONTEXT('2D SPACE',''
  ) );
#8734 = PCURVE('',#8663,#8735);
#8735 = DEFINITIONAL_REPRESENTATION('',(#8736),#8739);
#8736 = B_SPLINE_CURVE_WITH_KNOTS('',1,(#8737,#8738),.UNSPECIFIED.,.F.,
  .F.,(2,2),(-0.743441662351,0.247854847277),.PIECEWISE_BEZIER_KNOTS.);
#8737 = CARTESIAN_POINT('',(8.088504066266,-4.6699));
#8738 = CARTESIAN_POINT('',(8.537901130027,-3.786321452794));
#8739 = ( GEOMETRIC_REPRESENTATION_CONTEXT(2) 
PARAMETRIC_REPRESENTATION_CONTEXT() REPRESENTATION_CONTEXT('2D SPACE',''
  ) );
#8740 = ORIENTED_EDGE('',*,*,#8741,.T.);
#8741 = EDGE_CURVE('',#8721,#6314,#8742,.T.);
#8742 = SURFACE_CURVE('',#8743,(#8747,#8754),.PCURVE_S1.);
#8743 = LINE('',#8744,#8745);
#8744 = CARTESIAN_POINT('',(8.537901130027,-3.786321452794,12.2704));
#8745 = VECTOR('',#8746,1.);
#8746 = DIRECTION('',(0.,0.,1.));
#8747 = PCURVE('',#6355,#8748);
#8748 = DEFINITIONAL_REPRESENTATION('',(#8749),#8753);
#8749 = LINE('',#8750,#8751);
#8750 = CARTESIAN_POINT('',(0.,0.));
#8751 = VECTOR('',#8752,1.);
#8752 = DIRECTION('',(0.,-1.));
#8753 = ( GEOMETRIC_REPRESENTATION_CONTEXT(2) 
PARAMETRIC_REPRESENTATION_CONTEXT() REPRESENTATION_CONTEXT('2D SPACE',''
  ) );
#8754 = PCURVE('',#6329,#8755);
#8755 = DEFINITIONAL_REPRESENTATION('',(#8756),#8760);
#8756 = LINE('',#8757,#8758);
#8757 = CARTESIAN_POINT('',(0.823992506034,0.));
#8758 = VECTOR('',#8759,1.);
#8759 = DIRECTION('',(0.,-1.));
#8760 = ( GEOMETRIC_REPRESENTATION_CONTEXT(2) 
PARAMETRIC_REPRESENTATION_CONTEXT() REPRESENTATION_CONTEXT('2D SPACE',''
  ) );
#8761 = ORIENTED_EDGE('',*,*,#6341,.T.);
#8762 = ORIENTED_EDGE('',*,*,#8674,.F.);
#8763 = ADVANCED_FACE('',(#8764),#4425,.F.);
#8764 = FACE_BOUND('',#8765,.F.);
#8765 = EDGE_LOOP('',(#8766,#8787,#8788,#8789));
#8766 = ORIENTED_EDGE('',*,*,#8767,.T.);
#8767 = EDGE_CURVE('',#8768,#8647,#8770,.T.);
#8768 = VERTEX_POINT('',#8769);
#8769 = CARTESIAN_POINT('',(7.142943780177,-6.017458457126,12.3204));
#8770 = SURFACE_CURVE('',#8771,(#8775,#8781),.PCURVE_S1.);
#8771 = LINE('',#8772,#8773);
#8772 = CARTESIAN_POINT('',(7.519660413362,-5.528073651774,12.3204));
#8773 = VECTOR('',#8774,1.);
#8774 = DIRECTION('',(0.609982115674,0.792415180671,-0.));
#8775 = PCURVE('',#4425,#8776);
#8776 = DEFINITIONAL_REPRESENTATION('',(#8777),#8780);
#8777 = B_SPLINE_CURVE_WITH_KNOTS('',1,(#8778,#8779),.UNSPECIFIED.,.F.,
  .F.,(2,2),(-0.617586357871,0.206328886557),.PIECEWISE_BEZIER_KNOTS.);
#8778 = CARTESIAN_POINT('',(0.823915244427,-5.E-02));
#8779 = CARTESIAN_POINT('',(0.,-5.E-02));
#8780 = ( GEOMETRIC_REPRESENTATION_CONTEXT(2) 
PARAMETRIC_REPRESENTATION_CONTEXT() REPRESENTATION_CONTEXT('2D SPACE',''
  ) );
#8781 = PCURVE('',#8663,#8782);
#8782 = DEFINITIONAL_REPRESENTATION('',(#8783),#8786);
#8783 = B_SPLINE_CURVE_WITH_KNOTS('',1,(#8784,#8785),.UNSPECIFIED.,.F.,
  .F.,(2,2),(-0.617586357871,0.206328886557),.PIECEWISE_BEZIER_KNOTS.);
#8784 = CARTESIAN_POINT('',(7.142943780177,-6.017458457126));
#8785 = CARTESIAN_POINT('',(7.645517344109,-5.364575509855));
#8786 = ( GEOMETRIC_REPRESENTATION_CONTEXT(2) 
PARAMETRIC_REPRESENTATION_CONTEXT() REPRESENTATION_CONTEXT('2D SPACE',''
  ) );
#8787 = ORIENTED_EDGE('',*,*,#8696,.T.);
#8788 = ORIENTED_EDGE('',*,*,#4409,.T.);
#8789 = ORIENTED_EDGE('',*,*,#8790,.F.);
#8790 = EDGE_CURVE('',#8768,#4410,#8791,.T.);
#8791 = SURFACE_CURVE('',#8792,(#8796,#8803),.PCURVE_S1.);
#8792 = LINE('',#8793,#8794);
#8793 = CARTESIAN_POINT('',(7.142943780177,-6.017458457126,12.2704));
#8794 = VECTOR('',#8795,1.);
#8795 = DIRECTION('',(0.,0.,1.));
#8796 = PCURVE('',#4425,#8797);
#8797 = DEFINITIONAL_REPRESENTATION('',(#8798),#8802);
#8798 = LINE('',#8799,#8800);
#8799 = CARTESIAN_POINT('',(0.823915244427,0.));
#8800 = VECTOR('',#8801,1.);
#8801 = DIRECTION('',(0.,-1.));
#8802 = ( GEOMETRIC_REPRESENTATION_CONTEXT(2) 
PARAMETRIC_REPRESENTATION_CONTEXT() REPRESENTATION_CONTEXT('2D SPACE',''
  ) );
#8803 = PCURVE('',#4453,#8804);
#8804 = DEFINITIONAL_REPRESENTATION('',(#8805),#8809);
#8805 = LINE('',#8806,#8807);
#8806 = CARTESIAN_POINT('',(0.,0.));
#8807 = VECTOR('',#8808,1.);
#8808 = DIRECTION('',(0.,-1.));
#8809 = ( GEOMETRIC_REPRESENTATION_CONTEXT(2) 
PARAMETRIC_REPRESENTATION_CONTEXT() REPRESENTATION_CONTEXT('2D SPACE',''
  ) );
#8810 = ADVANCED_FACE('',(#8811),#6329,.F.);
#8811 = FACE_BOUND('',#8812,.F.);
#8812 = EDGE_LOOP('',(#8813,#8834,#8855,#8856));
#8813 = ORIENTED_EDGE('',*,*,#8814,.T.);
#8814 = EDGE_CURVE('',#8721,#8815,#8817,.T.);
#8815 = VERTEX_POINT('',#8816);
#8816 = CARTESIAN_POINT('',(8.8383835952,-3.019070556331,12.3204));
#8817 = SURFACE_CURVE('',#8818,(#8822,#8828),.PCURVE_S1.);
#8818 = LINE('',#8819,#8820);
#8819 = CARTESIAN_POINT('',(8.763282257947,-3.210834053412,12.3204));
#8820 = VECTOR('',#8821,1.);
#8821 = DIRECTION('',(0.364666502392,0.931138197065,-0.));
#8822 = PCURVE('',#6329,#8823);
#8823 = DEFINITIONAL_REPRESENTATION('',(#8824),#8827);
#8824 = B_SPLINE_CURVE_WITH_KNOTS('',1,(#8825,#8826),.UNSPECIFIED.,.F.,
  .F.,(2,2),(-0.618047247118,0.205945258916),.PIECEWISE_BEZIER_KNOTS.);
#8825 = CARTESIAN_POINT('',(0.823992506034,-5.E-02));
#8826 = CARTESIAN_POINT('',(0.,-5.E-02));
#8827 = ( GEOMETRIC_REPRESENTATION_CONTEXT(2) 
PARAMETRIC_REPRESENTATION_CONTEXT() REPRESENTATION_CONTEXT('2D SPACE',''
  ) );
#8828 = PCURVE('',#8663,#8829);
#8829 = DEFINITIONAL_REPRESENTATION('',(#8830),#8833);
#8830 = B_SPLINE_CURVE_WITH_KNOTS('',1,(#8831,#8832),.UNSPECIFIED.,.F.,
  .F.,(2,2),(-0.618047247118,0.205945258916),.PIECEWISE_BEZIER_KNOTS.);
#8831 = CARTESIAN_POINT('',(8.537901130027,-3.786321452794));
#8832 = CARTESIAN_POINT('',(8.8383835952,-3.019070556331));
#8833 = ( GEOMETRIC_REPRESENTATION_CONTEXT(2) 
PARAMETRIC_REPRESENTATION_CONTEXT() REPRESENTATION_CONTEXT('2D SPACE',''
  ) );
#8834 = ORIENTED_EDGE('',*,*,#8835,.T.);
#8835 = EDGE_CURVE('',#8815,#6286,#8836,.T.);
#8836 = SURFACE_CURVE('',#8837,(#8841,#8848),.PCURVE_S1.);
#8837 = LINE('',#8838,#8839);
#8838 = CARTESIAN_POINT('',(8.8383835952,-3.019070556331,12.2704));
#8839 = VECTOR('',#8840,1.);
#8840 = DIRECTION('',(0.,0.,1.));
#8841 = PCURVE('',#6329,#8842);
#8842 = DEFINITIONAL_REPRESENTATION('',(#8843),#8847);
#8843 = LINE('',#8844,#8845);
#8844 = CARTESIAN_POINT('',(0.,0.));
#8845 = VECTOR('',#8846,1.);
#8846 = DIRECTION('',(0.,-1.));
#8847 = ( GEOMETRIC_REPRESENTATION_CONTEXT(2) 
PARAMETRIC_REPRESENTATION_CONTEXT() REPRESENTATION_CONTEXT('2D SPACE',''
  ) );
#8848 = PCURVE('',#6301,#8849);
#8849 = DEFINITIONAL_REPRESENTATION('',(#8850),#8854);
#8850 = LINE('',#8851,#8852);
#8851 = CARTESIAN_POINT('',(0.823813941373,0.));
#8852 = VECTOR('',#8853,1.);
#8853 = DIRECTION('',(0.,-1.));
#8854 = ( GEOMETRIC_REPRESENTATION_CONTEXT(2) 
PARAMETRIC_REPRESENTATION_CONTEXT() REPRESENTATION_CONTEXT('2D SPACE',''
  ) );
#8855 = ORIENTED_EDGE('',*,*,#6313,.T.);
#8856 = ORIENTED_EDGE('',*,*,#8741,.F.);
#8857 = ADVANCED_FACE('',(#8858),#4453,.F.);
#8858 = FACE_BOUND('',#8859,.F.);
#8859 = EDGE_LOOP('',(#8860,#8881,#8882,#8883));
#8860 = ORIENTED_EDGE('',*,*,#8861,.T.);
#8861 = EDGE_CURVE('',#8862,#8768,#8864,.T.);
#8862 = VERTEX_POINT('',#8863);
#8863 = CARTESIAN_POINT('',(6.584936002415,-6.623556279228,12.3204));
#8864 = SURFACE_CURVE('',#8865,(#8869,#8875),.PCURVE_S1.);
#8865 = LINE('',#8866,#8867);
#8866 = CARTESIAN_POINT('',(7.003735300116,-6.16866415702,12.3204));
#8867 = VECTOR('',#8868,1.);
#8868 = DIRECTION('',(0.677317987702,0.735690385649,-0.));
#8869 = PCURVE('',#4453,#8870);
#8870 = DEFINITIONAL_REPRESENTATION('',(#8871),#8874);
#8871 = B_SPLINE_CURVE_WITH_KNOTS('',1,(#8872,#8873),.UNSPECIFIED.,.F.,
  .F.,(2,2),(-0.618320058385,0.205528987254),.PIECEWISE_BEZIER_KNOTS.);
#8872 = CARTESIAN_POINT('',(0.823849045639,-5.E-02));
#8873 = CARTESIAN_POINT('',(0.,-5.E-02));
#8874 = ( GEOMETRIC_REPRESENTATION_CONTEXT(2) 
PARAMETRIC_REPRESENTATION_CONTEXT() REPRESENTATION_CONTEXT('2D SPACE',''
  ) );
#8875 = PCURVE('',#8663,#8876);
#8876 = DEFINITIONAL_REPRESENTATION('',(#8877),#8880);
#8877 = B_SPLINE_CURVE_WITH_KNOTS('',1,(#8878,#8879),.UNSPECIFIED.,.F.,
  .F.,(2,2),(-0.618320058385,0.205528987254),.PIECEWISE_BEZIER_KNOTS.);
#8878 = CARTESIAN_POINT('',(6.584936002415,-6.623556279228));
#8879 = CARTESIAN_POINT('',(7.142943780177,-6.017458457126));
#8880 = ( GEOMETRIC_REPRESENTATION_CONTEXT(2) 
PARAMETRIC_REPRESENTATION_CONTEXT() REPRESENTATION_CONTEXT('2D SPACE',''
  ) );
#8881 = ORIENTED_EDGE('',*,*,#8790,.T.);
#8882 = ORIENTED_EDGE('',*,*,#4437,.T.);
#8883 = ORIENTED_EDGE('',*,*,#8884,.F.);
#8884 = EDGE_CURVE('',#8862,#4438,#8885,.T.);
#8885 = SURFACE_CURVE('',#8886,(#8890,#8897),.PCURVE_S1.);
#8886 = LINE('',#8887,#8888);
#8887 = CARTESIAN_POINT('',(6.584936002415,-6.623556279228,12.2704));
#8888 = VECTOR('',#8889,1.);
#8889 = DIRECTION('',(0.,0.,1.));
#8890 = PCURVE('',#4453,#8891);
#8891 = DEFINITIONAL_REPRESENTATION('',(#8892),#8896);
#8892 = LINE('',#8893,#8894);
#8893 = CARTESIAN_POINT('',(0.823849045639,0.));
#8894 = VECTOR('',#8895,1.);
#8895 = DIRECTION('',(0.,-1.));
#8896 = ( GEOMETRIC_REPRESENTATION_CONTEXT(2) 
PARAMETRIC_REPRESENTATION_CONTEXT() REPRESENTATION_CONTEXT('2D SPACE',''
  ) );
#8897 = PCURVE('',#4481,#8898);
#8898 = DEFINITIONAL_REPRESENTATION('',(#8899),#8903);
#8899 = LINE('',#8900,#8901);
#8900 = CARTESIAN_POINT('',(0.,0.));
#8901 = VECTOR('',#8902,1.);
#8902 = DIRECTION('',(0.,-1.));
#8903 = ( GEOMETRIC_REPRESENTATION_CONTEXT(2) 
PARAMETRIC_REPRESENTATION_CONTEXT() REPRESENTATION_CONTEXT('2D SPACE',''
  ) );
#8904 = ADVANCED_FACE('',(#8905),#6301,.F.);
#8905 = FACE_BOUND('',#8906,.F.);
#8906 = EDGE_LOOP('',(#8907,#8928,#8949,#8950));
#8907 = ORIENTED_EDGE('',*,*,#8908,.T.);
#8908 = EDGE_CURVE('',#8815,#8909,#8911,.T.);
#8909 = VERTEX_POINT('',#8910);
#8910 = CARTESIAN_POINT('',(9.070105051623,-2.228517220601,12.3204));
#8911 = SURFACE_CURVE('',#8912,(#8916,#8922),.PCURVE_S1.);
#8912 = LINE('',#8913,#8914);
#8913 = CARTESIAN_POINT('',(9.012065167989,-2.426529197224,12.3204));
#8914 = VECTOR('',#8915,1.);
#8915 = DIRECTION('',(0.281278872311,0.959626070921,-0.));
#8916 = PCURVE('',#6301,#8917);
#8917 = DEFINITIONAL_REPRESENTATION('',(#8918),#8921);
#8918 = B_SPLINE_CURVE_WITH_KNOTS('',1,(#8919,#8920),.UNSPECIFIED.,.F.,
  .F.,(2,2),(-0.617471093233,0.20634284814),.PIECEWISE_BEZIER_KNOTS.);
#8919 = CARTESIAN_POINT('',(0.823813941373,-5.E-02));
#8920 = CARTESIAN_POINT('',(0.,-5.E-02));
#8921 = ( GEOMETRIC_REPRESENTATION_CONTEXT(2) 
PARAMETRIC_REPRESENTATION_CONTEXT() REPRESENTATION_CONTEXT('2D SPACE',''
  ) );
#8922 = PCURVE('',#8663,#8923);
#8923 = DEFINITIONAL_REPRESENTATION('',(#8924),#8927);
#8924 = B_SPLINE_CURVE_WITH_KNOTS('',1,(#8925,#8926),.UNSPECIFIED.,.F.,
  .F.,(2,2),(-0.617471093233,0.20634284814),.PIECEWISE_BEZIER_KNOTS.);
#8925 = CARTESIAN_POINT('',(8.8383835952,-3.019070556331));
#8926 = CARTESIAN_POINT('',(9.070105051623,-2.228517220601));
#8927 = ( GEOMETRIC_REPRESENTATION_CONTEXT(2) 
PARAMETRIC_REPRESENTATION_CONTEXT() REPRESENTATION_CONTEXT('2D SPACE',''
  ) );
#8928 = ORIENTED_EDGE('',*,*,#8929,.T.);
#8929 = EDGE_CURVE('',#8909,#6258,#8930,.T.);
#8930 = SURFACE_CURVE('',#8931,(#8935,#8942),.PCURVE_S1.);
#8931 = LINE('',#8932,#8933);
#8932 = CARTESIAN_POINT('',(9.070105051623,-2.228517220601,12.2704));
#8933 = VECTOR('',#8934,1.);
#8934 = DIRECTION('',(0.,0.,1.));
#8935 = PCURVE('',#6301,#8936);
#8936 = DEFINITIONAL_REPRESENTATION('',(#8937),#8941);
#8937 = LINE('',#8938,#8939);
#8938 = CARTESIAN_POINT('',(0.,0.));
#8939 = VECTOR('',#8940,1.);
#8940 = DIRECTION('',(0.,-1.));
#8941 = ( GEOMETRIC_REPRESENTATION_CONTEXT(2) 
PARAMETRIC_REPRESENTATION_CONTEXT() REPRESENTATION_CONTEXT('2D SPACE',''
  ) );
#8942 = PCURVE('',#6273,#8943);
#8943 = DEFINITIONAL_REPRESENTATION('',(#8944),#8948);
#8944 = LINE('',#8945,#8946);
#8945 = CARTESIAN_POINT('',(0.823910395614,0.));
#8946 = VECTOR('',#8947,1.);
#8947 = DIRECTION('',(0.,-1.));
#8948 = ( GEOMETRIC_REPRESENTATION_CONTEXT(2) 
PARAMETRIC_REPRESENTATION_CONTEXT() REPRESENTATION_CONTEXT('2D SPACE',''
  ) );
#8949 = ORIENTED_EDGE('',*,*,#6285,.T.);
#8950 = ORIENTED_EDGE('',*,*,#8835,.F.);
#8951 = ADVANCED_FACE('',(#8952),#4481,.F.);
#8952 = FACE_BOUND('',#8953,.F.);
#8953 = EDGE_LOOP('',(#8954,#8975,#8976,#8977));
#8954 = ORIENTED_EDGE('',*,*,#8955,.T.);
#8955 = EDGE_CURVE('',#8956,#8862,#8958,.T.);
#8956 = VERTEX_POINT('',#8957);
#8957 = CARTESIAN_POINT('',(5.975496638767,-7.178136221199,12.3204));
#8958 = SURFACE_CURVE('',#8959,(#8963,#8969),.PCURVE_S1.);
#8959 = LINE('',#8960,#8961);
#8960 = CARTESIAN_POINT('',(6.432423515612,-6.762340170007,12.3204));
#8961 = VECTOR('',#8962,1.);
#8962 = DIRECTION('',(0.739611286703,0.673034281877,-0.));
#8963 = PCURVE('',#4481,#8964);
#8964 = DEFINITIONAL_REPRESENTATION('',(#8965),#8968);
#8965 = B_SPLINE_CURVE_WITH_KNOTS('',1,(#8966,#8967),.UNSPECIFIED.,.F.,
  .F.,(2,2),(-0.617793272034,0.206206272869),.PIECEWISE_BEZIER_KNOTS.);
#8966 = CARTESIAN_POINT('',(0.823999544903,-5.E-02));
#8967 = CARTESIAN_POINT('',(0.,-5.E-02));
#8968 = ( GEOMETRIC_REPRESENTATION_CONTEXT(2) 
PARAMETRIC_REPRESENTATION_CONTEXT() REPRESENTATION_CONTEXT('2D SPACE',''
  ) );
#8969 = PCURVE('',#8663,#8970);
#8970 = DEFINITIONAL_REPRESENTATION('',(#8971),#8974);
#8971 = B_SPLINE_CURVE_WITH_KNOTS('',1,(#8972,#8973),.UNSPECIFIED.,.F.,
  .F.,(2,2),(-0.617793272034,0.206206272869),.PIECEWISE_BEZIER_KNOTS.);
#8972 = CARTESIAN_POINT('',(5.975496638767,-7.178136221199));
#8973 = CARTESIAN_POINT('',(6.584936002415,-6.623556279228));
#8974 = ( GEOMETRIC_REPRESENTATION_CONTEXT(2) 
PARAMETRIC_REPRESENTATION_CONTEXT() REPRESENTATION_CONTEXT('2D SPACE',''
  ) );
#8975 = ORIENTED_EDGE('',*,*,#8884,.T.);
#8976 = ORIENTED_EDGE('',*,*,#4465,.T.);
#8977 = ORIENTED_EDGE('',*,*,#8978,.F.);
#8978 = EDGE_CURVE('',#8956,#4466,#8979,.T.);
#8979 = SURFACE_CURVE('',#8980,(#8984,#8991),.PCURVE_S1.);
#8980 = LINE('',#8981,#8982);
#8981 = CARTESIAN_POINT('',(5.975496638767,-7.178136221199,12.2704));
#8982 = VECTOR('',#8983,1.);
#8983 = DIRECTION('',(0.,0.,1.));
#8984 = PCURVE('',#4481,#8985);
#8985 = DEFINITIONAL_REPRESENTATION('',(#8986),#8990);
#8986 = LINE('',#8987,#8988);
#8987 = CARTESIAN_POINT('',(0.823999544903,0.));
#8988 = VECTOR('',#8989,1.);
#8989 = DIRECTION('',(0.,-1.));
#8990 = ( GEOMETRIC_REPRESENTATION_CONTEXT(2) 
PARAMETRIC_REPRESENTATION_CONTEXT() REPRESENTATION_CONTEXT('2D SPACE',''
  ) );
#8991 = PCURVE('',#4509,#8992);
#8992 = DEFINITIONAL_REPRESENTATION('',(#8993),#8997);
#8993 = LINE('',#8994,#8995);
#8994 = CARTESIAN_POINT('',(0.,0.));
#8995 = VECTOR('',#8996,1.);
#8996 = DIRECTION('',(0.,-1.));
#8997 = ( GEOMETRIC_REPRESENTATION_CONTEXT(2) 
PARAMETRIC_REPRESENTATION_CONTEXT() REPRESENTATION_CONTEXT('2D SPACE',''
  ) );
#8998 = ADVANCED_FACE('',(#8999),#6273,.F.);
#8999 = FACE_BOUND('',#9000,.F.);
#9000 = EDGE_LOOP('',(#9001,#9022,#9043,#9044));
#9001 = ORIENTED_EDGE('',*,*,#9002,.T.);
#9002 = EDGE_CURVE('',#8909,#9003,#9005,.T.);
#9003 = VERTEX_POINT('',#9004);
#9004 = CARTESIAN_POINT('',(9.231191332322,-1.420507598028,12.3204));
#9005 = SURFACE_CURVE('',#9006,(#9010,#9016),.PCURVE_S1.);
#9006 = LINE('',#9007,#9008);
#9007 = CARTESIAN_POINT('',(9.190941083594,-1.622403055183,12.3204));
#9008 = VECTOR('',#9009,1.);
#9009 = DIRECTION('',(0.195514319951,0.980700846688,-0.));
#9010 = PCURVE('',#6273,#9011);
#9011 = DEFINITIONAL_REPRESENTATION('',(#9012),#9015);
#9012 = B_SPLINE_CURVE_WITH_KNOTS('',1,(#9013,#9014),.UNSPECIFIED.,.F.,
  .F.,(2,2),(-0.618041849831,0.205868545782),.PIECEWISE_BEZIER_KNOTS.);
#9013 = CARTESIAN_POINT('',(0.823910395614,-5.E-02));
#9014 = CARTESIAN_POINT('',(0.,-5.E-02));
#9015 = ( GEOMETRIC_REPRESENTATION_CONTEXT(2) 
PARAMETRIC_REPRESENTATION_CONTEXT() REPRESENTATION_CONTEXT('2D SPACE',''
  ) );
#9016 = PCURVE('',#8663,#9017);
#9017 = DEFINITIONAL_REPRESENTATION('',(#9018),#9021);
#9018 = B_SPLINE_CURVE_WITH_KNOTS('',1,(#9019,#9020),.UNSPECIFIED.,.F.,
  .F.,(2,2),(-0.618041849831,0.205868545782),.PIECEWISE_BEZIER_KNOTS.);
#9019 = CARTESIAN_POINT('',(9.070105051623,-2.228517220601));
#9020 = CARTESIAN_POINT('',(9.231191332322,-1.420507598028));
#9021 = ( GEOMETRIC_REPRESENTATION_CONTEXT(2) 
PARAMETRIC_REPRESENTATION_CONTEXT() REPRESENTATION_CONTEXT('2D SPACE',''
  ) );
#9022 = ORIENTED_EDGE('',*,*,#9023,.T.);
#9023 = EDGE_CURVE('',#9003,#6230,#9024,.T.);
#9024 = SURFACE_CURVE('',#9025,(#9029,#9036),.PCURVE_S1.);
#9025 = LINE('',#9026,#9027);
#9026 = CARTESIAN_POINT('',(9.231191332322,-1.420507598028,12.2704));
#9027 = VECTOR('',#9028,1.);
#9028 = DIRECTION('',(0.,0.,1.));
#9029 = PCURVE('',#6273,#9030);
#9030 = DEFINITIONAL_REPRESENTATION('',(#9031),#9035);
#9031 = LINE('',#9032,#9033);
#9032 = CARTESIAN_POINT('',(0.,0.));
#9033 = VECTOR('',#9034,1.);
#9034 = DIRECTION('',(0.,-1.));
#9035 = ( GEOMETRIC_REPRESENTATION_CONTEXT(2) 
PARAMETRIC_REPRESENTATION_CONTEXT() REPRESENTATION_CONTEXT('2D SPACE',''
  ) );
#9036 = PCURVE('',#6245,#9037);
#9037 = DEFINITIONAL_REPRESENTATION('',(#9038),#9042);
#9038 = LINE('',#9039,#9040);
#9039 = CARTESIAN_POINT('',(0.823937400535,0.));
#9040 = VECTOR('',#9041,1.);
#9041 = DIRECTION('',(0.,-1.));
#9042 = ( GEOMETRIC_REPRESENTATION_CONTEXT(2) 
PARAMETRIC_REPRESENTATION_CONTEXT() REPRESENTATION_CONTEXT('2D SPACE',''
  ) );
#9043 = ORIENTED_EDGE('',*,*,#6257,.T.);
#9044 = ORIENTED_EDGE('',*,*,#8929,.F.);
#9045 = ADVANCED_FACE('',(#9046),#4509,.F.);
#9046 = FACE_BOUND('',#9047,.F.);
#9047 = EDGE_LOOP('',(#9048,#9069,#9070,#9071));
#9048 = ORIENTED_EDGE('',*,*,#9049,.T.);
#9049 = EDGE_CURVE('',#9050,#8956,#9052,.T.);
#9050 = VERTEX_POINT('',#9051);
#9051 = CARTESIAN_POINT('',(5.319680945121,-7.676842322994,12.3204));
#9052 = SURFACE_CURVE('',#9053,(#9057,#9063),.PCURVE_S1.);
#9053 = LINE('',#9054,#9055);
#9054 = CARTESIAN_POINT('',(5.811715103171,-7.302681656684,12.3204));
#9055 = VECTOR('',#9056,1.);
#9056 = DIRECTION('',(0.795994832736,0.605303416691,-0.));
#9057 = PCURVE('',#4509,#9058);
#9058 = DEFINITIONAL_REPRESENTATION('',(#9059),#9062);
#9059 = B_SPLINE_CURVE_WITH_KNOTS('',1,(#9060,#9061),.UNSPECIFIED.,.F.,
  .F.,(2,2),(-0.618137377047,0.205757033664),.PIECEWISE_BEZIER_KNOTS.);
#9060 = CARTESIAN_POINT('',(0.82389441071,-5.E-02));
#9061 = CARTESIAN_POINT('',(0.,-5.E-02));
#9062 = ( GEOMETRIC_REPRESENTATION_CONTEXT(2) 
PARAMETRIC_REPRESENTATION_CONTEXT() REPRESENTATION_CONTEXT('2D SPACE',''
  ) );
#9063 = PCURVE('',#8663,#9064);
#9064 = DEFINITIONAL_REPRESENTATION('',(#9065),#9068);
#9065 = B_SPLINE_CURVE_WITH_KNOTS('',1,(#9066,#9067),.UNSPECIFIED.,.F.,
  .F.,(2,2),(-0.618137377047,0.205757033664),.PIECEWISE_BEZIER_KNOTS.);
#9066 = CARTESIAN_POINT('',(5.319680945121,-7.676842322994));
#9067 = CARTESIAN_POINT('',(5.975496638767,-7.178136221199));
#9068 = ( GEOMETRIC_REPRESENTATION_CONTEXT(2) 
PARAMETRIC_REPRESENTATION_CONTEXT() REPRESENTATION_CONTEXT('2D SPACE',''
  ) );
#9069 = ORIENTED_EDGE('',*,*,#8978,.T.);
#9070 = ORIENTED_EDGE('',*,*,#4493,.T.);
#9071 = ORIENTED_EDGE('',*,*,#9072,.F.);
#9072 = EDGE_CURVE('',#9050,#4494,#9073,.T.);
#9073 = SURFACE_CURVE('',#9074,(#9078,#9085),.PCURVE_S1.);
#9074 = LINE('',#9075,#9076);
#9075 = CARTESIAN_POINT('',(5.319680945121,-7.676842322994,12.2704));
#9076 = VECTOR('',#9077,1.);
#9077 = DIRECTION('',(0.,0.,1.));
#9078 = PCURVE('',#4509,#9079);
#9079 = DEFINITIONAL_REPRESENTATION('',(#9080),#9084);
#9080 = LINE('',#9081,#9082);
#9081 = CARTESIAN_POINT('',(0.82389441071,0.));
#9082 = VECTOR('',#9083,1.);
#9083 = DIRECTION('',(0.,-1.));
#9084 = ( GEOMETRIC_REPRESENTATION_CONTEXT(2) 
PARAMETRIC_REPRESENTATION_CONTEXT() REPRESENTATION_CONTEXT('2D SPACE',''
  ) );
#9085 = PCURVE('',#4537,#9086);
#9086 = DEFINITIONAL_REPRESENTATION('',(#9087),#9091);
#9087 = LINE('',#9088,#9089);
#9088 = CARTESIAN_POINT('',(0.,0.));
#9089 = VECTOR('',#9090,1.);
#9090 = DIRECTION('',(0.,-1.));
#9091 = ( GEOMETRIC_REPRESENTATION_CONTEXT(2) 
PARAMETRIC_REPRESENTATION_CONTEXT() REPRESENTATION_CONTEXT('2D SPACE',''
  ) );
#9092 = ADVANCED_FACE('',(#9093),#6245,.F.);
#9093 = FACE_BOUND('',#9094,.F.);
#9094 = EDGE_LOOP('',(#9095,#9116,#9137,#9138));
#9095 = ORIENTED_EDGE('',*,*,#9096,.T.);
#9096 = EDGE_CURVE('',#9003,#9097,#9099,.T.);
#9097 = VERTEX_POINT('',#9098);
#9098 = CARTESIAN_POINT('',(9.320497693185,-0.601424443575,12.3204));
#9099 = SURFACE_CURVE('',#9100,(#9104,#9110),.PCURVE_S1.);
#9100 = LINE('',#9101,#9102);
#9101 = CARTESIAN_POINT('',(9.298149615439,-0.80639230745,12.3204));
#9102 = VECTOR('',#9103,1.);
#9103 = DIRECTION('',(0.108389740294,0.994108477078,-0.));
#9104 = PCURVE('',#6245,#9105);
#9105 = DEFINITIONAL_REPRESENTATION('',(#9106),#9109);
#9106 = B_SPLINE_CURVE_WITH_KNOTS('',1,(#9107,#9108),.UNSPECIFIED.,.F.,
  .F.,(2,2),(-0.617754807185,0.20618259335),.PIECEWISE_BEZIER_KNOTS.);
#9107 = CARTESIAN_POINT('',(0.823937400535,-5.E-02));
#9108 = CARTESIAN_POINT('',(0.,-5.E-02));
#9109 = ( GEOMETRIC_REPRESENTATION_CONTEXT(2) 
PARAMETRIC_REPRESENTATION_CONTEXT() REPRESENTATION_CONTEXT('2D SPACE',''
  ) );
#9110 = PCURVE('',#8663,#9111);
#9111 = DEFINITIONAL_REPRESENTATION('',(#9112),#9115);
#9112 = B_SPLINE_CURVE_WITH_KNOTS('',1,(#9113,#9114),.UNSPECIFIED.,.F.,
  .F.,(2,2),(-0.617754807185,0.20618259335),.PIECEWISE_BEZIER_KNOTS.);
#9113 = CARTESIAN_POINT('',(9.231191332322,-1.420507598028));
#9114 = CARTESIAN_POINT('',(9.320497693185,-0.601424443575));
#9115 = ( GEOMETRIC_REPRESENTATION_CONTEXT(2) 
PARAMETRIC_REPRESENTATION_CONTEXT() REPRESENTATION_CONTEXT('2D SPACE',''
  ) );
#9116 = ORIENTED_EDGE('',*,*,#9117,.T.);
#9117 = EDGE_CURVE('',#9097,#6202,#9118,.T.);
#9118 = SURFACE_CURVE('',#9119,(#9123,#9130),.PCURVE_S1.);
#9119 = LINE('',#9120,#9121);
#9120 = CARTESIAN_POINT('',(9.320497693185,-0.601424443575,12.2704));
#9121 = VECTOR('',#9122,1.);
#9122 = DIRECTION('',(0.,0.,1.));
#9123 = PCURVE('',#6245,#9124);
#9124 = DEFINITIONAL_REPRESENTATION('',(#9125),#9129);
#9125 = LINE('',#9126,#9127);
#9126 = CARTESIAN_POINT('',(0.,0.));
#9127 = VECTOR('',#9128,1.);
#9128 = DIRECTION('',(0.,-1.));
#9129 = ( GEOMETRIC_REPRESENTATION_CONTEXT(2) 
PARAMETRIC_REPRESENTATION_CONTEXT() REPRESENTATION_CONTEXT('2D SPACE',''
  ) );
#9130 = PCURVE('',#6217,#9131);
#9131 = DEFINITIONAL_REPRESENTATION('',(#9132),#9136);
#9132 = LINE('',#9133,#9134);
#9133 = CARTESIAN_POINT('',(0.823879633199,0.));
#9134 = VECTOR('',#9135,1.);
#9135 = DIRECTION('',(0.,-1.));
#9136 = ( GEOMETRIC_REPRESENTATION_CONTEXT(2) 
PARAMETRIC_REPRESENTATION_CONTEXT() REPRESENTATION_CONTEXT('2D SPACE',''
  ) );
#9137 = ORIENTED_EDGE('',*,*,#6229,.T.);
#9138 = ORIENTED_EDGE('',*,*,#9023,.F.);
#9139 = ADVANCED_FACE('',(#9140),#4537,.F.);
#9140 = FACE_BOUND('',#9141,.F.);
#9141 = EDGE_LOOP('',(#9142,#9163,#9164,#9165));
#9142 = ORIENTED_EDGE('',*,*,#9143,.T.);
#9143 = EDGE_CURVE('',#9144,#9050,#9146,.T.);
#9144 = VERTEX_POINT('',#9145);
#9145 = CARTESIAN_POINT('',(4.622430779906,-8.115715034732,12.3204));
#9146 = SURFACE_CURVE('',#9147,(#9151,#9157),.PCURVE_S1.);
#9147 = LINE('',#9148,#9149);
#9148 = CARTESIAN_POINT('',(5.145055979388,-7.786757151376,12.3204));
#9149 = VECTOR('',#9150,1.);
#9150 = DIRECTION('',(0.846307617543,0.532694487008,-0.));
#9151 = PCURVE('',#4537,#9152);
#9152 = DEFINITIONAL_REPRESENTATION('',(#9153),#9156);
#9153 = B_SPLINE_CURVE_WITH_KNOTS('',1,(#9154,#9155),.UNSPECIFIED.,.F.,
  .F.,(2,2),(-0.617535738363,0.206337461832),.PIECEWISE_BEZIER_KNOTS.);
#9154 = CARTESIAN_POINT('',(0.823873200195,-5.E-02));
#9155 = CARTESIAN_POINT('',(0.,-5.E-02));
#9156 = ( GEOMETRIC_REPRESENTATION_CONTEXT(2) 
PARAMETRIC_REPRESENTATION_CONTEXT() REPRESENTATION_CONTEXT('2D SPACE',''
  ) );
#9157 = PCURVE('',#8663,#9158);
#9158 = DEFINITIONAL_REPRESENTATION('',(#9159),#9162);
#9159 = B_SPLINE_CURVE_WITH_KNOTS('',1,(#9160,#9161),.UNSPECIFIED.,.F.,
  .F.,(2,2),(-0.617535738363,0.206337461832),.PIECEWISE_BEZIER_KNOTS.);
#9160 = CARTESIAN_POINT('',(4.622430779906,-8.115715034732));
#9161 = CARTESIAN_POINT('',(5.319680945121,-7.676842322994));
#9162 = ( GEOMETRIC_REPRESENTATION_CONTEXT(2) 
PARAMETRIC_REPRESENTATION_CONTEXT() REPRESENTATION_CONTEXT('2D SPACE',''
  ) );
#9163 = ORIENTED_EDGE('',*,*,#9072,.T.);
#9164 = ORIENTED_EDGE('',*,*,#4521,.T.);
#9165 = ORIENTED_EDGE('',*,*,#9166,.F.);
#9166 = EDGE_CURVE('',#9144,#4522,#9167,.T.);
#9167 = SURFACE_CURVE('',#9168,(#9172,#9179),.PCURVE_S1.);
#9168 = LINE('',#9169,#9170);
#9169 = CARTESIAN_POINT('',(4.622430779906,-8.115715034732,12.2704));
#9170 = VECTOR('',#9171,1.);
#9171 = DIRECTION('',(0.,0.,1.));
#9172 = PCURVE('',#4537,#9173);
#9173 = DEFINITIONAL_REPRESENTATION('',(#9174),#9178);
#9174 = LINE('',#9175,#9176);
#9175 = CARTESIAN_POINT('',(0.823873200195,0.));
#9176 = VECTOR('',#9177,1.);
#9177 = DIRECTION('',(0.,-1.));
#9178 = ( GEOMETRIC_REPRESENTATION_CONTEXT(2) 
PARAMETRIC_REPRESENTATION_CONTEXT() REPRESENTATION_CONTEXT('2D SPACE',''
  ) );
#9179 = PCURVE('',#4565,#9180);
#9180 = DEFINITIONAL_REPRESENTATION('',(#9181),#9185);
#9181 = LINE('',#9182,#9183);
#9182 = CARTESIAN_POINT('',(0.,0.));
#9183 = VECTOR('',#9184,1.);
#9184 = DIRECTION('',(0.,-1.));
#9185 = ( GEOMETRIC_REPRESENTATION_CONTEXT(2) 
PARAMETRIC_REPRESENTATION_CONTEXT() REPRESENTATION_CONTEXT('2D SPACE',''
  ) );
#9186 = ADVANCED_FACE('',(#9187),#6217,.F.);
#9187 = FACE_BOUND('',#9188,.F.);
#9188 = EDGE_LOOP('',(#9189,#9210,#9231,#9232));
#9189 = ORIENTED_EDGE('',*,*,#9190,.T.);
#9190 = EDGE_CURVE('',#9097,#9191,#9193,.T.);
#9191 = VERTEX_POINT('',#9192);
#9192 = CARTESIAN_POINT('',(9.337189197721,0.222286090337,12.3204));
#9193 = SURFACE_CURVE('',#9194,(#9198,#9204),.PCURVE_S1.);
#9194 = LINE('',#9195,#9196);
#9195 = CARTESIAN_POINT('',(9.333021703164,1.662403276723E-02,12.3204));
#9196 = VECTOR('',#9197,1.);
#9197 = DIRECTION('',(2.02596397137E-02,0.999794752436,-0.));
#9198 = PCURVE('',#6217,#9199);
#9199 = DEFINITIONAL_REPRESENTATION('',(#9200),#9203);
#9200 = B_SPLINE_CURVE_WITH_KNOTS('',1,(#9201,#9202),.UNSPECIFIED.,.F.,
  .F.,(2,2),(-0.618175355328,0.205704277871),.PIECEWISE_BEZIER_KNOTS.);
#9201 = CARTESIAN_POINT('',(0.823879633199,-5.E-02));
#9202 = CARTESIAN_POINT('',(0.,-5.E-02));
#9203 = ( GEOMETRIC_REPRESENTATION_CONTEXT(2) 
PARAMETRIC_REPRESENTATION_CONTEXT() REPRESENTATION_CONTEXT('2D SPACE',''
  ) );
#9204 = PCURVE('',#8663,#9205);
#9205 = DEFINITIONAL_REPRESENTATION('',(#9206),#9209);
#9206 = B_SPLINE_CURVE_WITH_KNOTS('',1,(#9207,#9208),.UNSPECIFIED.,.F.,
  .F.,(2,2),(-0.618175355328,0.205704277871),.PIECEWISE_BEZIER_KNOTS.);
#9207 = CARTESIAN_POINT('',(9.320497693185,-0.601424443575));
#9208 = CARTESIAN_POINT('',(9.337189197721,0.222286090337));
#9209 = ( GEOMETRIC_REPRESENTATION_CONTEXT(2) 
PARAMETRIC_REPRESENTATION_CONTEXT() REPRESENTATION_CONTEXT('2D SPACE',''
  ) );
#9210 = ORIENTED_EDGE('',*,*,#9211,.T.);
#9211 = EDGE_CURVE('',#9191,#6174,#9212,.T.);
#9212 = SURFACE_CURVE('',#9213,(#9217,#9224),.PCURVE_S1.);
#9213 = LINE('',#9214,#9215);
#9214 = CARTESIAN_POINT('',(9.337189197721,0.222286090337,12.2704));
#9215 = VECTOR('',#9216,1.);
#9216 = DIRECTION('',(0.,0.,1.));
#9217 = PCURVE('',#6217,#9218);
#9218 = DEFINITIONAL_REPRESENTATION('',(#9219),#9223);
#9219 = LINE('',#9220,#9221);
#9220 = CARTESIAN_POINT('',(0.,0.));
#9221 = VECTOR('',#9222,1.);
#9222 = DIRECTION('',(0.,-1.));
#9223 = ( GEOMETRIC_REPRESENTATION_CONTEXT(2) 
PARAMETRIC_REPRESENTATION_CONTEXT() REPRESENTATION_CONTEXT('2D SPACE',''
  ) );
#9224 = PCURVE('',#6189,#9225);
#9225 = DEFINITIONAL_REPRESENTATION('',(#9226),#9230);
#9226 = LINE('',#9227,#9228);
#9227 = CARTESIAN_POINT('',(0.823929280946,0.));
#9228 = VECTOR('',#9229,1.);
#9229 = DIRECTION('',(0.,-1.));
#9230 = ( GEOMETRIC_REPRESENTATION_CONTEXT(2) 
PARAMETRIC_REPRESENTATION_CONTEXT() REPRESENTATION_CONTEXT('2D SPACE',''
  ) );
#9231 = ORIENTED_EDGE('',*,*,#6201,.T.);
#9232 = ORIENTED_EDGE('',*,*,#9117,.F.);
#9233 = ADVANCED_FACE('',(#9234),#4565,.F.);
#9234 = FACE_BOUND('',#9235,.F.);
#9235 = EDGE_LOOP('',(#9236,#9257,#9258,#9259));
#9236 = ORIENTED_EDGE('',*,*,#9237,.T.);
#9237 = EDGE_CURVE('',#9238,#9144,#9240,.T.);
#9238 = VERTEX_POINT('',#9239);
#9239 = CARTESIAN_POINT('',(3.889180821874,-8.491541216691,12.3204));
#9240 = SURFACE_CURVE('',#9241,(#9245,#9251),.PCURVE_S1.);
#9241 = LINE('',#9242,#9243);
#9242 = CARTESIAN_POINT('',(4.439200066733,-8.209629665882,12.3204));
#9243 = VECTOR('',#9244,1.);
#9244 = DIRECTION('',(0.889915723496,0.456124988435,-0.));
#9245 = PCURVE('',#4565,#9246);
#9246 = DEFINITIONAL_REPRESENTATION('',(#9247),#9250);
#9247 = B_SPLINE_CURVE_WITH_KNOTS('',1,(#9248,#9249),.UNSPECIFIED.,.F.,
  .F.,(2,2),(-0.618057677077,0.205896702728),.PIECEWISE_BEZIER_KNOTS.);
#9248 = CARTESIAN_POINT('',(0.823954379805,-5.E-02));
#9249 = CARTESIAN_POINT('',(0.,-5.E-02));
#9250 = ( GEOMETRIC_REPRESENTATION_CONTEXT(2) 
PARAMETRIC_REPRESENTATION_CONTEXT() REPRESENTATION_CONTEXT('2D SPACE',''
  ) );
#9251 = PCURVE('',#8663,#9252);
#9252 = DEFINITIONAL_REPRESENTATION('',(#9253),#9256);
#9253 = B_SPLINE_CURVE_WITH_KNOTS('',1,(#9254,#9255),.UNSPECIFIED.,.F.,
  .F.,(2,2),(-0.618057677077,0.205896702728),.PIECEWISE_BEZIER_KNOTS.);
#9254 = CARTESIAN_POINT('',(3.889180821874,-8.491541216691));
#9255 = CARTESIAN_POINT('',(4.622430779906,-8.115715034732));
#9256 = ( GEOMETRIC_REPRESENTATION_CONTEXT(2) 
PARAMETRIC_REPRESENTATION_CONTEXT() REPRESENTATION_CONTEXT('2D SPACE',''
  ) );
#9257 = ORIENTED_EDGE('',*,*,#9166,.T.);
#9258 = ORIENTED_EDGE('',*,*,#4549,.T.);
#9259 = ORIENTED_EDGE('',*,*,#9260,.F.);
#9260 = EDGE_CURVE('',#9238,#4550,#9261,.T.);
#9261 = SURFACE_CURVE('',#9262,(#9266,#9273),.PCURVE_S1.);
#9262 = LINE('',#9263,#9264);
#9263 = CARTESIAN_POINT('',(3.889180821874,-8.491541216691,12.2704));
#9264 = VECTOR('',#9265,1.);
#9265 = DIRECTION('',(0.,0.,1.));
#9266 = PCURVE('',#4565,#9267);
#9267 = DEFINITIONAL_REPRESENTATION('',(#9268),#9272);
#9268 = LINE('',#9269,#9270);
#9269 = CARTESIAN_POINT('',(0.823954379805,0.));
#9270 = VECTOR('',#9271,1.);
#9271 = DIRECTION('',(0.,-1.));
#9272 = ( GEOMETRIC_REPRESENTATION_CONTEXT(2) 
PARAMETRIC_REPRESENTATION_CONTEXT() REPRESENTATION_CONTEXT('2D SPACE',''
  ) );
#9273 = PCURVE('',#4593,#9274);
#9274 = DEFINITIONAL_REPRESENTATION('',(#9275),#9279);
#9275 = LINE('',#9276,#9277);
#9276 = CARTESIAN_POINT('',(0.,0.));
#9277 = VECTOR('',#9278,1.);
#9278 = DIRECTION('',(0.,-1.));
#9279 = ( GEOMETRIC_REPRESENTATION_CONTEXT(2) 
PARAMETRIC_REPRESENTATION_CONTEXT() REPRESENTATION_CONTEXT('2D SPACE',''
  ) );
#9280 = ADVANCED_FACE('',(#9281),#6189,.F.);
#9281 = FACE_BOUND('',#9282,.F.);
#9282 = EDGE_LOOP('',(#9283,#9304,#9325,#9326));
#9283 = ORIENTED_EDGE('',*,*,#9284,.T.);
#9284 = EDGE_CURVE('',#9191,#9285,#9287,.T.);
#9285 = VERTEX_POINT('',#9286);
#9286 = CARTESIAN_POINT('',(9.281200524682,1.044310863985,12.3204));
#9287 = SURFACE_CURVE('',#9288,(#9292,#9298),.PCURVE_S1.);
#9288 = LINE('',#9289,#9290);
#9289 = CARTESIAN_POINT('',(9.295172025605,0.839181517998,12.3204));
#9290 = VECTOR('',#9291,1.);
#9291 = DIRECTION('',(-6.795325076283E-02,0.997688506354,0.));
#9292 = PCURVE('',#6189,#9293);
#9293 = DEFINITIONAL_REPRESENTATION('',(#9294),#9297);
#9294 = B_SPLINE_CURVE_WITH_KNOTS('',1,(#9295,#9296),.UNSPECIFIED.,.F.,
  .F.,(2,2),(-0.618324681234,0.205604599712),.PIECEWISE_BEZIER_KNOTS.);
#9295 = CARTESIAN_POINT('',(0.823929280946,-5.E-02));
#9296 = CARTESIAN_POINT('',(0.,-5.E-02));
#9297 = ( GEOMETRIC_REPRESENTATION_CONTEXT(2) 
PARAMETRIC_REPRESENTATION_CONTEXT() REPRESENTATION_CONTEXT('2D SPACE',''
  ) );
#9298 = PCURVE('',#8663,#9299);
#9299 = DEFINITIONAL_REPRESENTATION('',(#9300),#9303);
#9300 = B_SPLINE_CURVE_WITH_KNOTS('',1,(#9301,#9302),.UNSPECIFIED.,.F.,
  .F.,(2,2),(-0.618324681234,0.205604599712),.PIECEWISE_BEZIER_KNOTS.);
#9301 = CARTESIAN_POINT('',(9.337189197721,0.222286090337));
#9302 = CARTESIAN_POINT('',(9.281200524682,1.044310863985));
#9303 = ( GEOMETRIC_REPRESENTATION_CONTEXT(2) 
PARAMETRIC_REPRESENTATION_CONTEXT() REPRESENTATION_CONTEXT('2D SPACE',''
  ) );
#9304 = ORIENTED_EDGE('',*,*,#9305,.T.);
#9305 = EDGE_CURVE('',#9285,#6146,#9306,.T.);
#9306 = SURFACE_CURVE('',#9307,(#9311,#9318),.PCURVE_S1.);
#9307 = LINE('',#9308,#9309);
#9308 = CARTESIAN_POINT('',(9.281200524682,1.044310863985,12.2704));
#9309 = VECTOR('',#9310,1.);
#9310 = DIRECTION('',(0.,0.,1.));
#9311 = PCURVE('',#6189,#9312);
#9312 = DEFINITIONAL_REPRESENTATION('',(#9313),#9317);
#9313 = LINE('',#9314,#9315);
#9314 = CARTESIAN_POINT('',(0.,0.));
#9315 = VECTOR('',#9316,1.);
#9316 = DIRECTION('',(0.,-1.));
#9317 = ( GEOMETRIC_REPRESENTATION_CONTEXT(2) 
PARAMETRIC_REPRESENTATION_CONTEXT() REPRESENTATION_CONTEXT('2D SPACE',''
  ) );
#9318 = PCURVE('',#6161,#9319);
#9319 = DEFINITIONAL_REPRESENTATION('',(#9320),#9324);
#9320 = LINE('',#9321,#9322);
#9321 = CARTESIAN_POINT('',(0.823920536217,0.));
#9322 = VECTOR('',#9323,1.);
#9323 = DIRECTION('',(0.,-1.));
#9324 = ( GEOMETRIC_REPRESENTATION_CONTEXT(2) 
PARAMETRIC_REPRESENTATION_CONTEXT() REPRESENTATION_CONTEXT('2D SPACE',''
  ) );
#9325 = ORIENTED_EDGE('',*,*,#6173,.T.);
#9326 = ORIENTED_EDGE('',*,*,#9211,.F.);
#9327 = ADVANCED_FACE('',(#9328),#4593,.F.);
#9328 = FACE_BOUND('',#9329,.F.);
#9329 = EDGE_LOOP('',(#9330,#9351,#9352,#9353));
#9330 = ORIENTED_EDGE('',*,*,#9331,.T.);
#9331 = EDGE_CURVE('',#9332,#9238,#9334,.T.);
#9332 = VERTEX_POINT('',#9333);
#9333 = CARTESIAN_POINT('',(3.125762159938,-8.801221126611,12.3204));
#9334 = SURFACE_CURVE('',#9335,(#9339,#9345),.PCURVE_S1.);
#9335 = LINE('',#9336,#9337);
#9336 = CARTESIAN_POINT('',(3.698293171371,-8.568974574506,12.3204));
#9337 = VECTOR('',#9338,1.);
#9338 = DIRECTION('',(0.926660698475,0.375898855946,-0.));
#9339 = PCURVE('',#4593,#9340);
#9340 = DEFINITIONAL_REPRESENTATION('',(#9341),#9344);
#9341 = B_SPLINE_CURVE_WITH_KNOTS('',1,(#9342,#9343),.UNSPECIFIED.,.F.,
  .F.,(2,2),(-0.617843200187,0.20599519416),.PIECEWISE_BEZIER_KNOTS.);
#9342 = CARTESIAN_POINT('',(0.823838394347,-5.E-02));
#9343 = CARTESIAN_POINT('',(0.,-5.E-02));
#9344 = ( GEOMETRIC_REPRESENTATION_CONTEXT(2) 
PARAMETRIC_REPRESENTATION_CONTEXT() REPRESENTATION_CONTEXT('2D SPACE',''
  ) );
#9345 = PCURVE('',#8663,#9346);
#9346 = DEFINITIONAL_REPRESENTATION('',(#9347),#9350);
#9347 = B_SPLINE_CURVE_WITH_KNOTS('',1,(#9348,#9349),.UNSPECIFIED.,.F.,
  .F.,(2,2),(-0.617843200187,0.20599519416),.PIECEWISE_BEZIER_KNOTS.);
#9348 = CARTESIAN_POINT('',(3.125762159938,-8.801221126611));
#9349 = CARTESIAN_POINT('',(3.889180821874,-8.491541216691));
#9350 = ( GEOMETRIC_REPRESENTATION_CONTEXT(2) 
PARAMETRIC_REPRESENTATION_CONTEXT() REPRESENTATION_CONTEXT('2D SPACE',''
  ) );
#9351 = ORIENTED_EDGE('',*,*,#9260,.T.);
#9352 = ORIENTED_EDGE('',*,*,#4577,.T.);
#9353 = ORIENTED_EDGE('',*,*,#9354,.F.);
#9354 = EDGE_CURVE('',#9332,#4578,#9355,.T.);
#9355 = SURFACE_CURVE('',#9356,(#9360,#9367),.PCURVE_S1.);
#9356 = LINE('',#9357,#9358);
#9357 = CARTESIAN_POINT('',(3.125762159938,-8.801221126611,12.2704));
#9358 = VECTOR('',#9359,1.);
#9359 = DIRECTION('',(0.,0.,1.));
#9360 = PCURVE('',#4593,#9361);
#9361 = DEFINITIONAL_REPRESENTATION('',(#9362),#9366);
#9362 = LINE('',#9363,#9364);
#9363 = CARTESIAN_POINT('',(0.823838394347,0.));
#9364 = VECTOR('',#9365,1.);
#9365 = DIRECTION('',(0.,-1.));
#9366 = ( GEOMETRIC_REPRESENTATION_CONTEXT(2) 
PARAMETRIC_REPRESENTATION_CONTEXT() REPRESENTATION_CONTEXT('2D SPACE',''
  ) );
#9367 = PCURVE('',#4621,#9368);
#9368 = DEFINITIONAL_REPRESENTATION('',(#9369),#9373);
#9369 = LINE('',#9370,#9371);
#9370 = CARTESIAN_POINT('',(0.,0.));
#9371 = VECTOR('',#9372,1.);
#9372 = DIRECTION('',(0.,-1.));
#9373 = ( GEOMETRIC_REPRESENTATION_CONTEXT(2) 
PARAMETRIC_REPRESENTATION_CONTEXT() REPRESENTATION_CONTEXT('2D SPACE',''
  ) );
#9374 = ADVANCED_FACE('',(#9375),#6161,.F.);
#9375 = FACE_BOUND('',#9376,.F.);
#9376 = EDGE_LOOP('',(#9377,#9398,#9419,#9420));
#9377 = ORIENTED_EDGE('',*,*,#9378,.T.);
#9378 = EDGE_CURVE('',#9285,#9379,#9381,.T.);
#9379 = VERTEX_POINT('',#9380);
#9380 = CARTESIAN_POINT('',(9.153085968062,1.85820994273,12.3204));
#9381 = SURFACE_CURVE('',#9382,(#9386,#9392),.PCURVE_S1.);
#9382 = LINE('',#9383,#9384);
#9383 = CARTESIAN_POINT('',(9.185145679258,1.65453777545,12.3204));
#9384 = VECTOR('',#9385,1.);
#9385 = DIRECTION('',(-0.15549382615,0.987836864077,0.));
#9386 = PCURVE('',#6161,#9387);
#9387 = DEFINITIONAL_REPRESENTATION('',(#9388),#9391);
#9388 = B_SPLINE_CURVE_WITH_KNOTS('',1,(#9389,#9390),.UNSPECIFIED.,.F.,
  .F.,(2,2),(-0.617740574033,0.206179962184),.PIECEWISE_BEZIER_KNOTS.);
#9389 = CARTESIAN_POINT('',(0.823920536217,-5.E-02));
#9390 = CARTESIAN_POINT('',(0.,-5.E-02));
#9391 = ( GEOMETRIC_REPRESENTATION_CONTEXT(2) 
PARAMETRIC_REPRESENTATION_CONTEXT() REPRESENTATION_CONTEXT('2D SPACE',''
  ) );
#9392 = PCURVE('',#8663,#9393);
#9393 = DEFINITIONAL_REPRESENTATION('',(#9394),#9397);
#9394 = B_SPLINE_CURVE_WITH_KNOTS('',1,(#9395,#9396),.UNSPECIFIED.,.F.,
  .F.,(2,2),(-0.617740574033,0.206179962184),.PIECEWISE_BEZIER_KNOTS.);
#9395 = CARTESIAN_POINT('',(9.281200524682,1.044310863985));
#9396 = CARTESIAN_POINT('',(9.153085968062,1.85820994273));
#9397 = ( GEOMETRIC_REPRESENTATION_CONTEXT(2) 
PARAMETRIC_REPRESENTATION_CONTEXT() REPRESENTATION_CONTEXT('2D SPACE',''
  ) );
#9398 = ORIENTED_EDGE('',*,*,#9399,.T.);
#9399 = EDGE_CURVE('',#9379,#6118,#9400,.T.);
#9400 = SURFACE_CURVE('',#9401,(#9405,#9412),.PCURVE_S1.);
#9401 = LINE('',#9402,#9403);
#9402 = CARTESIAN_POINT('',(9.153085968062,1.85820994273,12.2704));
#9403 = VECTOR('',#9404,1.);
#9404 = DIRECTION('',(0.,0.,1.));
#9405 = PCURVE('',#6161,#9406);
#9406 = DEFINITIONAL_REPRESENTATION('',(#9407),#9411);
#9407 = LINE('',#9408,#9409);
#9408 = CARTESIAN_POINT('',(0.,0.));
#9409 = VECTOR('',#9410,1.);
#9410 = DIRECTION('',(0.,-1.));
#9411 = ( GEOMETRIC_REPRESENTATION_CONTEXT(2) 
PARAMETRIC_REPRESENTATION_CONTEXT() REPRESENTATION_CONTEXT('2D SPACE',''
  ) );
#9412 = PCURVE('',#6133,#9413);
#9413 = DEFINITIONAL_REPRESENTATION('',(#9414),#9418);
#9414 = LINE('',#9415,#9416);
#9415 = CARTESIAN_POINT('',(0.823833751433,0.));
#9416 = VECTOR('',#9417,1.);
#9417 = DIRECTION('',(0.,-1.));
#9418 = ( GEOMETRIC_REPRESENTATION_CONTEXT(2) 
PARAMETRIC_REPRESENTATION_CONTEXT() REPRESENTATION_CONTEXT('2D SPACE',''
  ) );
#9419 = ORIENTED_EDGE('',*,*,#6145,.T.);
#9420 = ORIENTED_EDGE('',*,*,#9305,.F.);
#9421 = ADVANCED_FACE('',(#9422),#4621,.F.);
#9422 = FACE_BOUND('',#9423,.F.);
#9423 = EDGE_LOOP('',(#9424,#9445,#9446,#9447));
#9424 = ORIENTED_EDGE('',*,*,#9425,.T.);
#9425 = EDGE_CURVE('',#9426,#9332,#9428,.T.);
#9426 = VERTEX_POINT('',#9427);
#9427 = CARTESIAN_POINT('',(2.338002293173,-9.042461240012,12.3204));
#9428 = SURFACE_CURVE('',#9429,(#9433,#9439),.PCURVE_S1.);
#9429 = LINE('',#9430,#9431);
#9430 = CARTESIAN_POINT('',(2.928960766816,-8.861488718801,12.3204));
#9431 = VECTOR('',#9432,1.);
#9432 = DIRECTION('',(0.956169668984,0.292813189791,-0.));
#9433 = PCURVE('',#4621,#9434);
#9434 = DEFINITIONAL_REPRESENTATION('',(#9435),#9438);
#9435 = B_SPLINE_CURVE_WITH_KNOTS('',1,(#9436,#9437),.UNSPECIFIED.,.F.,
  .F.,(2,2),(-0.618047709326,0.205822668828),.PIECEWISE_BEZIER_KNOTS.);
#9436 = CARTESIAN_POINT('',(0.823870378154,-5.E-02));
#9437 = CARTESIAN_POINT('',(0.,-5.E-02));
#9438 = ( GEOMETRIC_REPRESENTATION_CONTEXT(2) 
PARAMETRIC_REPRESENTATION_CONTEXT() REPRESENTATION_CONTEXT('2D SPACE',''
  ) );
#9439 = PCURVE('',#8663,#9440);
#9440 = DEFINITIONAL_REPRESENTATION('',(#9441),#9444);
#9441 = B_SPLINE_CURVE_WITH_KNOTS('',1,(#9442,#9443),.UNSPECIFIED.,.F.,
  .F.,(2,2),(-0.618047709326,0.205822668828),.PIECEWISE_BEZIER_KNOTS.);
#9442 = CARTESIAN_POINT('',(2.338002293173,-9.042461240012));
#9443 = CARTESIAN_POINT('',(3.125762159938,-8.801221126611));
#9444 = ( GEOMETRIC_REPRESENTATION_CONTEXT(2) 
PARAMETRIC_REPRESENTATION_CONTEXT() REPRESENTATION_CONTEXT('2D SPACE',''
  ) );
#9445 = ORIENTED_EDGE('',*,*,#9354,.T.);
#9446 = ORIENTED_EDGE('',*,*,#4605,.T.);
#9447 = ORIENTED_EDGE('',*,*,#9448,.F.);
#9448 = EDGE_CURVE('',#9426,#4606,#9449,.T.);
#9449 = SURFACE_CURVE('',#9450,(#9454,#9461),.PCURVE_S1.);
#9450 = LINE('',#9451,#9452);
#9451 = CARTESIAN_POINT('',(2.338002293173,-9.042461240012,12.2704));
#9452 = VECTOR('',#9453,1.);
#9453 = DIRECTION('',(0.,0.,1.));
#9454 = PCURVE('',#4621,#9455);
#9455 = DEFINITIONAL_REPRESENTATION('',(#9456),#9460);
#9456 = LINE('',#9457,#9458);
#9457 = CARTESIAN_POINT('',(0.823870378154,0.));
#9458 = VECTOR('',#9459,1.);
#9459 = DIRECTION('',(0.,-1.));
#9460 = ( GEOMETRIC_REPRESENTATION_CONTEXT(2) 
PARAMETRIC_REPRESENTATION_CONTEXT() REPRESENTATION_CONTEXT('2D SPACE',''
  ) );
#9461 = PCURVE('',#4649,#9462);
#9462 = DEFINITIONAL_REPRESENTATION('',(#9463),#9467);
#9463 = LINE('',#9464,#9465);
#9464 = CARTESIAN_POINT('',(0.,0.));
#9465 = VECTOR('',#9466,1.);
#9466 = DIRECTION('',(0.,-1.));
#9467 = ( GEOMETRIC_REPRESENTATION_CONTEXT(2) 
PARAMETRIC_REPRESENTATION_CONTEXT() REPRESENTATION_CONTEXT('2D SPACE',''
  ) );
#9468 = ADVANCED_FACE('',(#9469),#6133,.F.);
#9469 = FACE_BOUND('',#9470,.F.);
#9470 = EDGE_LOOP('',(#9471,#9492,#9513,#9514));
#9471 = ORIENTED_EDGE('',*,*,#9472,.T.);
#9472 = EDGE_CURVE('',#9379,#9473,#9475,.T.);
#9473 = VERTEX_POINT('',#9474);
#9474 = CARTESIAN_POINT('',(8.953759629477,2.657566597012,12.3204));
#9475 = SURFACE_CURVE('',#9476,(#9480,#9486),.PCURVE_S1.);
#9476 = LINE('',#9477,#9478);
#9477 = CARTESIAN_POINT('',(9.003631213632,2.457567023763,12.3204));
#9478 = VECTOR('',#9479,1.);
#9479 = DIRECTION('',(-0.241949711625,0.970288790539,0.));
#9480 = PCURVE('',#6133,#9481);
#9481 = DEFINITIONAL_REPRESENTATION('',(#9482),#9485);
#9482 = B_SPLINE_CURVE_WITH_KNOTS('',1,(#9483,#9484),.UNSPECIFIED.,.F.,
  .F.,(2,2),(-0.617709991992,0.206123759441),.PIECEWISE_BEZIER_KNOTS.);
#9483 = CARTESIAN_POINT('',(0.823833751433,-5.E-02));
#9484 = CARTESIAN_POINT('',(0.,-5.E-02));
#9485 = ( GEOMETRIC_REPRESENTATION_CONTEXT(2) 
PARAMETRIC_REPRESENTATION_CONTEXT() REPRESENTATION_CONTEXT('2D SPACE',''
  ) );
#9486 = PCURVE('',#8663,#9487);
#9487 = DEFINITIONAL_REPRESENTATION('',(#9488),#9491);
#9488 = B_SPLINE_CURVE_WITH_KNOTS('',1,(#9489,#9490),.UNSPECIFIED.,.F.,
  .F.,(2,2),(-0.617709991992,0.206123759441),.PIECEWISE_BEZIER_KNOTS.);
#9489 = CARTESIAN_POINT('',(9.153085968062,1.85820994273));
#9490 = CARTESIAN_POINT('',(8.953759629477,2.657566597012));
#9491 = ( GEOMETRIC_REPRESENTATION_CONTEXT(2) 
PARAMETRIC_REPRESENTATION_CONTEXT() REPRESENTATION_CONTEXT('2D SPACE',''
  ) );
#9492 = ORIENTED_EDGE('',*,*,#9493,.T.);
#9493 = EDGE_CURVE('',#9473,#6090,#9494,.T.);
#9494 = SURFACE_CURVE('',#9495,(#9499,#9506),.PCURVE_S1.);
#9495 = LINE('',#9496,#9497);
#9496 = CARTESIAN_POINT('',(8.953759629477,2.657566597012,12.2704));
#9497 = VECTOR('',#9498,1.);
#9498 = DIRECTION('',(0.,0.,1.));
#9499 = PCURVE('',#6133,#9500);
#9500 = DEFINITIONAL_REPRESENTATION('',(#9501),#9505);
#9501 = LINE('',#9502,#9503);
#9502 = CARTESIAN_POINT('',(0.,0.));
#9503 = VECTOR('',#9504,1.);
#9504 = DIRECTION('',(0.,-1.));
#9505 = ( GEOMETRIC_REPRESENTATION_CONTEXT(2) 
PARAMETRIC_REPRESENTATION_CONTEXT() REPRESENTATION_CONTEXT('2D SPACE',''
  ) );
#9506 = PCURVE('',#6105,#9507);
#9507 = DEFINITIONAL_REPRESENTATION('',(#9508),#9512);
#9508 = LINE('',#9509,#9510);
#9509 = CARTESIAN_POINT('',(0.823937964898,0.));
#9510 = VECTOR('',#9511,1.);
#9511 = DIRECTION('',(0.,-1.));
#9512 = ( GEOMETRIC_REPRESENTATION_CONTEXT(2) 
PARAMETRIC_REPRESENTATION_CONTEXT() REPRESENTATION_CONTEXT('2D SPACE',''
  ) );
#9513 = ORIENTED_EDGE('',*,*,#6117,.T.);
#9514 = ORIENTED_EDGE('',*,*,#9399,.F.);
#9515 = ADVANCED_FACE('',(#9516),#4649,.F.);
#9516 = FACE_BOUND('',#9517,.F.);
#9517 = EDGE_LOOP('',(#9518,#9539,#9540,#9541));
#9518 = ORIENTED_EDGE('',*,*,#9519,.T.);
#9519 = EDGE_CURVE('',#9520,#9426,#9522,.T.);
#9520 = VERTEX_POINT('',#9521);
#9521 = CARTESIAN_POINT('',(1.531975130815,-9.213341237497,12.3204));
#9522 = SURFACE_CURVE('',#9523,(#9527,#9533),.PCURVE_S1.);
#9523 = LINE('',#9524,#9525);
#9524 = CARTESIAN_POINT('',(2.136568093495,-9.085165849908,12.3204));
#9525 = VECTOR('',#9526,1.);
#9526 = DIRECTION('',(0.978257636807,0.207393336508,-0.));
#9527 = PCURVE('',#4649,#9528);
#9528 = DEFINITIONAL_REPRESENTATION('',(#9529),#9532);
#9529 = B_SPLINE_CURVE_WITH_KNOTS('',1,(#9530,#9531),.UNSPECIFIED.,.F.,
  .F.,(2,2),(-0.618030404192,0.20591119568),.PIECEWISE_BEZIER_KNOTS.);
#9530 = CARTESIAN_POINT('',(0.823941599872,-5.E-02));
#9531 = CARTESIAN_POINT('',(0.,-5.E-02));
#9532 = ( GEOMETRIC_REPRESENTATION_CONTEXT(2) 
PARAMETRIC_REPRESENTATION_CONTEXT() REPRESENTATION_CONTEXT('2D SPACE',''
  ) );
#9533 = PCURVE('',#8663,#9534);
#9534 = DEFINITIONAL_REPRESENTATION('',(#9535),#9538);
#9535 = B_SPLINE_CURVE_WITH_KNOTS('',1,(#9536,#9537),.UNSPECIFIED.,.F.,
  .F.,(2,2),(-0.618030404192,0.20591119568),.PIECEWISE_BEZIER_KNOTS.);
#9536 = CARTESIAN_POINT('',(1.531975130815,-9.213341237497));
#9537 = CARTESIAN_POINT('',(2.338002293173,-9.042461240012));
#9538 = ( GEOMETRIC_REPRESENTATION_CONTEXT(2) 
PARAMETRIC_REPRESENTATION_CONTEXT() REPRESENTATION_CONTEXT('2D SPACE',''
  ) );
#9539 = ORIENTED_EDGE('',*,*,#9448,.T.);
#9540 = ORIENTED_EDGE('',*,*,#4633,.T.);
#9541 = ORIENTED_EDGE('',*,*,#9542,.F.);
#9542 = EDGE_CURVE('',#9520,#4634,#9543,.T.);
#9543 = SURFACE_CURVE('',#9544,(#9548,#9555),.PCURVE_S1.);
#9544 = LINE('',#9545,#9546);
#9545 = CARTESIAN_POINT('',(1.531975130815,-9.213341237497,12.2704));
#9546 = VECTOR('',#9547,1.);
#9547 = DIRECTION('',(0.,0.,1.));
#9548 = PCURVE('',#4649,#9549);
#9549 = DEFINITIONAL_REPRESENTATION('',(#9550),#9554);
#9550 = LINE('',#9551,#9552);
#9551 = CARTESIAN_POINT('',(0.823941599872,0.));
#9552 = VECTOR('',#9553,1.);
#9553 = DIRECTION('',(0.,-1.));
#9554 = ( GEOMETRIC_REPRESENTATION_CONTEXT(2) 
PARAMETRIC_REPRESENTATION_CONTEXT() REPRESENTATION_CONTEXT('2D SPACE',''
  ) );
#9555 = PCURVE('',#4677,#9556);
#9556 = DEFINITIONAL_REPRESENTATION('',(#9557),#9561);
#9557 = LINE('',#9558,#9559);
#9558 = CARTESIAN_POINT('',(0.,0.));
#9559 = VECTOR('',#9560,1.);
#9560 = DIRECTION('',(0.,-1.));
#9561 = ( GEOMETRIC_REPRESENTATION_CONTEXT(2) 
PARAMETRIC_REPRESENTATION_CONTEXT() REPRESENTATION_CONTEXT('2D SPACE',''
  ) );
#9562 = ADVANCED_FACE('',(#9563),#6105,.F.);
#9563 = FACE_BOUND('',#9564,.F.);
#9564 = EDGE_LOOP('',(#9565,#9586,#9607,#9608));
#9565 = ORIENTED_EDGE('',*,*,#9566,.T.);
#9566 = EDGE_CURVE('',#9473,#9567,#9569,.T.);
#9567 = VERTEX_POINT('',#9568);
#9568 = CARTESIAN_POINT('',(8.684695418161,3.436333712516,12.3204));
#9569 = SURFACE_CURVE('',#9570,(#9574,#9580),.PCURVE_S1.);
#9570 = LINE('',#9571,#9572);
#9571 = CARTESIAN_POINT('',(8.751946823288,3.241684329276,12.3204));
#9572 = VECTOR('',#9573,1.);
#9573 = DIRECTION('',(-0.326558822118,0.94517688064,0.));
#9574 = PCURVE('',#6105,#9575);
#9575 = DEFINITIONAL_REPRESENTATION('',(#9576),#9579);
#9576 = B_SPLINE_CURVE_WITH_KNOTS('',1,(#9577,#9578),.UNSPECIFIED.,.F.,
  .F.,(2,2),(-0.617998328385,0.205939636513),.PIECEWISE_BEZIER_KNOTS.);
#9577 = CARTESIAN_POINT('',(0.823937964898,-5.E-02));
#9578 = CARTESIAN_POINT('',(0.,-5.E-02));
#9579 = ( GEOMETRIC_REPRESENTATION_CONTEXT(2) 
PARAMETRIC_REPRESENTATION_CONTEXT() REPRESENTATION_CONTEXT('2D SPACE',''
  ) );
#9580 = PCURVE('',#8663,#9581);
#9581 = DEFINITIONAL_REPRESENTATION('',(#9582),#9585);
#9582 = B_SPLINE_CURVE_WITH_KNOTS('',1,(#9583,#9584),.UNSPECIFIED.,.F.,
  .F.,(2,2),(-0.617998328385,0.205939636513),.PIECEWISE_BEZIER_KNOTS.);
#9583 = CARTESIAN_POINT('',(8.953759629477,2.657566597012));
#9584 = CARTESIAN_POINT('',(8.684695418161,3.436333712516));
#9585 = ( GEOMETRIC_REPRESENTATION_CONTEXT(2) 
PARAMETRIC_REPRESENTATION_CONTEXT() REPRESENTATION_CONTEXT('2D SPACE',''
  ) );
#9586 = ORIENTED_EDGE('',*,*,#9587,.T.);
#9587 = EDGE_CURVE('',#9567,#6062,#9588,.T.);
#9588 = SURFACE_CURVE('',#9589,(#9593,#9600),.PCURVE_S1.);
#9589 = LINE('',#9590,#9591);
#9590 = CARTESIAN_POINT('',(8.684695418161,3.436333712516,12.2704));
#9591 = VECTOR('',#9592,1.);
#9592 = DIRECTION('',(0.,0.,1.));
#9593 = PCURVE('',#6105,#9594);
#9594 = DEFINITIONAL_REPRESENTATION('',(#9595),#9599);
#9595 = LINE('',#9596,#9597);
#9596 = CARTESIAN_POINT('',(0.,0.));
#9597 = VECTOR('',#9598,1.);
#9598 = DIRECTION('',(0.,-1.));
#9599 = ( GEOMETRIC_REPRESENTATION_CONTEXT(2) 
PARAMETRIC_REPRESENTATION_CONTEXT() REPRESENTATION_CONTEXT('2D SPACE',''
  ) );
#9600 = PCURVE('',#6077,#9601);
#9601 = DEFINITIONAL_REPRESENTATION('',(#9602),#9606);
#9602 = LINE('',#9603,#9604);
#9603 = CARTESIAN_POINT('',(0.823862039422,0.));
#9604 = VECTOR('',#9605,1.);
#9605 = DIRECTION('',(0.,-1.));
#9606 = ( GEOMETRIC_REPRESENTATION_CONTEXT(2) 
PARAMETRIC_REPRESENTATION_CONTEXT() REPRESENTATION_CONTEXT('2D SPACE',''
  ) );
#9607 = ORIENTED_EDGE('',*,*,#6089,.T.);
#9608 = ORIENTED_EDGE('',*,*,#9493,.F.);
#9609 = ADVANCED_FACE('',(#9610),#4677,.F.);
#9610 = FACE_BOUND('',#9611,.F.);
#9611 = EDGE_LOOP('',(#9612,#9633,#9634,#9635));
#9612 = ORIENTED_EDGE('',*,*,#9613,.T.);
#9613 = EDGE_CURVE('',#9614,#9520,#9616,.T.);
#9614 = VERTEX_POINT('',#9615);
#9615 = CARTESIAN_POINT('',(0.714037594801,-9.31245060729,12.3204));
#9616 = SURFACE_CURVE('',#9617,(#9621,#9627),.PCURVE_S1.);
#9617 = LINE('',#9618,#9619);
#9618 = CARTESIAN_POINT('',(1.327183931892,-9.238155756663,12.3204));
#9619 = VECTOR('',#9620,1.);
#9620 = DIRECTION('',(0.992738793919,0.120290012259,-0.));
#9621 = PCURVE('',#4677,#9622);
#9622 = DEFINITIONAL_REPRESENTATION('',(#9623),#9626);
#9623 = B_SPLINE_CURVE_WITH_KNOTS('',1,(#9624,#9625),.UNSPECIFIED.,.F.,
  .F.,(2,2),(-0.617631083672,0.206289106638),.PIECEWISE_BEZIER_KNOTS.);
#9624 = CARTESIAN_POINT('',(0.82392019031,-5.E-02));
#9625 = CARTESIAN_POINT('',(0.,-5.E-02));
#9626 = ( GEOMETRIC_REPRESENTATION_CONTEXT(2) 
PARAMETRIC_REPRESENTATION_CONTEXT() REPRESENTATION_CONTEXT('2D SPACE',''
  ) );
#9627 = PCURVE('',#8663,#9628);
#9628 = DEFINITIONAL_REPRESENTATION('',(#9629),#9632);
#9629 = B_SPLINE_CURVE_WITH_KNOTS('',1,(#9630,#9631),.UNSPECIFIED.,.F.,
  .F.,(2,2),(-0.617631083672,0.206289106638),.PIECEWISE_BEZIER_KNOTS.);
#9630 = CARTESIAN_POINT('',(0.714037594801,-9.31245060729));
#9631 = CARTESIAN_POINT('',(1.531975130815,-9.213341237497));
#9632 = ( GEOMETRIC_REPRESENTATION_CONTEXT(2) 
PARAMETRIC_REPRESENTATION_CONTEXT() REPRESENTATION_CONTEXT('2D SPACE',''
  ) );
#9633 = ORIENTED_EDGE('',*,*,#9542,.T.);
#9634 = ORIENTED_EDGE('',*,*,#4661,.T.);
#9635 = ORIENTED_EDGE('',*,*,#9636,.F.);
#9636 = EDGE_CURVE('',#9614,#4662,#9637,.T.);
#9637 = SURFACE_CURVE('',#9638,(#9642,#9649),.PCURVE_S1.);
#9638 = LINE('',#9639,#9640);
#9639 = CARTESIAN_POINT('',(0.714037594801,-9.31245060729,12.2704));
#9640 = VECTOR('',#9641,1.);
#9641 = DIRECTION('',(0.,0.,1.));
#9642 = PCURVE('',#4677,#9643);
#9643 = DEFINITIONAL_REPRESENTATION('',(#9644),#9648);
#9644 = LINE('',#9645,#9646);
#9645 = CARTESIAN_POINT('',(0.82392019031,0.));
#9646 = VECTOR('',#9647,1.);
#9647 = DIRECTION('',(0.,-1.));
#9648 = ( GEOMETRIC_REPRESENTATION_CONTEXT(2) 
PARAMETRIC_REPRESENTATION_CONTEXT() REPRESENTATION_CONTEXT('2D SPACE',''
  ) );
#9649 = PCURVE('',#4705,#9650);
#9650 = DEFINITIONAL_REPRESENTATION('',(#9651),#9655);
#9651 = LINE('',#9652,#9653);
#9652 = CARTESIAN_POINT('',(0.,0.));
#9653 = VECTOR('',#9654,1.);
#9654 = DIRECTION('',(0.,-1.));
#9655 = ( GEOMETRIC_REPRESENTATION_CONTEXT(2) 
PARAMETRIC_REPRESENTATION_CONTEXT() REPRESENTATION_CONTEXT('2D SPACE',''
  ) );
#9656 = ADVANCED_FACE('',(#9657),#6077,.F.);
#9657 = FACE_BOUND('',#9658,.F.);
#9658 = EDGE_LOOP('',(#9659,#9680,#9701,#9702));
#9659 = ORIENTED_EDGE('',*,*,#9660,.T.);
#9660 = EDGE_CURVE('',#9567,#9661,#9663,.T.);
#9661 = VERTEX_POINT('',#9662);
#9662 = CARTESIAN_POINT('',(8.348073461135,4.188287380003,12.3204));
#9663 = SURFACE_CURVE('',#9664,(#9668,#9674),.PCURVE_S1.);
#9664 = LINE('',#9665,#9666);
#9665 = CARTESIAN_POINT('',(8.432198920926,4.000366043624,12.3204));
#9666 = VECTOR('',#9667,1.);
#9667 = DIRECTION('',(-0.408590201901,0.912717944882,0.));
#9668 = PCURVE('',#6077,#9669);
#9669 = DEFINITIONAL_REPRESENTATION('',(#9670),#9673);
#9670 = B_SPLINE_CURVE_WITH_KNOTS('',1,(#9671,#9672),.UNSPECIFIED.,.F.,
  .F.,(2,2),(-0.617970024881,0.205892014541),.PIECEWISE_BEZIER_KNOTS.);
#9671 = CARTESIAN_POINT('',(0.823862039422,-5.E-02));
#9672 = CARTESIAN_POINT('',(0.,-5.E-02));
#9673 = ( GEOMETRIC_REPRESENTATION_CONTEXT(2) 
PARAMETRIC_REPRESENTATION_CONTEXT() REPRESENTATION_CONTEXT('2D SPACE',''
  ) );
#9674 = PCURVE('',#8663,#9675);
#9675 = DEFINITIONAL_REPRESENTATION('',(#9676),#9679);
#9676 = B_SPLINE_CURVE_WITH_KNOTS('',1,(#9677,#9678),.UNSPECIFIED.,.F.,
  .F.,(2,2),(-0.617970024881,0.205892014541),.PIECEWISE_BEZIER_KNOTS.);
#9677 = CARTESIAN_POINT('',(8.684695418161,3.436333712516));
#9678 = CARTESIAN_POINT('',(8.348073461135,4.188287380003));
#9679 = ( GEOMETRIC_REPRESENTATION_CONTEXT(2) 
PARAMETRIC_REPRESENTATION_CONTEXT() REPRESENTATION_CONTEXT('2D SPACE',''
  ) );
#9680 = ORIENTED_EDGE('',*,*,#9681,.T.);
#9681 = EDGE_CURVE('',#9661,#6034,#9682,.T.);
#9682 = SURFACE_CURVE('',#9683,(#9687,#9694),.PCURVE_S1.);
#9683 = LINE('',#9684,#9685);
#9684 = CARTESIAN_POINT('',(8.348073461135,4.188287380003,12.2704));
#9685 = VECTOR('',#9686,1.);
#9686 = DIRECTION('',(0.,0.,1.));
#9687 = PCURVE('',#6077,#9688);
#9688 = DEFINITIONAL_REPRESENTATION('',(#9689),#9693);
#9689 = LINE('',#9690,#9691);
#9690 = CARTESIAN_POINT('',(0.,0.));
#9691 = VECTOR('',#9692,1.);
#9692 = DIRECTION('',(0.,-1.));
#9693 = ( GEOMETRIC_REPRESENTATION_CONTEXT(2) 
PARAMETRIC_REPRESENTATION_CONTEXT() REPRESENTATION_CONTEXT('2D SPACE',''
  ) );
#9694 = PCURVE('',#6049,#9695);
#9695 = DEFINITIONAL_REPRESENTATION('',(#9696),#9700);
#9696 = LINE('',#9697,#9698);
#9697 = CARTESIAN_POINT('',(0.823949962073,0.));
#9698 = VECTOR('',#9699,1.);
#9699 = DIRECTION('',(0.,-1.));
#9700 = ( GEOMETRIC_REPRESENTATION_CONTEXT(2) 
PARAMETRIC_REPRESENTATION_CONTEXT() REPRESENTATION_CONTEXT('2D SPACE',''
  ) );
#9701 = ORIENTED_EDGE('',*,*,#6061,.T.);
#9702 = ORIENTED_EDGE('',*,*,#9587,.F.);
#9703 = ADVANCED_FACE('',(#9704),#4705,.F.);
#9704 = FACE_BOUND('',#9705,.F.);
#9705 = EDGE_LOOP('',(#9706,#9727,#9728,#9729));
#9706 = ORIENTED_EDGE('',*,*,#9707,.T.);
#9707 = EDGE_CURVE('',#9708,#9614,#9710,.T.);
#9708 = VERTEX_POINT('',#9709);
#9709 = CARTESIAN_POINT('',(-0.109456982767,-9.339185055396,12.3204));
#9710 = SURFACE_CURVE('',#9711,(#9715,#9721),.PCURVE_S1.);
#9711 = LINE('',#9712,#9713);
#9712 = CARTESIAN_POINT('',(0.508398170791,-9.319126615438,12.3204));
#9713 = VECTOR('',#9714,1.);
#9714 = DIRECTION('',(0.999473440037,3.244753704966E-02,-0.));
#9715 = PCURVE('',#4705,#9716);
#9716 = DEFINITIONAL_REPRESENTATION('',(#9717),#9720);
#9717 = B_SPLINE_CURVE_WITH_KNOTS('',1,(#9718,#9719),.UNSPECIFIED.,.F.,
  .F.,(2,2),(-0.618180662745,0.205747762544),.PIECEWISE_BEZIER_KNOTS.);
#9718 = CARTESIAN_POINT('',(0.823928425289,-5.E-02));
#9719 = CARTESIAN_POINT('',(0.,-5.E-02));
#9720 = ( GEOMETRIC_REPRESENTATION_CONTEXT(2) 
PARAMETRIC_REPRESENTATION_CONTEXT() REPRESENTATION_CONTEXT('2D SPACE',''
  ) );
#9721 = PCURVE('',#8663,#9722);
#9722 = DEFINITIONAL_REPRESENTATION('',(#9723),#9726);
#9723 = B_SPLINE_CURVE_WITH_KNOTS('',1,(#9724,#9725),.UNSPECIFIED.,.F.,
  .F.,(2,2),(-0.618180662745,0.205747762544),.PIECEWISE_BEZIER_KNOTS.);
#9724 = CARTESIAN_POINT('',(-0.109456982767,-9.339185055396));
#9725 = CARTESIAN_POINT('',(0.714037594801,-9.31245060729));
#9726 = ( GEOMETRIC_REPRESENTATION_CONTEXT(2) 
PARAMETRIC_REPRESENTATION_CONTEXT() REPRESENTATION_CONTEXT('2D SPACE',''
  ) );
#9727 = ORIENTED_EDGE('',*,*,#9636,.T.);
#9728 = ORIENTED_EDGE('',*,*,#4689,.T.);
#9729 = ORIENTED_EDGE('',*,*,#9730,.F.);
#9730 = EDGE_CURVE('',#9708,#4690,#9731,.T.);
#9731 = SURFACE_CURVE('',#9732,(#9736,#9743),.PCURVE_S1.);
#9732 = LINE('',#9733,#9734);
#9733 = CARTESIAN_POINT('',(-0.109456982767,-9.339185055396,12.2704));
#9734 = VECTOR('',#9735,1.);
#9735 = DIRECTION('',(0.,0.,1.));
#9736 = PCURVE('',#4705,#9737);
#9737 = DEFINITIONAL_REPRESENTATION('',(#9738),#9742);
#9738 = LINE('',#9739,#9740);
#9739 = CARTESIAN_POINT('',(0.823928425289,0.));
#9740 = VECTOR('',#9741,1.);
#9741 = DIRECTION('',(0.,-1.));
#9742 = ( GEOMETRIC_REPRESENTATION_CONTEXT(2) 
PARAMETRIC_REPRESENTATION_CONTEXT() REPRESENTATION_CONTEXT('2D SPACE',''
  ) );
#9743 = PCURVE('',#4733,#9744);
#9744 = DEFINITIONAL_REPRESENTATION('',(#9745),#9749);
#9745 = LINE('',#9746,#9747);
#9746 = CARTESIAN_POINT('',(0.,0.));
#9747 = VECTOR('',#9748,1.);
#9748 = DIRECTION('',(0.,-1.));
#9749 = ( GEOMETRIC_REPRESENTATION_CONTEXT(2) 
PARAMETRIC_REPRESENTATION_CONTEXT() REPRESENTATION_CONTEXT('2D SPACE',''
  ) );
#9750 = ADVANCED_FACE('',(#9751),#6049,.F.);
#9751 = FACE_BOUND('',#9752,.F.);
#9752 = EDGE_LOOP('',(#9753,#9774,#9795,#9796));
#9753 = ORIENTED_EDGE('',*,*,#9754,.T.);
#9754 = EDGE_CURVE('',#9661,#9755,#9757,.T.);
#9755 = VERTEX_POINT('',#9756);
#9756 = CARTESIAN_POINT('',(7.946510487957,4.907759908021,12.3204));
#9757 = SURFACE_CURVE('',#9758,(#9762,#9768),.PCURVE_S1.);
#9758 = LINE('',#9759,#9760);
#9759 = CARTESIAN_POINT('',(8.047057173319,4.727612377663,12.3204));
#9760 = VECTOR('',#9761,1.);
#9761 = DIRECTION('',(-0.487363300761,0.873199297453,0.));
#9762 = PCURVE('',#6049,#9763);
#9763 = DEFINITIONAL_REPRESENTATION('',(#9764),#9767);
#9764 = B_SPLINE_CURVE_WITH_KNOTS('',1,(#9765,#9766),.UNSPECIFIED.,.F.,
  .F.,(2,2),(-0.617642500668,0.206307461405),.PIECEWISE_BEZIER_KNOTS.);
#9765 = CARTESIAN_POINT('',(0.823949962073,-5.E-02));
#9766 = CARTESIAN_POINT('',(0.,-5.E-02));
#9767 = ( GEOMETRIC_REPRESENTATION_CONTEXT(2) 
PARAMETRIC_REPRESENTATION_CONTEXT() REPRESENTATION_CONTEXT('2D SPACE',''
  ) );
#9768 = PCURVE('',#8663,#9769);
#9769 = DEFINITIONAL_REPRESENTATION('',(#9770),#9773);
#9770 = B_SPLINE_CURVE_WITH_KNOTS('',1,(#9771,#9772),.UNSPECIFIED.,.F.,
  .F.,(2,2),(-0.617642500668,0.206307461405),.PIECEWISE_BEZIER_KNOTS.);
#9771 = CARTESIAN_POINT('',(8.348073461135,4.188287380003));
#9772 = CARTESIAN_POINT('',(7.946510487957,4.907759908021));
#9773 = ( GEOMETRIC_REPRESENTATION_CONTEXT(2) 
PARAMETRIC_REPRESENTATION_CONTEXT() REPRESENTATION_CONTEXT('2D SPACE',''
  ) );
#9774 = ORIENTED_EDGE('',*,*,#9775,.T.);
#9775 = EDGE_CURVE('',#9755,#6006,#9776,.T.);
#9776 = SURFACE_CURVE('',#9777,(#9781,#9788),.PCURVE_S1.);
#9777 = LINE('',#9778,#9779);
#9778 = CARTESIAN_POINT('',(7.946510487957,4.907759908021,12.2704));
#9779 = VECTOR('',#9780,1.);
#9780 = DIRECTION('',(0.,0.,1.));
#9781 = PCURVE('',#6049,#9782);
#9782 = DEFINITIONAL_REPRESENTATION('',(#9783),#9787);
#9783 = LINE('',#9784,#9785);
#9784 = CARTESIAN_POINT('',(0.,0.));
#9785 = VECTOR('',#9786,1.);
#9786 = DIRECTION('',(0.,-1.));
#9787 = ( GEOMETRIC_REPRESENTATION_CONTEXT(2) 
PARAMETRIC_REPRESENTATION_CONTEXT() REPRESENTATION_CONTEXT('2D SPACE',''
  ) );
#9788 = PCURVE('',#6021,#9789);
#9789 = DEFINITIONAL_REPRESENTATION('',(#9790),#9794);
#9790 = LINE('',#9791,#9792);
#9791 = CARTESIAN_POINT('',(0.823936429587,0.));
#9792 = VECTOR('',#9793,1.);
#9793 = DIRECTION('',(0.,-1.));
#9794 = ( GEOMETRIC_REPRESENTATION_CONTEXT(2) 
PARAMETRIC_REPRESENTATION_CONTEXT() REPRESENTATION_CONTEXT('2D SPACE',''
  ) );
#9795 = ORIENTED_EDGE('',*,*,#6033,.T.);
#9796 = ORIENTED_EDGE('',*,*,#9681,.F.);
#9797 = ADVANCED_FACE('',(#9798),#4733,.F.);
#9798 = FACE_BOUND('',#9799,.F.);
#9799 = EDGE_LOOP('',(#9800,#9821,#9822,#9823));
#9800 = ORIENTED_EDGE('',*,*,#9801,.T.);
#9801 = EDGE_CURVE('',#9802,#9708,#9804,.T.);
#9802 = VERTEX_POINT('',#9803);
#9803 = CARTESIAN_POINT('',(-0.93208206471,-9.293213492901,12.3204));
#9804 = SURFACE_CURVE('',#9805,(#9809,#9815),.PCURVE_S1.);
#9805 = LINE('',#9806,#9807);
#9806 = CARTESIAN_POINT('',(-0.315041854904,-9.327696154796,12.3204));
#9807 = VECTOR('',#9808,1.);
#9808 = DIRECTION('',(0.998442138442,-5.579691912103E-02,0.));
#9809 = PCURVE('',#4733,#9810);
#9810 = DEFINITIONAL_REPRESENTATION('',(#9811),#9814);
#9811 = B_SPLINE_CURVE_WITH_KNOTS('',1,(#9812,#9813),.UNSPECIFIED.,.F.,
  .F.,(2,2),(-0.61800297288,0.205905644625),.PIECEWISE_BEZIER_KNOTS.);
#9812 = CARTESIAN_POINT('',(0.823908617506,-5.E-02));
#9813 = CARTESIAN_POINT('',(0.,-5.E-02));
#9814 = ( GEOMETRIC_REPRESENTATION_CONTEXT(2) 
PARAMETRIC_REPRESENTATION_CONTEXT() REPRESENTATION_CONTEXT('2D SPACE',''
  ) );
#9815 = PCURVE('',#8663,#9816);
#9816 = DEFINITIONAL_REPRESENTATION('',(#9817),#9820);
#9817 = B_SPLINE_CURVE_WITH_KNOTS('',1,(#9818,#9819),.UNSPECIFIED.,.F.,
  .F.,(2,2),(-0.61800297288,0.205905644625),.PIECEWISE_BEZIER_KNOTS.);
#9818 = CARTESIAN_POINT('',(-0.93208206471,-9.293213492901));
#9819 = CARTESIAN_POINT('',(-0.109456982767,-9.339185055396));
#9820 = ( GEOMETRIC_REPRESENTATION_CONTEXT(2) 
PARAMETRIC_REPRESENTATION_CONTEXT() REPRESENTATION_CONTEXT('2D SPACE',''
  ) );
#9821 = ORIENTED_EDGE('',*,*,#9730,.T.);
#9822 = ORIENTED_EDGE('',*,*,#4717,.T.);
#9823 = ORIENTED_EDGE('',*,*,#9824,.F.);
#9824 = EDGE_CURVE('',#9802,#4718,#9825,.T.);
#9825 = SURFACE_CURVE('',#9826,(#9830,#9837),.PCURVE_S1.);
#9826 = LINE('',#9827,#9828);
#9827 = CARTESIAN_POINT('',(-0.93208206471,-9.293213492901,12.2704));
#9828 = VECTOR('',#9829,1.);
#9829 = DIRECTION('',(0.,0.,1.));
#9830 = PCURVE('',#4733,#9831);
#9831 = DEFINITIONAL_REPRESENTATION('',(#9832),#9836);
#9832 = LINE('',#9833,#9834);
#9833 = CARTESIAN_POINT('',(0.823908617506,0.));
#9834 = VECTOR('',#9835,1.);
#9835 = DIRECTION('',(0.,-1.));
#9836 = ( GEOMETRIC_REPRESENTATION_CONTEXT(2) 
PARAMETRIC_REPRESENTATION_CONTEXT() REPRESENTATION_CONTEXT('2D SPACE',''
  ) );
#9837 = PCURVE('',#4761,#9838);
#9838 = DEFINITIONAL_REPRESENTATION('',(#9839),#9843);
#9839 = LINE('',#9840,#9841);
#9840 = CARTESIAN_POINT('',(0.,0.));
#9841 = VECTOR('',#9842,1.);
#9842 = DIRECTION('',(0.,-1.));
#9843 = ( GEOMETRIC_REPRESENTATION_CONTEXT(2) 
PARAMETRIC_REPRESENTATION_CONTEXT() REPRESENTATION_CONTEXT('2D SPACE',''
  ) );
#9844 = ADVANCED_FACE('',(#9845),#6021,.F.);
#9845 = FACE_BOUND('',#9846,.F.);
#9846 = EDGE_LOOP('',(#9847,#9868,#9889,#9890));
#9847 = ORIENTED_EDGE('',*,*,#9848,.T.);
#9848 = EDGE_CURVE('',#9755,#9849,#9851,.T.);
#9849 = VERTEX_POINT('',#9850);
#9850 = CARTESIAN_POINT('',(7.483019638349,5.588970207657,12.3204));
#9851 = SURFACE_CURVE('',#9852,(#9856,#9862),.PCURVE_S1.);
#9852 = LINE('',#9853,#9854);
#9853 = CARTESIAN_POINT('',(7.598727578884,5.418909804288,12.3204));
#9854 = VECTOR('',#9855,1.);
#9855 = DIRECTION('',(-0.562532293712,0.826775313209,0.));
#9856 = PCURVE('',#6021,#9857);
#9857 = DEFINITIONAL_REPRESENTATION('',(#9858),#9861);
#9858 = B_SPLINE_CURVE_WITH_KNOTS('',1,(#9859,#9860),.UNSPECIFIED.,.F.,
  .F.,(2,2),(-0.618245233137,0.205691196449),.PIECEWISE_BEZIER_KNOTS.);
#9859 = CARTESIAN_POINT('',(0.823936429587,-5.E-02));
#9860 = CARTESIAN_POINT('',(0.,-5.E-02));
#9861 = ( GEOMETRIC_REPRESENTATION_CONTEXT(2) 
PARAMETRIC_REPRESENTATION_CONTEXT() REPRESENTATION_CONTEXT('2D SPACE',''
  ) );
#9862 = PCURVE('',#8663,#9863);
#9863 = DEFINITIONAL_REPRESENTATION('',(#9864),#9867);
#9864 = B_SPLINE_CURVE_WITH_KNOTS('',1,(#9865,#9866),.UNSPECIFIED.,.F.,
  .F.,(2,2),(-0.618245233137,0.205691196449),.PIECEWISE_BEZIER_KNOTS.);
#9865 = CARTESIAN_POINT('',(7.946510487957,4.907759908021));
#9866 = CARTESIAN_POINT('',(7.483019638349,5.588970207657));
#9867 = ( GEOMETRIC_REPRESENTATION_CONTEXT(2) 
PARAMETRIC_REPRESENTATION_CONTEXT() REPRESENTATION_CONTEXT('2D SPACE',''
  ) );
#9868 = ORIENTED_EDGE('',*,*,#9869,.T.);
#9869 = EDGE_CURVE('',#9849,#5978,#9870,.T.);
#9870 = SURFACE_CURVE('',#9871,(#9875,#9882),.PCURVE_S1.);
#9871 = LINE('',#9872,#9873);
#9872 = CARTESIAN_POINT('',(7.483019638349,5.588970207657,12.2704));
#9873 = VECTOR('',#9874,1.);
#9874 = DIRECTION('',(0.,0.,1.));
#9875 = PCURVE('',#6021,#9876);
#9876 = DEFINITIONAL_REPRESENTATION('',(#9877),#9881);
#9877 = LINE('',#9878,#9879);
#9878 = CARTESIAN_POINT('',(0.,0.));
#9879 = VECTOR('',#9880,1.);
#9880 = DIRECTION('',(0.,-1.));
#9881 = ( GEOMETRIC_REPRESENTATION_CONTEXT(2) 
PARAMETRIC_REPRESENTATION_CONTEXT() REPRESENTATION_CONTEXT('2D SPACE',''
  ) );
#9882 = PCURVE('',#5993,#9883);
#9883 = DEFINITIONAL_REPRESENTATION('',(#9884),#9888);
#9884 = LINE('',#9885,#9886);
#9885 = CARTESIAN_POINT('',(0.823891139654,0.));
#9886 = VECTOR('',#9887,1.);
#9887 = DIRECTION('',(0.,-1.));
#9888 = ( GEOMETRIC_REPRESENTATION_CONTEXT(2) 
PARAMETRIC_REPRESENTATION_CONTEXT() REPRESENTATION_CONTEXT('2D SPACE',''
  ) );
#9889 = ORIENTED_EDGE('',*,*,#6005,.T.);
#9890 = ORIENTED_EDGE('',*,*,#9775,.F.);
#9891 = ADVANCED_FACE('',(#9892),#4761,.F.);
#9892 = FACE_BOUND('',#9893,.F.);
#9893 = EDGE_LOOP('',(#9894,#9915,#9916,#9917));
#9894 = ORIENTED_EDGE('',*,*,#9895,.T.);
#9895 = EDGE_CURVE('',#9896,#9802,#9898,.T.);
#9896 = VERTEX_POINT('',#9897);
#9897 = CARTESIAN_POINT('',(-1.747364703686,-9.174924446136,12.3204));
#9898 = SURFACE_CURVE('',#9899,(#9903,#9909),.PCURVE_S1.);
#9899 = LINE('',#9900,#9901);
#9900 = CARTESIAN_POINT('',(-1.1359243475,-9.263638093931,12.3204));
#9901 = VECTOR('',#9902,1.);
#9902 = DIRECTION('',(0.989637818037,-0.143586173116,0.));
#9903 = PCURVE('',#4761,#9904);
#9904 = DEFINITIONAL_REPRESENTATION('',(#9905),#9908);
#9905 = B_SPLINE_CURVE_WITH_KNOTS('',1,(#9906,#9907),.UNSPECIFIED.,.F.,
  .F.,(2,2),(-0.617842553146,0.205976650321),.PIECEWISE_BEZIER_KNOTS.);
#9906 = CARTESIAN_POINT('',(0.823819203466,-5.E-02));
#9907 = CARTESIAN_POINT('',(0.,-5.E-02));
#9908 = ( GEOMETRIC_REPRESENTATION_CONTEXT(2) 
PARAMETRIC_REPRESENTATION_CONTEXT() REPRESENTATION_CONTEXT('2D SPACE',''
  ) );
#9909 = PCURVE('',#8663,#9910);
#9910 = DEFINITIONAL_REPRESENTATION('',(#9911),#9914);
#9911 = B_SPLINE_CURVE_WITH_KNOTS('',1,(#9912,#9913),.UNSPECIFIED.,.F.,
  .F.,(2,2),(-0.617842553146,0.205976650321),.PIECEWISE_BEZIER_KNOTS.);
#9912 = CARTESIAN_POINT('',(-1.747364703686,-9.174924446136));
#9913 = CARTESIAN_POINT('',(-0.93208206471,-9.293213492901));
#9914 = ( GEOMETRIC_REPRESENTATION_CONTEXT(2) 
PARAMETRIC_REPRESENTATION_CONTEXT() REPRESENTATION_CONTEXT('2D SPACE',''
  ) );
#9915 = ORIENTED_EDGE('',*,*,#9824,.T.);
#9916 = ORIENTED_EDGE('',*,*,#4745,.T.);
#9917 = ORIENTED_EDGE('',*,*,#9918,.F.);
#9918 = EDGE_CURVE('',#9896,#4746,#9919,.T.);
#9919 = SURFACE_CURVE('',#9920,(#9924,#9931),.PCURVE_S1.);
#9920 = LINE('',#9921,#9922);
#9921 = CARTESIAN_POINT('',(-1.747364703686,-9.174924446136,12.2704));
#9922 = VECTOR('',#9923,1.);
#9923 = DIRECTION('',(0.,0.,1.));
#9924 = PCURVE('',#4761,#9925);
#9925 = DEFINITIONAL_REPRESENTATION('',(#9926),#9930);
#9926 = LINE('',#9927,#9928);
#9927 = CARTESIAN_POINT('',(0.823819203466,0.));
#9928 = VECTOR('',#9929,1.);
#9929 = DIRECTION('',(0.,-1.));
#9930 = ( GEOMETRIC_REPRESENTATION_CONTEXT(2) 
PARAMETRIC_REPRESENTATION_CONTEXT() REPRESENTATION_CONTEXT('2D SPACE',''
  ) );
#9931 = PCURVE('',#4789,#9932);
#9932 = DEFINITIONAL_REPRESENTATION('',(#9933),#9937);
#9933 = LINE('',#9934,#9935);
#9934 = CARTESIAN_POINT('',(0.,0.));
#9935 = VECTOR('',#9936,1.);
#9936 = DIRECTION('',(0.,-1.));
#9937 = ( GEOMETRIC_REPRESENTATION_CONTEXT(2) 
PARAMETRIC_REPRESENTATION_CONTEXT() REPRESENTATION_CONTEXT('2D SPACE',''
  ) );
#9938 = ADVANCED_FACE('',(#9939),#5993,.F.);
#9939 = FACE_BOUND('',#9940,.F.);
#9940 = EDGE_LOOP('',(#9941,#9962,#9983,#9984));
#9941 = ORIENTED_EDGE('',*,*,#9942,.T.);
#9942 = EDGE_CURVE('',#9849,#9943,#9945,.T.);
#9943 = VERTEX_POINT('',#9944);
#9944 = CARTESIAN_POINT('',(6.961410462193,6.22671661286,12.3204));
#9945 = SURFACE_CURVE('',#9946,(#9950,#9956),.PCURVE_S1.);
#9946 = LINE('',#9947,#9948);
#9947 = CARTESIAN_POINT('',(7.092017257174,6.067029978112,12.3204));
#9948 = VECTOR('',#9949,1.);
#9949 = DIRECTION('',(-0.633104485594,0.774066347492,0.));
#9950 = PCURVE('',#5993,#9951);
#9951 = DEFINITIONAL_REPRESENTATION('',(#9952),#9955);
#9952 = B_SPLINE_CURVE_WITH_KNOTS('',1,(#9953,#9954),.UNSPECIFIED.,.F.,
  .F.,(2,2),(-0.617595341799,0.206295797854),.PIECEWISE_BEZIER_KNOTS.);
#9953 = CARTESIAN_POINT('',(0.823891139654,-5.E-02));
#9954 = CARTESIAN_POINT('',(0.,-5.E-02));
#9955 = ( GEOMETRIC_REPRESENTATION_CONTEXT(2) 
PARAMETRIC_REPRESENTATION_CONTEXT() REPRESENTATION_CONTEXT('2D SPACE',''
  ) );
#9956 = PCURVE('',#8663,#9957);
#9957 = DEFINITIONAL_REPRESENTATION('',(#9958),#9961);
#9958 = B_SPLINE_CURVE_WITH_KNOTS('',1,(#9959,#9960),.UNSPECIFIED.,.F.,
  .F.,(2,2),(-0.617595341799,0.206295797854),.PIECEWISE_BEZIER_KNOTS.);
#9959 = CARTESIAN_POINT('',(7.483019638349,5.588970207657));
#9960 = CARTESIAN_POINT('',(6.961410462193,6.22671661286));
#9961 = ( GEOMETRIC_REPRESENTATION_CONTEXT(2) 
PARAMETRIC_REPRESENTATION_CONTEXT() REPRESENTATION_CONTEXT('2D SPACE',''
  ) );
#9962 = ORIENTED_EDGE('',*,*,#9963,.T.);
#9963 = EDGE_CURVE('',#9943,#5950,#9964,.T.);
#9964 = SURFACE_CURVE('',#9965,(#9969,#9976),.PCURVE_S1.);
#9965 = LINE('',#9966,#9967);
#9966 = CARTESIAN_POINT('',(6.961410462193,6.22671661286,12.2704));
#9967 = VECTOR('',#9968,1.);
#9968 = DIRECTION('',(0.,0.,1.));
#9969 = PCURVE('',#5993,#9970);
#9970 = DEFINITIONAL_REPRESENTATION('',(#9971),#9975);
#9971 = LINE('',#9972,#9973);
#9972 = CARTESIAN_POINT('',(0.,0.));
#9973 = VECTOR('',#9974,1.);
#9974 = DIRECTION('',(0.,-1.));
#9975 = ( GEOMETRIC_REPRESENTATION_CONTEXT(2) 
PARAMETRIC_REPRESENTATION_CONTEXT() REPRESENTATION_CONTEXT('2D SPACE',''
  ) );
#9976 = PCURVE('',#5965,#9977);
#9977 = DEFINITIONAL_REPRESENTATION('',(#9978),#9982);
#9978 = LINE('',#9979,#9980);
#9979 = CARTESIAN_POINT('',(0.823885095144,0.));
#9980 = VECTOR('',#9981,1.);
#9981 = DIRECTION('',(0.,-1.));
#9982 = ( GEOMETRIC_REPRESENTATION_CONTEXT(2) 
PARAMETRIC_REPRESENTATION_CONTEXT() REPRESENTATION_CONTEXT('2D SPACE',''
  ) );
#9983 = ORIENTED_EDGE('',*,*,#5977,.T.);
#9984 = ORIENTED_EDGE('',*,*,#9869,.F.);
#9985 = ADVANCED_FACE('',(#9986),#4789,.F.);
#9986 = FACE_BOUND('',#9987,.F.);
#9987 = EDGE_LOOP('',(#9988,#10009,#10010,#10011));
#9988 = ORIENTED_EDGE('',*,*,#9989,.T.);
#9989 = EDGE_CURVE('',#9990,#9896,#9992,.T.);
#9990 = VERTEX_POINT('',#9991);
#9991 = CARTESIAN_POINT('',(-2.549131952353,-8.985226056672,12.3204));
#9992 = SURFACE_CURVE('',#9993,(#9997,#10003),.PCURVE_S1.);
#9993 = LINE('',#9994,#9995);
#9994 = CARTESIAN_POINT('',(-1.947854056161,-9.127488600718,12.3204));
#9995 = VECTOR('',#9996,1.);
#9996 = DIRECTION('',(0.97313302798,-0.230243588086,0.));
#9997 = PCURVE('',#4789,#9998);
#9998 = DEFINITIONAL_REPRESENTATION('',(#9999),#10002);
#9999 = B_SPLINE_CURVE_WITH_KNOTS('',1,(#10000,#10001),.UNSPECIFIED.,.F.
  ,.F.,(2,2),(-0.617878418369,0.206024609905),.PIECEWISE_BEZIER_KNOTS.);
#10000 = CARTESIAN_POINT('',(0.823903028275,-5.E-02));
#10001 = CARTESIAN_POINT('',(0.,-5.E-02));
#10002 = ( GEOMETRIC_REPRESENTATION_CONTEXT(2) 
PARAMETRIC_REPRESENTATION_CONTEXT() REPRESENTATION_CONTEXT('2D SPACE',''
  ) );
#10003 = PCURVE('',#8663,#10004);
#10004 = DEFINITIONAL_REPRESENTATION('',(#10005),#10008);
#10005 = B_SPLINE_CURVE_WITH_KNOTS('',1,(#10006,#10007),.UNSPECIFIED.,
  .F.,.F.,(2,2),(-0.617878418369,0.206024609905),
  .PIECEWISE_BEZIER_KNOTS.);
#10006 = CARTESIAN_POINT('',(-2.549131952353,-8.985226056672));
#10007 = CARTESIAN_POINT('',(-1.747364703686,-9.174924446136));
#10008 = ( GEOMETRIC_REPRESENTATION_CONTEXT(2) 
PARAMETRIC_REPRESENTATION_CONTEXT() REPRESENTATION_CONTEXT('2D SPACE',''
  ) );
#10009 = ORIENTED_EDGE('',*,*,#9918,.T.);
#10010 = ORIENTED_EDGE('',*,*,#4773,.T.);
#10011 = ORIENTED_EDGE('',*,*,#10012,.F.);
#10012 = EDGE_CURVE('',#9990,#4774,#10013,.T.);
#10013 = SURFACE_CURVE('',#10014,(#10018,#10025),.PCURVE_S1.);
#10014 = LINE('',#10015,#10016);
#10015 = CARTESIAN_POINT('',(-2.549131952353,-8.985226056672,12.2704));
#10016 = VECTOR('',#10017,1.);
#10017 = DIRECTION('',(0.,0.,1.));
#10018 = PCURVE('',#4789,#10019);
#10019 = DEFINITIONAL_REPRESENTATION('',(#10020),#10024);
#10020 = LINE('',#10021,#10022);
#10021 = CARTESIAN_POINT('',(0.823903028275,0.));
#10022 = VECTOR('',#10023,1.);
#10023 = DIRECTION('',(0.,-1.));
#10024 = ( GEOMETRIC_REPRESENTATION_CONTEXT(2) 
PARAMETRIC_REPRESENTATION_CONTEXT() REPRESENTATION_CONTEXT('2D SPACE',''
  ) );
#10025 = PCURVE('',#4817,#10026);
#10026 = DEFINITIONAL_REPRESENTATION('',(#10027),#10031);
#10027 = LINE('',#10028,#10029);
#10028 = CARTESIAN_POINT('',(0.,0.));
#10029 = VECTOR('',#10030,1.);
#10030 = DIRECTION('',(0.,-1.));
#10031 = ( GEOMETRIC_REPRESENTATION_CONTEXT(2) 
PARAMETRIC_REPRESENTATION_CONTEXT() REPRESENTATION_CONTEXT('2D SPACE',''
  ) );
#10032 = ADVANCED_FACE('',(#10033),#5965,.F.);
#10033 = FACE_BOUND('',#10034,.F.);
#10034 = EDGE_LOOP('',(#10035,#10056,#10077,#10078));
#10035 = ORIENTED_EDGE('',*,*,#10036,.T.);
#10036 = EDGE_CURVE('',#9943,#10037,#10039,.T.);
#10037 = VERTEX_POINT('',#10038);
#10038 = CARTESIAN_POINT('',(6.385592509371,6.815970662662,12.3204));
#10039 = SURFACE_CURVE('',#10040,(#10044,#10050),.PCURVE_S1.);
#10040 = LINE('',#10041,#10042);
#10041 = CARTESIAN_POINT('',(6.529549620959,6.668654465615,12.3204));
#10042 = VECTOR('',#10043,1.);
#10043 = DIRECTION('',(-0.698905655918,0.715213872996,0.));
#10044 = PCURVE('',#5965,#10045);
#10045 = DEFINITIONAL_REPRESENTATION('',(#10046),#10049);
#10046 = B_SPLINE_CURVE_WITH_KNOTS('',1,(#10047,#10048),.UNSPECIFIED.,
  .F.,.F.,(2,2),(-0.6179100678,0.205975027343),
  .PIECEWISE_BEZIER_KNOTS.);
#10047 = CARTESIAN_POINT('',(0.823885095144,-5.E-02));
#10048 = CARTESIAN_POINT('',(0.,-5.E-02));
#10049 = ( GEOMETRIC_REPRESENTATION_CONTEXT(2) 
PARAMETRIC_REPRESENTATION_CONTEXT() REPRESENTATION_CONTEXT('2D SPACE',''
  ) );
#10050 = PCURVE('',#8663,#10051);
#10051 = DEFINITIONAL_REPRESENTATION('',(#10052),#10055);
#10052 = B_SPLINE_CURVE_WITH_KNOTS('',1,(#10053,#10054),.UNSPECIFIED.,
  .F.,.F.,(2,2),(-0.6179100678,0.205975027343),
  .PIECEWISE_BEZIER_KNOTS.);
#10053 = CARTESIAN_POINT('',(6.961410462193,6.22671661286));
#10054 = CARTESIAN_POINT('',(6.385592509371,6.815970662662));
#10055 = ( GEOMETRIC_REPRESENTATION_CONTEXT(2) 
PARAMETRIC_REPRESENTATION_CONTEXT() REPRESENTATION_CONTEXT('2D SPACE',''
  ) );
#10056 = ORIENTED_EDGE('',*,*,#10057,.T.);
#10057 = EDGE_CURVE('',#10037,#5922,#10058,.T.);
#10058 = SURFACE_CURVE('',#10059,(#10063,#10070),.PCURVE_S1.);
#10059 = LINE('',#10060,#10061);
#10060 = CARTESIAN_POINT('',(6.385592509371,6.815970662662,12.2704));
#10061 = VECTOR('',#10062,1.);
#10062 = DIRECTION('',(0.,0.,1.));
#10063 = PCURVE('',#5965,#10064);
#10064 = DEFINITIONAL_REPRESENTATION('',(#10065),#10069);
#10065 = LINE('',#10066,#10067);
#10066 = CARTESIAN_POINT('',(0.,0.));
#10067 = VECTOR('',#10068,1.);
#10068 = DIRECTION('',(0.,-1.));
#10069 = ( GEOMETRIC_REPRESENTATION_CONTEXT(2) 
PARAMETRIC_REPRESENTATION_CONTEXT() REPRESENTATION_CONTEXT('2D SPACE',''
  ) );
#10070 = PCURVE('',#5937,#10071);
#10071 = DEFINITIONAL_REPRESENTATION('',(#10072),#10076);
#10072 = LINE('',#10073,#10074);
#10073 = CARTESIAN_POINT('',(0.823966364605,0.));
#10074 = VECTOR('',#10075,1.);
#10075 = DIRECTION('',(0.,-1.));
#10076 = ( GEOMETRIC_REPRESENTATION_CONTEXT(2) 
PARAMETRIC_REPRESENTATION_CONTEXT() REPRESENTATION_CONTEXT('2D SPACE',''
  ) );
#10077 = ORIENTED_EDGE('',*,*,#5949,.T.);
#10078 = ORIENTED_EDGE('',*,*,#9963,.F.);
#10079 = ADVANCED_FACE('',(#10080),#4817,.F.);
#10080 = FACE_BOUND('',#10081,.F.);
#10081 = EDGE_LOOP('',(#10082,#10103,#10104,#10105));
#10082 = ORIENTED_EDGE('',*,*,#10083,.T.);
#10083 = EDGE_CURVE('',#10084,#9990,#10086,.T.);
#10084 = VERTEX_POINT('',#10085);
#10085 = CARTESIAN_POINT('',(-3.331064453207,-8.72557287624,12.3204));
#10086 = SURFACE_CURVE('',#10087,(#10091,#10097),.PCURVE_S1.);
#10087 = LINE('',#10088,#10089);
#10088 = CARTESIAN_POINT('',(-2.744830646918,-8.920241178317,12.3204));
#10089 = VECTOR('',#10090,1.);
#10090 = DIRECTION('',(0.949043513135,-0.315145062117,0.));
#10091 = PCURVE('',#4817,#10092);
#10092 = DEFINITIONAL_REPRESENTATION('',(#10093),#10096);
#10093 = B_SPLINE_CURVE_WITH_KNOTS('',1,(#10094,#10095),.UNSPECIFIED.,
  .F.,.F.,(2,2),(-0.617710145189,0.206206240132),
  .PIECEWISE_BEZIER_KNOTS.);
#10094 = CARTESIAN_POINT('',(0.823916385321,-5.E-02));
#10095 = CARTESIAN_POINT('',(0.,-5.E-02));
#10096 = ( GEOMETRIC_REPRESENTATION_CONTEXT(2) 
PARAMETRIC_REPRESENTATION_CONTEXT() REPRESENTATION_CONTEXT('2D SPACE',''
  ) );
#10097 = PCURVE('',#8663,#10098);
#10098 = DEFINITIONAL_REPRESENTATION('',(#10099),#10102);
#10099 = B_SPLINE_CURVE_WITH_KNOTS('',1,(#10100,#10101),.UNSPECIFIED.,
  .F.,.F.,(2,2),(-0.617710145189,0.206206240132),
  .PIECEWISE_BEZIER_KNOTS.);
#10100 = CARTESIAN_POINT('',(-3.331064453207,-8.72557287624));
#10101 = CARTESIAN_POINT('',(-2.549131952353,-8.985226056672));
#10102 = ( GEOMETRIC_REPRESENTATION_CONTEXT(2) 
PARAMETRIC_REPRESENTATION_CONTEXT() REPRESENTATION_CONTEXT('2D SPACE',''
  ) );
#10103 = ORIENTED_EDGE('',*,*,#10012,.T.);
#10104 = ORIENTED_EDGE('',*,*,#4801,.T.);
#10105 = ORIENTED_EDGE('',*,*,#10106,.F.);
#10106 = EDGE_CURVE('',#10084,#4802,#10107,.T.);
#10107 = SURFACE_CURVE('',#10108,(#10112,#10119),.PCURVE_S1.);
#10108 = LINE('',#10109,#10110);
#10109 = CARTESIAN_POINT('',(-3.331064453207,-8.72557287624,12.2704));
#10110 = VECTOR('',#10111,1.);
#10111 = DIRECTION('',(0.,0.,1.));
#10112 = PCURVE('',#4817,#10113);
#10113 = DEFINITIONAL_REPRESENTATION('',(#10114),#10118);
#10114 = LINE('',#10115,#10116);
#10115 = CARTESIAN_POINT('',(0.823916385321,0.));
#10116 = VECTOR('',#10117,1.);
#10117 = DIRECTION('',(0.,-1.));
#10118 = ( GEOMETRIC_REPRESENTATION_CONTEXT(2) 
PARAMETRIC_REPRESENTATION_CONTEXT() REPRESENTATION_CONTEXT('2D SPACE',''
  ) );
#10119 = PCURVE('',#4845,#10120);
#10120 = DEFINITIONAL_REPRESENTATION('',(#10121),#10125);
#10121 = LINE('',#10122,#10123);
#10122 = CARTESIAN_POINT('',(0.,0.));
#10123 = VECTOR('',#10124,1.);
#10124 = DIRECTION('',(0.,-1.));
#10125 = ( GEOMETRIC_REPRESENTATION_CONTEXT(2) 
PARAMETRIC_REPRESENTATION_CONTEXT() REPRESENTATION_CONTEXT('2D SPACE',''
  ) );
#10126 = ADVANCED_FACE('',(#10127),#5937,.F.);
#10127 = FACE_BOUND('',#10128,.F.);
#10128 = EDGE_LOOP('',(#10129,#10150,#10171,#10172));
#10129 = ORIENTED_EDGE('',*,*,#10130,.T.);
#10130 = EDGE_CURVE('',#10037,#10131,#10133,.T.);
#10131 = VERTEX_POINT('',#10132);
#10132 = CARTESIAN_POINT('',(5.759998534846,7.352210113875,12.3204));
#10133 = SURFACE_CURVE('',#10134,(#10138,#10144),.PCURVE_S1.);
#10134 = LINE('',#10135,#10136);
#10135 = CARTESIAN_POINT('',(5.916242433861,7.218282764708,12.3204));
#10136 = VECTOR('',#10137,1.);
#10137 = DIRECTION('',(-0.759246980701,0.650802598564,0.));
#10138 = PCURVE('',#5937,#10139);
#10139 = DEFINITIONAL_REPRESENTATION('',(#10140),#10143);
#10140 = B_SPLINE_CURVE_WITH_KNOTS('',1,(#10141,#10142),.UNSPECIFIED.,
  .F.,.F.,(2,2),(-0.618178389168,0.205787975437),
  .PIECEWISE_BEZIER_KNOTS.);
#10141 = CARTESIAN_POINT('',(0.823966364605,-5.E-02));
#10142 = CARTESIAN_POINT('',(0.,-5.E-02));
#10143 = ( GEOMETRIC_REPRESENTATION_CONTEXT(2) 
PARAMETRIC_REPRESENTATION_CONTEXT() REPRESENTATION_CONTEXT('2D SPACE',''
  ) );
#10144 = PCURVE('',#8663,#10145);
#10145 = DEFINITIONAL_REPRESENTATION('',(#10146),#10149);
#10146 = B_SPLINE_CURVE_WITH_KNOTS('',1,(#10147,#10148),.UNSPECIFIED.,
  .F.,.F.,(2,2),(-0.618178389168,0.205787975437),
  .PIECEWISE_BEZIER_KNOTS.);
#10147 = CARTESIAN_POINT('',(6.385592509371,6.815970662662));
#10148 = CARTESIAN_POINT('',(5.759998534846,7.352210113875));
#10149 = ( GEOMETRIC_REPRESENTATION_CONTEXT(2) 
PARAMETRIC_REPRESENTATION_CONTEXT() REPRESENTATION_CONTEXT('2D SPACE',''
  ) );
#10150 = ORIENTED_EDGE('',*,*,#10151,.T.);
#10151 = EDGE_CURVE('',#10131,#5894,#10152,.T.);
#10152 = SURFACE_CURVE('',#10153,(#10157,#10164),.PCURVE_S1.);
#10153 = LINE('',#10154,#10155);
#10154 = CARTESIAN_POINT('',(5.759998534846,7.352210113875,12.2704));
#10155 = VECTOR('',#10156,1.);
#10156 = DIRECTION('',(0.,0.,1.));
#10157 = PCURVE('',#5937,#10158);
#10158 = DEFINITIONAL_REPRESENTATION('',(#10159),#10163);
#10159 = LINE('',#10160,#10161);
#10160 = CARTESIAN_POINT('',(0.,0.));
#10161 = VECTOR('',#10162,1.);
#10162 = DIRECTION('',(0.,-1.));
#10163 = ( GEOMETRIC_REPRESENTATION_CONTEXT(2) 
PARAMETRIC_REPRESENTATION_CONTEXT() REPRESENTATION_CONTEXT('2D SPACE',''
  ) );
#10164 = PCURVE('',#5909,#10165);
#10165 = DEFINITIONAL_REPRESENTATION('',(#10166),#10170);
#10166 = LINE('',#10167,#10168);
#10167 = CARTESIAN_POINT('',(0.823864121078,0.));
#10168 = VECTOR('',#10169,1.);
#10169 = DIRECTION('',(0.,-1.));
#10170 = ( GEOMETRIC_REPRESENTATION_CONTEXT(2) 
PARAMETRIC_REPRESENTATION_CONTEXT() REPRESENTATION_CONTEXT('2D SPACE',''
  ) );
#10171 = ORIENTED_EDGE('',*,*,#5921,.T.);
#10172 = ORIENTED_EDGE('',*,*,#10057,.F.);
#10173 = ADVANCED_FACE('',(#10174),#4845,.F.);
#10174 = FACE_BOUND('',#10175,.F.);
#10175 = EDGE_LOOP('',(#10176,#10197,#10198,#10199));
#10176 = ORIENTED_EDGE('',*,*,#10177,.T.);
#10177 = EDGE_CURVE('',#10178,#10084,#10180,.T.);
#10178 = VERTEX_POINT('',#10179);
#10179 = CARTESIAN_POINT('',(-4.087106246204,-8.398075674358,12.3204));
#10180 = SURFACE_CURVE('',#10181,(#10185,#10191),.PCURVE_S1.);
#10181 = LINE('',#10182,#10183);
#10182 = CARTESIAN_POINT('',(-3.519935663432,-8.643758889979,12.3204));
#10183 = VECTOR('',#10184,1.);
#10184 = DIRECTION('',(0.917609154157,-0.397483886727,0.));
#10185 = PCURVE('',#4845,#10186);
#10186 = DEFINITIONAL_REPRESENTATION('',(#10187),#10190);
#10187 = B_SPLINE_CURVE_WITH_KNOTS('',1,(#10188,#10189),.UNSPECIFIED.,
  .F.,.F.,(2,2),(-0.618096038169,0.205829692707),
  .PIECEWISE_BEZIER_KNOTS.);
#10188 = CARTESIAN_POINT('',(0.823925730876,-5.E-02));
#10189 = CARTESIAN_POINT('',(0.,-5.E-02));
#10190 = ( GEOMETRIC_REPRESENTATION_CONTEXT(2) 
PARAMETRIC_REPRESENTATION_CONTEXT() REPRESENTATION_CONTEXT('2D SPACE',''
  ) );
#10191 = PCURVE('',#8663,#10192);
#10192 = DEFINITIONAL_REPRESENTATION('',(#10193),#10196);
#10193 = B_SPLINE_CURVE_WITH_KNOTS('',1,(#10194,#10195),.UNSPECIFIED.,
  .F.,.F.,(2,2),(-0.618096038169,0.205829692707),
  .PIECEWISE_BEZIER_KNOTS.);
#10194 = CARTESIAN_POINT('',(-4.087106246204,-8.398075674358));
#10195 = CARTESIAN_POINT('',(-3.331064453207,-8.72557287624));
#10196 = ( GEOMETRIC_REPRESENTATION_CONTEXT(2) 
PARAMETRIC_REPRESENTATION_CONTEXT() REPRESENTATION_CONTEXT('2D SPACE',''
  ) );
#10197 = ORIENTED_EDGE('',*,*,#10106,.T.);
#10198 = ORIENTED_EDGE('',*,*,#4829,.T.);
#10199 = ORIENTED_EDGE('',*,*,#10200,.F.);
#10200 = EDGE_CURVE('',#10178,#4830,#10201,.T.);
#10201 = SURFACE_CURVE('',#10202,(#10206,#10213),.PCURVE_S1.);
#10202 = LINE('',#10203,#10204);
#10203 = CARTESIAN_POINT('',(-4.087106246204,-8.398075674358,12.2704));
#10204 = VECTOR('',#10205,1.);
#10205 = DIRECTION('',(0.,0.,1.));
#10206 = PCURVE('',#4845,#10207);
#10207 = DEFINITIONAL_REPRESENTATION('',(#10208),#10212);
#10208 = LINE('',#10209,#10210);
#10209 = CARTESIAN_POINT('',(0.823925730876,0.));
#10210 = VECTOR('',#10211,1.);
#10211 = DIRECTION('',(0.,-1.));
#10212 = ( GEOMETRIC_REPRESENTATION_CONTEXT(2) 
PARAMETRIC_REPRESENTATION_CONTEXT() REPRESENTATION_CONTEXT('2D SPACE',''
  ) );
#10213 = PCURVE('',#4873,#10214);
#10214 = DEFINITIONAL_REPRESENTATION('',(#10215),#10219);
#10215 = LINE('',#10216,#10217);
#10216 = CARTESIAN_POINT('',(0.,0.));
#10217 = VECTOR('',#10218,1.);
#10218 = DIRECTION('',(0.,-1.));
#10219 = ( GEOMETRIC_REPRESENTATION_CONTEXT(2) 
PARAMETRIC_REPRESENTATION_CONTEXT() REPRESENTATION_CONTEXT('2D SPACE',''
  ) );
#10220 = ADVANCED_FACE('',(#10221),#5909,.F.);
#10221 = FACE_BOUND('',#10222,.F.);
#10222 = EDGE_LOOP('',(#10223,#10244,#10265,#10266));
#10223 = ORIENTED_EDGE('',*,*,#10224,.T.);
#10224 = EDGE_CURVE('',#10131,#10225,#10227,.T.);
#10225 = VERTEX_POINT('',#10226);
#10226 = CARTESIAN_POINT('',(5.089707703743,7.831232338557,12.3204));
#10227 = SURFACE_CURVE('',#10228,(#10232,#10238),.PCURVE_S1.);
#10228 = LINE('',#10229,#10230);
#10229 = CARTESIAN_POINT('',(5.257465023611,7.711344849663,12.3204));
#10230 = VECTOR('',#10231,1.);
#10231 = DIRECTION('',(-0.813593909425,0.581433530635,0.));
#10232 = PCURVE('',#5909,#10233);
#10233 = DEFINITIONAL_REPRESENTATION('',(#10234),#10237);
#10234 = B_SPLINE_CURVE_WITH_KNOTS('',1,(#10235,#10236),.UNSPECIFIED.,
  .F.,.F.,(2,2),(-0.617671181425,0.206192939653),
  .PIECEWISE_BEZIER_KNOTS.);
#10235 = CARTESIAN_POINT('',(0.823864121078,-5.E-02));
#10236 = CARTESIAN_POINT('',(0.,-5.E-02));
#10237 = ( GEOMETRIC_REPRESENTATION_CONTEXT(2) 
PARAMETRIC_REPRESENTATION_CONTEXT() REPRESENTATION_CONTEXT('2D SPACE',''
  ) );
#10238 = PCURVE('',#8663,#10239);
#10239 = DEFINITIONAL_REPRESENTATION('',(#10240),#10243);
#10240 = B_SPLINE_CURVE_WITH_KNOTS('',1,(#10241,#10242),.UNSPECIFIED.,
  .F.,.F.,(2,2),(-0.617671181425,0.206192939653),
  .PIECEWISE_BEZIER_KNOTS.);
#10241 = CARTESIAN_POINT('',(5.759998534846,7.352210113875));
#10242 = CARTESIAN_POINT('',(5.089707703743,7.831232338557));
#10243 = ( GEOMETRIC_REPRESENTATION_CONTEXT(2) 
PARAMETRIC_REPRESENTATION_CONTEXT() REPRESENTATION_CONTEXT('2D SPACE',''
  ) );
#10244 = ORIENTED_EDGE('',*,*,#10245,.T.);
#10245 = EDGE_CURVE('',#10225,#5866,#10246,.T.);
#10246 = SURFACE_CURVE('',#10247,(#10251,#10258),.PCURVE_S1.);
#10247 = LINE('',#10248,#10249);
#10248 = CARTESIAN_POINT('',(5.089707703743,7.831232338557,12.2704));
#10249 = VECTOR('',#10250,1.);
#10250 = DIRECTION('',(0.,0.,1.));
#10251 = PCURVE('',#5909,#10252);
#10252 = DEFINITIONAL_REPRESENTATION('',(#10253),#10257);
#10253 = LINE('',#10254,#10255);
#10254 = CARTESIAN_POINT('',(0.,0.));
#10255 = VECTOR('',#10256,1.);
#10256 = DIRECTION('',(0.,-1.));
#10257 = ( GEOMETRIC_REPRESENTATION_CONTEXT(2) 
PARAMETRIC_REPRESENTATION_CONTEXT() REPRESENTATION_CONTEXT('2D SPACE',''
  ) );
#10258 = PCURVE('',#5881,#10259);
#10259 = DEFINITIONAL_REPRESENTATION('',(#10260),#10264);
#10260 = LINE('',#10261,#10262);
#10261 = CARTESIAN_POINT('',(0.823929736082,0.));
#10262 = VECTOR('',#10263,1.);
#10263 = DIRECTION('',(0.,-1.));
#10264 = ( GEOMETRIC_REPRESENTATION_CONTEXT(2) 
PARAMETRIC_REPRESENTATION_CONTEXT() REPRESENTATION_CONTEXT('2D SPACE',''
  ) );
#10265 = ORIENTED_EDGE('',*,*,#5893,.T.);
#10266 = ORIENTED_EDGE('',*,*,#10151,.F.);
#10267 = ADVANCED_FACE('',(#10268),#4873,.F.);
#10268 = FACE_BOUND('',#10269,.F.);
#10269 = EDGE_LOOP('',(#10270,#10291,#10292,#10293));
#10270 = ORIENTED_EDGE('',*,*,#10271,.T.);
#10271 = EDGE_CURVE('',#10272,#10178,#10274,.T.);
#10272 = VERTEX_POINT('',#10273);
#10273 = CARTESIAN_POINT('',(-4.811314768761,-8.005241630701,12.3204));
#10274 = SURFACE_CURVE('',#10275,(#10279,#10285),.PCURVE_S1.);
#10275 = LINE('',#10276,#10277);
#10276 = CARTESIAN_POINT('',(-4.268016780452,-8.29994396989,12.3204));
#10277 = VECTOR('',#10278,1.);
#10278 = DIRECTION('',(0.87900999178,-0.476803349769,0.));
#10279 = PCURVE('',#4873,#10280);
#10280 = DEFINITIONAL_REPRESENTATION('',(#10281),#10284);
#10281 = B_SPLINE_CURVE_WITH_KNOTS('',1,(#10282,#10283),.UNSPECIFIED.,
  .F.,.F.,(2,2),(-0.618079422747,0.205811692631),
  .PIECEWISE_BEZIER_KNOTS.);
#10282 = CARTESIAN_POINT('',(0.823891115379,-5.E-02));
#10283 = CARTESIAN_POINT('',(0.,-5.E-02));
#10284 = ( GEOMETRIC_REPRESENTATION_CONTEXT(2) 
PARAMETRIC_REPRESENTATION_CONTEXT() REPRESENTATION_CONTEXT('2D SPACE',''
  ) );
#10285 = PCURVE('',#8663,#10286);
#10286 = DEFINITIONAL_REPRESENTATION('',(#10287),#10290);
#10287 = B_SPLINE_CURVE_WITH_KNOTS('',1,(#10288,#10289),.UNSPECIFIED.,
  .F.,.F.,(2,2),(-0.618079422747,0.205811692631),
  .PIECEWISE_BEZIER_KNOTS.);
#10288 = CARTESIAN_POINT('',(-4.811314768761,-8.005241630701));
#10289 = CARTESIAN_POINT('',(-4.087106246204,-8.398075674358));
#10290 = ( GEOMETRIC_REPRESENTATION_CONTEXT(2) 
PARAMETRIC_REPRESENTATION_CONTEXT() REPRESENTATION_CONTEXT('2D SPACE',''
  ) );
#10291 = ORIENTED_EDGE('',*,*,#10200,.T.);
#10292 = ORIENTED_EDGE('',*,*,#4857,.T.);
#10293 = ORIENTED_EDGE('',*,*,#10294,.F.);
#10294 = EDGE_CURVE('',#10272,#4858,#10295,.T.);
#10295 = SURFACE_CURVE('',#10296,(#10300,#10307),.PCURVE_S1.);
#10296 = LINE('',#10297,#10298);
#10297 = CARTESIAN_POINT('',(-4.811314768761,-8.005241630701,12.2704));
#10298 = VECTOR('',#10299,1.);
#10299 = DIRECTION('',(0.,0.,1.));
#10300 = PCURVE('',#4873,#10301);
#10301 = DEFINITIONAL_REPRESENTATION('',(#10302),#10306);
#10302 = LINE('',#10303,#10304);
#10303 = CARTESIAN_POINT('',(0.823891115379,0.));
#10304 = VECTOR('',#10305,1.);
#10305 = DIRECTION('',(0.,-1.));
#10306 = ( GEOMETRIC_REPRESENTATION_CONTEXT(2) 
PARAMETRIC_REPRESENTATION_CONTEXT() REPRESENTATION_CONTEXT('2D SPACE',''
  ) );
#10307 = PCURVE('',#4901,#10308);
#10308 = DEFINITIONAL_REPRESENTATION('',(#10309),#10313);
#10309 = LINE('',#10310,#10311);
#10310 = CARTESIAN_POINT('',(0.,0.));
#10311 = VECTOR('',#10312,1.);
#10312 = DIRECTION('',(0.,-1.));
#10313 = ( GEOMETRIC_REPRESENTATION_CONTEXT(2) 
PARAMETRIC_REPRESENTATION_CONTEXT() REPRESENTATION_CONTEXT('2D SPACE',''
  ) );
#10314 = ADVANCED_FACE('',(#10315),#5881,.F.);
#10315 = FACE_BOUND('',#10316,.F.);
#10316 = EDGE_LOOP('',(#10317,#10338,#10359,#10360));
#10317 = ORIENTED_EDGE('',*,*,#10318,.T.);
#10318 = EDGE_CURVE('',#10225,#10319,#10321,.T.);
#10319 = VERTEX_POINT('',#10320);
#10320 = CARTESIAN_POINT('',(4.379689373565,8.249244516384,12.3204));
#10321 = SURFACE_CURVE('',#10322,(#10326,#10332),.PCURVE_S1.);
#10322 = LINE('',#10323,#10324);
#10323 = CARTESIAN_POINT('',(4.55677289077,8.144989367554,12.3204));
#10324 = VECTOR('',#10325,1.);
#10325 = DIRECTION('',(-0.861746213402,0.507339594046,0.));
#10326 = PCURVE('',#5881,#10327);
#10327 = DEFINITIONAL_REPRESENTATION('',(#10328),#10331);
#10328 = B_SPLINE_CURVE_WITH_KNOTS('',1,(#10329,#10330),.UNSPECIFIED.,
  .F.,.F.,(2,2),(-0.61843592079,0.205493815292),
  .PIECEWISE_BEZIER_KNOTS.);
#10329 = CARTESIAN_POINT('',(0.823929736082,-5.E-02));
#10330 = CARTESIAN_POINT('',(0.,-5.E-02));
#10331 = ( GEOMETRIC_REPRESENTATION_CONTEXT(2) 
PARAMETRIC_REPRESENTATION_CONTEXT() REPRESENTATION_CONTEXT('2D SPACE',''
  ) );
#10332 = PCURVE('',#8663,#10333);
#10333 = DEFINITIONAL_REPRESENTATION('',(#10334),#10337);
#10334 = B_SPLINE_CURVE_WITH_KNOTS('',1,(#10335,#10336),.UNSPECIFIED.,
  .F.,.F.,(2,2),(-0.61843592079,0.205493815292),
  .PIECEWISE_BEZIER_KNOTS.);
#10335 = CARTESIAN_POINT('',(5.089707703743,7.831232338557));
#10336 = CARTESIAN_POINT('',(4.379689373565,8.249244516384));
#10337 = ( GEOMETRIC_REPRESENTATION_CONTEXT(2) 
PARAMETRIC_REPRESENTATION_CONTEXT() REPRESENTATION_CONTEXT('2D SPACE',''
  ) );
#10338 = ORIENTED_EDGE('',*,*,#10339,.T.);
#10339 = EDGE_CURVE('',#10319,#5838,#10340,.T.);
#10340 = SURFACE_CURVE('',#10341,(#10345,#10352),.PCURVE_S1.);
#10341 = LINE('',#10342,#10343);
#10342 = CARTESIAN_POINT('',(4.379689373565,8.249244516384,12.2704));
#10343 = VECTOR('',#10344,1.);
#10344 = DIRECTION('',(0.,0.,1.));
#10345 = PCURVE('',#5881,#10346);
#10346 = DEFINITIONAL_REPRESENTATION('',(#10347),#10351);
#10347 = LINE('',#10348,#10349);
#10348 = CARTESIAN_POINT('',(0.,0.));
#10349 = VECTOR('',#10350,1.);
#10350 = DIRECTION('',(0.,-1.));
#10351 = ( GEOMETRIC_REPRESENTATION_CONTEXT(2) 
PARAMETRIC_REPRESENTATION_CONTEXT() REPRESENTATION_CONTEXT('2D SPACE',''
  ) );
#10352 = PCURVE('',#5853,#10353);
#10353 = DEFINITIONAL_REPRESENTATION('',(#10354),#10358);
#10354 = LINE('',#10355,#10356);
#10355 = CARTESIAN_POINT('',(0.823907725416,0.));
#10356 = VECTOR('',#10357,1.);
#10357 = DIRECTION('',(0.,-1.));
#10358 = ( GEOMETRIC_REPRESENTATION_CONTEXT(2) 
PARAMETRIC_REPRESENTATION_CONTEXT() REPRESENTATION_CONTEXT('2D SPACE',''
  ) );
#10359 = ORIENTED_EDGE('',*,*,#5865,.T.);
#10360 = ORIENTED_EDGE('',*,*,#10245,.F.);
#10361 = ADVANCED_FACE('',(#10362),#4901,.F.);
#10362 = FACE_BOUND('',#10363,.F.);
#10363 = EDGE_LOOP('',(#10364,#10385,#10386,#10387));
#10364 = ORIENTED_EDGE('',*,*,#10365,.T.);
#10365 = EDGE_CURVE('',#10366,#10272,#10368,.T.);
#10366 = VERTEX_POINT('',#10367);
#10367 = CARTESIAN_POINT('',(-5.498134060833,-7.550047540188,12.3204));
#10368 = SURFACE_CURVE('',#10369,(#10373,#10379),.PCURVE_S1.);
#10369 = LINE('',#10370,#10371);
#10370 = CARTESIAN_POINT('',(-4.983006278708,-7.891451931399,12.3204));
#10371 = VECTOR('',#10372,1.);
#10372 = DIRECTION('',(0.833551460269,-0.552441818732,0.));
#10373 = PCURVE('',#4901,#10374);
#10374 = DEFINITIONAL_REPRESENTATION('',(#10375),#10378);
#10375 = B_SPLINE_CURVE_WITH_KNOTS('',1,(#10376,#10377),.UNSPECIFIED.,
  .F.,.F.,(2,2),(-0.617991577819,0.205975897267),
  .PIECEWISE_BEZIER_KNOTS.);
#10376 = CARTESIAN_POINT('',(0.823967475086,-5.E-02));
#10377 = CARTESIAN_POINT('',(0.,-5.E-02));
#10378 = ( GEOMETRIC_REPRESENTATION_CONTEXT(2) 
PARAMETRIC_REPRESENTATION_CONTEXT() REPRESENTATION_CONTEXT('2D SPACE',''
  ) );
#10379 = PCURVE('',#8663,#10380);
#10380 = DEFINITIONAL_REPRESENTATION('',(#10381),#10384);
#10381 = B_SPLINE_CURVE_WITH_KNOTS('',1,(#10382,#10383),.UNSPECIFIED.,
  .F.,.F.,(2,2),(-0.617991577819,0.205975897267),
  .PIECEWISE_BEZIER_KNOTS.);
#10382 = CARTESIAN_POINT('',(-5.498134060833,-7.550047540188));
#10383 = CARTESIAN_POINT('',(-4.811314768761,-8.005241630701));
#10384 = ( GEOMETRIC_REPRESENTATION_CONTEXT(2) 
PARAMETRIC_REPRESENTATION_CONTEXT() REPRESENTATION_CONTEXT('2D SPACE',''
  ) );
#10385 = ORIENTED_EDGE('',*,*,#10294,.T.);
#10386 = ORIENTED_EDGE('',*,*,#4885,.T.);
#10387 = ORIENTED_EDGE('',*,*,#10388,.F.);
#10388 = EDGE_CURVE('',#10366,#4886,#10389,.T.);
#10389 = SURFACE_CURVE('',#10390,(#10394,#10401),.PCURVE_S1.);
#10390 = LINE('',#10391,#10392);
#10391 = CARTESIAN_POINT('',(-5.498134060833,-7.550047540188,12.2704));
#10392 = VECTOR('',#10393,1.);
#10393 = DIRECTION('',(0.,0.,1.));
#10394 = PCURVE('',#4901,#10395);
#10395 = DEFINITIONAL_REPRESENTATION('',(#10396),#10400);
#10396 = LINE('',#10397,#10398);
#10397 = CARTESIAN_POINT('',(0.823967475086,0.));
#10398 = VECTOR('',#10399,1.);
#10399 = DIRECTION('',(0.,-1.));
#10400 = ( GEOMETRIC_REPRESENTATION_CONTEXT(2) 
PARAMETRIC_REPRESENTATION_CONTEXT() REPRESENTATION_CONTEXT('2D SPACE',''
  ) );
#10401 = PCURVE('',#4929,#10402);
#10402 = DEFINITIONAL_REPRESENTATION('',(#10403),#10407);
#10403 = LINE('',#10404,#10405);
#10404 = CARTESIAN_POINT('',(0.,0.));
#10405 = VECTOR('',#10406,1.);
#10406 = DIRECTION('',(0.,-1.));
#10407 = ( GEOMETRIC_REPRESENTATION_CONTEXT(2) 
PARAMETRIC_REPRESENTATION_CONTEXT() REPRESENTATION_CONTEXT('2D SPACE',''
  ) );
#10408 = ADVANCED_FACE('',(#10409),#5853,.F.);
#10409 = FACE_BOUND('',#10410,.F.);
#10410 = EDGE_LOOP('',(#10411,#10432,#10453,#10454));
#10411 = ORIENTED_EDGE('',*,*,#10412,.T.);
#10412 = EDGE_CURVE('',#10319,#10413,#10415,.T.);
#10413 = VERTEX_POINT('',#10414);
#10414 = CARTESIAN_POINT('',(3.635672709437,8.603169852436,12.3204));
#10415 = SURFACE_CURVE('',#10416,(#10420,#10426),.PCURVE_S1.);
#10416 = LINE('',#10417,#10418);
#10417 = CARTESIAN_POINT('',(3.821932652318,8.514566846541,12.3204));
#10418 = VECTOR('',#10419,1.);
#10419 = DIRECTION('',(-0.903033969918,0.429569143648,0.));
#10420 = PCURVE('',#5853,#10421);
#10421 = DEFINITIONAL_REPRESENTATION('',(#10422),#10425);
#10422 = B_SPLINE_CURVE_WITH_KNOTS('',1,(#10423,#10424),.UNSPECIFIED.,
  .F.,.F.,(2,2),(-0.617647552392,0.206260173024),
  .PIECEWISE_BEZIER_KNOTS.);
#10423 = CARTESIAN_POINT('',(0.823907725416,-5.E-02));
#10424 = CARTESIAN_POINT('',(0.,-5.E-02));
#10425 = ( GEOMETRIC_REPRESENTATION_CONTEXT(2) 
PARAMETRIC_REPRESENTATION_CONTEXT() REPRESENTATION_CONTEXT('2D SPACE',''
  ) );
#10426 = PCURVE('',#8663,#10427);
#10427 = DEFINITIONAL_REPRESENTATION('',(#10428),#10431);
#10428 = B_SPLINE_CURVE_WITH_KNOTS('',1,(#10429,#10430),.UNSPECIFIED.,
  .F.,.F.,(2,2),(-0.617647552392,0.206260173024),
  .PIECEWISE_BEZIER_KNOTS.);
#10429 = CARTESIAN_POINT('',(4.379689373565,8.249244516384));
#10430 = CARTESIAN_POINT('',(3.635672709437,8.603169852436));
#10431 = ( GEOMETRIC_REPRESENTATION_CONTEXT(2) 
PARAMETRIC_REPRESENTATION_CONTEXT() REPRESENTATION_CONTEXT('2D SPACE',''
  ) );
#10432 = ORIENTED_EDGE('',*,*,#10433,.T.);
#10433 = EDGE_CURVE('',#10413,#5810,#10434,.T.);
#10434 = SURFACE_CURVE('',#10435,(#10439,#10446),.PCURVE_S1.);
#10435 = LINE('',#10436,#10437);
#10436 = CARTESIAN_POINT('',(3.635672709437,8.603169852436,12.2704));
#10437 = VECTOR('',#10438,1.);
#10438 = DIRECTION('',(0.,0.,1.));
#10439 = PCURVE('',#5853,#10440);
#10440 = DEFINITIONAL_REPRESENTATION('',(#10441),#10445);
#10441 = LINE('',#10442,#10443);
#10442 = CARTESIAN_POINT('',(0.,0.));
#10443 = VECTOR('',#10444,1.);
#10444 = DIRECTION('',(0.,-1.));
#10445 = ( GEOMETRIC_REPRESENTATION_CONTEXT(2) 
PARAMETRIC_REPRESENTATION_CONTEXT() REPRESENTATION_CONTEXT('2D SPACE',''
  ) );
#10446 = PCURVE('',#5825,#10447);
#10447 = DEFINITIONAL_REPRESENTATION('',(#10448),#10452);
#10448 = LINE('',#10449,#10450);
#10449 = CARTESIAN_POINT('',(0.823888693939,0.));
#10450 = VECTOR('',#10451,1.);
#10451 = DIRECTION('',(0.,-1.));
#10452 = ( GEOMETRIC_REPRESENTATION_CONTEXT(2) 
PARAMETRIC_REPRESENTATION_CONTEXT() REPRESENTATION_CONTEXT('2D SPACE',''
  ) );
#10453 = ORIENTED_EDGE('',*,*,#5837,.T.);
#10454 = ORIENTED_EDGE('',*,*,#10339,.F.);
#10455 = ADVANCED_FACE('',(#10456),#4929,.F.);
#10456 = FACE_BOUND('',#10457,.F.);
#10457 = EDGE_LOOP('',(#10458,#10479,#10480,#10481));
#10458 = ORIENTED_EDGE('',*,*,#10459,.T.);
#10459 = EDGE_CURVE('',#10460,#10366,#10462,.T.);
#10460 = VERTEX_POINT('',#10461);
#10461 = CARTESIAN_POINT('',(-6.142048354756,-7.036139812982,12.3204));
#10462 = SURFACE_CURVE('',#10463,(#10467,#10473),.PCURVE_S1.);
#10463 = LINE('',#10464,#10465);
#10464 = CARTESIAN_POINT('',(-5.659272622253,-7.42144292208,12.3204));
#10465 = VECTOR('',#10466,1.);
#10466 = DIRECTION('',(0.781592847648,-0.623788923038,0.));
#10467 = PCURVE('',#4929,#10468);
#10468 = DEFINITIONAL_REPRESENTATION('',(#10469),#10472);
#10469 = B_SPLINE_CURVE_WITH_KNOTS('',1,(#10470,#10471),.UNSPECIFIED.,
  .F.,.F.,(2,2),(-0.61768187101,0.206166883313),
  .PIECEWISE_BEZIER_KNOTS.);
#10470 = CARTESIAN_POINT('',(0.823848754323,-5.E-02));
#10471 = CARTESIAN_POINT('',(0.,-5.E-02));
#10472 = ( GEOMETRIC_REPRESENTATION_CONTEXT(2) 
PARAMETRIC_REPRESENTATION_CONTEXT() REPRESENTATION_CONTEXT('2D SPACE',''
  ) );
#10473 = PCURVE('',#8663,#10474);
#10474 = DEFINITIONAL_REPRESENTATION('',(#10475),#10478);
#10475 = B_SPLINE_CURVE_WITH_KNOTS('',1,(#10476,#10477),.UNSPECIFIED.,
  .F.,.F.,(2,2),(-0.61768187101,0.206166883313),
  .PIECEWISE_BEZIER_KNOTS.);
#10476 = CARTESIAN_POINT('',(-6.142048354756,-7.036139812982));
#10477 = CARTESIAN_POINT('',(-5.498134060833,-7.550047540188));
#10478 = ( GEOMETRIC_REPRESENTATION_CONTEXT(2) 
PARAMETRIC_REPRESENTATION_CONTEXT() REPRESENTATION_CONTEXT('2D SPACE',''
  ) );
#10479 = ORIENTED_EDGE('',*,*,#10388,.T.);
#10480 = ORIENTED_EDGE('',*,*,#4913,.T.);
#10481 = ORIENTED_EDGE('',*,*,#10482,.F.);
#10482 = EDGE_CURVE('',#10460,#4914,#10483,.T.);
#10483 = SURFACE_CURVE('',#10484,(#10488,#10495),.PCURVE_S1.);
#10484 = LINE('',#10485,#10486);
#10485 = CARTESIAN_POINT('',(-6.142048354756,-7.036139812982,12.2704));
#10486 = VECTOR('',#10487,1.);
#10487 = DIRECTION('',(0.,0.,1.));
#10488 = PCURVE('',#4929,#10489);
#10489 = DEFINITIONAL_REPRESENTATION('',(#10490),#10494);
#10490 = LINE('',#10491,#10492);
#10491 = CARTESIAN_POINT('',(0.823848754323,0.));
#10492 = VECTOR('',#10493,1.);
#10493 = DIRECTION('',(0.,-1.));
#10494 = ( GEOMETRIC_REPRESENTATION_CONTEXT(2) 
PARAMETRIC_REPRESENTATION_CONTEXT() REPRESENTATION_CONTEXT('2D SPACE',''
  ) );
#10495 = PCURVE('',#4957,#10496);
#10496 = DEFINITIONAL_REPRESENTATION('',(#10497),#10501);
#10497 = LINE('',#10498,#10499);
#10498 = CARTESIAN_POINT('',(0.,0.));
#10499 = VECTOR('',#10500,1.);
#10500 = DIRECTION('',(0.,-1.));
#10501 = ( GEOMETRIC_REPRESENTATION_CONTEXT(2) 
PARAMETRIC_REPRESENTATION_CONTEXT() REPRESENTATION_CONTEXT('2D SPACE',''
  ) );
#10502 = ADVANCED_FACE('',(#10503),#5825,.F.);
#10503 = FACE_BOUND('',#10504,.F.);
#10504 = EDGE_LOOP('',(#10505,#10526,#10547,#10548));
#10505 = ORIENTED_EDGE('',*,*,#10506,.T.);
#10506 = EDGE_CURVE('',#10413,#10507,#10509,.T.);
#10507 = VERTEX_POINT('',#10508);
#10508 = CARTESIAN_POINT('',(2.863350273942,8.890068154335,12.3204));
#10509 = SURFACE_CURVE('',#10510,(#10514,#10520),.PCURVE_S1.);
#10510 = LINE('',#10511,#10512);
#10511 = CARTESIAN_POINT('',(3.056271313659,8.818402854776,12.3204));
#10512 = VECTOR('',#10513,1.);
#10513 = DIRECTION('',(-0.937411134752,0.348224589085,0.));
#10514 = PCURVE('',#5825,#10515);
#10515 = DEFINITIONAL_REPRESENTATION('',(#10516),#10519);
#10516 = B_SPLINE_CURVE_WITH_KNOTS('',1,(#10517,#10518),.UNSPECIFIED.,
  .F.,.F.,(2,2),(-0.618086743691,0.205801950248),
  .PIECEWISE_BEZIER_KNOTS.);
#10517 = CARTESIAN_POINT('',(0.823888693939,-5.E-02));
#10518 = CARTESIAN_POINT('',(0.,-5.E-02));
#10519 = ( GEOMETRIC_REPRESENTATION_CONTEXT(2) 
PARAMETRIC_REPRESENTATION_CONTEXT() REPRESENTATION_CONTEXT('2D SPACE',''
  ) );
#10520 = PCURVE('',#8663,#10521);
#10521 = DEFINITIONAL_REPRESENTATION('',(#10522),#10525);
#10522 = B_SPLINE_CURVE_WITH_KNOTS('',1,(#10523,#10524),.UNSPECIFIED.,
  .F.,.F.,(2,2),(-0.618086743691,0.205801950248),
  .PIECEWISE_BEZIER_KNOTS.);
#10523 = CARTESIAN_POINT('',(3.635672709437,8.603169852436));
#10524 = CARTESIAN_POINT('',(2.863350273942,8.890068154335));
#10525 = ( GEOMETRIC_REPRESENTATION_CONTEXT(2) 
PARAMETRIC_REPRESENTATION_CONTEXT() REPRESENTATION_CONTEXT('2D SPACE',''
  ) );
#10526 = ORIENTED_EDGE('',*,*,#10527,.T.);
#10527 = EDGE_CURVE('',#10507,#5782,#10528,.T.);
#10528 = SURFACE_CURVE('',#10529,(#10533,#10540),.PCURVE_S1.);
#10529 = LINE('',#10530,#10531);
#10530 = CARTESIAN_POINT('',(2.863350273942,8.890068154335,12.2704));
#10531 = VECTOR('',#10532,1.);
#10532 = DIRECTION('',(0.,0.,1.));
#10533 = PCURVE('',#5825,#10534);
#10534 = DEFINITIONAL_REPRESENTATION('',(#10535),#10539);
#10535 = LINE('',#10536,#10537);
#10536 = CARTESIAN_POINT('',(0.,0.));
#10537 = VECTOR('',#10538,1.);
#10538 = DIRECTION('',(0.,-1.));
#10539 = ( GEOMETRIC_REPRESENTATION_CONTEXT(2) 
PARAMETRIC_REPRESENTATION_CONTEXT() REPRESENTATION_CONTEXT('2D SPACE',''
  ) );
#10540 = PCURVE('',#5797,#10541);
#10541 = DEFINITIONAL_REPRESENTATION('',(#10542),#10546);
#10542 = LINE('',#10543,#10544);
#10543 = CARTESIAN_POINT('',(0.823871767935,0.));
#10544 = VECTOR('',#10545,1.);
#10545 = DIRECTION('',(0.,-1.));
#10546 = ( GEOMETRIC_REPRESENTATION_CONTEXT(2) 
PARAMETRIC_REPRESENTATION_CONTEXT() REPRESENTATION_CONTEXT('2D SPACE',''
  ) );
#10547 = ORIENTED_EDGE('',*,*,#5809,.T.);
#10548 = ORIENTED_EDGE('',*,*,#10433,.F.);
#10549 = ADVANCED_FACE('',(#10550),#4957,.F.);
#10550 = FACE_BOUND('',#10551,.F.);
#10551 = EDGE_LOOP('',(#10552,#10573,#10574,#10575));
#10552 = ORIENTED_EDGE('',*,*,#10553,.T.);
#10553 = EDGE_CURVE('',#10554,#10460,#10556,.T.);
#10554 = VERTEX_POINT('',#10555);
#10555 = CARTESIAN_POINT('',(-6.738274895566,-6.467434474487,12.3204));
#10556 = SURFACE_CURVE('',#10557,(#10561,#10567),.PCURVE_S1.);
#10557 = LINE('',#10558,#10559);
#10558 = CARTESIAN_POINT('',(-6.291097132183,-6.893970973427,12.3204));
#10559 = VECTOR('',#10560,1.);
#10560 = DIRECTION('',(0.723610083374,-0.690208988089,0.));
#10561 = PCURVE('',#4957,#10562);
#10562 = DEFINITIONAL_REPRESENTATION('',(#10563),#10566);
#10563 = B_SPLINE_CURVE_WITH_KNOTS('',1,(#10564,#10565),.UNSPECIFIED.,
  .F.,.F.,(2,2),(-0.617981663962,0.205979409148),
  .PIECEWISE_BEZIER_KNOTS.);
#10564 = CARTESIAN_POINT('',(0.82396107311,-5.E-02));
#10565 = CARTESIAN_POINT('',(0.,-5.E-02));
#10566 = ( GEOMETRIC_REPRESENTATION_CONTEXT(2) 
PARAMETRIC_REPRESENTATION_CONTEXT() REPRESENTATION_CONTEXT('2D SPACE',''
  ) );
#10567 = PCURVE('',#8663,#10568);
#10568 = DEFINITIONAL_REPRESENTATION('',(#10569),#10572);
#10569 = B_SPLINE_CURVE_WITH_KNOTS('',1,(#10570,#10571),.UNSPECIFIED.,
  .F.,.F.,(2,2),(-0.617981663962,0.205979409148),
  .PIECEWISE_BEZIER_KNOTS.);
#10570 = CARTESIAN_POINT('',(-6.738274895566,-6.467434474487));
#10571 = CARTESIAN_POINT('',(-6.142048354756,-7.036139812982));
#10572 = ( GEOMETRIC_REPRESENTATION_CONTEXT(2) 
PARAMETRIC_REPRESENTATION_CONTEXT() REPRESENTATION_CONTEXT('2D SPACE',''
  ) );
#10573 = ORIENTED_EDGE('',*,*,#10482,.T.);
#10574 = ORIENTED_EDGE('',*,*,#4941,.T.);
#10575 = ORIENTED_EDGE('',*,*,#10576,.F.);
#10576 = EDGE_CURVE('',#10554,#4942,#10577,.T.);
#10577 = SURFACE_CURVE('',#10578,(#10582,#10589),.PCURVE_S1.);
#10578 = LINE('',#10579,#10580);
#10579 = CARTESIAN_POINT('',(-6.738274895566,-6.467434474487,12.2704));
#10580 = VECTOR('',#10581,1.);
#10581 = DIRECTION('',(0.,0.,1.));
#10582 = PCURVE('',#4957,#10583);
#10583 = DEFINITIONAL_REPRESENTATION('',(#10584),#10588);
#10584 = LINE('',#10585,#10586);
#10585 = CARTESIAN_POINT('',(0.82396107311,0.));
#10586 = VECTOR('',#10587,1.);
#10587 = DIRECTION('',(0.,-1.));
#10588 = ( GEOMETRIC_REPRESENTATION_CONTEXT(2) 
PARAMETRIC_REPRESENTATION_CONTEXT() REPRESENTATION_CONTEXT('2D SPACE',''
  ) );
#10589 = PCURVE('',#4985,#10590);
#10590 = DEFINITIONAL_REPRESENTATION('',(#10591),#10595);
#10591 = LINE('',#10592,#10593);
#10592 = CARTESIAN_POINT('',(0.,0.));
#10593 = VECTOR('',#10594,1.);
#10594 = DIRECTION('',(0.,-1.));
#10595 = ( GEOMETRIC_REPRESENTATION_CONTEXT(2) 
PARAMETRIC_REPRESENTATION_CONTEXT() REPRESENTATION_CONTEXT('2D SPACE',''
  ) );
#10596 = ADVANCED_FACE('',(#10597),#5797,.F.);
#10597 = FACE_BOUND('',#10598,.F.);
#10598 = EDGE_LOOP('',(#10599,#10620,#10641,#10642));
#10599 = ORIENTED_EDGE('',*,*,#10600,.T.);
#10600 = EDGE_CURVE('',#10507,#10601,#10603,.T.);
#10601 = VERTEX_POINT('',#10602);
#10602 = CARTESIAN_POINT('',(2.068778027126,9.107828652565,12.3204));
#10603 = SURFACE_CURVE('',#10604,(#10608,#10614),.PCURVE_S1.);
#10604 = LINE('',#10605,#10606);
#10605 = CARTESIAN_POINT('',(2.267508507445,9.053364570059,12.3204));
#10606 = VECTOR('',#10607,1.);
#10607 = DIRECTION('',(-0.964436794342,0.264313582168,0.));
#10608 = PCURVE('',#5797,#10609);
#10609 = DEFINITIONAL_REPRESENTATION('',(#10610),#10613);
#10610 = B_SPLINE_CURVE_WITH_KNOTS('',1,(#10611,#10612),.UNSPECIFIED.,
  .F.,.F.,(2,2),(-0.617813183811,0.206058584124),
  .PIECEWISE_BEZIER_KNOTS.);
#10611 = CARTESIAN_POINT('',(0.823871767935,-5.E-02));
#10612 = CARTESIAN_POINT('',(0.,-5.E-02));
#10613 = ( GEOMETRIC_REPRESENTATION_CONTEXT(2) 
PARAMETRIC_REPRESENTATION_CONTEXT() REPRESENTATION_CONTEXT('2D SPACE',''
  ) );
#10614 = PCURVE('',#8663,#10615);
#10615 = DEFINITIONAL_REPRESENTATION('',(#10616),#10619);
#10616 = B_SPLINE_CURVE_WITH_KNOTS('',1,(#10617,#10618),.UNSPECIFIED.,
  .F.,.F.,(2,2),(-0.617813183811,0.206058584124),
  .PIECEWISE_BEZIER_KNOTS.);
#10617 = CARTESIAN_POINT('',(2.863350273942,8.890068154335));
#10618 = CARTESIAN_POINT('',(2.068778027126,9.107828652565));
#10619 = ( GEOMETRIC_REPRESENTATION_CONTEXT(2) 
PARAMETRIC_REPRESENTATION_CONTEXT() REPRESENTATION_CONTEXT('2D SPACE',''
  ) );
#10620 = ORIENTED_EDGE('',*,*,#10621,.T.);
#10621 = EDGE_CURVE('',#10601,#5754,#10622,.T.);
#10622 = SURFACE_CURVE('',#10623,(#10627,#10634),.PCURVE_S1.);
#10623 = LINE('',#10624,#10625);
#10624 = CARTESIAN_POINT('',(2.068778027126,9.107828652565,12.2704));
#10625 = VECTOR('',#10626,1.);
#10626 = DIRECTION('',(0.,0.,1.));
#10627 = PCURVE('',#5797,#10628);
#10628 = DEFINITIONAL_REPRESENTATION('',(#10629),#10633);
#10629 = LINE('',#10630,#10631);
#10630 = CARTESIAN_POINT('',(0.,0.));
#10631 = VECTOR('',#10632,1.);
#10632 = DIRECTION('',(0.,-1.));
#10633 = ( GEOMETRIC_REPRESENTATION_CONTEXT(2) 
PARAMETRIC_REPRESENTATION_CONTEXT() REPRESENTATION_CONTEXT('2D SPACE',''
  ) );
#10634 = PCURVE('',#5769,#10635);
#10635 = DEFINITIONAL_REPRESENTATION('',(#10636),#10640);
#10636 = LINE('',#10637,#10638);
#10637 = CARTESIAN_POINT('',(0.823984587234,0.));
#10638 = VECTOR('',#10639,1.);
#10639 = DIRECTION('',(0.,-1.));
#10640 = ( GEOMETRIC_REPRESENTATION_CONTEXT(2) 
PARAMETRIC_REPRESENTATION_CONTEXT() REPRESENTATION_CONTEXT('2D SPACE',''
  ) );
#10641 = ORIENTED_EDGE('',*,*,#5781,.T.);
#10642 = ORIENTED_EDGE('',*,*,#10527,.F.);
#10643 = ADVANCED_FACE('',(#10644),#4985,.F.);
#10644 = FACE_BOUND('',#10645,.F.);
#10645 = EDGE_LOOP('',(#10646,#10667,#10668,#10669));
#10646 = ORIENTED_EDGE('',*,*,#10647,.T.);
#10647 = EDGE_CURVE('',#10648,#10554,#10650,.T.);
#10648 = VERTEX_POINT('',#10649);
#10649 = CARTESIAN_POINT('',(-7.28202112068,-5.848430562807,12.3204));
#10650 = SURFACE_CURVE('',#10651,(#10655,#10661),.PCURVE_S1.);
#10651 = LINE('',#10652,#10653);
#10652 = CARTESIAN_POINT('',(-6.874228593458,-6.312663982453,12.3204));
#10653 = VECTOR('',#10654,1.);
#10654 = DIRECTION('',(0.659959196158,-0.751301443767,0.));
#10655 = PCURVE('',#4985,#10656);
#10656 = DEFINITIONAL_REPRESENTATION('',(#10657),#10660);
#10657 = B_SPLINE_CURVE_WITH_KNOTS('',1,(#10658,#10659),.UNSPECIFIED.,
  .F.,.F.,(2,2),(-0.61790566689,0.206003187292),
  .PIECEWISE_BEZIER_KNOTS.);
#10658 = CARTESIAN_POINT('',(0.823908854182,-5.E-02));
#10659 = CARTESIAN_POINT('',(0.,-5.E-02));
#10660 = ( GEOMETRIC_REPRESENTATION_CONTEXT(2) 
PARAMETRIC_REPRESENTATION_CONTEXT() REPRESENTATION_CONTEXT('2D SPACE',''
  ) );
#10661 = PCURVE('',#8663,#10662);
#10662 = DEFINITIONAL_REPRESENTATION('',(#10663),#10666);
#10663 = B_SPLINE_CURVE_WITH_KNOTS('',1,(#10664,#10665),.UNSPECIFIED.,
  .F.,.F.,(2,2),(-0.61790566689,0.206003187292),
  .PIECEWISE_BEZIER_KNOTS.);
#10664 = CARTESIAN_POINT('',(-7.28202112068,-5.848430562807));
#10665 = CARTESIAN_POINT('',(-6.738274895566,-6.467434474487));
#10666 = ( GEOMETRIC_REPRESENTATION_CONTEXT(2) 
PARAMETRIC_REPRESENTATION_CONTEXT() REPRESENTATION_CONTEXT('2D SPACE',''
  ) );
#10667 = ORIENTED_EDGE('',*,*,#10576,.T.);
#10668 = ORIENTED_EDGE('',*,*,#4969,.T.);
#10669 = ORIENTED_EDGE('',*,*,#10670,.F.);
#10670 = EDGE_CURVE('',#10648,#4970,#10671,.T.);
#10671 = SURFACE_CURVE('',#10672,(#10676,#10683),.PCURVE_S1.);
#10672 = LINE('',#10673,#10674);
#10673 = CARTESIAN_POINT('',(-7.28202112068,-5.848430562807,12.2704));
#10674 = VECTOR('',#10675,1.);
#10675 = DIRECTION('',(0.,0.,1.));
#10676 = PCURVE('',#4985,#10677);
#10677 = DEFINITIONAL_REPRESENTATION('',(#10678),#10682);
#10678 = LINE('',#10679,#10680);
#10679 = CARTESIAN_POINT('',(0.823908854182,0.));
#10680 = VECTOR('',#10681,1.);
#10681 = DIRECTION('',(0.,-1.));
#10682 = ( GEOMETRIC_REPRESENTATION_CONTEXT(2) 
PARAMETRIC_REPRESENTATION_CONTEXT() REPRESENTATION_CONTEXT('2D SPACE',''
  ) );
#10683 = PCURVE('',#5013,#10684);
#10684 = DEFINITIONAL_REPRESENTATION('',(#10685),#10689);
#10685 = LINE('',#10686,#10687);
#10686 = CARTESIAN_POINT('',(0.,0.));
#10687 = VECTOR('',#10688,1.);
#10688 = DIRECTION('',(0.,-1.));
#10689 = ( GEOMETRIC_REPRESENTATION_CONTEXT(2) 
PARAMETRIC_REPRESENTATION_CONTEXT() REPRESENTATION_CONTEXT('2D SPACE',''
  ) );
#10690 = ADVANCED_FACE('',(#10691),#5769,.F.);
#10691 = FACE_BOUND('',#10692,.F.);
#10692 = EDGE_LOOP('',(#10693,#10714,#10735,#10736));
#10693 = ORIENTED_EDGE('',*,*,#10694,.T.);
#10694 = EDGE_CURVE('',#10601,#10695,#10697,.T.);
#10695 = VERTEX_POINT('',#10696);
#10696 = CARTESIAN_POINT('',(1.257988723951,9.254700385232,12.3204));
#10697 = SURFACE_CURVE('',#10698,(#10702,#10708),.PCURVE_S1.);
#10698 = LINE('',#10699,#10700);
#10699 = CARTESIAN_POINT('',(1.460575456725,9.218002485616,12.3204));
#10700 = VECTOR('',#10701,1.);
#10701 = DIRECTION('',(-0.983986006215,0.178245728066,0.));
#10702 = PCURVE('',#5769,#10703);
#10703 = DEFINITIONAL_REPRESENTATION('',(#10704),#10707);
#10704 = B_SPLINE_CURVE_WITH_KNOTS('',1,(#10705,#10706),.UNSPECIFIED.,
  .F.,.F.,(2,2),(-0.618100833305,0.20588375393),
  .PIECEWISE_BEZIER_KNOTS.);
#10705 = CARTESIAN_POINT('',(0.823984587234,-5.E-02));
#10706 = CARTESIAN_POINT('',(0.,-5.E-02));
#10707 = ( GEOMETRIC_REPRESENTATION_CONTEXT(2) 
PARAMETRIC_REPRESENTATION_CONTEXT() REPRESENTATION_CONTEXT('2D SPACE',''
  ) );
#10708 = PCURVE('',#8663,#10709);
#10709 = DEFINITIONAL_REPRESENTATION('',(#10710),#10713);
#10710 = B_SPLINE_CURVE_WITH_KNOTS('',1,(#10711,#10712),.UNSPECIFIED.,
  .F.,.F.,(2,2),(-0.618100833305,0.20588375393),
  .PIECEWISE_BEZIER_KNOTS.);
#10711 = CARTESIAN_POINT('',(2.068778027126,9.107828652565));
#10712 = CARTESIAN_POINT('',(1.257988723951,9.254700385232));
#10713 = ( GEOMETRIC_REPRESENTATION_CONTEXT(2) 
PARAMETRIC_REPRESENTATION_CONTEXT() REPRESENTATION_CONTEXT('2D SPACE',''
  ) );
#10714 = ORIENTED_EDGE('',*,*,#10715,.T.);
#10715 = EDGE_CURVE('',#10695,#5726,#10716,.T.);
#10716 = SURFACE_CURVE('',#10717,(#10721,#10728),.PCURVE_S1.);
#10717 = LINE('',#10718,#10719);
#10718 = CARTESIAN_POINT('',(1.257988723951,9.254700385232,12.2704));
#10719 = VECTOR('',#10720,1.);
#10720 = DIRECTION('',(0.,0.,1.));
#10721 = PCURVE('',#5769,#10722);
#10722 = DEFINITIONAL_REPRESENTATION('',(#10723),#10727);
#10723 = LINE('',#10724,#10725);
#10724 = CARTESIAN_POINT('',(0.,0.));
#10725 = VECTOR('',#10726,1.);
#10726 = DIRECTION('',(0.,-1.));
#10727 = ( GEOMETRIC_REPRESENTATION_CONTEXT(2) 
PARAMETRIC_REPRESENTATION_CONTEXT() REPRESENTATION_CONTEXT('2D SPACE',''
  ) );
#10728 = PCURVE('',#5741,#10729);
#10729 = DEFINITIONAL_REPRESENTATION('',(#10730),#10734);
#10730 = LINE('',#10731,#10732);
#10731 = CARTESIAN_POINT('',(0.82389632843,0.));
#10732 = VECTOR('',#10733,1.);
#10733 = DIRECTION('',(0.,-1.));
#10734 = ( GEOMETRIC_REPRESENTATION_CONTEXT(2) 
PARAMETRIC_REPRESENTATION_CONTEXT() REPRESENTATION_CONTEXT('2D SPACE',''
  ) );
#10735 = ORIENTED_EDGE('',*,*,#5753,.T.);
#10736 = ORIENTED_EDGE('',*,*,#10621,.F.);
#10737 = ADVANCED_FACE('',(#10738),#5013,.F.);
#10738 = FACE_BOUND('',#10739,.F.);
#10739 = EDGE_LOOP('',(#10740,#10761,#10762,#10763));
#10740 = ORIENTED_EDGE('',*,*,#10741,.T.);
#10741 = EDGE_CURVE('',#10742,#10648,#10744,.T.);
#10742 = VERTEX_POINT('',#10743);
#10743 = CARTESIAN_POINT('',(-7.769140877674,-5.183946731291,12.3204));
#10744 = SURFACE_CURVE('',#10745,(#10749,#10755),.PCURVE_S1.);
#10745 = LINE('',#10746,#10747);
#10746 = CARTESIAN_POINT('',(-7.403642823462,-5.682525456517,12.3204));
#10747 = VECTOR('',#10748,1.);
#10748 = DIRECTION('',(0.591230752844,-0.806502446922,0.));
#10749 = PCURVE('',#5013,#10750);
#10750 = DEFINITIONAL_REPRESENTATION('',(#10751),#10754);
#10751 = B_SPLINE_CURVE_WITH_KNOTS('',1,(#10752,#10753),.UNSPECIFIED.,
  .F.,.F.,(2,2),(-0.618198651633,0.205709365078),
  .PIECEWISE_BEZIER_KNOTS.);
#10752 = CARTESIAN_POINT('',(0.823908016711,-5.E-02));
#10753 = CARTESIAN_POINT('',(0.,-5.E-02));
#10754 = ( GEOMETRIC_REPRESENTATION_CONTEXT(2) 
PARAMETRIC_REPRESENTATION_CONTEXT() REPRESENTATION_CONTEXT('2D SPACE',''
  ) );
#10755 = PCURVE('',#8663,#10756);
#10756 = DEFINITIONAL_REPRESENTATION('',(#10757),#10760);
#10757 = B_SPLINE_CURVE_WITH_KNOTS('',1,(#10758,#10759),.UNSPECIFIED.,
  .F.,.F.,(2,2),(-0.618198651633,0.205709365078),
  .PIECEWISE_BEZIER_KNOTS.);
#10758 = CARTESIAN_POINT('',(-7.769140877674,-5.183946731291));
#10759 = CARTESIAN_POINT('',(-7.28202112068,-5.848430562807));
#10760 = ( GEOMETRIC_REPRESENTATION_CONTEXT(2) 
PARAMETRIC_REPRESENTATION_CONTEXT() REPRESENTATION_CONTEXT('2D SPACE',''
  ) );
#10761 = ORIENTED_EDGE('',*,*,#10670,.T.);
#10762 = ORIENTED_EDGE('',*,*,#4997,.T.);
#10763 = ORIENTED_EDGE('',*,*,#10764,.F.);
#10764 = EDGE_CURVE('',#10742,#4998,#10765,.T.);
#10765 = SURFACE_CURVE('',#10766,(#10770,#10777),.PCURVE_S1.);
#10766 = LINE('',#10767,#10768);
#10767 = CARTESIAN_POINT('',(-7.769140877674,-5.183946731291,12.2704));
#10768 = VECTOR('',#10769,1.);
#10769 = DIRECTION('',(0.,0.,1.));
#10770 = PCURVE('',#5013,#10771);
#10771 = DEFINITIONAL_REPRESENTATION('',(#10772),#10776);
#10772 = LINE('',#10773,#10774);
#10773 = CARTESIAN_POINT('',(0.823908016711,0.));
#10774 = VECTOR('',#10775,1.);
#10775 = DIRECTION('',(0.,-1.));
#10776 = ( GEOMETRIC_REPRESENTATION_CONTEXT(2) 
PARAMETRIC_REPRESENTATION_CONTEXT() REPRESENTATION_CONTEXT('2D SPACE',''
  ) );
#10777 = PCURVE('',#5041,#10778);
#10778 = DEFINITIONAL_REPRESENTATION('',(#10779),#10783);
#10779 = LINE('',#10780,#10781);
#10780 = CARTESIAN_POINT('',(0.,0.));
#10781 = VECTOR('',#10782,1.);
#10782 = DIRECTION('',(0.,-1.));
#10783 = ( GEOMETRIC_REPRESENTATION_CONTEXT(2) 
PARAMETRIC_REPRESENTATION_CONTEXT() REPRESENTATION_CONTEXT('2D SPACE',''
  ) );
#10784 = ADVANCED_FACE('',(#10785),#5741,.F.);
#10785 = FACE_BOUND('',#10786,.F.);
#10786 = EDGE_LOOP('',(#10787,#10808,#10829,#10830));
#10787 = ORIENTED_EDGE('',*,*,#10788,.T.);
#10788 = EDGE_CURVE('',#10695,#10789,#10791,.T.);
#10789 = VERTEX_POINT('',#10790);
#10790 = CARTESIAN_POINT('',(0.43750172192,9.329575210765,12.3204));
#10791 = SURFACE_CURVE('',#10792,(#10796,#10802),.PCURVE_S1.);
#10792 = LINE('',#10793,#10794);
#10793 = CARTESIAN_POINT('',(0.642734227661,9.310846397239,12.3204));
#10794 = VECTOR('',#10795,1.);
#10795 = DIRECTION('',(-0.995861947333,9.087894064968E-02,0.));
#10796 = PCURVE('',#5741,#10797);
#10797 = DEFINITIONAL_REPRESENTATION('',(#10798),#10801);
#10798 = B_SPLINE_CURVE_WITH_KNOTS('',1,(#10799,#10800),.UNSPECIFIED.,
  .F.,.F.,(2,2),(-0.617811030873,0.206085297556),
  .PIECEWISE_BEZIER_KNOTS.);
#10799 = CARTESIAN_POINT('',(0.82389632843,-5.E-02));
#10800 = CARTESIAN_POINT('',(0.,-5.E-02));
#10801 = ( GEOMETRIC_REPRESENTATION_CONTEXT(2) 
PARAMETRIC_REPRESENTATION_CONTEXT() REPRESENTATION_CONTEXT('2D SPACE',''
  ) );
#10802 = PCURVE('',#8663,#10803);
#10803 = DEFINITIONAL_REPRESENTATION('',(#10804),#10807);
#10804 = B_SPLINE_CURVE_WITH_KNOTS('',1,(#10805,#10806),.UNSPECIFIED.,
  .F.,.F.,(2,2),(-0.617811030873,0.206085297556),
  .PIECEWISE_BEZIER_KNOTS.);
#10805 = CARTESIAN_POINT('',(1.257988723951,9.254700385232));
#10806 = CARTESIAN_POINT('',(0.43750172192,9.329575210765));
#10807 = ( GEOMETRIC_REPRESENTATION_CONTEXT(2) 
PARAMETRIC_REPRESENTATION_CONTEXT() REPRESENTATION_CONTEXT('2D SPACE',''
  ) );
#10808 = ORIENTED_EDGE('',*,*,#10809,.T.);
#10809 = EDGE_CURVE('',#10789,#5698,#10810,.T.);
#10810 = SURFACE_CURVE('',#10811,(#10815,#10822),.PCURVE_S1.);
#10811 = LINE('',#10812,#10813);
#10812 = CARTESIAN_POINT('',(0.43750172192,9.329575210765,12.2704));
#10813 = VECTOR('',#10814,1.);
#10814 = DIRECTION('',(0.,0.,1.));
#10815 = PCURVE('',#5741,#10816);
#10816 = DEFINITIONAL_REPRESENTATION('',(#10817),#10821);
#10817 = LINE('',#10818,#10819);
#10818 = CARTESIAN_POINT('',(0.,0.));
#10819 = VECTOR('',#10820,1.);
#10820 = DIRECTION('',(0.,-1.));
#10821 = ( GEOMETRIC_REPRESENTATION_CONTEXT(2) 
PARAMETRIC_REPRESENTATION_CONTEXT() REPRESENTATION_CONTEXT('2D SPACE',''
  ) );
#10822 = PCURVE('',#5713,#10823);
#10823 = DEFINITIONAL_REPRESENTATION('',(#10824),#10828);
#10824 = LINE('',#10825,#10826);
#10825 = CARTESIAN_POINT('',(0.823864770457,0.));
#10826 = VECTOR('',#10827,1.);
#10827 = DIRECTION('',(0.,-1.));
#10828 = ( GEOMETRIC_REPRESENTATION_CONTEXT(2) 
PARAMETRIC_REPRESENTATION_CONTEXT() REPRESENTATION_CONTEXT('2D SPACE',''
  ) );
#10829 = ORIENTED_EDGE('',*,*,#5725,.T.);
#10830 = ORIENTED_EDGE('',*,*,#10715,.F.);
#10831 = ADVANCED_FACE('',(#10832),#5041,.F.);
#10832 = FACE_BOUND('',#10833,.F.);
#10833 = EDGE_LOOP('',(#10834,#10855,#10856,#10857));
#10834 = ORIENTED_EDGE('',*,*,#10835,.T.);
#10835 = EDGE_CURVE('',#10836,#10742,#10838,.T.);
#10836 = VERTEX_POINT('',#10837);
#10837 = CARTESIAN_POINT('',(-8.195688014125,-4.479148043448,12.3204));
#10838 = SURFACE_CURVE('',#10839,(#10843,#10849),.PCURVE_S1.);
#10839 = LINE('',#10840,#10841);
#10840 = CARTESIAN_POINT('',(-7.875900920035,-5.007543395434,12.3204));
#10841 = VECTOR('',#10842,1.);
#10842 = DIRECTION('',(0.517765772276,-0.855522416457,0.));
#10843 = PCURVE('',#5041,#10844);
#10844 = DEFINITIONAL_REPRESENTATION('',(#10845),#10848);
#10845 = B_SPLINE_CURVE_WITH_KNOTS('',1,(#10846,#10847),.UNSPECIFIED.,
  .F.,.F.,(2,2),(-0.617628880111,0.206193703945),
  .PIECEWISE_BEZIER_KNOTS.);
#10846 = CARTESIAN_POINT('',(0.823822584056,-5.E-02));
#10847 = CARTESIAN_POINT('',(0.,-5.E-02));
#10848 = ( GEOMETRIC_REPRESENTATION_CONTEXT(2) 
PARAMETRIC_REPRESENTATION_CONTEXT() REPRESENTATION_CONTEXT('2D SPACE',''
  ) );
#10849 = PCURVE('',#8663,#10850);
#10850 = DEFINITIONAL_REPRESENTATION('',(#10851),#10854);
#10851 = B_SPLINE_CURVE_WITH_KNOTS('',1,(#10852,#10853),.UNSPECIFIED.,
  .F.,.F.,(2,2),(-0.617628880111,0.206193703945),
  .PIECEWISE_BEZIER_KNOTS.);
#10852 = CARTESIAN_POINT('',(-8.195688014125,-4.479148043448));
#10853 = CARTESIAN_POINT('',(-7.769140877674,-5.183946731291));
#10854 = ( GEOMETRIC_REPRESENTATION_CONTEXT(2) 
PARAMETRIC_REPRESENTATION_CONTEXT() REPRESENTATION_CONTEXT('2D SPACE',''
  ) );
#10855 = ORIENTED_EDGE('',*,*,#10764,.T.);
#10856 = ORIENTED_EDGE('',*,*,#5025,.T.);
#10857 = ORIENTED_EDGE('',*,*,#10858,.F.);
#10858 = EDGE_CURVE('',#10836,#5026,#10859,.T.);
#10859 = SURFACE_CURVE('',#10860,(#10864,#10871),.PCURVE_S1.);
#10860 = LINE('',#10861,#10862);
#10861 = CARTESIAN_POINT('',(-8.195688014125,-4.479148043448,12.2704));
#10862 = VECTOR('',#10863,1.);
#10863 = DIRECTION('',(0.,0.,1.));
#10864 = PCURVE('',#5041,#10865);
#10865 = DEFINITIONAL_REPRESENTATION('',(#10866),#10870);
#10866 = LINE('',#10867,#10868);
#10867 = CARTESIAN_POINT('',(0.823822584056,0.));
#10868 = VECTOR('',#10869,1.);
#10869 = DIRECTION('',(0.,-1.));
#10870 = ( GEOMETRIC_REPRESENTATION_CONTEXT(2) 
PARAMETRIC_REPRESENTATION_CONTEXT() REPRESENTATION_CONTEXT('2D SPACE',''
  ) );
#10871 = PCURVE('',#5069,#10872);
#10872 = DEFINITIONAL_REPRESENTATION('',(#10873),#10877);
#10873 = LINE('',#10874,#10875);
#10874 = CARTESIAN_POINT('',(0.,0.));
#10875 = VECTOR('',#10876,1.);
#10876 = DIRECTION('',(0.,-1.));
#10877 = ( GEOMETRIC_REPRESENTATION_CONTEXT(2) 
PARAMETRIC_REPRESENTATION_CONTEXT() REPRESENTATION_CONTEXT('2D SPACE',''
  ) );
#10878 = ADVANCED_FACE('',(#10879),#5713,.F.);
#10879 = FACE_BOUND('',#10880,.F.);
#10880 = EDGE_LOOP('',(#10881,#10902,#10923,#10924));
#10881 = ORIENTED_EDGE('',*,*,#10882,.T.);
#10882 = EDGE_CURVE('',#10789,#10883,#10885,.T.);
#10883 = VERTEX_POINT('',#10884);
#10884 = CARTESIAN_POINT('',(-0.386360031624,9.331804795213,12.3204));
#10885 = SURFACE_CURVE('',#10886,(#10890,#10896),.PCURVE_S1.);
#10886 = LINE('',#10887,#10888);
#10887 = CARTESIAN_POINT('',(-0.180554376157,9.331247831515,12.3204));
#10888 = VECTOR('',#10889,1.);
#10889 = DIRECTION('',(-0.999996338097,2.706250501697E-03,0.));
#10890 = PCURVE('',#5713,#10891);
#10891 = DEFINITIONAL_REPRESENTATION('',(#10892),#10895);
#10892 = B_SPLINE_CURVE_WITH_KNOTS('',1,(#10893,#10894),.UNSPECIFIED.,
  .F.,.F.,(2,2),(-0.618058361347,0.20580640911),
  .PIECEWISE_BEZIER_KNOTS.);
#10893 = CARTESIAN_POINT('',(0.823864770457,-5.E-02));
#10894 = CARTESIAN_POINT('',(0.,-5.E-02));
#10895 = ( GEOMETRIC_REPRESENTATION_CONTEXT(2) 
PARAMETRIC_REPRESENTATION_CONTEXT() REPRESENTATION_CONTEXT('2D SPACE',''
  ) );
#10896 = PCURVE('',#8663,#10897);
#10897 = DEFINITIONAL_REPRESENTATION('',(#10898),#10901);
#10898 = B_SPLINE_CURVE_WITH_KNOTS('',1,(#10899,#10900),.UNSPECIFIED.,
  .F.,.F.,(2,2),(-0.618058361347,0.20580640911),
  .PIECEWISE_BEZIER_KNOTS.);
#10899 = CARTESIAN_POINT('',(0.43750172192,9.329575210765));
#10900 = CARTESIAN_POINT('',(-0.386360031624,9.331804795213));
#10901 = ( GEOMETRIC_REPRESENTATION_CONTEXT(2) 
PARAMETRIC_REPRESENTATION_CONTEXT() REPRESENTATION_CONTEXT('2D SPACE',''
  ) );
#10902 = ORIENTED_EDGE('',*,*,#10903,.T.);
#10903 = EDGE_CURVE('',#10883,#5670,#10904,.T.);
#10904 = SURFACE_CURVE('',#10905,(#10909,#10916),.PCURVE_S1.);
#10905 = LINE('',#10906,#10907);
#10906 = CARTESIAN_POINT('',(-0.386360031624,9.331804795213,12.2704));
#10907 = VECTOR('',#10908,1.);
#10908 = DIRECTION('',(0.,0.,1.));
#10909 = PCURVE('',#5713,#10910);
#10910 = DEFINITIONAL_REPRESENTATION('',(#10911),#10915);
#10911 = LINE('',#10912,#10913);
#10912 = CARTESIAN_POINT('',(0.,0.));
#10913 = VECTOR('',#10914,1.);
#10914 = DIRECTION('',(0.,-1.));
#10915 = ( GEOMETRIC_REPRESENTATION_CONTEXT(2) 
PARAMETRIC_REPRESENTATION_CONTEXT() REPRESENTATION_CONTEXT('2D SPACE',''
  ) );
#10916 = PCURVE('',#5685,#10917);
#10917 = DEFINITIONAL_REPRESENTATION('',(#10918),#10922);
#10918 = LINE('',#10919,#10920);
#10919 = CARTESIAN_POINT('',(0.82396820327,0.));
#10920 = VECTOR('',#10921,1.);
#10921 = DIRECTION('',(0.,-1.));
#10922 = ( GEOMETRIC_REPRESENTATION_CONTEXT(2) 
PARAMETRIC_REPRESENTATION_CONTEXT() REPRESENTATION_CONTEXT('2D SPACE',''
  ) );
#10923 = ORIENTED_EDGE('',*,*,#5697,.T.);
#10924 = ORIENTED_EDGE('',*,*,#10809,.F.);
#10925 = ADVANCED_FACE('',(#10926),#5069,.F.);
#10926 = FACE_BOUND('',#10927,.F.);
#10927 = EDGE_LOOP('',(#10928,#10949,#10950,#10951));
#10928 = ORIENTED_EDGE('',*,*,#10929,.T.);
#10929 = EDGE_CURVE('',#10930,#10836,#10932,.T.);
#10930 = VERTEX_POINT('',#10931);
#10931 = CARTESIAN_POINT('',(-8.558535992854,-3.73941917803,12.3204));
#10932 = SURFACE_CURVE('',#10933,(#10937,#10943),.PCURVE_S1.);
#10933 = LINE('',#10934,#10935);
#10934 = CARTESIAN_POINT('',(-8.286436767574,-4.294140887939,12.3204));
#10935 = VECTOR('',#10936,1.);
#10936 = DIRECTION('',(0.44038793655,-0.897807588151,0.));
#10937 = PCURVE('',#5069,#10938);
#10938 = DEFINITIONAL_REPRESENTATION('',(#10939),#10942);
#10939 = B_SPLINE_CURVE_WITH_KNOTS('',1,(#10940,#10941),.UNSPECIFIED.,
  .F.,.F.,(2,2),(-0.617862576826,0.206065484354),
  .PIECEWISE_BEZIER_KNOTS.);
#10940 = CARTESIAN_POINT('',(0.82392806118,-5.E-02));
#10941 = CARTESIAN_POINT('',(0.,-5.E-02));
#10942 = ( GEOMETRIC_REPRESENTATION_CONTEXT(2) 
PARAMETRIC_REPRESENTATION_CONTEXT() REPRESENTATION_CONTEXT('2D SPACE',''
  ) );
#10943 = PCURVE('',#8663,#10944);
#10944 = DEFINITIONAL_REPRESENTATION('',(#10945),#10948);
#10945 = B_SPLINE_CURVE_WITH_KNOTS('',1,(#10946,#10947),.UNSPECIFIED.,
  .F.,.F.,(2,2),(-0.617862576826,0.206065484354),
  .PIECEWISE_BEZIER_KNOTS.);
#10946 = CARTESIAN_POINT('',(-8.558535992854,-3.73941917803));
#10947 = CARTESIAN_POINT('',(-8.195688014125,-4.479148043448));
#10948 = ( GEOMETRIC_REPRESENTATION_CONTEXT(2) 
PARAMETRIC_REPRESENTATION_CONTEXT() REPRESENTATION_CONTEXT('2D SPACE',''
  ) );
#10949 = ORIENTED_EDGE('',*,*,#10858,.T.);
#10950 = ORIENTED_EDGE('',*,*,#5053,.T.);
#10951 = ORIENTED_EDGE('',*,*,#10952,.F.);
#10952 = EDGE_CURVE('',#10930,#5054,#10953,.T.);
#10953 = SURFACE_CURVE('',#10954,(#10958,#10965),.PCURVE_S1.);
#10954 = LINE('',#10955,#10956);
#10955 = CARTESIAN_POINT('',(-8.558535992854,-3.73941917803,12.2704));
#10956 = VECTOR('',#10957,1.);
#10957 = DIRECTION('',(0.,0.,1.));
#10958 = PCURVE('',#5069,#10959);
#10959 = DEFINITIONAL_REPRESENTATION('',(#10960),#10964);
#10960 = LINE('',#10961,#10962);
#10961 = CARTESIAN_POINT('',(0.82392806118,0.));
#10962 = VECTOR('',#10963,1.);
#10963 = DIRECTION('',(0.,-1.));
#10964 = ( GEOMETRIC_REPRESENTATION_CONTEXT(2) 
PARAMETRIC_REPRESENTATION_CONTEXT() REPRESENTATION_CONTEXT('2D SPACE',''
  ) );
#10965 = PCURVE('',#5097,#10966);
#10966 = DEFINITIONAL_REPRESENTATION('',(#10967),#10971);
#10967 = LINE('',#10968,#10969);
#10968 = CARTESIAN_POINT('',(0.,0.));
#10969 = VECTOR('',#10970,1.);
#10970 = DIRECTION('',(0.,-1.));
#10971 = ( GEOMETRIC_REPRESENTATION_CONTEXT(2) 
PARAMETRIC_REPRESENTATION_CONTEXT() REPRESENTATION_CONTEXT('2D SPACE',''
  ) );
#10972 = ADVANCED_FACE('',(#10973),#5685,.F.);
#10973 = FACE_BOUND('',#10974,.F.);
#10974 = EDGE_LOOP('',(#10975,#10996,#11017,#11018));
#10975 = ORIENTED_EDGE('',*,*,#10976,.T.);
#10976 = EDGE_CURVE('',#10883,#10977,#10979,.T.);
#10977 = VERTEX_POINT('',#10978);
#10978 = CARTESIAN_POINT('',(-1.207319999502,9.261460419869,12.3204));
#10979 = SURFACE_CURVE('',#10980,(#10984,#10990),.PCURVE_S1.);
#10980 = LINE('',#10981,#10982);
#10981 = CARTESIAN_POINT('',(-1.001954286158,9.279057286206,12.3204));
#10982 = VECTOR('',#10983,1.);
#10983 = DIRECTION('',(-0.99634908801,-8.537268193702E-02,0.));
#10984 = PCURVE('',#5685,#10985);
#10985 = DEFINITIONAL_REPRESENTATION('',(#10986),#10989);
#10986 = B_SPLINE_CURVE_WITH_KNOTS('',1,(#10987,#10988),.UNSPECIFIED.,
  .F.,.F.,(2,2),(-0.617849970399,0.206118232871),
  .PIECEWISE_BEZIER_KNOTS.);
#10987 = CARTESIAN_POINT('',(0.82396820327,-5.E-02));
#10988 = CARTESIAN_POINT('',(0.,-5.E-02));
#10989 = ( GEOMETRIC_REPRESENTATION_CONTEXT(2) 
PARAMETRIC_REPRESENTATION_CONTEXT() REPRESENTATION_CONTEXT('2D SPACE',''
  ) );
#10990 = PCURVE('',#8663,#10991);
#10991 = DEFINITIONAL_REPRESENTATION('',(#10992),#10995);
#10992 = B_SPLINE_CURVE_WITH_KNOTS('',1,(#10993,#10994),.UNSPECIFIED.,
  .F.,.F.,(2,2),(-0.617849970399,0.206118232871),
  .PIECEWISE_BEZIER_KNOTS.);
#10993 = CARTESIAN_POINT('',(-0.386360031624,9.331804795213));
#10994 = CARTESIAN_POINT('',(-1.207319999502,9.261460419869));
#10995 = ( GEOMETRIC_REPRESENTATION_CONTEXT(2) 
PARAMETRIC_REPRESENTATION_CONTEXT() REPRESENTATION_CONTEXT('2D SPACE',''
  ) );
#10996 = ORIENTED_EDGE('',*,*,#10997,.T.);
#10997 = EDGE_CURVE('',#10977,#5642,#10998,.T.);
#10998 = SURFACE_CURVE('',#10999,(#11003,#11010),.PCURVE_S1.);
#10999 = LINE('',#11000,#11001);
#11000 = CARTESIAN_POINT('',(-1.207319999502,9.261460419869,12.2704));
#11001 = VECTOR('',#11002,1.);
#11002 = DIRECTION('',(0.,0.,1.));
#11003 = PCURVE('',#5685,#11004);
#11004 = DEFINITIONAL_REPRESENTATION('',(#11005),#11009);
#11005 = LINE('',#11006,#11007);
#11006 = CARTESIAN_POINT('',(0.,0.));
#11007 = VECTOR('',#11008,1.);
#11008 = DIRECTION('',(0.,-1.));
#11009 = ( GEOMETRIC_REPRESENTATION_CONTEXT(2) 
PARAMETRIC_REPRESENTATION_CONTEXT() REPRESENTATION_CONTEXT('2D SPACE',''
  ) );
#11010 = PCURVE('',#5657,#11011);
#11011 = DEFINITIONAL_REPRESENTATION('',(#11012),#11016);
#11012 = LINE('',#11013,#11014);
#11013 = CARTESIAN_POINT('',(0.823856213183,0.));
#11014 = VECTOR('',#11015,1.);
#11015 = DIRECTION('',(0.,-1.));
#11016 = ( GEOMETRIC_REPRESENTATION_CONTEXT(2) 
PARAMETRIC_REPRESENTATION_CONTEXT() REPRESENTATION_CONTEXT('2D SPACE',''
  ) );
#11017 = ORIENTED_EDGE('',*,*,#5669,.T.);
#11018 = ORIENTED_EDGE('',*,*,#10903,.F.);
#11019 = ADVANCED_FACE('',(#11020),#5097,.F.);
#11020 = FACE_BOUND('',#11021,.F.);
#11021 = EDGE_LOOP('',(#11022,#11043,#11044,#11045));
#11022 = ORIENTED_EDGE('',*,*,#11023,.T.);
#11023 = EDGE_CURVE('',#11024,#10930,#11026,.T.);
#11024 = VERTEX_POINT('',#11025);
#11025 = CARTESIAN_POINT('',(-8.85480827668,-2.970577826491,12.3204));
#11026 = SURFACE_CURVE('',#11027,(#11031,#11037),.PCURVE_S1.);
#11027 = LINE('',#11028,#11029);
#11028 = CARTESIAN_POINT('',(-8.632585722835,-3.547256435891,12.3204));
#11029 = VECTOR('',#11030,1.);
#11030 = DIRECTION('',(0.359575379346,-0.93311604132,0.));
#11031 = PCURVE('',#5097,#11032);
#11032 = DEFINITIONAL_REPRESENTATION('',(#11033),#11036);
#11033 = B_SPLINE_CURVE_WITH_KNOTS('',1,(#11034,#11035),.UNSPECIFIED.,
  .F.,.F.,(2,2),(-0.618013820215,0.205936596983),
  .PIECEWISE_BEZIER_KNOTS.);
#11034 = CARTESIAN_POINT('',(0.823950417198,-5.E-02));
#11035 = CARTESIAN_POINT('',(0.,-5.E-02));
#11036 = ( GEOMETRIC_REPRESENTATION_CONTEXT(2) 
PARAMETRIC_REPRESENTATION_CONTEXT() REPRESENTATION_CONTEXT('2D SPACE',''
  ) );
#11037 = PCURVE('',#8663,#11038);
#11038 = DEFINITIONAL_REPRESENTATION('',(#11039),#11042);
#11039 = B_SPLINE_CURVE_WITH_KNOTS('',1,(#11040,#11041),.UNSPECIFIED.,
  .F.,.F.,(2,2),(-0.618013820215,0.205936596983),
  .PIECEWISE_BEZIER_KNOTS.);
#11040 = CARTESIAN_POINT('',(-8.85480827668,-2.970577826491));
#11041 = CARTESIAN_POINT('',(-8.558535992854,-3.73941917803));
#11042 = ( GEOMETRIC_REPRESENTATION_CONTEXT(2) 
PARAMETRIC_REPRESENTATION_CONTEXT() REPRESENTATION_CONTEXT('2D SPACE',''
  ) );
#11043 = ORIENTED_EDGE('',*,*,#10952,.T.);
#11044 = ORIENTED_EDGE('',*,*,#5081,.T.);
#11045 = ORIENTED_EDGE('',*,*,#11046,.F.);
#11046 = EDGE_CURVE('',#11024,#5082,#11047,.T.);
#11047 = SURFACE_CURVE('',#11048,(#11052,#11059),.PCURVE_S1.);
#11048 = LINE('',#11049,#11050);
#11049 = CARTESIAN_POINT('',(-8.85480827668,-2.970577826491,12.2704));
#11050 = VECTOR('',#11051,1.);
#11051 = DIRECTION('',(0.,0.,1.));
#11052 = PCURVE('',#5097,#11053);
#11053 = DEFINITIONAL_REPRESENTATION('',(#11054),#11058);
#11054 = LINE('',#11055,#11056);
#11055 = CARTESIAN_POINT('',(0.823950417198,0.));
#11056 = VECTOR('',#11057,1.);
#11057 = DIRECTION('',(0.,-1.));
#11058 = ( GEOMETRIC_REPRESENTATION_CONTEXT(2) 
PARAMETRIC_REPRESENTATION_CONTEXT() REPRESENTATION_CONTEXT('2D SPACE',''
  ) );
#11059 = PCURVE('',#5125,#11060);
#11060 = DEFINITIONAL_REPRESENTATION('',(#11061),#11065);
#11061 = LINE('',#11062,#11063);
#11062 = CARTESIAN_POINT('',(0.,0.));
#11063 = VECTOR('',#11064,1.);
#11064 = DIRECTION('',(0.,-1.));
#11065 = ( GEOMETRIC_REPRESENTATION_CONTEXT(2) 
PARAMETRIC_REPRESENTATION_CONTEXT() REPRESENTATION_CONTEXT('2D SPACE',''
  ) );
#11066 = ADVANCED_FACE('',(#11067),#5657,.F.);
#11067 = FACE_BOUND('',#11068,.F.);
#11068 = EDGE_LOOP('',(#11069,#11090,#11111,#11112));
#11069 = ORIENTED_EDGE('',*,*,#11070,.T.);
#11070 = EDGE_CURVE('',#10977,#11071,#11073,.T.);
#11071 = VERTEX_POINT('',#11072);
#11072 = CARTESIAN_POINT('',(-2.018765041991,9.118996378727,12.3204));
#11073 = SURFACE_CURVE('',#11074,(#11078,#11084),.PCURVE_S1.);
#11074 = LINE('',#11075,#11076);
#11075 = CARTESIAN_POINT('',(-1.816131958013,9.154572328423,12.3204));
#11076 = VECTOR('',#11077,1.);
#11077 = DIRECTION('',(-0.984935270871,-0.172923428704,0.));
#11078 = PCURVE('',#5657,#11079);
#11079 = DEFINITIONAL_REPRESENTATION('',(#11080),#11083);
#11080 = B_SPLINE_CURVE_WITH_KNOTS('',1,(#11081,#11082),.UNSPECIFIED.,
  .F.,.F.,(2,2),(-0.618123826526,0.205732386657),
  .PIECEWISE_BEZIER_KNOTS.);
#11081 = CARTESIAN_POINT('',(0.823856213183,-5.E-02));
#11082 = CARTESIAN_POINT('',(0.,-5.E-02));
#11083 = ( GEOMETRIC_REPRESENTATION_CONTEXT(2) 
PARAMETRIC_REPRESENTATION_CONTEXT() REPRESENTATION_CONTEXT('2D SPACE',''
  ) );
#11084 = PCURVE('',#8663,#11085);
#11085 = DEFINITIONAL_REPRESENTATION('',(#11086),#11089);
#11086 = B_SPLINE_CURVE_WITH_KNOTS('',1,(#11087,#11088),.UNSPECIFIED.,
  .F.,.F.,(2,2),(-0.618123826526,0.205732386657),
  .PIECEWISE_BEZIER_KNOTS.);
#11087 = CARTESIAN_POINT('',(-1.207319999502,9.261460419869));
#11088 = CARTESIAN_POINT('',(-2.018765041991,9.118996378727));
#11089 = ( GEOMETRIC_REPRESENTATION_CONTEXT(2) 
PARAMETRIC_REPRESENTATION_CONTEXT() REPRESENTATION_CONTEXT('2D SPACE',''
  ) );
#11090 = ORIENTED_EDGE('',*,*,#11091,.T.);
#11091 = EDGE_CURVE('',#11071,#5614,#11092,.T.);
#11092 = SURFACE_CURVE('',#11093,(#11097,#11104),.PCURVE_S1.);
#11093 = LINE('',#11094,#11095);
#11094 = CARTESIAN_POINT('',(-2.018765041991,9.118996378727,12.2704));
#11095 = VECTOR('',#11096,1.);
#11096 = DIRECTION('',(0.,0.,1.));
#11097 = PCURVE('',#5657,#11098);
#11098 = DEFINITIONAL_REPRESENTATION('',(#11099),#11103);
#11099 = LINE('',#11100,#11101);
#11100 = CARTESIAN_POINT('',(0.,0.));
#11101 = VECTOR('',#11102,1.);
#11102 = DIRECTION('',(0.,-1.));
#11103 = ( GEOMETRIC_REPRESENTATION_CONTEXT(2) 
PARAMETRIC_REPRESENTATION_CONTEXT() REPRESENTATION_CONTEXT('2D SPACE',''
  ) );
#11104 = PCURVE('',#5629,#11105);
#11105 = DEFINITIONAL_REPRESENTATION('',(#11106),#11110);
#11106 = LINE('',#11107,#11108);
#11107 = CARTESIAN_POINT('',(0.823920833576,0.));
#11108 = VECTOR('',#11109,1.);
#11109 = DIRECTION('',(0.,-1.));
#11110 = ( GEOMETRIC_REPRESENTATION_CONTEXT(2) 
PARAMETRIC_REPRESENTATION_CONTEXT() REPRESENTATION_CONTEXT('2D SPACE',''
  ) );
#11111 = ORIENTED_EDGE('',*,*,#5641,.T.);
#11112 = ORIENTED_EDGE('',*,*,#10997,.F.);
#11113 = ADVANCED_FACE('',(#11114),#5125,.F.);
#11114 = FACE_BOUND('',#11115,.F.);
#11115 = EDGE_LOOP('',(#11116,#11137,#11138,#11139));
#11116 = ORIENTED_EDGE('',*,*,#11117,.T.);
#11117 = EDGE_CURVE('',#11118,#11024,#11120,.T.);
#11118 = VERTEX_POINT('',#11119);
#11119 = CARTESIAN_POINT('',(-9.082138136043,-2.178724692986,12.3204));
#11120 = SURFACE_CURVE('',#11121,(#11125,#11131),.PCURVE_S1.);
#11121 = LINE('',#11122,#11123);
#11122 = CARTESIAN_POINT('',(-8.911631348856,-2.772647260377,12.3204));
#11123 = VECTOR('',#11124,1.);
#11124 = DIRECTION('',(0.275939758105,-0.961174931996,0.));
#11125 = PCURVE('',#5125,#11126);
#11126 = DEFINITIONAL_REPRESENTATION('',(#11127),#11130);
#11127 = B_SPLINE_CURVE_WITH_KNOTS('',1,(#11128,#11129),.UNSPECIFIED.,
  .F.,.F.,(2,2),(-0.617913084935,0.205925643215),
  .PIECEWISE_BEZIER_KNOTS.);
#11128 = CARTESIAN_POINT('',(0.82383872815,-5.E-02));
#11129 = CARTESIAN_POINT('',(0.,-5.E-02));
#11130 = ( GEOMETRIC_REPRESENTATION_CONTEXT(2) 
PARAMETRIC_REPRESENTATION_CONTEXT() REPRESENTATION_CONTEXT('2D SPACE',''
  ) );
#11131 = PCURVE('',#8663,#11132);
#11132 = DEFINITIONAL_REPRESENTATION('',(#11133),#11136);
#11133 = B_SPLINE_CURVE_WITH_KNOTS('',1,(#11134,#11135),.UNSPECIFIED.,
  .F.,.F.,(2,2),(-0.617913084935,0.205925643215),
  .PIECEWISE_BEZIER_KNOTS.);
#11134 = CARTESIAN_POINT('',(-9.082138136043,-2.178724692986));
#11135 = CARTESIAN_POINT('',(-8.85480827668,-2.970577826491));
#11136 = ( GEOMETRIC_REPRESENTATION_CONTEXT(2) 
PARAMETRIC_REPRESENTATION_CONTEXT() REPRESENTATION_CONTEXT('2D SPACE',''
  ) );
#11137 = ORIENTED_EDGE('',*,*,#11046,.T.);
#11138 = ORIENTED_EDGE('',*,*,#5109,.T.);
#11139 = ORIENTED_EDGE('',*,*,#11140,.F.);
#11140 = EDGE_CURVE('',#11118,#5110,#11141,.T.);
#11141 = SURFACE_CURVE('',#11142,(#11146,#11153),.PCURVE_S1.);
#11142 = LINE('',#11143,#11144);
#11143 = CARTESIAN_POINT('',(-9.082138136043,-2.178724692986,12.2704));
#11144 = VECTOR('',#11145,1.);
#11145 = DIRECTION('',(0.,0.,1.));
#11146 = PCURVE('',#5125,#11147);
#11147 = DEFINITIONAL_REPRESENTATION('',(#11148),#11152);
#11148 = LINE('',#11149,#11150);
#11149 = CARTESIAN_POINT('',(0.82383872815,0.));
#11150 = VECTOR('',#11151,1.);
#11151 = DIRECTION('',(0.,-1.));
#11152 = ( GEOMETRIC_REPRESENTATION_CONTEXT(2) 
PARAMETRIC_REPRESENTATION_CONTEXT() REPRESENTATION_CONTEXT('2D SPACE',''
  ) );
#11153 = PCURVE('',#5153,#11154);
#11154 = DEFINITIONAL_REPRESENTATION('',(#11155),#11159);
#11155 = LINE('',#11156,#11157);
#11156 = CARTESIAN_POINT('',(0.,0.));
#11157 = VECTOR('',#11158,1.);
#11158 = DIRECTION('',(0.,-1.));
#11159 = ( GEOMETRIC_REPRESENTATION_CONTEXT(2) 
PARAMETRIC_REPRESENTATION_CONTEXT() REPRESENTATION_CONTEXT('2D SPACE',''
  ) );
#11160 = ADVANCED_FACE('',(#11161),#5629,.F.);
#11161 = FACE_BOUND('',#11162,.F.);
#11162 = EDGE_LOOP('',(#11163,#11184,#11205,#11206));
#11163 = ORIENTED_EDGE('',*,*,#11164,.T.);
#11164 = EDGE_CURVE('',#11071,#11165,#11167,.T.);
#11165 = VERTEX_POINT('',#11166);
#11166 = CARTESIAN_POINT('',(-2.814574839696,8.905613375942,12.3204));
#11167 = SURFACE_CURVE('',#11168,(#11172,#11178),.PCURVE_S1.);
#11168 = LINE('',#11169,#11170);
#11169 = CARTESIAN_POINT('',(-2.615542122972,8.958980648963,12.3204));
#11170 = VECTOR('',#11171,1.);
#11171 = DIRECTION('',(-0.965881387233,-0.258984837001,0.));
#11172 = PCURVE('',#5629,#11173);
#11173 = DEFINITIONAL_REPRESENTATION('',(#11174),#11177);
#11174 = B_SPLINE_CURVE_WITH_KNOTS('',1,(#11175,#11176),.UNSPECIFIED.,
  .F.,.F.,(2,2),(-0.617857522537,0.206063311038),
  .PIECEWISE_BEZIER_KNOTS.);
#11175 = CARTESIAN_POINT('',(0.823920833576,-5.E-02));
#11176 = CARTESIAN_POINT('',(0.,-5.E-02));
#11177 = ( GEOMETRIC_REPRESENTATION_CONTEXT(2) 
PARAMETRIC_REPRESENTATION_CONTEXT() REPRESENTATION_CONTEXT('2D SPACE',''
  ) );
#11178 = PCURVE('',#8663,#11179);
#11179 = DEFINITIONAL_REPRESENTATION('',(#11180),#11183);
#11180 = B_SPLINE_CURVE_WITH_KNOTS('',1,(#11181,#11182),.UNSPECIFIED.,
  .F.,.F.,(2,2),(-0.617857522537,0.206063311038),
  .PIECEWISE_BEZIER_KNOTS.);
#11181 = CARTESIAN_POINT('',(-2.018765041991,9.118996378727));
#11182 = CARTESIAN_POINT('',(-2.814574839696,8.905613375942));
#11183 = ( GEOMETRIC_REPRESENTATION_CONTEXT(2) 
PARAMETRIC_REPRESENTATION_CONTEXT() REPRESENTATION_CONTEXT('2D SPACE',''
  ) );
#11184 = ORIENTED_EDGE('',*,*,#11185,.T.);
#11185 = EDGE_CURVE('',#11165,#5586,#11186,.T.);
#11186 = SURFACE_CURVE('',#11187,(#11191,#11198),.PCURVE_S1.);
#11187 = LINE('',#11188,#11189);
#11188 = CARTESIAN_POINT('',(-2.814574839696,8.905613375942,12.2704));
#11189 = VECTOR('',#11190,1.);
#11190 = DIRECTION('',(0.,0.,1.));
#11191 = PCURVE('',#5629,#11192);
#11192 = DEFINITIONAL_REPRESENTATION('',(#11193),#11197);
#11193 = LINE('',#11194,#11195);
#11194 = CARTESIAN_POINT('',(0.,0.));
#11195 = VECTOR('',#11196,1.);
#11196 = DIRECTION('',(0.,-1.));
#11197 = ( GEOMETRIC_REPRESENTATION_CONTEXT(2) 
PARAMETRIC_REPRESENTATION_CONTEXT() REPRESENTATION_CONTEXT('2D SPACE',''
  ) );
#11198 = PCURVE('',#5601,#11199);
#11199 = DEFINITIONAL_REPRESENTATION('',(#11200),#11204);
#11200 = LINE('',#11201,#11202);
#11201 = CARTESIAN_POINT('',(0.823881120065,0.));
#11202 = VECTOR('',#11203,1.);
#11203 = DIRECTION('',(0.,-1.));
#11204 = ( GEOMETRIC_REPRESENTATION_CONTEXT(2) 
PARAMETRIC_REPRESENTATION_CONTEXT() REPRESENTATION_CONTEXT('2D SPACE',''
  ) );
#11205 = ORIENTED_EDGE('',*,*,#5613,.T.);
#11206 = ORIENTED_EDGE('',*,*,#11091,.F.);
#11207 = ADVANCED_FACE('',(#11208),#5153,.F.);
#11208 = FACE_BOUND('',#11209,.F.);
#11209 = EDGE_LOOP('',(#11210,#11231,#11232,#11233));
#11210 = ORIENTED_EDGE('',*,*,#11211,.T.);
#11211 = EDGE_CURVE('',#11212,#11118,#11214,.T.);
#11212 = VERTEX_POINT('',#11213);
#11213 = CARTESIAN_POINT('',(-9.238778456627,-1.369833686751,12.3204));
#11214 = SURFACE_CURVE('',#11215,(#11219,#11225),.PCURVE_S1.);
#11215 = LINE('',#11216,#11217);
#11216 = CARTESIAN_POINT('',(-9.121332984533,-1.976322397614,12.3204));
#11217 = VECTOR('',#11218,1.);
#11218 = DIRECTION('',(0.190116398689,-0.981761557075,0.));
#11219 = PCURVE('',#5153,#11220);
#11220 = DEFINITIONAL_REPRESENTATION('',(#11221),#11224);
#11221 = B_SPLINE_CURVE_WITH_KNOTS('',1,(#11222,#11223),.UNSPECIFIED.,
  .F.,.F.,(2,2),(-0.617755611322,0.206162376102),
  .PIECEWISE_BEZIER_KNOTS.);
#11222 = CARTESIAN_POINT('',(0.823917987424,-5.E-02));
#11223 = CARTESIAN_POINT('',(0.,-5.E-02));
#11224 = ( GEOMETRIC_REPRESENTATION_CONTEXT(2) 
PARAMETRIC_REPRESENTATION_CONTEXT() REPRESENTATION_CONTEXT('2D SPACE',''
  ) );
#11225 = PCURVE('',#8663,#11226);
#11226 = DEFINITIONAL_REPRESENTATION('',(#11227),#11230);
#11227 = B_SPLINE_CURVE_WITH_KNOTS('',1,(#11228,#11229),.UNSPECIFIED.,
  .F.,.F.,(2,2),(-0.617755611322,0.206162376102),
  .PIECEWISE_BEZIER_KNOTS.);
#11228 = CARTESIAN_POINT('',(-9.238778456627,-1.369833686751));
#11229 = CARTESIAN_POINT('',(-9.082138136043,-2.178724692986));
#11230 = ( GEOMETRIC_REPRESENTATION_CONTEXT(2) 
PARAMETRIC_REPRESENTATION_CONTEXT() REPRESENTATION_CONTEXT('2D SPACE',''
  ) );
#11231 = ORIENTED_EDGE('',*,*,#11140,.T.);
#11232 = ORIENTED_EDGE('',*,*,#5137,.T.);
#11233 = ORIENTED_EDGE('',*,*,#11234,.F.);
#11234 = EDGE_CURVE('',#11212,#5138,#11235,.T.);
#11235 = SURFACE_CURVE('',#11236,(#11240,#11247),.PCURVE_S1.);
#11236 = LINE('',#11237,#11238);
#11237 = CARTESIAN_POINT('',(-9.238778456627,-1.369833686751,12.2704));
#11238 = VECTOR('',#11239,1.);
#11239 = DIRECTION('',(0.,0.,1.));
#11240 = PCURVE('',#5153,#11241);
#11241 = DEFINITIONAL_REPRESENTATION('',(#11242),#11246);
#11242 = LINE('',#11243,#11244);
#11243 = CARTESIAN_POINT('',(0.823917987424,0.));
#11244 = VECTOR('',#11245,1.);
#11245 = DIRECTION('',(0.,-1.));
#11246 = ( GEOMETRIC_REPRESENTATION_CONTEXT(2) 
PARAMETRIC_REPRESENTATION_CONTEXT() REPRESENTATION_CONTEXT('2D SPACE',''
  ) );
#11247 = PCURVE('',#5181,#11248);
#11248 = DEFINITIONAL_REPRESENTATION('',(#11249),#11253);
#11249 = LINE('',#11250,#11251);
#11250 = CARTESIAN_POINT('',(0.,0.));
#11251 = VECTOR('',#11252,1.);
#11252 = DIRECTION('',(0.,-1.));
#11253 = ( GEOMETRIC_REPRESENTATION_CONTEXT(2) 
PARAMETRIC_REPRESENTATION_CONTEXT() REPRESENTATION_CONTEXT('2D SPACE',''
  ) );
#11254 = ADVANCED_FACE('',(#11255),#5601,.F.);
#11255 = FACE_BOUND('',#11256,.F.);
#11256 = EDGE_LOOP('',(#11257,#11278,#11299,#11300));
#11257 = ORIENTED_EDGE('',*,*,#11258,.T.);
#11258 = EDGE_CURVE('',#11165,#11259,#11261,.T.);
#11259 = VERTEX_POINT('',#11260);
#11260 = CARTESIAN_POINT('',(-3.588465675758,8.622995128371,12.3204));
#11261 = SURFACE_CURVE('',#11262,(#11266,#11272),.PCURVE_S1.);
#11262 = LINE('',#11263,#11264);
#11263 = CARTESIAN_POINT('',(-3.394608244615,8.693790187461,12.3204));
#11264 = VECTOR('',#11265,1.);
#11265 = DIRECTION('',(-0.939323425691,-0.343032800106,0.));
#11266 = PCURVE('',#5601,#11267);
#11267 = DEFINITIONAL_REPRESENTATION('',(#11268),#11271);
#11268 = B_SPLINE_CURVE_WITH_KNOTS('',1,(#11269,#11270),.UNSPECIFIED.,
  .F.,.F.,(2,2),(-0.617501266396,0.206379853669),
  .PIECEWISE_BEZIER_KNOTS.);
#11269 = CARTESIAN_POINT('',(0.823881120065,-5.E-02));
#11270 = CARTESIAN_POINT('',(0.,-5.E-02));
#11271 = ( GEOMETRIC_REPRESENTATION_CONTEXT(2) 
PARAMETRIC_REPRESENTATION_CONTEXT() REPRESENTATION_CONTEXT('2D SPACE',''
  ) );
#11272 = PCURVE('',#8663,#11273);
#11273 = DEFINITIONAL_REPRESENTATION('',(#11274),#11277);
#11274 = B_SPLINE_CURVE_WITH_KNOTS('',1,(#11275,#11276),.UNSPECIFIED.,
  .F.,.F.,(2,2),(-0.617501266396,0.206379853669),
  .PIECEWISE_BEZIER_KNOTS.);
#11275 = CARTESIAN_POINT('',(-2.814574839696,8.905613375942));
#11276 = CARTESIAN_POINT('',(-3.588465675758,8.622995128371));
#11277 = ( GEOMETRIC_REPRESENTATION_CONTEXT(2) 
PARAMETRIC_REPRESENTATION_CONTEXT() REPRESENTATION_CONTEXT('2D SPACE',''
  ) );
#11278 = ORIENTED_EDGE('',*,*,#11279,.T.);
#11279 = EDGE_CURVE('',#11259,#5558,#11280,.T.);
#11280 = SURFACE_CURVE('',#11281,(#11285,#11292),.PCURVE_S1.);
#11281 = LINE('',#11282,#11283);
#11282 = CARTESIAN_POINT('',(-3.588465675758,8.622995128371,12.2704));
#11283 = VECTOR('',#11284,1.);
#11284 = DIRECTION('',(0.,0.,1.));
#11285 = PCURVE('',#5601,#11286);
#11286 = DEFINITIONAL_REPRESENTATION('',(#11287),#11291);
#11287 = LINE('',#11288,#11289);
#11288 = CARTESIAN_POINT('',(0.,0.));
#11289 = VECTOR('',#11290,1.);
#11290 = DIRECTION('',(0.,-1.));
#11291 = ( GEOMETRIC_REPRESENTATION_CONTEXT(2) 
PARAMETRIC_REPRESENTATION_CONTEXT() REPRESENTATION_CONTEXT('2D SPACE',''
  ) );
#11292 = PCURVE('',#5573,#11293);
#11293 = DEFINITIONAL_REPRESENTATION('',(#11294),#11298);
#11294 = LINE('',#11295,#11296);
#11295 = CARTESIAN_POINT('',(0.823878643976,0.));
#11296 = VECTOR('',#11297,1.);
#11297 = DIRECTION('',(0.,-1.));
#11298 = ( GEOMETRIC_REPRESENTATION_CONTEXT(2) 
PARAMETRIC_REPRESENTATION_CONTEXT() REPRESENTATION_CONTEXT('2D SPACE',''
  ) );
#11299 = ORIENTED_EDGE('',*,*,#5585,.T.);
#11300 = ORIENTED_EDGE('',*,*,#11185,.F.);
#11301 = ADVANCED_FACE('',(#11302),#5181,.F.);
#11302 = FACE_BOUND('',#11303,.F.);
#11303 = EDGE_LOOP('',(#11304,#11325,#11326,#11327));
#11304 = ORIENTED_EDGE('',*,*,#11305,.T.);
#11305 = EDGE_CURVE('',#11306,#11212,#11308,.T.);
#11306 = VERTEX_POINT('',#11307);
#11307 = CARTESIAN_POINT('',(-9.323591931736,-0.550334934806,12.3204));
#11308 = SURFACE_CURVE('',#11309,(#11313,#11319),.PCURVE_S1.);
#11309 = LINE('',#11310,#11311);
#11310 = CARTESIAN_POINT('',(-9.259957979985,-1.165189401907,12.3204));
#11311 = VECTOR('',#11312,1.);
#11312 = DIRECTION('',(0.102944476403,-0.994687103957,0.));
#11313 = PCURVE('',#5181,#11314);
#11314 = DEFINITIONAL_REPRESENTATION('',(#11315),#11318);
#11315 = B_SPLINE_CURVE_WITH_KNOTS('',1,(#11316,#11317),.UNSPECIFIED.,
  .F.,.F.,(2,2),(-0.61813857308,0.205737345976),
  .PIECEWISE_BEZIER_KNOTS.);
#11316 = CARTESIAN_POINT('',(0.823875919056,-5.E-02));
#11317 = CARTESIAN_POINT('',(0.,-5.E-02));
#11318 = ( GEOMETRIC_REPRESENTATION_CONTEXT(2) 
PARAMETRIC_REPRESENTATION_CONTEXT() REPRESENTATION_CONTEXT('2D SPACE',''
  ) );
#11319 = PCURVE('',#8663,#11320);
#11320 = DEFINITIONAL_REPRESENTATION('',(#11321),#11324);
#11321 = B_SPLINE_CURVE_WITH_KNOTS('',1,(#11322,#11323),.UNSPECIFIED.,
  .F.,.F.,(2,2),(-0.61813857308,0.205737345976),
  .PIECEWISE_BEZIER_KNOTS.);
#11322 = CARTESIAN_POINT('',(-9.323591931736,-0.550334934806));
#11323 = CARTESIAN_POINT('',(-9.238778456627,-1.369833686751));
#11324 = ( GEOMETRIC_REPRESENTATION_CONTEXT(2) 
PARAMETRIC_REPRESENTATION_CONTEXT() REPRESENTATION_CONTEXT('2D SPACE',''
  ) );
#11325 = ORIENTED_EDGE('',*,*,#11234,.T.);
#11326 = ORIENTED_EDGE('',*,*,#5165,.T.);
#11327 = ORIENTED_EDGE('',*,*,#11328,.F.);
#11328 = EDGE_CURVE('',#11306,#5166,#11329,.T.);
#11329 = SURFACE_CURVE('',#11330,(#11334,#11341),.PCURVE_S1.);
#11330 = LINE('',#11331,#11332);
#11331 = CARTESIAN_POINT('',(-9.323591931736,-0.550334934806,12.2704));
#11332 = VECTOR('',#11333,1.);
#11333 = DIRECTION('',(0.,0.,1.));
#11334 = PCURVE('',#5181,#11335);
#11335 = DEFINITIONAL_REPRESENTATION('',(#11336),#11340);
#11336 = LINE('',#11337,#11338);
#11337 = CARTESIAN_POINT('',(0.823875919056,0.));
#11338 = VECTOR('',#11339,1.);
#11339 = DIRECTION('',(0.,-1.));
#11340 = ( GEOMETRIC_REPRESENTATION_CONTEXT(2) 
PARAMETRIC_REPRESENTATION_CONTEXT() REPRESENTATION_CONTEXT('2D SPACE',''
  ) );
#11341 = PCURVE('',#5209,#11342);
#11342 = DEFINITIONAL_REPRESENTATION('',(#11343),#11347);
#11343 = LINE('',#11344,#11345);
#11344 = CARTESIAN_POINT('',(0.,0.));
#11345 = VECTOR('',#11346,1.);
#11346 = DIRECTION('',(0.,-1.));
#11347 = ( GEOMETRIC_REPRESENTATION_CONTEXT(2) 
PARAMETRIC_REPRESENTATION_CONTEXT() REPRESENTATION_CONTEXT('2D SPACE',''
  ) );
#11348 = ADVANCED_FACE('',(#11349),#5573,.F.);
#11349 = FACE_BOUND('',#11350,.F.);
#11350 = EDGE_LOOP('',(#11351,#11372,#11393,#11394));
#11351 = ORIENTED_EDGE('',*,*,#11352,.T.);
#11352 = EDGE_CURVE('',#11259,#11353,#11355,.T.);
#11353 = VERTEX_POINT('',#11354);
#11354 = CARTESIAN_POINT('',(-4.33440024348,8.273198557953,12.3204));
#11355 = SURFACE_CURVE('',#11356,(#11360,#11366),.PCURVE_S1.);
#11356 = LINE('',#11357,#11358);
#11357 = CARTESIAN_POINT('',(-4.147996560472,8.360610204833,12.3204));
#11358 = VECTOR('',#11359,1.);
#11359 = DIRECTION('',(-0.90539374115,-0.424572930705,0.));
#11360 = PCURVE('',#5573,#11361);
#11361 = DEFINITIONAL_REPRESENTATION('',(#11362),#11365);
#11362 = B_SPLINE_CURVE_WITH_KNOTS('',1,(#11363,#11364),.UNSPECIFIED.,
  .F.,.F.,(2,2),(-0.61799729696,0.205881347017),
  .PIECEWISE_BEZIER_KNOTS.);
#11363 = CARTESIAN_POINT('',(0.823878643976,-5.E-02));
#11364 = CARTESIAN_POINT('',(0.,-5.E-02));
#11365 = ( GEOMETRIC_REPRESENTATION_CONTEXT(2) 
PARAMETRIC_REPRESENTATION_CONTEXT() REPRESENTATION_CONTEXT('2D SPACE',''
  ) );
#11366 = PCURVE('',#8663,#11367);
#11367 = DEFINITIONAL_REPRESENTATION('',(#11368),#11371);
#11368 = B_SPLINE_CURVE_WITH_KNOTS('',1,(#11369,#11370),.UNSPECIFIED.,
  .F.,.F.,(2,2),(-0.61799729696,0.205881347017),
  .PIECEWISE_BEZIER_KNOTS.);
#11369 = CARTESIAN_POINT('',(-3.588465675758,8.622995128371));
#11370 = CARTESIAN_POINT('',(-4.33440024348,8.273198557953));
#11371 = ( GEOMETRIC_REPRESENTATION_CONTEXT(2) 
PARAMETRIC_REPRESENTATION_CONTEXT() REPRESENTATION_CONTEXT('2D SPACE',''
  ) );
#11372 = ORIENTED_EDGE('',*,*,#11373,.T.);
#11373 = EDGE_CURVE('',#11353,#5530,#11374,.T.);
#11374 = SURFACE_CURVE('',#11375,(#11379,#11386),.PCURVE_S1.);
#11375 = LINE('',#11376,#11377);
#11376 = CARTESIAN_POINT('',(-4.33440024348,8.273198557953,12.2704));
#11377 = VECTOR('',#11378,1.);
#11378 = DIRECTION('',(0.,0.,1.));
#11379 = PCURVE('',#5573,#11380);
#11380 = DEFINITIONAL_REPRESENTATION('',(#11381),#11385);
#11381 = LINE('',#11382,#11383);
#11382 = CARTESIAN_POINT('',(0.,0.));
#11383 = VECTOR('',#11384,1.);
#11384 = DIRECTION('',(0.,-1.));
#11385 = ( GEOMETRIC_REPRESENTATION_CONTEXT(2) 
PARAMETRIC_REPRESENTATION_CONTEXT() REPRESENTATION_CONTEXT('2D SPACE',''
  ) );
#11386 = PCURVE('',#5545,#11387);
#11387 = DEFINITIONAL_REPRESENTATION('',(#11388),#11392);
#11388 = LINE('',#11389,#11390);
#11389 = CARTESIAN_POINT('',(0.823889027722,0.));
#11390 = VECTOR('',#11391,1.);
#11391 = DIRECTION('',(0.,-1.));
#11392 = ( GEOMETRIC_REPRESENTATION_CONTEXT(2) 
PARAMETRIC_REPRESENTATION_CONTEXT() REPRESENTATION_CONTEXT('2D SPACE',''
  ) );
#11393 = ORIENTED_EDGE('',*,*,#5557,.T.);
#11394 = ORIENTED_EDGE('',*,*,#11279,.F.);
#11395 = ADVANCED_FACE('',(#11396),#5209,.F.);
#11396 = FACE_BOUND('',#11397,.F.);
#11397 = EDGE_LOOP('',(#11398,#11419,#11420,#11421));
#11398 = ORIENTED_EDGE('',*,*,#11399,.T.);
#11399 = EDGE_CURVE('',#11400,#11306,#11402,.T.);
#11400 = VERTEX_POINT('',#11401);
#11401 = CARTESIAN_POINT('',(-9.335787664835,0.273541435831,12.3204));
#11402 = SURFACE_CURVE('',#11403,(#11407,#11413),.PCURVE_S1.);
#11403 = LINE('',#11404,#11405);
#11404 = CARTESIAN_POINT('',(-9.326643015275,-0.344220582154,12.3204));
#11405 = VECTOR('',#11406,1.);
#11406 = DIRECTION('',(1.480124635042E-02,-0.999890455553,0.));
#11407 = PCURVE('',#5209,#11408);
#11408 = DEFINITIONAL_REPRESENTATION('',(#11409),#11412);
#11409 = B_SPLINE_CURVE_WITH_KNOTS('',1,(#11410,#11411),.UNSPECIFIED.,
  .F.,.F.,(2,2),(-0.617829697797,0.206136933809),
  .PIECEWISE_BEZIER_KNOTS.);
#11410 = CARTESIAN_POINT('',(0.823966631606,-5.E-02));
#11411 = CARTESIAN_POINT('',(0.,-5.E-02));
#11412 = ( GEOMETRIC_REPRESENTATION_CONTEXT(2) 
PARAMETRIC_REPRESENTATION_CONTEXT() REPRESENTATION_CONTEXT('2D SPACE',''
  ) );
#11413 = PCURVE('',#8663,#11414);
#11414 = DEFINITIONAL_REPRESENTATION('',(#11415),#11418);
#11415 = B_SPLINE_CURVE_WITH_KNOTS('',1,(#11416,#11417),.UNSPECIFIED.,
  .F.,.F.,(2,2),(-0.617829697797,0.206136933809),
  .PIECEWISE_BEZIER_KNOTS.);
#11416 = CARTESIAN_POINT('',(-9.335787664835,0.273541435831));
#11417 = CARTESIAN_POINT('',(-9.323591931736,-0.550334934806));
#11418 = ( GEOMETRIC_REPRESENTATION_CONTEXT(2) 
PARAMETRIC_REPRESENTATION_CONTEXT() REPRESENTATION_CONTEXT('2D SPACE',''
  ) );
#11419 = ORIENTED_EDGE('',*,*,#11328,.T.);
#11420 = ORIENTED_EDGE('',*,*,#5193,.T.);
#11421 = ORIENTED_EDGE('',*,*,#11422,.F.);
#11422 = EDGE_CURVE('',#11400,#5194,#11423,.T.);
#11423 = SURFACE_CURVE('',#11424,(#11428,#11435),.PCURVE_S1.);
#11424 = LINE('',#11425,#11426);
#11425 = CARTESIAN_POINT('',(-9.335787664835,0.273541435831,12.2704));
#11426 = VECTOR('',#11427,1.);
#11427 = DIRECTION('',(0.,0.,1.));
#11428 = PCURVE('',#5209,#11429);
#11429 = DEFINITIONAL_REPRESENTATION('',(#11430),#11434);
#11430 = LINE('',#11431,#11432);
#11431 = CARTESIAN_POINT('',(0.823966631606,0.));
#11432 = VECTOR('',#11433,1.);
#11433 = DIRECTION('',(0.,-1.));
#11434 = ( GEOMETRIC_REPRESENTATION_CONTEXT(2) 
PARAMETRIC_REPRESENTATION_CONTEXT() REPRESENTATION_CONTEXT('2D SPACE',''
  ) );
#11435 = PCURVE('',#5237,#11436);
#11436 = DEFINITIONAL_REPRESENTATION('',(#11437),#11441);
#11437 = LINE('',#11438,#11439);
#11438 = CARTESIAN_POINT('',(0.,0.));
#11439 = VECTOR('',#11440,1.);
#11440 = DIRECTION('',(0.,-1.));
#11441 = ( GEOMETRIC_REPRESENTATION_CONTEXT(2) 
PARAMETRIC_REPRESENTATION_CONTEXT() REPRESENTATION_CONTEXT('2D SPACE',''
  ) );
#11442 = ADVANCED_FACE('',(#11443),#5545,.F.);
#11443 = FACE_BOUND('',#11444,.F.);
#11444 = EDGE_LOOP('',(#11445,#11466,#11487,#11488));
#11445 = ORIENTED_EDGE('',*,*,#11446,.T.);
#11446 = EDGE_CURVE('',#11353,#11447,#11449,.T.);
#11447 = VERTEX_POINT('',#11448);
#11448 = CARTESIAN_POINT('',(-5.046610851411,7.859013599328,12.3204));
#11449 = SURFACE_CURVE('',#11450,(#11454,#11460),.PCURVE_S1.);
#11450 = LINE('',#11451,#11452);
#11451 = CARTESIAN_POINT('',(-4.868679912815,7.962489056755,12.3204));
#11452 = VECTOR('',#11453,1.);
#11453 = DIRECTION('',(-0.864449681895,-0.502719352594,0.));
#11454 = PCURVE('',#5545,#11455);
#11455 = DEFINITIONAL_REPRESENTATION('',(#11456),#11459);
#11456 = B_SPLINE_CURVE_WITH_KNOTS('',1,(#11457,#11458),.UNSPECIFIED.,
  .F.,.F.,(2,2),(-0.618057569486,0.205831458235),
  .PIECEWISE_BEZIER_KNOTS.);
#11457 = CARTESIAN_POINT('',(0.823889027722,-5.E-02));
#11458 = CARTESIAN_POINT('',(0.,-5.E-02));
#11459 = ( GEOMETRIC_REPRESENTATION_CONTEXT(2) 
PARAMETRIC_REPRESENTATION_CONTEXT() REPRESENTATION_CONTEXT('2D SPACE',''
  ) );
#11460 = PCURVE('',#8663,#11461);
#11461 = DEFINITIONAL_REPRESENTATION('',(#11462),#11465);
#11462 = B_SPLINE_CURVE_WITH_KNOTS('',1,(#11463,#11464),.UNSPECIFIED.,
  .F.,.F.,(2,2),(-0.618057569486,0.205831458235),
  .PIECEWISE_BEZIER_KNOTS.);
#11463 = CARTESIAN_POINT('',(-4.33440024348,8.273198557953));
#11464 = CARTESIAN_POINT('',(-5.046610851411,7.859013599328));
#11465 = ( GEOMETRIC_REPRESENTATION_CONTEXT(2) 
PARAMETRIC_REPRESENTATION_CONTEXT() REPRESENTATION_CONTEXT('2D SPACE',''
  ) );
#11466 = ORIENTED_EDGE('',*,*,#11467,.T.);
#11467 = EDGE_CURVE('',#11447,#5502,#11468,.T.);
#11468 = SURFACE_CURVE('',#11469,(#11473,#11480),.PCURVE_S1.);
#11469 = LINE('',#11470,#11471);
#11470 = CARTESIAN_POINT('',(-5.046610851411,7.859013599328,12.2704));
#11471 = VECTOR('',#11472,1.);
#11472 = DIRECTION('',(0.,0.,1.));
#11473 = PCURVE('',#5545,#11474);
#11474 = DEFINITIONAL_REPRESENTATION('',(#11475),#11479);
#11475 = LINE('',#11476,#11477);
#11476 = CARTESIAN_POINT('',(0.,0.));
#11477 = VECTOR('',#11478,1.);
#11478 = DIRECTION('',(0.,-1.));
#11479 = ( GEOMETRIC_REPRESENTATION_CONTEXT(2) 
PARAMETRIC_REPRESENTATION_CONTEXT() REPRESENTATION_CONTEXT('2D SPACE',''
  ) );
#11480 = PCURVE('',#5517,#11481);
#11481 = DEFINITIONAL_REPRESENTATION('',(#11482),#11486);
#11482 = LINE('',#11483,#11484);
#11483 = CARTESIAN_POINT('',(0.823994101921,0.));
#11484 = VECTOR('',#11485,1.);
#11485 = DIRECTION('',(0.,-1.));
#11486 = ( GEOMETRIC_REPRESENTATION_CONTEXT(2) 
PARAMETRIC_REPRESENTATION_CONTEXT() REPRESENTATION_CONTEXT('2D SPACE',''
  ) );
#11487 = ORIENTED_EDGE('',*,*,#5529,.T.);
#11488 = ORIENTED_EDGE('',*,*,#11373,.F.);
#11489 = ADVANCED_FACE('',(#11490),#5237,.F.);
#11490 = FACE_BOUND('',#11491,.F.);
#11491 = EDGE_LOOP('',(#11492,#11513,#11514,#11515));
#11492 = ORIENTED_EDGE('',*,*,#11493,.T.);
#11493 = EDGE_CURVE('',#11494,#11400,#11496,.T.);
#11494 = VERTEX_POINT('',#11495);
#11495 = CARTESIAN_POINT('',(-9.275357772092,1.095209080358,12.3204));
#11496 = SURFACE_CURVE('',#11497,(#11501,#11507),.PCURVE_S1.);
#11497 = LINE('',#11498,#11499);
#11498 = CARTESIAN_POINT('',(-9.320679935477,0.478961830147,12.3204));
#11499 = VECTOR('',#11500,1.);
#11500 = DIRECTION('',(-7.334732316735E-02,-0.997306457507,0.));
#11501 = PCURVE('',#5237,#11502);
#11502 = DEFINITIONAL_REPRESENTATION('',(#11503),#11506);
#11503 = B_SPLINE_CURVE_WITH_KNOTS('',1,(#11504,#11505),.UNSPECIFIED.,
  .F.,.F.,(2,2),(-0.617911621421,0.205975197262),
  .PIECEWISE_BEZIER_KNOTS.);
#11504 = CARTESIAN_POINT('',(0.823886818683,-5.E-02));
#11505 = CARTESIAN_POINT('',(0.,-5.E-02));
#11506 = ( GEOMETRIC_REPRESENTATION_CONTEXT(2) 
PARAMETRIC_REPRESENTATION_CONTEXT() REPRESENTATION_CONTEXT('2D SPACE',''
  ) );
#11507 = PCURVE('',#8663,#11508);
#11508 = DEFINITIONAL_REPRESENTATION('',(#11509),#11512);
#11509 = B_SPLINE_CURVE_WITH_KNOTS('',1,(#11510,#11511),.UNSPECIFIED.,
  .F.,.F.,(2,2),(-0.617911621421,0.205975197262),
  .PIECEWISE_BEZIER_KNOTS.);
#11510 = CARTESIAN_POINT('',(-9.275357772092,1.095209080358));
#11511 = CARTESIAN_POINT('',(-9.335787664835,0.273541435831));
#11512 = ( GEOMETRIC_REPRESENTATION_CONTEXT(2) 
PARAMETRIC_REPRESENTATION_CONTEXT() REPRESENTATION_CONTEXT('2D SPACE',''
  ) );
#11513 = ORIENTED_EDGE('',*,*,#11422,.T.);
#11514 = ORIENTED_EDGE('',*,*,#5221,.T.);
#11515 = ORIENTED_EDGE('',*,*,#11516,.F.);
#11516 = EDGE_CURVE('',#11494,#5222,#11517,.T.);
#11517 = SURFACE_CURVE('',#11518,(#11522,#11529),.PCURVE_S1.);
#11518 = LINE('',#11519,#11520);
#11519 = CARTESIAN_POINT('',(-9.275357772092,1.095209080358,12.2704));
#11520 = VECTOR('',#11521,1.);
#11521 = DIRECTION('',(0.,0.,1.));
#11522 = PCURVE('',#5237,#11523);
#11523 = DEFINITIONAL_REPRESENTATION('',(#11524),#11528);
#11524 = LINE('',#11525,#11526);
#11525 = CARTESIAN_POINT('',(0.823886818683,0.));
#11526 = VECTOR('',#11527,1.);
#11527 = DIRECTION('',(0.,-1.));
#11528 = ( GEOMETRIC_REPRESENTATION_CONTEXT(2) 
PARAMETRIC_REPRESENTATION_CONTEXT() REPRESENTATION_CONTEXT('2D SPACE',''
  ) );
#11529 = PCURVE('',#5265,#11530);
#11530 = DEFINITIONAL_REPRESENTATION('',(#11531),#11535);
#11531 = LINE('',#11532,#11533);
#11532 = CARTESIAN_POINT('',(0.,0.));
#11533 = VECTOR('',#11534,1.);
#11534 = DIRECTION('',(0.,-1.));
#11535 = ( GEOMETRIC_REPRESENTATION_CONTEXT(2) 
PARAMETRIC_REPRESENTATION_CONTEXT() REPRESENTATION_CONTEXT('2D SPACE',''
  ) );
#11536 = ADVANCED_FACE('',(#11537),#5517,.F.);
#11537 = FACE_BOUND('',#11538,.F.);
#11538 = EDGE_LOOP('',(#11539,#11560,#11581,#11582));
#11539 = ORIENTED_EDGE('',*,*,#11540,.T.);
#11540 = EDGE_CURVE('',#11447,#11541,#11543,.T.);
#11541 = VERTEX_POINT('',#11542);
#11542 = CARTESIAN_POINT('',(-5.719662820797,7.383653392216,12.3204));
#11543 = SURFACE_CURVE('',#11544,(#11548,#11554),.PCURVE_S1.);
#11544 = LINE('',#11545,#11546);
#11545 = CARTESIAN_POINT('',(-5.55127483679,7.502581722559,12.3204));
#11546 = VECTOR('',#11547,1.);
#11547 = DIRECTION('',(-0.81681648912,-0.576897584586,0.));
#11548 = PCURVE('',#5517,#11549);
#11549 = DEFINITIONAL_REPRESENTATION('',(#11550),#11553);
#11550 = B_SPLINE_CURVE_WITH_KNOTS('',1,(#11551,#11552),.UNSPECIFIED.,
  .F.,.F.,(2,2),(-0.617842553501,0.20615154842),
  .PIECEWISE_BEZIER_KNOTS.);
#11551 = CARTESIAN_POINT('',(0.823994101921,-5.E-02));
#11552 = CARTESIAN_POINT('',(0.,-5.E-02));
#11553 = ( GEOMETRIC_REPRESENTATION_CONTEXT(2) 
PARAMETRIC_REPRESENTATION_CONTEXT() REPRESENTATION_CONTEXT('2D SPACE',''
  ) );
#11554 = PCURVE('',#8663,#11555);
#11555 = DEFINITIONAL_REPRESENTATION('',(#11556),#11559);
#11556 = B_SPLINE_CURVE_WITH_KNOTS('',1,(#11557,#11558),.UNSPECIFIED.,
  .F.,.F.,(2,2),(-0.617842553501,0.20615154842),
  .PIECEWISE_BEZIER_KNOTS.);
#11557 = CARTESIAN_POINT('',(-5.046610851411,7.859013599328));
#11558 = CARTESIAN_POINT('',(-5.719662820797,7.383653392216));
#11559 = ( GEOMETRIC_REPRESENTATION_CONTEXT(2) 
PARAMETRIC_REPRESENTATION_CONTEXT() REPRESENTATION_CONTEXT('2D SPACE',''
  ) );
#11560 = ORIENTED_EDGE('',*,*,#11561,.T.);
#11561 = EDGE_CURVE('',#11541,#5474,#11562,.T.);
#11562 = SURFACE_CURVE('',#11563,(#11567,#11574),.PCURVE_S1.);
#11563 = LINE('',#11564,#11565);
#11564 = CARTESIAN_POINT('',(-5.719662820797,7.383653392216,12.2704));
#11565 = VECTOR('',#11566,1.);
#11566 = DIRECTION('',(0.,0.,1.));
#11567 = PCURVE('',#5517,#11568);
#11568 = DEFINITIONAL_REPRESENTATION('',(#11569),#11573);
#11569 = LINE('',#11570,#11571);
#11570 = CARTESIAN_POINT('',(0.,0.));
#11571 = VECTOR('',#11572,1.);
#11572 = DIRECTION('',(0.,-1.));
#11573 = ( GEOMETRIC_REPRESENTATION_CONTEXT(2) 
PARAMETRIC_REPRESENTATION_CONTEXT() REPRESENTATION_CONTEXT('2D SPACE',''
  ) );
#11574 = PCURVE('',#5489,#11575);
#11575 = DEFINITIONAL_REPRESENTATION('',(#11576),#11580);
#11576 = LINE('',#11577,#11578);
#11577 = CARTESIAN_POINT('',(0.823849622201,0.));
#11578 = VECTOR('',#11579,1.);
#11579 = DIRECTION('',(0.,-1.));
#11580 = ( GEOMETRIC_REPRESENTATION_CONTEXT(2) 
PARAMETRIC_REPRESENTATION_CONTEXT() REPRESENTATION_CONTEXT('2D SPACE',''
  ) );
#11581 = ORIENTED_EDGE('',*,*,#5501,.T.);
#11582 = ORIENTED_EDGE('',*,*,#11467,.F.);
#11583 = ADVANCED_FACE('',(#11584),#5265,.F.);
#11584 = FACE_BOUND('',#11585,.F.);
#11585 = EDGE_LOOP('',(#11586,#11607,#11608,#11609));
#11586 = ORIENTED_EDGE('',*,*,#11587,.T.);
#11587 = EDGE_CURVE('',#11588,#11494,#11590,.T.);
#11588 = VERTEX_POINT('',#11589);
#11589 = CARTESIAN_POINT('',(-9.142813984916,1.908381653974,12.3204));
#11590 = SURFACE_CURVE('',#11591,(#11595,#11601),.PCURVE_S1.);
#11591 = LINE('',#11592,#11593);
#11592 = CARTESIAN_POINT('',(-9.242281543151,1.298135847326,12.3204));
#11593 = VECTOR('',#11594,1.);
#11594 = DIRECTION('',(-0.160872889996,-0.986975133053,0.));
#11595 = PCURVE('',#5265,#11596);
#11596 = DEFINITIONAL_REPRESENTATION('',(#11597),#11600);
#11597 = B_SPLINE_CURVE_WITH_KNOTS('',1,(#11598,#11599),.UNSPECIFIED.,
  .F.,.F.,(2,2),(-0.618299069766,0.205604741368),
  .PIECEWISE_BEZIER_KNOTS.);
#11598 = CARTESIAN_POINT('',(0.823903811133,-5.E-02));
#11599 = CARTESIAN_POINT('',(0.,-5.E-02));
#11600 = ( GEOMETRIC_REPRESENTATION_CONTEXT(2) 
PARAMETRIC_REPRESENTATION_CONTEXT() REPRESENTATION_CONTEXT('2D SPACE',''
  ) );
#11601 = PCURVE('',#8663,#11602);
#11602 = DEFINITIONAL_REPRESENTATION('',(#11603),#11606);
#11603 = B_SPLINE_CURVE_WITH_KNOTS('',1,(#11604,#11605),.UNSPECIFIED.,
  .F.,.F.,(2,2),(-0.618299069766,0.205604741368),
  .PIECEWISE_BEZIER_KNOTS.);
#11604 = CARTESIAN_POINT('',(-9.142813984916,1.908381653974));
#11605 = CARTESIAN_POINT('',(-9.275357772092,1.095209080358));
#11606 = ( GEOMETRIC_REPRESENTATION_CONTEXT(2) 
PARAMETRIC_REPRESENTATION_CONTEXT() REPRESENTATION_CONTEXT('2D SPACE',''
  ) );
#11607 = ORIENTED_EDGE('',*,*,#11516,.T.);
#11608 = ORIENTED_EDGE('',*,*,#5249,.T.);
#11609 = ORIENTED_EDGE('',*,*,#11610,.F.);
#11610 = EDGE_CURVE('',#11588,#5250,#11611,.T.);
#11611 = SURFACE_CURVE('',#11612,(#11616,#11623),.PCURVE_S1.);
#11612 = LINE('',#11613,#11614);
#11613 = CARTESIAN_POINT('',(-9.142813984916,1.908381653974,12.2704));
#11614 = VECTOR('',#11615,1.);
#11615 = DIRECTION('',(0.,0.,1.));
#11616 = PCURVE('',#5265,#11617);
#11617 = DEFINITIONAL_REPRESENTATION('',(#11618),#11622);
#11618 = LINE('',#11619,#11620);
#11619 = CARTESIAN_POINT('',(0.823903811133,0.));
#11620 = VECTOR('',#11621,1.);
#11621 = DIRECTION('',(0.,-1.));
#11622 = ( GEOMETRIC_REPRESENTATION_CONTEXT(2) 
PARAMETRIC_REPRESENTATION_CONTEXT() REPRESENTATION_CONTEXT('2D SPACE',''
  ) );
#11623 = PCURVE('',#5293,#11624);
#11624 = DEFINITIONAL_REPRESENTATION('',(#11625),#11629);
#11625 = LINE('',#11626,#11627);
#11626 = CARTESIAN_POINT('',(0.,0.));
#11627 = VECTOR('',#11628,1.);
#11628 = DIRECTION('',(0.,-1.));
#11629 = ( GEOMETRIC_REPRESENTATION_CONTEXT(2) 
PARAMETRIC_REPRESENTATION_CONTEXT() REPRESENTATION_CONTEXT('2D SPACE',''
  ) );
#11630 = ADVANCED_FACE('',(#11631),#5489,.F.);
#11631 = FACE_BOUND('',#11632,.F.);
#11632 = EDGE_LOOP('',(#11633,#11654,#11675,#11676));
#11633 = ORIENTED_EDGE('',*,*,#11634,.T.);
#11634 = EDGE_CURVE('',#11541,#11635,#11637,.T.);
#11635 = VERTEX_POINT('',#11636);
#11636 = CARTESIAN_POINT('',(-6.348044677969,6.850864089041,12.3204));
#11637 = SURFACE_CURVE('',#11638,(#11642,#11648),.PCURVE_S1.);
#11638 = LINE('',#11639,#11640);
#11639 = CARTESIAN_POINT('',(-6.191150626366,6.983890642038,12.3204));
#11640 = VECTOR('',#11641,1.);
#11641 = DIRECTION('',(-0.762738538974,-0.646706982461,0.));
#11642 = PCURVE('',#5489,#11643);
#11643 = DEFINITIONAL_REPRESENTATION('',(#11644),#11647);
#11644 = B_SPLINE_CURVE_WITH_KNOTS('',1,(#11645,#11646),.UNSPECIFIED.,
  .F.,.F.,(2,2),(-0.618151281832,0.205698340369),
  .PIECEWISE_BEZIER_KNOTS.);
#11645 = CARTESIAN_POINT('',(0.823849622201,-5.E-02));
#11646 = CARTESIAN_POINT('',(0.,-5.E-02));
#11647 = ( GEOMETRIC_REPRESENTATION_CONTEXT(2) 
PARAMETRIC_REPRESENTATION_CONTEXT() REPRESENTATION_CONTEXT('2D SPACE',''
  ) );
#11648 = PCURVE('',#8663,#11649);
#11649 = DEFINITIONAL_REPRESENTATION('',(#11650),#11653);
#11650 = B_SPLINE_CURVE_WITH_KNOTS('',1,(#11651,#11652),.UNSPECIFIED.,
  .F.,.F.,(2,2),(-0.618151281832,0.205698340369),
  .PIECEWISE_BEZIER_KNOTS.);
#11651 = CARTESIAN_POINT('',(-5.719662820797,7.383653392216));
#11652 = CARTESIAN_POINT('',(-6.348044677969,6.850864089041));
#11653 = ( GEOMETRIC_REPRESENTATION_CONTEXT(2) 
PARAMETRIC_REPRESENTATION_CONTEXT() REPRESENTATION_CONTEXT('2D SPACE',''
  ) );
#11654 = ORIENTED_EDGE('',*,*,#11655,.T.);
#11655 = EDGE_CURVE('',#11635,#5446,#11656,.T.);
#11656 = SURFACE_CURVE('',#11657,(#11661,#11668),.PCURVE_S1.);
#11657 = LINE('',#11658,#11659);
#11658 = CARTESIAN_POINT('',(-6.348044677969,6.850864089041,12.2704));
#11659 = VECTOR('',#11660,1.);
#11660 = DIRECTION('',(0.,0.,1.));
#11661 = PCURVE('',#5489,#11662);
#11662 = DEFINITIONAL_REPRESENTATION('',(#11663),#11667);
#11663 = LINE('',#11664,#11665);
#11664 = CARTESIAN_POINT('',(0.,0.));
#11665 = VECTOR('',#11666,1.);
#11666 = DIRECTION('',(0.,-1.));
#11667 = ( GEOMETRIC_REPRESENTATION_CONTEXT(2) 
PARAMETRIC_REPRESENTATION_CONTEXT() REPRESENTATION_CONTEXT('2D SPACE',''
  ) );
#11668 = PCURVE('',#5461,#11669);
#11669 = DEFINITIONAL_REPRESENTATION('',(#11670),#11674);
#11670 = LINE('',#11671,#11672);
#11671 = CARTESIAN_POINT('',(0.823892571881,0.));
#11672 = VECTOR('',#11673,1.);
#11673 = DIRECTION('',(0.,-1.));
#11674 = ( GEOMETRIC_REPRESENTATION_CONTEXT(2) 
PARAMETRIC_REPRESENTATION_CONTEXT() REPRESENTATION_CONTEXT('2D SPACE',''
  ) );
#11675 = ORIENTED_EDGE('',*,*,#5473,.T.);
#11676 = ORIENTED_EDGE('',*,*,#11561,.F.);
#11677 = ADVANCED_FACE('',(#11678),#5293,.F.);
#11678 = FACE_BOUND('',#11679,.F.);
#11679 = EDGE_LOOP('',(#11680,#11701,#11702,#11703));
#11680 = ORIENTED_EDGE('',*,*,#11681,.T.);
#11681 = EDGE_CURVE('',#11682,#11588,#11684,.T.);
#11682 = VERTEX_POINT('',#11683);
#11683 = CARTESIAN_POINT('',(-8.939077842339,2.706663004256,12.3204));
#11684 = SURFACE_CURVE('',#11685,(#11689,#11695),.PCURVE_S1.);
#11685 = LINE('',#11686,#11687);
#11686 = CARTESIAN_POINT('',(-9.091892645232,2.107902246084,12.3204));
#11687 = VECTOR('',#11688,1.);
#11688 = DIRECTION('',(-0.247291659645,-0.968941089577,0.));
#11689 = PCURVE('',#5293,#11690);
#11690 = DEFINITIONAL_REPRESENTATION('',(#11691),#11694);
#11691 = B_SPLINE_CURVE_WITH_KNOTS('',1,(#11692,#11693),.UNSPECIFIED.,
  .F.,.F.,(2,2),(-0.617953727645,0.205916122513),
  .PIECEWISE_BEZIER_KNOTS.);
#11692 = CARTESIAN_POINT('',(0.823869850158,-5.E-02));
#11693 = CARTESIAN_POINT('',(0.,-5.E-02));
#11694 = ( GEOMETRIC_REPRESENTATION_CONTEXT(2) 
PARAMETRIC_REPRESENTATION_CONTEXT() REPRESENTATION_CONTEXT('2D SPACE',''
  ) );
#11695 = PCURVE('',#8663,#11696);
#11696 = DEFINITIONAL_REPRESENTATION('',(#11697),#11700);
#11697 = B_SPLINE_CURVE_WITH_KNOTS('',1,(#11698,#11699),.UNSPECIFIED.,
  .F.,.F.,(2,2),(-0.617953727645,0.205916122513),
  .PIECEWISE_BEZIER_KNOTS.);
#11698 = CARTESIAN_POINT('',(-8.939077842339,2.706663004256));
#11699 = CARTESIAN_POINT('',(-9.142813984916,1.908381653974));
#11700 = ( GEOMETRIC_REPRESENTATION_CONTEXT(2) 
PARAMETRIC_REPRESENTATION_CONTEXT() REPRESENTATION_CONTEXT('2D SPACE',''
  ) );
#11701 = ORIENTED_EDGE('',*,*,#11610,.T.);
#11702 = ORIENTED_EDGE('',*,*,#5277,.T.);
#11703 = ORIENTED_EDGE('',*,*,#11704,.F.);
#11704 = EDGE_CURVE('',#11682,#5278,#11705,.T.);
#11705 = SURFACE_CURVE('',#11706,(#11710,#11717),.PCURVE_S1.);
#11706 = LINE('',#11707,#11708);
#11707 = CARTESIAN_POINT('',(-8.939077842339,2.706663004256,12.2704));
#11708 = VECTOR('',#11709,1.);
#11709 = DIRECTION('',(0.,0.,1.));
#11710 = PCURVE('',#5293,#11711);
#11711 = DEFINITIONAL_REPRESENTATION('',(#11712),#11716);
#11712 = LINE('',#11713,#11714);
#11713 = CARTESIAN_POINT('',(0.823869850158,0.));
#11714 = VECTOR('',#11715,1.);
#11715 = DIRECTION('',(0.,-1.));
#11716 = ( GEOMETRIC_REPRESENTATION_CONTEXT(2) 
PARAMETRIC_REPRESENTATION_CONTEXT() REPRESENTATION_CONTEXT('2D SPACE',''
  ) );
#11717 = PCURVE('',#5321,#11718);
#11718 = DEFINITIONAL_REPRESENTATION('',(#11719),#11723);
#11719 = LINE('',#11720,#11721);
#11720 = CARTESIAN_POINT('',(0.,0.));
#11721 = VECTOR('',#11722,1.);
#11722 = DIRECTION('',(0.,-1.));
#11723 = ( GEOMETRIC_REPRESENTATION_CONTEXT(2) 
PARAMETRIC_REPRESENTATION_CONTEXT() REPRESENTATION_CONTEXT('2D SPACE',''
  ) );
#11724 = ADVANCED_FACE('',(#11725),#5461,.F.);
#11725 = FACE_BOUND('',#11726,.F.);
#11726 = EDGE_LOOP('',(#11727,#11748,#11769,#11770));
#11727 = ORIENTED_EDGE('',*,*,#11728,.T.);
#11728 = EDGE_CURVE('',#11635,#11729,#11731,.T.);
#11729 = VERTEX_POINT('',#11730);
#11730 = CARTESIAN_POINT('',(-6.927074372117,6.264755239685,12.3204));
#11731 = SURFACE_CURVE('',#11732,(#11736,#11742),.PCURVE_S1.);
#11732 = LINE('',#11733,#11734);
#11733 = CARTESIAN_POINT('',(-6.782421961848,6.411176154875,12.3204));
#11734 = VECTOR('',#11735,1.);
#11735 = DIRECTION('',(-0.702797565982,-0.711389893975,0.));
#11736 = PCURVE('',#5461,#11737);
#11737 = DEFINITIONAL_REPRESENTATION('',(#11738),#11741);
#11738 = B_SPLINE_CURVE_WITH_KNOTS('',1,(#11739,#11740),.UNSPECIFIED.,
  .F.,.F.,(2,2),(-0.618068850697,0.205823721184),
  .PIECEWISE_BEZIER_KNOTS.);
#11739 = CARTESIAN_POINT('',(0.823892571881,-5.E-02));
#11740 = CARTESIAN_POINT('',(0.,-5.E-02));
#11741 = ( GEOMETRIC_REPRESENTATION_CONTEXT(2) 
PARAMETRIC_REPRESENTATION_CONTEXT() REPRESENTATION_CONTEXT('2D SPACE',''
  ) );
#11742 = PCURVE('',#8663,#11743);
#11743 = DEFINITIONAL_REPRESENTATION('',(#11744),#11747);
#11744 = B_SPLINE_CURVE_WITH_KNOTS('',1,(#11745,#11746),.UNSPECIFIED.,
  .F.,.F.,(2,2),(-0.618068850697,0.205823721184),
  .PIECEWISE_BEZIER_KNOTS.);
#11745 = CARTESIAN_POINT('',(-6.348044677969,6.850864089041));
#11746 = CARTESIAN_POINT('',(-6.927074372117,6.264755239685));
#11747 = ( GEOMETRIC_REPRESENTATION_CONTEXT(2) 
PARAMETRIC_REPRESENTATION_CONTEXT() REPRESENTATION_CONTEXT('2D SPACE',''
  ) );
#11748 = ORIENTED_EDGE('',*,*,#11749,.T.);
#11749 = EDGE_CURVE('',#11729,#5418,#11750,.T.);
#11750 = SURFACE_CURVE('',#11751,(#11755,#11762),.PCURVE_S1.);
#11751 = LINE('',#11752,#11753);
#11752 = CARTESIAN_POINT('',(-6.927074372117,6.264755239685,12.2704));
#11753 = VECTOR('',#11754,1.);
#11754 = DIRECTION('',(0.,0.,1.));
#11755 = PCURVE('',#5461,#11756);
#11756 = DEFINITIONAL_REPRESENTATION('',(#11757),#11761);
#11757 = LINE('',#11758,#11759);
#11758 = CARTESIAN_POINT('',(0.,0.));
#11759 = VECTOR('',#11760,1.);
#11760 = DIRECTION('',(0.,-1.));
#11761 = ( GEOMETRIC_REPRESENTATION_CONTEXT(2) 
PARAMETRIC_REPRESENTATION_CONTEXT() REPRESENTATION_CONTEXT('2D SPACE',''
  ) );
#11762 = PCURVE('',#5433,#11763);
#11763 = DEFINITIONAL_REPRESENTATION('',(#11764),#11768);
#11764 = LINE('',#11765,#11766);
#11765 = CARTESIAN_POINT('',(0.823937206345,0.));
#11766 = VECTOR('',#11767,1.);
#11767 = DIRECTION('',(0.,-1.));
#11768 = ( GEOMETRIC_REPRESENTATION_CONTEXT(2) 
PARAMETRIC_REPRESENTATION_CONTEXT() REPRESENTATION_CONTEXT('2D SPACE',''
  ) );
#11769 = ORIENTED_EDGE('',*,*,#5445,.T.);
#11770 = ORIENTED_EDGE('',*,*,#11655,.F.);
#11771 = ADVANCED_FACE('',(#11772),#5321,.F.);
#11772 = FACE_BOUND('',#11773,.F.);
#11773 = EDGE_LOOP('',(#11774,#11795,#11796,#11797));
#11774 = ORIENTED_EDGE('',*,*,#11775,.T.);
#11775 = EDGE_CURVE('',#11776,#11682,#11778,.T.);
#11776 = VERTEX_POINT('',#11777);
#11777 = CARTESIAN_POINT('',(-8.665727101174,3.483920376241,12.3204));
#11778 = SURFACE_CURVE('',#11779,(#11783,#11789),.PCURVE_S1.);
#11779 = LINE('',#11780,#11781);
#11780 = CARTESIAN_POINT('',(-8.870678759303,2.901151928267,12.3204));
#11781 = VECTOR('',#11782,1.);
#11782 = DIRECTION('',(-0.331767206924,-0.943361288378,0.));
#11783 = PCURVE('',#5321,#11784);
#11784 = DEFINITIONAL_REPRESENTATION('',(#11785),#11788);
#11785 = B_SPLINE_CURVE_WITH_KNOTS('',1,(#11786,#11787),.UNSPECIFIED.,
  .F.,.F.,(2,2),(-0.617757433078,0.206165894665),
  .PIECEWISE_BEZIER_KNOTS.);
#11786 = CARTESIAN_POINT('',(0.823923327744,-5.E-02));
#11787 = CARTESIAN_POINT('',(0.,-5.E-02));
#11788 = ( GEOMETRIC_REPRESENTATION_CONTEXT(2) 
PARAMETRIC_REPRESENTATION_CONTEXT() REPRESENTATION_CONTEXT('2D SPACE',''
  ) );
#11789 = PCURVE('',#8663,#11790);
#11790 = DEFINITIONAL_REPRESENTATION('',(#11791),#11794);
#11791 = B_SPLINE_CURVE_WITH_KNOTS('',1,(#11792,#11793),.UNSPECIFIED.,
  .F.,.F.,(2,2),(-0.617757433078,0.206165894665),
  .PIECEWISE_BEZIER_KNOTS.);
#11792 = CARTESIAN_POINT('',(-8.665727101174,3.483920376241));
#11793 = CARTESIAN_POINT('',(-8.939077842339,2.706663004256));
#11794 = ( GEOMETRIC_REPRESENTATION_CONTEXT(2) 
PARAMETRIC_REPRESENTATION_CONTEXT() REPRESENTATION_CONTEXT('2D SPACE',''
  ) );
#11795 = ORIENTED_EDGE('',*,*,#11704,.T.);
#11796 = ORIENTED_EDGE('',*,*,#5305,.T.);
#11797 = ORIENTED_EDGE('',*,*,#11798,.F.);
#11798 = EDGE_CURVE('',#11776,#5306,#11799,.T.);
#11799 = SURFACE_CURVE('',#11800,(#11804,#11811),.PCURVE_S1.);
#11800 = LINE('',#11801,#11802);
#11801 = CARTESIAN_POINT('',(-8.665727101174,3.483920376241,12.2704));
#11802 = VECTOR('',#11803,1.);
#11803 = DIRECTION('',(0.,0.,1.));
#11804 = PCURVE('',#5321,#11805);
#11805 = DEFINITIONAL_REPRESENTATION('',(#11806),#11810);
#11806 = LINE('',#11807,#11808);
#11807 = CARTESIAN_POINT('',(0.823923327744,0.));
#11808 = VECTOR('',#11809,1.);
#11809 = DIRECTION('',(0.,-1.));
#11810 = ( GEOMETRIC_REPRESENTATION_CONTEXT(2) 
PARAMETRIC_REPRESENTATION_CONTEXT() REPRESENTATION_CONTEXT('2D SPACE',''
  ) );
#11811 = PCURVE('',#5349,#11812);
#11812 = DEFINITIONAL_REPRESENTATION('',(#11813),#11817);
#11813 = LINE('',#11814,#11815);
#11814 = CARTESIAN_POINT('',(0.,0.));
#11815 = VECTOR('',#11816,1.);
#11816 = DIRECTION('',(0.,-1.));
#11817 = ( GEOMETRIC_REPRESENTATION_CONTEXT(2) 
PARAMETRIC_REPRESENTATION_CONTEXT() REPRESENTATION_CONTEXT('2D SPACE',''
  ) );
#11818 = ADVANCED_FACE('',(#11819),#5433,.F.);
#11819 = FACE_BOUND('',#11820,.F.);
#11820 = EDGE_LOOP('',(#11821,#11842,#11863,#11864));
#11821 = ORIENTED_EDGE('',*,*,#11822,.T.);
#11822 = EDGE_CURVE('',#11729,#11823,#11825,.T.);
#11823 = VERTEX_POINT('',#11824);
#11824 = CARTESIAN_POINT('',(-7.452266262597,5.62989620165,12.3204));
#11825 = SURFACE_CURVE('',#11826,(#11830,#11836),.PCURVE_S1.);
#11826 = LINE('',#11827,#11828);
#11827 = CARTESIAN_POINT('',(-7.320874271485,5.788724611979,12.3204));
#11828 = VECTOR('',#11829,1.);
#11829 = DIRECTION('',(-0.637417374086,-0.77051871568,0.));
#11830 = PCURVE('',#5433,#11831);
#11831 = DEFINITIONAL_REPRESENTATION('',(#11832),#11835);
#11832 = B_SPLINE_CURVE_WITH_KNOTS('',1,(#11833,#11834),.UNSPECIFIED.,
  .F.,.F.,(2,2),(-0.617805405655,0.206131800691),
  .PIECEWISE_BEZIER_KNOTS.);
#11833 = CARTESIAN_POINT('',(0.823937206345,-5.E-02));
#11834 = CARTESIAN_POINT('',(0.,-5.E-02));
#11835 = ( GEOMETRIC_REPRESENTATION_CONTEXT(2) 
PARAMETRIC_REPRESENTATION_CONTEXT() REPRESENTATION_CONTEXT('2D SPACE',''
  ) );
#11836 = PCURVE('',#8663,#11837);
#11837 = DEFINITIONAL_REPRESENTATION('',(#11838),#11841);
#11838 = B_SPLINE_CURVE_WITH_KNOTS('',1,(#11839,#11840),.UNSPECIFIED.,
  .F.,.F.,(2,2),(-0.617805405655,0.206131800691),
  .PIECEWISE_BEZIER_KNOTS.);
#11839 = CARTESIAN_POINT('',(-6.927074372117,6.264755239685));
#11840 = CARTESIAN_POINT('',(-7.452266262597,5.62989620165));
#11841 = ( GEOMETRIC_REPRESENTATION_CONTEXT(2) 
PARAMETRIC_REPRESENTATION_CONTEXT() REPRESENTATION_CONTEXT('2D SPACE',''
  ) );
#11842 = ORIENTED_EDGE('',*,*,#11843,.T.);
#11843 = EDGE_CURVE('',#11823,#5390,#11844,.T.);
#11844 = SURFACE_CURVE('',#11845,(#11849,#11856),.PCURVE_S1.);
#11845 = LINE('',#11846,#11847);
#11846 = CARTESIAN_POINT('',(-7.452266262597,5.62989620165,12.2704));
#11847 = VECTOR('',#11848,1.);
#11848 = DIRECTION('',(0.,0.,1.));
#11849 = PCURVE('',#5433,#11850);
#11850 = DEFINITIONAL_REPRESENTATION('',(#11851),#11855);
#11851 = LINE('',#11852,#11853);
#11852 = CARTESIAN_POINT('',(0.,0.));
#11853 = VECTOR('',#11854,1.);
#11854 = DIRECTION('',(0.,-1.));
#11855 = ( GEOMETRIC_REPRESENTATION_CONTEXT(2) 
PARAMETRIC_REPRESENTATION_CONTEXT() REPRESENTATION_CONTEXT('2D SPACE',''
  ) );
#11856 = PCURVE('',#5405,#11857);
#11857 = DEFINITIONAL_REPRESENTATION('',(#11858),#11862);
#11858 = LINE('',#11859,#11860);
#11859 = CARTESIAN_POINT('',(0.823891849699,0.));
#11860 = VECTOR('',#11861,1.);
#11861 = DIRECTION('',(0.,-1.));
#11862 = ( GEOMETRIC_REPRESENTATION_CONTEXT(2) 
PARAMETRIC_REPRESENTATION_CONTEXT() REPRESENTATION_CONTEXT('2D SPACE',''
  ) );
#11863 = ORIENTED_EDGE('',*,*,#5417,.T.);
#11864 = ORIENTED_EDGE('',*,*,#11749,.F.);
#11865 = ADVANCED_FACE('',(#11866),#5349,.F.);
#11866 = FACE_BOUND('',#11867,.F.);
#11867 = EDGE_LOOP('',(#11868,#11889,#11890,#11891));
#11868 = ORIENTED_EDGE('',*,*,#11869,.T.);
#11869 = EDGE_CURVE('',#11870,#11776,#11872,.T.);
#11870 = VERTEX_POINT('',#11871);
#11871 = CARTESIAN_POINT('',(-8.325009133476,4.234061207344,12.3204));
#11872 = SURFACE_CURVE('',#11873,(#11877,#11883),.PCURVE_S1.);
#11873 = LINE('',#11874,#11875);
#11874 = CARTESIAN_POINT('',(-8.580613363601,3.671310816119,12.3204));
#11875 = VECTOR('',#11876,1.);
#11876 = DIRECTION('',(-0.413546281185,-0.910483098865,0.));
#11877 = PCURVE('',#5349,#11878);
#11878 = DEFINITIONAL_REPRESENTATION('',(#11879),#11882);
#11879 = B_SPLINE_CURVE_WITH_KNOTS('',1,(#11880,#11881),.UNSPECIFIED.,
  .F.,.F.,(2,2),(-0.618078898913,0.205814298049),
  .PIECEWISE_BEZIER_KNOTS.);
#11880 = CARTESIAN_POINT('',(0.823893196962,-5.E-02));
#11881 = CARTESIAN_POINT('',(0.,-5.E-02));
#11882 = ( GEOMETRIC_REPRESENTATION_CONTEXT(2) 
PARAMETRIC_REPRESENTATION_CONTEXT() REPRESENTATION_CONTEXT('2D SPACE',''
  ) );
#11883 = PCURVE('',#8663,#11884);
#11884 = DEFINITIONAL_REPRESENTATION('',(#11885),#11888);
#11885 = B_SPLINE_CURVE_WITH_KNOTS('',1,(#11886,#11887),.UNSPECIFIED.,
  .F.,.F.,(2,2),(-0.618078898913,0.205814298049),
  .PIECEWISE_BEZIER_KNOTS.);
#11886 = CARTESIAN_POINT('',(-8.325009133476,4.234061207344));
#11887 = CARTESIAN_POINT('',(-8.665727101174,3.483920376241));
#11888 = ( GEOMETRIC_REPRESENTATION_CONTEXT(2) 
PARAMETRIC_REPRESENTATION_CONTEXT() REPRESENTATION_CONTEXT('2D SPACE',''
  ) );
#11889 = ORIENTED_EDGE('',*,*,#11798,.T.);
#11890 = ORIENTED_EDGE('',*,*,#5333,.T.);
#11891 = ORIENTED_EDGE('',*,*,#11892,.F.);
#11892 = EDGE_CURVE('',#11870,#5334,#11893,.T.);
#11893 = SURFACE_CURVE('',#11894,(#11898,#11905),.PCURVE_S1.);
#11894 = LINE('',#11895,#11896);
#11895 = CARTESIAN_POINT('',(-8.325009133476,4.234061207344,12.2704));
#11896 = VECTOR('',#11897,1.);
#11897 = DIRECTION('',(0.,0.,1.));
#11898 = PCURVE('',#5349,#11899);
#11899 = DEFINITIONAL_REPRESENTATION('',(#11900),#11904);
#11900 = LINE('',#11901,#11902);
#11901 = CARTESIAN_POINT('',(0.823893196962,0.));
#11902 = VECTOR('',#11903,1.);
#11903 = DIRECTION('',(0.,-1.));
#11904 = ( GEOMETRIC_REPRESENTATION_CONTEXT(2) 
PARAMETRIC_REPRESENTATION_CONTEXT() REPRESENTATION_CONTEXT('2D SPACE',''
  ) );
#11905 = PCURVE('',#5377,#11906);
#11906 = DEFINITIONAL_REPRESENTATION('',(#11907),#11911);
#11907 = LINE('',#11908,#11909);
#11908 = CARTESIAN_POINT('',(0.,0.));
#11909 = VECTOR('',#11910,1.);
#11910 = DIRECTION('',(0.,-1.));
#11911 = ( GEOMETRIC_REPRESENTATION_CONTEXT(2) 
PARAMETRIC_REPRESENTATION_CONTEXT() REPRESENTATION_CONTEXT('2D SPACE',''
  ) );
#11912 = ADVANCED_FACE('',(#11913),#5405,.F.);
#11913 = FACE_BOUND('',#11914,.F.);
#11914 = EDGE_LOOP('',(#11915,#11936,#11957,#11958));
#11915 = ORIENTED_EDGE('',*,*,#11916,.T.);
#11916 = EDGE_CURVE('',#11823,#11917,#11919,.T.);
#11917 = VERTEX_POINT('',#11918);
#11918 = CARTESIAN_POINT('',(-7.919467721464,4.951279537522,12.3204));
#11919 = SURFACE_CURVE('',#11920,(#11924,#11930),.PCURVE_S1.);
#11920 = LINE('',#11921,#11922);
#11921 = CARTESIAN_POINT('',(-7.802472168039,5.121217217887,12.3204));
#11922 = VECTOR('',#11923,1.);
#11923 = DIRECTION('',(-0.567066489416,-0.823672020031,0.));
#11924 = PCURVE('',#5405,#11925);
#11925 = DEFINITIONAL_REPRESENTATION('',(#11926),#11929);
#11926 = B_SPLINE_CURVE_WITH_KNOTS('',1,(#11927,#11928),.UNSPECIFIED.,
  .F.,.F.,(2,2),(-0.617574679475,0.206317170223),
  .PIECEWISE_BEZIER_KNOTS.);
#11927 = CARTESIAN_POINT('',(0.823891849699,-5.E-02));
#11928 = CARTESIAN_POINT('',(0.,-5.E-02));
#11929 = ( GEOMETRIC_REPRESENTATION_CONTEXT(2) 
PARAMETRIC_REPRESENTATION_CONTEXT() REPRESENTATION_CONTEXT('2D SPACE',''
  ) );
#11930 = PCURVE('',#8663,#11931);
#11931 = DEFINITIONAL_REPRESENTATION('',(#11932),#11935);
#11932 = B_SPLINE_CURVE_WITH_KNOTS('',1,(#11933,#11934),.UNSPECIFIED.,
  .F.,.F.,(2,2),(-0.617574679475,0.206317170223),
  .PIECEWISE_BEZIER_KNOTS.);
#11933 = CARTESIAN_POINT('',(-7.452266262597,5.62989620165));
#11934 = CARTESIAN_POINT('',(-7.919467721464,4.951279537522));
#11935 = ( GEOMETRIC_REPRESENTATION_CONTEXT(2) 
PARAMETRIC_REPRESENTATION_CONTEXT() REPRESENTATION_CONTEXT('2D SPACE',''
  ) );
#11936 = ORIENTED_EDGE('',*,*,#11937,.T.);
#11937 = EDGE_CURVE('',#11917,#5362,#11938,.T.);
#11938 = SURFACE_CURVE('',#11939,(#11943,#11950),.PCURVE_S1.);
#11939 = LINE('',#11940,#11941);
#11940 = CARTESIAN_POINT('',(-7.919467721464,4.951279537522,12.2704));
#11941 = VECTOR('',#11942,1.);
#11942 = DIRECTION('',(0.,0.,1.));
#11943 = PCURVE('',#5405,#11944);
#11944 = DEFINITIONAL_REPRESENTATION('',(#11945),#11949);
#11945 = LINE('',#11946,#11947);
#11946 = CARTESIAN_POINT('',(0.,0.));
#11947 = VECTOR('',#11948,1.);
#11948 = DIRECTION('',(0.,-1.));
#11949 = ( GEOMETRIC_REPRESENTATION_CONTEXT(2) 
PARAMETRIC_REPRESENTATION_CONTEXT() REPRESENTATION_CONTEXT('2D SPACE',''
  ) );
#11950 = PCURVE('',#5377,#11951);
#11951 = DEFINITIONAL_REPRESENTATION('',(#11952),#11956);
#11952 = LINE('',#11953,#11954);
#11953 = CARTESIAN_POINT('',(0.823933231518,0.));
#11954 = VECTOR('',#11955,1.);
#11955 = DIRECTION('',(0.,-1.));
#11956 = ( GEOMETRIC_REPRESENTATION_CONTEXT(2) 
PARAMETRIC_REPRESENTATION_CONTEXT() REPRESENTATION_CONTEXT('2D SPACE',''
  ) );
#11957 = ORIENTED_EDGE('',*,*,#5389,.T.);
#11958 = ORIENTED_EDGE('',*,*,#11843,.F.);
#11959 = ADVANCED_FACE('',(#11960),#5377,.F.);
#11960 = FACE_BOUND('',#11961,.F.);
#11961 = EDGE_LOOP('',(#11962,#11981,#11982,#11983));
#11962 = ORIENTED_EDGE('',*,*,#11963,.T.);
#11963 = EDGE_CURVE('',#11917,#11870,#11964,.T.);
#11964 = SURFACE_CURVE('',#11965,(#11969,#11975),.PCURVE_S1.);
#11965 = LINE('',#11966,#11967);
#11966 = CARTESIAN_POINT('',(-8.223636724219,4.413342898289,12.3204));
#11967 = VECTOR('',#11968,1.);
#11968 = DIRECTION('',(-0.49220179075,-0.870481129711,0.));
#11969 = PCURVE('',#5377,#11970);
#11970 = DEFINITIONAL_REPRESENTATION('',(#11971),#11974);
#11971 = B_SPLINE_CURVE_WITH_KNOTS('',1,(#11972,#11973),.UNSPECIFIED.,
  .F.,.F.,(2,2),(-0.617976221279,0.205957010239),
  .PIECEWISE_BEZIER_KNOTS.);
#11972 = CARTESIAN_POINT('',(0.823933231518,-5.E-02));
#11973 = CARTESIAN_POINT('',(0.,-5.E-02));
#11974 = ( GEOMETRIC_REPRESENTATION_CONTEXT(2) 
PARAMETRIC_REPRESENTATION_CONTEXT() REPRESENTATION_CONTEXT('2D SPACE',''
  ) );
#11975 = PCURVE('',#8663,#11976);
#11976 = DEFINITIONAL_REPRESENTATION('',(#11977),#11980);
#11977 = B_SPLINE_CURVE_WITH_KNOTS('',1,(#11978,#11979),.UNSPECIFIED.,
  .F.,.F.,(2,2),(-0.617976221279,0.205957010239),
  .PIECEWISE_BEZIER_KNOTS.);
#11978 = CARTESIAN_POINT('',(-7.919467721464,4.951279537522));
#11979 = CARTESIAN_POINT('',(-8.325009133476,4.234061207344));
#11980 = ( GEOMETRIC_REPRESENTATION_CONTEXT(2) 
PARAMETRIC_REPRESENTATION_CONTEXT() REPRESENTATION_CONTEXT('2D SPACE',''
  ) );
#11981 = ORIENTED_EDGE('',*,*,#11892,.T.);
#11982 = ORIENTED_EDGE('',*,*,#5361,.T.);
#11983 = ORIENTED_EDGE('',*,*,#11937,.F.);
#11984 = ADVANCED_FACE('',(#11985),#7277,.F.);
#11985 = FACE_BOUND('',#11986,.F.);
#11986 = EDGE_LOOP('',(#11987,#12016,#12037,#12038));
#11987 = ORIENTED_EDGE('',*,*,#11988,.F.);
#11988 = EDGE_CURVE('',#11989,#11989,#11991,.T.);
#11989 = VERTEX_POINT('',#11990);
#11990 = CARTESIAN_POINT('',(-10.4,1.20627709716E-15,11.1704));
#11991 = SURFACE_CURVE('',#11992,(#11997,#12004),.PCURVE_S1.);
#11992 = CIRCLE('',#11993,0.55);
#11993 = AXIS2_PLACEMENT_3D('',#11994,#11995,#11996);
#11994 = CARTESIAN_POINT('',(-10.95,1.340988245066E-15,11.1704));
#11995 = DIRECTION('',(0.,0.,1.));
#11996 = DIRECTION('',(1.,0.,-0.));
#11997 = PCURVE('',#7277,#11998);
#11998 = DEFINITIONAL_REPRESENTATION('',(#11999),#12003);
#11999 = LINE('',#12000,#12001);
#12000 = CARTESIAN_POINT('',(0.,0.65));
#12001 = VECTOR('',#12002,1.);
#12002 = DIRECTION('',(1.,0.));
#12003 = ( GEOMETRIC_REPRESENTATION_CONTEXT(2) 
PARAMETRIC_REPRESENTATION_CONTEXT() REPRESENTATION_CONTEXT('2D SPACE',''
  ) );
#12004 = PCURVE('',#12005,#12010);
#12005 = PLANE('',#12006);
#12006 = AXIS2_PLACEMENT_3D('',#12007,#12008,#12009);
#12007 = CARTESIAN_POINT('',(0.,0.,11.1704));
#12008 = DIRECTION('',(0.,0.,1.));
#12009 = DIRECTION('',(1.,0.,-0.));
#12010 = DEFINITIONAL_REPRESENTATION('',(#12011),#12015);
#12011 = CIRCLE('',#12012,0.55);
#12012 = AXIS2_PLACEMENT_2D('',#12013,#12014);
#12013 = CARTESIAN_POINT('',(-10.95,1.340988245066E-15));
#12014 = DIRECTION('',(1.,0.));
#12015 = ( GEOMETRIC_REPRESENTATION_CONTEXT(2) 
PARAMETRIC_REPRESENTATION_CONTEXT() REPRESENTATION_CONTEXT('2D SPACE',''
  ) );
#12016 = ORIENTED_EDGE('',*,*,#12017,.F.);
#12017 = EDGE_CURVE('',#7261,#11989,#12018,.T.);
#12018 = SEAM_CURVE('',#12019,(#12023,#12030),.PCURVE_S1.);
#12019 = LINE('',#12020,#12021);
#12020 = CARTESIAN_POINT('',(-10.4,1.20627709716E-15,10.5204));
#12021 = VECTOR('',#12022,1.);
#12022 = DIRECTION('',(0.,0.,1.));
#12023 = PCURVE('',#7277,#12024);
#12024 = DEFINITIONAL_REPRESENTATION('',(#12025),#12029);
#12025 = LINE('',#12026,#12027);
#12026 = CARTESIAN_POINT('',(6.28318530718,-0.));
#12027 = VECTOR('',#12028,1.);
#12028 = DIRECTION('',(0.,1.));
#12029 = ( GEOMETRIC_REPRESENTATION_CONTEXT(2) 
PARAMETRIC_REPRESENTATION_CONTEXT() REPRESENTATION_CONTEXT('2D SPACE',''
  ) );
#12030 = PCURVE('',#7277,#12031);
#12031 = DEFINITIONAL_REPRESENTATION('',(#12032),#12036);
#12032 = LINE('',#12033,#12034);
#12033 = CARTESIAN_POINT('',(0.,-0.));
#12034 = VECTOR('',#12035,1.);
#12035 = DIRECTION('',(0.,1.));
#12036 = ( GEOMETRIC_REPRESENTATION_CONTEXT(2) 
PARAMETRIC_REPRESENTATION_CONTEXT() REPRESENTATION_CONTEXT('2D SPACE',''
  ) );
#12037 = ORIENTED_EDGE('',*,*,#7260,.T.);
#12038 = ORIENTED_EDGE('',*,*,#12017,.T.);
#12039 = ADVANCED_FACE('',(#12040),#7308,.F.);
#12040 = FACE_BOUND('',#12041,.F.);
#12041 = EDGE_LOOP('',(#12042,#12071,#12092,#12093));
#12042 = ORIENTED_EDGE('',*,*,#12043,.F.);
#12043 = EDGE_CURVE('',#12044,#12044,#12046,.T.);
#12044 = VERTEX_POINT('',#12045);
#12045 = CARTESIAN_POINT('',(11.5,-1.347111479062E-16,11.1704));
#12046 = SURFACE_CURVE('',#12047,(#12052,#12059),.PCURVE_S1.);
#12047 = CIRCLE('',#12048,0.55);
#12048 = AXIS2_PLACEMENT_3D('',#12049,#12050,#12051);
#12049 = CARTESIAN_POINT('',(10.95,0.,11.1704));
#12050 = DIRECTION('',(0.,0.,1.));
#12051 = DIRECTION('',(1.,0.,-0.));
#12052 = PCURVE('',#7308,#12053);
#12053 = DEFINITIONAL_REPRESENTATION('',(#12054),#12058);
#12054 = LINE('',#12055,#12056);
#12055 = CARTESIAN_POINT('',(0.,0.65));
#12056 = VECTOR('',#12057,1.);
#12057 = DIRECTION('',(1.,0.));
#12058 = ( GEOMETRIC_REPRESENTATION_CONTEXT(2) 
PARAMETRIC_REPRESENTATION_CONTEXT() REPRESENTATION_CONTEXT('2D SPACE',''
  ) );
#12059 = PCURVE('',#12060,#12065);
#12060 = PLANE('',#12061);
#12061 = AXIS2_PLACEMENT_3D('',#12062,#12063,#12064);
#12062 = CARTESIAN_POINT('',(0.,0.,11.1704));
#12063 = DIRECTION('',(0.,0.,1.));
#12064 = DIRECTION('',(1.,0.,-0.));
#12065 = DEFINITIONAL_REPRESENTATION('',(#12066),#12070);
#12066 = CIRCLE('',#12067,0.55);
#12067 = AXIS2_PLACEMENT_2D('',#12068,#12069);
#12068 = CARTESIAN_POINT('',(10.95,0.));
#12069 = DIRECTION('',(1.,0.));
#12070 = ( GEOMETRIC_REPRESENTATION_CONTEXT(2) 
PARAMETRIC_REPRESENTATION_CONTEXT() REPRESENTATION_CONTEXT('2D SPACE',''
  ) );
#12071 = ORIENTED_EDGE('',*,*,#12072,.F.);
#12072 = EDGE_CURVE('',#7292,#12044,#12073,.T.);
#12073 = SEAM_CURVE('',#12074,(#12078,#12085),.PCURVE_S1.);
#12074 = LINE('',#12075,#12076);
#12075 = CARTESIAN_POINT('',(11.5,-1.347111479062E-16,10.5204));
#12076 = VECTOR('',#12077,1.);
#12077 = DIRECTION('',(0.,0.,1.));
#12078 = PCURVE('',#7308,#12079);
#12079 = DEFINITIONAL_REPRESENTATION('',(#12080),#12084);
#12080 = LINE('',#12081,#12082);
#12081 = CARTESIAN_POINT('',(6.28318530718,-0.));
#12082 = VECTOR('',#12083,1.);
#12083 = DIRECTION('',(0.,1.));
#12084 = ( GEOMETRIC_REPRESENTATION_CONTEXT(2) 
PARAMETRIC_REPRESENTATION_CONTEXT() REPRESENTATION_CONTEXT('2D SPACE',''
  ) );
#12085 = PCURVE('',#7308,#12086);
#12086 = DEFINITIONAL_REPRESENTATION('',(#12087),#12091);
#12087 = LINE('',#12088,#12089);
#12088 = CARTESIAN_POINT('',(0.,-0.));
#12089 = VECTOR('',#12090,1.);
#12090 = DIRECTION('',(0.,1.));
#12091 = ( GEOMETRIC_REPRESENTATION_CONTEXT(2) 
PARAMETRIC_REPRESENTATION_CONTEXT() REPRESENTATION_CONTEXT('2D SPACE',''
  ) );
#12092 = ORIENTED_EDGE('',*,*,#7291,.T.);
#12093 = ORIENTED_EDGE('',*,*,#12072,.T.);
#12094 = ADVANCED_FACE('',(#12095),#7339,.T.);
#12095 = FACE_BOUND('',#12096,.T.);
#12096 = EDGE_LOOP('',(#12097,#12120,#12148,#12169));
#12097 = ORIENTED_EDGE('',*,*,#12098,.T.);
#12098 = EDGE_CURVE('',#7323,#12099,#12101,.T.);
#12099 = VERTEX_POINT('',#12100);
#12100 = CARTESIAN_POINT('',(3.585770366866,-8.350833530066,11.9204));
#12101 = SURFACE_CURVE('',#12102,(#12106,#12113),.PCURVE_S1.);
#12102 = LINE('',#12103,#12104);
#12103 = CARTESIAN_POINT('',(3.585770366866,-8.350833530066,10.5204));
#12104 = VECTOR('',#12105,1.);
#12105 = DIRECTION('',(0.,0.,1.));
#12106 = PCURVE('',#7339,#12107);
#12107 = DEFINITIONAL_REPRESENTATION('',(#12108),#12112);
#12108 = LINE('',#12109,#12110);
#12109 = CARTESIAN_POINT('',(3.432458691026,-0.75));
#12110 = VECTOR('',#12111,1.);
#12111 = DIRECTION('',(0.,1.));
#12112 = ( GEOMETRIC_REPRESENTATION_CONTEXT(2) 
PARAMETRIC_REPRESENTATION_CONTEXT() REPRESENTATION_CONTEXT('2D SPACE',''
  ) );
#12113 = PCURVE('',#7366,#12114);
#12114 = DEFINITIONAL_REPRESENTATION('',(#12115),#12119);
#12115 = LINE('',#12116,#12117);
#12116 = CARTESIAN_POINT('',(1.706724468128,0.75));
#12117 = VECTOR('',#12118,1.);
#12118 = DIRECTION('',(0.,-1.));
#12119 = ( GEOMETRIC_REPRESENTATION_CONTEXT(2) 
PARAMETRIC_REPRESENTATION_CONTEXT() REPRESENTATION_CONTEXT('2D SPACE',''
  ) );
#12120 = ORIENTED_EDGE('',*,*,#12121,.T.);
#12121 = EDGE_CURVE('',#12099,#12122,#12124,.T.);
#12122 = VERTEX_POINT('',#12123);
#12123 = CARTESIAN_POINT('',(8.44,-3.496603896932,11.9204));
#12124 = SURFACE_CURVE('',#12125,(#12129,#12136),.PCURVE_S1.);
#12125 = LINE('',#12126,#12127);
#12126 = CARTESIAN_POINT('',(7.204150974233,-4.732452922699,11.9204));
#12127 = VECTOR('',#12128,1.);
#12128 = DIRECTION('',(0.707106781187,0.707106781187,-0.));
#12129 = PCURVE('',#7339,#12130);
#12130 = DEFINITIONAL_REPRESENTATION('',(#12131),#12135);
#12131 = LINE('',#12132,#12133);
#12132 = CARTESIAN_POINT('',(-1.684704237741,0.65));
#12133 = VECTOR('',#12134,1.);
#12134 = DIRECTION('',(-1.,0.));
#12135 = ( GEOMETRIC_REPRESENTATION_CONTEXT(2) 
PARAMETRIC_REPRESENTATION_CONTEXT() REPRESENTATION_CONTEXT('2D SPACE',''
  ) );
#12136 = PCURVE('',#12137,#12142);
#12137 = PLANE('',#12138);
#12138 = AXIS2_PLACEMENT_3D('',#12139,#12140,#12141);
#12139 = CARTESIAN_POINT('',(0.,0.,11.9204));
#12140 = DIRECTION('',(0.,0.,1.));
#12141 = DIRECTION('',(1.,0.,-0.));
#12142 = DEFINITIONAL_REPRESENTATION('',(#12143),#12147);
#12143 = LINE('',#12144,#12145);
#12144 = CARTESIAN_POINT('',(7.204150974233,-4.732452922699));
#12145 = VECTOR('',#12146,1.);
#12146 = DIRECTION('',(0.707106781187,0.707106781187));
#12147 = ( GEOMETRIC_REPRESENTATION_CONTEXT(2) 
PARAMETRIC_REPRESENTATION_CONTEXT() REPRESENTATION_CONTEXT('2D SPACE',''
  ) );
#12148 = ORIENTED_EDGE('',*,*,#12149,.F.);
#12149 = EDGE_CURVE('',#7325,#12122,#12150,.T.);
#12150 = SURFACE_CURVE('',#12151,(#12155,#12162),.PCURVE_S1.);
#12151 = LINE('',#12152,#12153);
#12152 = CARTESIAN_POINT('',(8.44,-3.496603896932,11.1204));
#12153 = VECTOR('',#12154,1.);
#12154 = DIRECTION('',(0.,0.,1.));
#12155 = PCURVE('',#7339,#12156);
#12156 = DEFINITIONAL_REPRESENTATION('',(#12157),#12161);
#12157 = LINE('',#12158,#12159);
#12158 = CARTESIAN_POINT('',(-3.432458691026,-0.15));
#12159 = VECTOR('',#12160,1.);
#12160 = DIRECTION('',(0.,1.));
#12161 = ( GEOMETRIC_REPRESENTATION_CONTEXT(2) 
PARAMETRIC_REPRESENTATION_CONTEXT() REPRESENTATION_CONTEXT('2D SPACE',''
  ) );
#12162 = PCURVE('',#7661,#12163);
#12163 = DEFINITIONAL_REPRESENTATION('',(#12164),#12168);
#12164 = LINE('',#12165,#12166);
#12165 = CARTESIAN_POINT('',(0.15,3.623603896932));
#12166 = VECTOR('',#12167,1.);
#12167 = DIRECTION('',(-1.,0.));
#12168 = ( GEOMETRIC_REPRESENTATION_CONTEXT(2) 
PARAMETRIC_REPRESENTATION_CONTEXT() REPRESENTATION_CONTEXT('2D SPACE',''
  ) );
#12169 = ORIENTED_EDGE('',*,*,#7322,.F.);
#12170 = ADVANCED_FACE('',(#12171),#7661,.T.);
#12171 = FACE_BOUND('',#12172,.T.);
#12172 = EDGE_LOOP('',(#12173,#12174,#12197,#12218));
#12173 = ORIENTED_EDGE('',*,*,#12149,.T.);
#12174 = ORIENTED_EDGE('',*,*,#12175,.T.);
#12175 = EDGE_CURVE('',#12122,#12176,#12178,.T.);
#12176 = VERTEX_POINT('',#12177);
#12177 = CARTESIAN_POINT('',(8.44,3.750603896932,11.9204));
#12178 = SURFACE_CURVE('',#12179,(#12183,#12190),.PCURVE_S1.);
#12179 = LINE('',#12180,#12181);
#12180 = CARTESIAN_POINT('',(8.44,1.875301948466,11.9204));
#12181 = VECTOR('',#12182,1.);
#12182 = DIRECTION('',(-0.,1.,0.));
#12183 = PCURVE('',#7661,#12184);
#12184 = DEFINITIONAL_REPRESENTATION('',(#12185),#12189);
#12185 = LINE('',#12186,#12187);
#12186 = CARTESIAN_POINT('',(-0.65,-1.748301948466));
#12187 = VECTOR('',#12188,1.);
#12188 = DIRECTION('',(0.,-1.));
#12189 = ( GEOMETRIC_REPRESENTATION_CONTEXT(2) 
PARAMETRIC_REPRESENTATION_CONTEXT() REPRESENTATION_CONTEXT('2D SPACE',''
  ) );
#12190 = PCURVE('',#12137,#12191);
#12191 = DEFINITIONAL_REPRESENTATION('',(#12192),#12196);
#12192 = LINE('',#12193,#12194);
#12193 = CARTESIAN_POINT('',(8.44,1.875301948466));
#12194 = VECTOR('',#12195,1.);
#12195 = DIRECTION('',(0.,1.));
#12196 = ( GEOMETRIC_REPRESENTATION_CONTEXT(2) 
PARAMETRIC_REPRESENTATION_CONTEXT() REPRESENTATION_CONTEXT('2D SPACE',''
  ) );
#12197 = ORIENTED_EDGE('',*,*,#12198,.F.);
#12198 = EDGE_CURVE('',#7622,#12176,#12199,.T.);
#12199 = SURFACE_CURVE('',#12200,(#12204,#12211),.PCURVE_S1.);
#12200 = LINE('',#12201,#12202);
#12201 = CARTESIAN_POINT('',(8.44,3.750603896932,11.1204));
#12202 = VECTOR('',#12203,1.);
#12203 = DIRECTION('',(0.,0.,1.));
#12204 = PCURVE('',#7661,#12205);
#12205 = DEFINITIONAL_REPRESENTATION('',(#12206),#12210);
#12206 = LINE('',#12207,#12208);
#12207 = CARTESIAN_POINT('',(0.15,-3.623603896932));
#12208 = VECTOR('',#12209,1.);
#12209 = DIRECTION('',(-1.,0.));
#12210 = ( GEOMETRIC_REPRESENTATION_CONTEXT(2) 
PARAMETRIC_REPRESENTATION_CONTEXT() REPRESENTATION_CONTEXT('2D SPACE',''
  ) );
#12211 = PCURVE('',#7636,#12212);
#12212 = DEFINITIONAL_REPRESENTATION('',(#12213),#12217);
#12213 = LINE('',#12214,#12215);
#12214 = CARTESIAN_POINT('',(3.421705153112,-0.15));
#12215 = VECTOR('',#12216,1.);
#12216 = DIRECTION('',(0.,1.));
#12217 = ( GEOMETRIC_REPRESENTATION_CONTEXT(2) 
PARAMETRIC_REPRESENTATION_CONTEXT() REPRESENTATION_CONTEXT('2D SPACE',''
  ) );
#12218 = ORIENTED_EDGE('',*,*,#7648,.F.);
#12219 = ADVANCED_FACE('',(#12220),#7636,.T.);
#12220 = FACE_BOUND('',#12221,.T.);
#12221 = EDGE_LOOP('',(#12222,#12223,#12246,#12267));
#12222 = ORIENTED_EDGE('',*,*,#12198,.T.);
#12223 = ORIENTED_EDGE('',*,*,#12224,.T.);
#12224 = EDGE_CURVE('',#12176,#12225,#12227,.T.);
#12225 = VERTEX_POINT('',#12226);
#12226 = CARTESIAN_POINT('',(3.600978166027,8.589625730905,11.9204));
#12227 = SURFACE_CURVE('',#12228,(#12232,#12239),.PCURVE_S1.);
#12228 = LINE('',#12229,#12230);
#12229 = CARTESIAN_POINT('',(4.848140057247,7.342463839685,11.9204));
#12230 = VECTOR('',#12231,1.);
#12231 = DIRECTION('',(-0.707106781187,0.707106781187,0.));
#12232 = PCURVE('',#7636,#12233);
#12233 = DEFINITIONAL_REPRESENTATION('',(#12234),#12238);
#12234 = LINE('',#12235,#12236);
#12235 = CARTESIAN_POINT('',(-1.657951892075,0.65));
#12236 = VECTOR('',#12237,1.);
#12237 = DIRECTION('',(-1.,0.));
#12238 = ( GEOMETRIC_REPRESENTATION_CONTEXT(2) 
PARAMETRIC_REPRESENTATION_CONTEXT() REPRESENTATION_CONTEXT('2D SPACE',''
  ) );
#12239 = PCURVE('',#12137,#12240);
#12240 = DEFINITIONAL_REPRESENTATION('',(#12241),#12245);
#12241 = LINE('',#12242,#12243);
#12242 = CARTESIAN_POINT('',(4.848140057247,7.342463839685));
#12243 = VECTOR('',#12244,1.);
#12244 = DIRECTION('',(-0.707106781187,0.707106781187));
#12245 = ( GEOMETRIC_REPRESENTATION_CONTEXT(2) 
PARAMETRIC_REPRESENTATION_CONTEXT() REPRESENTATION_CONTEXT('2D SPACE',''
  ) );
#12246 = ORIENTED_EDGE('',*,*,#12247,.F.);
#12247 = EDGE_CURVE('',#7595,#12225,#12248,.T.);
#12248 = SURFACE_CURVE('',#12249,(#12253,#12260),.PCURVE_S1.);
#12249 = LINE('',#12250,#12251);
#12250 = CARTESIAN_POINT('',(3.600978166027,8.589625730905,11.1204));
#12251 = VECTOR('',#12252,1.);
#12252 = DIRECTION('',(0.,0.,1.));
#12253 = PCURVE('',#7636,#12254);
#12254 = DEFINITIONAL_REPRESENTATION('',(#12255),#12259);
#12255 = LINE('',#12256,#12257);
#12256 = CARTESIAN_POINT('',(-3.421705153112,-0.15));
#12257 = VECTOR('',#12258,1.);
#12258 = DIRECTION('',(0.,1.));
#12259 = ( GEOMETRIC_REPRESENTATION_CONTEXT(2) 
PARAMETRIC_REPRESENTATION_CONTEXT() REPRESENTATION_CONTEXT('2D SPACE',''
  ) );
#12260 = PCURVE('',#7609,#12261);
#12261 = DEFINITIONAL_REPRESENTATION('',(#12262),#12266);
#12262 = LINE('',#12263,#12264);
#12263 = CARTESIAN_POINT('',(-1.912419806047,0.178062849415));
#12264 = VECTOR('',#12265,1.);
#12265 = DIRECTION('',(0.,-1.));
#12266 = ( GEOMETRIC_REPRESENTATION_CONTEXT(2) 
PARAMETRIC_REPRESENTATION_CONTEXT() REPRESENTATION_CONTEXT('2D SPACE',''
  ) );
#12267 = ORIENTED_EDGE('',*,*,#7621,.F.);
#12268 = ADVANCED_FACE('',(#12269),#7609,.T.);
#12269 = FACE_BOUND('',#12270,.T.);
#12270 = EDGE_LOOP('',(#12271,#12272,#12273,#12296,#12319,#12345));
#12271 = ORIENTED_EDGE('',*,*,#7594,.F.);
#12272 = ORIENTED_EDGE('',*,*,#12247,.T.);
#12273 = ORIENTED_EDGE('',*,*,#12274,.T.);
#12274 = EDGE_CURVE('',#12225,#12275,#12277,.T.);
#12275 = VERTEX_POINT('',#12276);
#12276 = CARTESIAN_POINT('',(-0.250017852295,9.071000233195,11.9204));
#12277 = SURFACE_CURVE('',#12278,(#12282,#12289),.PCURVE_S1.);
#12278 = LINE('',#12279,#12280);
#12279 = CARTESIAN_POINT('',(0.43128325857,8.985837594337,11.9204));
#12280 = VECTOR('',#12281,1.);
#12281 = DIRECTION('',(-0.992277876714,0.124034734589,0.));
#12282 = PCURVE('',#7609,#12283);
#12283 = DEFINITIONAL_REPRESENTATION('',(#12284),#12288);
#12284 = LINE('',#12285,#12286);
#12285 = CARTESIAN_POINT('',(1.281942359877,-0.621937150585));
#12286 = VECTOR('',#12287,1.);
#12287 = DIRECTION('',(1.,-4.06799065285E-32));
#12288 = ( GEOMETRIC_REPRESENTATION_CONTEXT(2) 
PARAMETRIC_REPRESENTATION_CONTEXT() REPRESENTATION_CONTEXT('2D SPACE',''
  ) );
#12289 = PCURVE('',#12137,#12290);
#12290 = DEFINITIONAL_REPRESENTATION('',(#12291),#12295);
#12291 = LINE('',#12292,#12293);
#12292 = CARTESIAN_POINT('',(0.43128325857,8.985837594337));
#12293 = VECTOR('',#12294,1.);
#12294 = DIRECTION('',(-0.992277876714,0.124034734589));
#12295 = ( GEOMETRIC_REPRESENTATION_CONTEXT(2) 
PARAMETRIC_REPRESENTATION_CONTEXT() REPRESENTATION_CONTEXT('2D SPACE',''
  ) );
#12296 = ORIENTED_EDGE('',*,*,#12297,.F.);
#12297 = EDGE_CURVE('',#12298,#12275,#12300,.T.);
#12298 = VERTEX_POINT('',#12299);
#12299 = CARTESIAN_POINT('',(-0.250017852295,9.071000233195,11.5204));
#12300 = SURFACE_CURVE('',#12301,(#12305,#12312),.PCURVE_S1.);
#12301 = LINE('',#12302,#12303);
#12302 = CARTESIAN_POINT('',(-0.250017852295,9.071000233195,11.1204));
#12303 = VECTOR('',#12304,1.);
#12304 = DIRECTION('',(0.,0.,1.));
#12305 = PCURVE('',#7609,#12306);
#12306 = DEFINITIONAL_REPRESENTATION('',(#12307),#12311);
#12307 = LINE('',#12308,#12309);
#12308 = CARTESIAN_POINT('',(1.968545504877,0.178062849415));
#12309 = VECTOR('',#12310,1.);
#12310 = DIRECTION('',(0.,-1.));
#12311 = ( GEOMETRIC_REPRESENTATION_CONTEXT(2) 
PARAMETRIC_REPRESENTATION_CONTEXT() REPRESENTATION_CONTEXT('2D SPACE',''
  ) );
#12312 = PCURVE('',#7501,#12313);
#12313 = DEFINITIONAL_REPRESENTATION('',(#12314),#12318);
#12314 = LINE('',#12315,#12316);
#12315 = CARTESIAN_POINT('',(-1.695392374848,0.154472719459));
#12316 = VECTOR('',#12317,1.);
#12317 = DIRECTION('',(0.,-1.));
#12318 = ( GEOMETRIC_REPRESENTATION_CONTEXT(2) 
PARAMETRIC_REPRESENTATION_CONTEXT() REPRESENTATION_CONTEXT('2D SPACE',''
  ) );
#12319 = ORIENTED_EDGE('',*,*,#12320,.F.);
#12320 = EDGE_CURVE('',#12321,#12298,#12323,.T.);
#12321 = VERTEX_POINT('',#12322);
#12322 = CARTESIAN_POINT('',(0.2746,9.005423001658,11.5204));
#12323 = SURFACE_CURVE('',#12324,(#12328,#12334),.PCURVE_S1.);
#12324 = LINE('',#12325,#12326);
#12325 = CARTESIAN_POINT('',(0.811266104697,8.938339738571,11.5204));
#12326 = VECTOR('',#12327,1.);
#12327 = DIRECTION('',(-0.992277876714,0.124034734589,0.));
#12328 = PCURVE('',#7609,#12329);
#12329 = DEFINITIONAL_REPRESENTATION('',(#12330),#12333);
#12330 = B_SPLINE_CURVE_WITH_KNOTS('',1,(#12331,#12332),.UNSPECIFIED.,
  .F.,.F.,(2,2),(0.540842557606,1.069543100676),
  .PIECEWISE_BEZIER_KNOTS.);
#12331 = CARTESIAN_POINT('',(1.439844961806,-0.221937150585));
#12332 = CARTESIAN_POINT('',(1.968545504877,-0.221937150585));
#12333 = ( GEOMETRIC_REPRESENTATION_CONTEXT(2) 
PARAMETRIC_REPRESENTATION_CONTEXT() REPRESENTATION_CONTEXT('2D SPACE',''
  ) );
#12334 = PCURVE('',#12335,#12340);
#12335 = PLANE('',#12336);
#12336 = AXIS2_PLACEMENT_3D('',#12337,#12338,#12339);
#12337 = CARTESIAN_POINT('',(-0.3254,7.093,11.5204));
#12338 = DIRECTION('',(0.,0.,1.));
#12339 = DIRECTION('',(1.,0.,-0.));
#12340 = DEFINITIONAL_REPRESENTATION('',(#12341),#12344);
#12341 = B_SPLINE_CURVE_WITH_KNOTS('',1,(#12342,#12343),.UNSPECIFIED.,
  .F.,.F.,(2,2),(0.540842557606,1.069543100676),
  .PIECEWISE_BEZIER_KNOTS.);
#12342 = CARTESIAN_POINT('',(0.6,1.912423001658));
#12343 = CARTESIAN_POINT('',(7.538214770502E-02,1.978000233195));
#12344 = ( GEOMETRIC_REPRESENTATION_CONTEXT(2) 
PARAMETRIC_REPRESENTATION_CONTEXT() REPRESENTATION_CONTEXT('2D SPACE',''
  ) );
#12345 = ORIENTED_EDGE('',*,*,#12346,.F.);
#12346 = EDGE_CURVE('',#7568,#12321,#12347,.T.);
#12347 = SURFACE_CURVE('',#12348,(#12352,#12359),.PCURVE_S1.);
#12348 = LINE('',#12349,#12350);
#12349 = CARTESIAN_POINT('',(0.2746,9.005423001658,10.954431424707));
#12350 = VECTOR('',#12351,1.);
#12351 = DIRECTION('',(0.,-4.118035518837E-16,1.));
#12352 = PCURVE('',#7609,#12353);
#12353 = DEFINITIONAL_REPRESENTATION('',(#12354),#12358);
#12354 = LINE('',#12355,#12356);
#12355 = CARTESIAN_POINT('',(1.439844961806,0.344031424707));
#12356 = VECTOR('',#12357,1.);
#12357 = DIRECTION('',(-5.107794426079E-17,-1.));
#12358 = ( GEOMETRIC_REPRESENTATION_CONTEXT(2) 
PARAMETRIC_REPRESENTATION_CONTEXT() REPRESENTATION_CONTEXT('2D SPACE',''
  ) );
#12359 = PCURVE('',#7582,#12360);
#12360 = DEFINITIONAL_REPRESENTATION('',(#12361),#12365);
#12361 = LINE('',#12362,#12363);
#12362 = CARTESIAN_POINT('',(0.344031424707,-1.912423001658));
#12363 = VECTOR('',#12364,1.);
#12364 = DIRECTION('',(1.,4.118035518837E-16));
#12365 = ( GEOMETRIC_REPRESENTATION_CONTEXT(2) 
PARAMETRIC_REPRESENTATION_CONTEXT() REPRESENTATION_CONTEXT('2D SPACE',''
  ) );
#12366 = ADVANCED_FACE('',(#12367),#7501,.T.);
#12367 = FACE_BOUND('',#12368,.T.);
#12368 = EDGE_LOOP('',(#12369,#12370,#12393,#12412,#12413,#12436));
#12369 = ORIENTED_EDGE('',*,*,#7486,.F.);
#12370 = ORIENTED_EDGE('',*,*,#12371,.F.);
#12371 = EDGE_CURVE('',#12372,#7487,#12374,.T.);
#12372 = VERTEX_POINT('',#12373);
#12373 = CARTESIAN_POINT('',(-0.3254,9.060231354952,11.5204));
#12374 = SURFACE_CURVE('',#12375,(#12379,#12386),.PCURVE_S1.);
#12375 = LINE('',#12376,#12377);
#12376 = CARTESIAN_POINT('',(-0.3254,9.060231354952,10.5654));
#12377 = VECTOR('',#12378,1.);
#12378 = DIRECTION('',(-0.,0.,-1.));
#12379 = PCURVE('',#7501,#12380);
#12380 = DEFINITIONAL_REPRESENTATION('',(#12381),#12385);
#12381 = LINE('',#12382,#12383);
#12382 = CARTESIAN_POINT('',(-1.61924490653,0.709472719459));
#12383 = VECTOR('',#12384,1.);
#12384 = DIRECTION('',(0.,1.));
#12385 = ( GEOMETRIC_REPRESENTATION_CONTEXT(2) 
PARAMETRIC_REPRESENTATION_CONTEXT() REPRESENTATION_CONTEXT('2D SPACE',''
  ) );
#12386 = PCURVE('',#7528,#12387);
#12387 = DEFINITIONAL_REPRESENTATION('',(#12388),#12392);
#12388 = LINE('',#12389,#12390);
#12389 = CARTESIAN_POINT('',(-4.5E-02,-1.967231354952));
#12390 = VECTOR('',#12391,1.);
#12391 = DIRECTION('',(-1.,-0.));
#12392 = ( GEOMETRIC_REPRESENTATION_CONTEXT(2) 
PARAMETRIC_REPRESENTATION_CONTEXT() REPRESENTATION_CONTEXT('2D SPACE',''
  ) );
#12393 = ORIENTED_EDGE('',*,*,#12394,.F.);
#12394 = EDGE_CURVE('',#12298,#12372,#12395,.T.);
#12395 = SURFACE_CURVE('',#12396,(#12400,#12406),.PCURVE_S1.);
#12396 = LINE('',#12397,#12398);
#12397 = CARTESIAN_POINT('',(-1.264591532513,8.926061136021,11.5204));
#12398 = VECTOR('',#12399,1.);
#12399 = DIRECTION('',(-0.989949493661,-0.141421356237,0.));
#12400 = PCURVE('',#7501,#12401);
#12401 = DEFINITIONAL_REPRESENTATION('',(#12402),#12405);
#12402 = B_SPLINE_CURVE_WITH_KNOTS('',1,(#12403,#12404),.UNSPECIFIED.,
  .F.,.F.,(2,2),(-1.024874184708,-0.94872671639),
  .PIECEWISE_BEZIER_KNOTS.);
#12403 = CARTESIAN_POINT('',(-1.695392374848,-0.245527280541));
#12404 = CARTESIAN_POINT('',(-1.61924490653,-0.245527280541));
#12405 = ( GEOMETRIC_REPRESENTATION_CONTEXT(2) 
PARAMETRIC_REPRESENTATION_CONTEXT() REPRESENTATION_CONTEXT('2D SPACE',''
  ) );
#12406 = PCURVE('',#12335,#12407);
#12407 = DEFINITIONAL_REPRESENTATION('',(#12408),#12411);
#12408 = B_SPLINE_CURVE_WITH_KNOTS('',1,(#12409,#12410),.UNSPECIFIED.,
  .F.,.F.,(2,2),(-1.024874184708,-0.94872671639),
  .PIECEWISE_BEZIER_KNOTS.);
#12409 = CARTESIAN_POINT('',(7.538214770502E-02,1.978000233195));
#12410 = CARTESIAN_POINT('',(1.110223024625E-16,1.967231354951));
#12411 = ( GEOMETRIC_REPRESENTATION_CONTEXT(2) 
PARAMETRIC_REPRESENTATION_CONTEXT() REPRESENTATION_CONTEXT('2D SPACE',''
  ) );
#12412 = ORIENTED_EDGE('',*,*,#12297,.T.);
#12413 = ORIENTED_EDGE('',*,*,#12414,.T.);
#12414 = EDGE_CURVE('',#12275,#12415,#12417,.T.);
#12415 = VERTEX_POINT('',#12416);
#12416 = CARTESIAN_POINT('',(-3.597867965644,8.592735931288,11.9204));
#12417 = SURFACE_CURVE('',#12418,(#12422,#12429),.PCURVE_S1.);
#12418 = LINE('',#12419,#12420);
#12419 = CARTESIAN_POINT('',(-2.436404177669,8.75865932957,11.9204));
#12420 = VECTOR('',#12421,1.);
#12421 = DIRECTION('',(-0.989949493661,-0.141421356237,0.));
#12422 = PCURVE('',#7501,#12423);
#12423 = DEFINITIONAL_REPRESENTATION('',(#12424),#12428);
#12424 = LINE('',#12425,#12426);
#12425 = CARTESIAN_POINT('',(0.513191335102,-0.645527280541));
#12426 = VECTOR('',#12427,1.);
#12427 = DIRECTION('',(1.,2.056522630121E-34));
#12428 = ( GEOMETRIC_REPRESENTATION_CONTEXT(2) 
PARAMETRIC_REPRESENTATION_CONTEXT() REPRESENTATION_CONTEXT('2D SPACE',''
  ) );
#12429 = PCURVE('',#12137,#12430);
#12430 = DEFINITIONAL_REPRESENTATION('',(#12431),#12435);
#12431 = LINE('',#12432,#12433);
#12432 = CARTESIAN_POINT('',(-2.436404177669,8.75865932957));
#12433 = VECTOR('',#12434,1.);
#12434 = DIRECTION('',(-0.989949493661,-0.141421356237));
#12435 = ( GEOMETRIC_REPRESENTATION_CONTEXT(2) 
PARAMETRIC_REPRESENTATION_CONTEXT() REPRESENTATION_CONTEXT('2D SPACE',''
  ) );
#12436 = ORIENTED_EDGE('',*,*,#12437,.F.);
#12437 = EDGE_CURVE('',#7460,#12415,#12438,.T.);
#12438 = SURFACE_CURVE('',#12439,(#12443,#12450),.PCURVE_S1.);
#12439 = LINE('',#12440,#12441);
#12440 = CARTESIAN_POINT('',(-3.597867965644,8.592735931288,11.1204));
#12441 = VECTOR('',#12442,1.);
#12442 = DIRECTION('',(0.,0.,1.));
#12443 = PCURVE('',#7501,#12444);
#12444 = DEFINITIONAL_REPRESENTATION('',(#12445),#12449);
#12445 = LINE('',#12446,#12447);
#12446 = CARTESIAN_POINT('',(1.686446935931,0.154472719459));
#12447 = VECTOR('',#12448,1.);
#12448 = DIRECTION('',(0.,-1.));
#12449 = ( GEOMETRIC_REPRESENTATION_CONTEXT(2) 
PARAMETRIC_REPRESENTATION_CONTEXT() REPRESENTATION_CONTEXT('2D SPACE',''
  ) );
#12450 = PCURVE('',#7474,#12451);
#12451 = DEFINITIONAL_REPRESENTATION('',(#12452),#12456);
#12452 = LINE('',#12453,#12454);
#12453 = CARTESIAN_POINT('',(-3.423904396894,0.15));
#12454 = VECTOR('',#12455,1.);
#12455 = DIRECTION('',(0.,-1.));
#12456 = ( GEOMETRIC_REPRESENTATION_CONTEXT(2) 
PARAMETRIC_REPRESENTATION_CONTEXT() REPRESENTATION_CONTEXT('2D SPACE',''
  ) );
#12457 = ADVANCED_FACE('',(#12458),#7474,.T.);
#12458 = FACE_BOUND('',#12459,.T.);
#12459 = EDGE_LOOP('',(#12460,#12461,#12484,#12505));
#12460 = ORIENTED_EDGE('',*,*,#12437,.T.);
#12461 = ORIENTED_EDGE('',*,*,#12462,.T.);
#12462 = EDGE_CURVE('',#12415,#12463,#12465,.T.);
#12463 = VERTEX_POINT('',#12464);
#12464 = CARTESIAN_POINT('',(-8.44,3.750603896932,11.9204));
#12465 = SURFACE_CURVE('',#12466,(#12470,#12477),.PCURVE_S1.);
#12466 = LINE('',#12467,#12468);
#12467 = CARTESIAN_POINT('',(-7.267650974233,4.922952922699,11.9204));
#12468 = VECTOR('',#12469,1.);
#12469 = DIRECTION('',(-0.707106781187,-0.707106781187,0.));
#12470 = PCURVE('',#7474,#12471);
#12471 = DEFINITIONAL_REPRESENTATION('',(#12472),#12476);
#12472 = LINE('',#12473,#12474);
#12473 = CARTESIAN_POINT('',(1.765952504819,-0.65));
#12474 = VECTOR('',#12475,1.);
#12475 = DIRECTION('',(1.,-3.277094423997E-33));
#12476 = ( GEOMETRIC_REPRESENTATION_CONTEXT(2) 
PARAMETRIC_REPRESENTATION_CONTEXT() REPRESENTATION_CONTEXT('2D SPACE',''
  ) );
#12477 = PCURVE('',#12137,#12478);
#12478 = DEFINITIONAL_REPRESENTATION('',(#12479),#12483);
#12479 = LINE('',#12480,#12481);
#12480 = CARTESIAN_POINT('',(-7.267650974233,4.922952922699));
#12481 = VECTOR('',#12482,1.);
#12482 = DIRECTION('',(-0.707106781187,-0.707106781187));
#12483 = ( GEOMETRIC_REPRESENTATION_CONTEXT(2) 
PARAMETRIC_REPRESENTATION_CONTEXT() REPRESENTATION_CONTEXT('2D SPACE',''
  ) );
#12484 = ORIENTED_EDGE('',*,*,#12485,.F.);
#12485 = EDGE_CURVE('',#7433,#12463,#12486,.T.);
#12486 = SURFACE_CURVE('',#12487,(#12491,#12498),.PCURVE_S1.);
#12487 = LINE('',#12488,#12489);
#12488 = CARTESIAN_POINT('',(-8.44,3.750603896932,11.1204));
#12489 = VECTOR('',#12490,1.);
#12490 = DIRECTION('',(0.,0.,1.));
#12491 = PCURVE('',#7474,#12492);
#12492 = DEFINITIONAL_REPRESENTATION('',(#12493),#12497);
#12493 = LINE('',#12494,#12495);
#12494 = CARTESIAN_POINT('',(3.423904396894,0.15));
#12495 = VECTOR('',#12496,1.);
#12496 = DIRECTION('',(0.,-1.));
#12497 = ( GEOMETRIC_REPRESENTATION_CONTEXT(2) 
PARAMETRIC_REPRESENTATION_CONTEXT() REPRESENTATION_CONTEXT('2D SPACE',''
  ) );
#12498 = PCURVE('',#7447,#12499);
#12499 = DEFINITIONAL_REPRESENTATION('',(#12500),#12504);
#12500 = LINE('',#12501,#12502);
#12501 = CARTESIAN_POINT('',(-0.15,-3.623603896932));
#12502 = VECTOR('',#12503,1.);
#12503 = DIRECTION('',(1.,0.));
#12504 = ( GEOMETRIC_REPRESENTATION_CONTEXT(2) 
PARAMETRIC_REPRESENTATION_CONTEXT() REPRESENTATION_CONTEXT('2D SPACE',''
  ) );
#12505 = ORIENTED_EDGE('',*,*,#7459,.F.);
#12506 = ADVANCED_FACE('',(#12507),#7447,.T.);
#12507 = FACE_BOUND('',#12508,.T.);
#12508 = EDGE_LOOP('',(#12509,#12510,#12533,#12554));
#12509 = ORIENTED_EDGE('',*,*,#12485,.T.);
#12510 = ORIENTED_EDGE('',*,*,#12511,.T.);
#12511 = EDGE_CURVE('',#12463,#12512,#12514,.T.);
#12512 = VERTEX_POINT('',#12513);
#12513 = CARTESIAN_POINT('',(-8.44,-3.496603896932,11.9204));
#12514 = SURFACE_CURVE('',#12515,(#12519,#12526),.PCURVE_S1.);
#12515 = LINE('',#12516,#12517);
#12516 = CARTESIAN_POINT('',(-8.44,-1.748301948466,11.9204));
#12517 = VECTOR('',#12518,1.);
#12518 = DIRECTION('',(0.,-1.,0.));
#12519 = PCURVE('',#7447,#12520);
#12520 = DEFINITIONAL_REPRESENTATION('',(#12521),#12525);
#12521 = LINE('',#12522,#12523);
#12522 = CARTESIAN_POINT('',(0.65,1.875301948466));
#12523 = VECTOR('',#12524,1.);
#12524 = DIRECTION('',(0.,1.));
#12525 = ( GEOMETRIC_REPRESENTATION_CONTEXT(2) 
PARAMETRIC_REPRESENTATION_CONTEXT() REPRESENTATION_CONTEXT('2D SPACE',''
  ) );
#12526 = PCURVE('',#12137,#12527);
#12527 = DEFINITIONAL_REPRESENTATION('',(#12528),#12532);
#12528 = LINE('',#12529,#12530);
#12529 = CARTESIAN_POINT('',(-8.44,-1.748301948466));
#12530 = VECTOR('',#12531,1.);
#12531 = DIRECTION('',(0.,-1.));
#12532 = ( GEOMETRIC_REPRESENTATION_CONTEXT(2) 
PARAMETRIC_REPRESENTATION_CONTEXT() REPRESENTATION_CONTEXT('2D SPACE',''
  ) );
#12533 = ORIENTED_EDGE('',*,*,#12534,.F.);
#12534 = EDGE_CURVE('',#7406,#12512,#12535,.T.);
#12535 = SURFACE_CURVE('',#12536,(#12540,#12547),.PCURVE_S1.);
#12536 = LINE('',#12537,#12538);
#12537 = CARTESIAN_POINT('',(-8.44,-3.496603896932,11.1204));
#12538 = VECTOR('',#12539,1.);
#12539 = DIRECTION('',(0.,0.,1.));
#12540 = PCURVE('',#7447,#12541);
#12541 = DEFINITIONAL_REPRESENTATION('',(#12542),#12546);
#12542 = LINE('',#12543,#12544);
#12543 = CARTESIAN_POINT('',(-0.15,3.623603896932));
#12544 = VECTOR('',#12545,1.);
#12545 = DIRECTION('',(1.,0.));
#12546 = ( GEOMETRIC_REPRESENTATION_CONTEXT(2) 
PARAMETRIC_REPRESENTATION_CONTEXT() REPRESENTATION_CONTEXT('2D SPACE',''
  ) );
#12547 = PCURVE('',#7420,#12548);
#12548 = DEFINITIONAL_REPRESENTATION('',(#12549),#12553);
#12549 = LINE('',#12550,#12551);
#12550 = CARTESIAN_POINT('',(-3.429297551128,0.15));
#12551 = VECTOR('',#12552,1.);
#12552 = DIRECTION('',(0.,-1.));
#12553 = ( GEOMETRIC_REPRESENTATION_CONTEXT(2) 
PARAMETRIC_REPRESENTATION_CONTEXT() REPRESENTATION_CONTEXT('2D SPACE',''
  ) );
#12554 = ORIENTED_EDGE('',*,*,#7432,.F.);
#12555 = ADVANCED_FACE('',(#12556),#7420,.T.);
#12556 = FACE_BOUND('',#12557,.T.);
#12557 = EDGE_LOOP('',(#12558,#12559,#12582,#12603));
#12558 = ORIENTED_EDGE('',*,*,#12534,.T.);
#12559 = ORIENTED_EDGE('',*,*,#12560,.T.);
#12560 = EDGE_CURVE('',#12512,#12561,#12563,.T.);
#12561 = VERTEX_POINT('',#12562);
#12562 = CARTESIAN_POINT('',(-3.590240893781,-8.346363003151,11.9204));
#12563 = SURFACE_CURVE('',#12564,(#12568,#12575),.PCURVE_S1.);
#12564 = LINE('',#12565,#12566);
#12565 = CARTESIAN_POINT('',(-4.779271421124,-7.157332475808,11.9204));
#12566 = VECTOR('',#12567,1.);
#12567 = DIRECTION('',(0.707106781187,-0.707106781187,0.));
#12568 = PCURVE('',#7420,#12569);
#12569 = DEFINITIONAL_REPRESENTATION('',(#12570),#12574);
#12570 = LINE('',#12571,#12572);
#12571 = CARTESIAN_POINT('',(1.747754453285,-0.65));
#12572 = VECTOR('',#12573,1.);
#12573 = DIRECTION('',(1.,0.));
#12574 = ( GEOMETRIC_REPRESENTATION_CONTEXT(2) 
PARAMETRIC_REPRESENTATION_CONTEXT() REPRESENTATION_CONTEXT('2D SPACE',''
  ) );
#12575 = PCURVE('',#12137,#12576);
#12576 = DEFINITIONAL_REPRESENTATION('',(#12577),#12581);
#12577 = LINE('',#12578,#12579);
#12578 = CARTESIAN_POINT('',(-4.779271421124,-7.157332475808));
#12579 = VECTOR('',#12580,1.);
#12580 = DIRECTION('',(0.707106781187,-0.707106781187));
#12581 = ( GEOMETRIC_REPRESENTATION_CONTEXT(2) 
PARAMETRIC_REPRESENTATION_CONTEXT() REPRESENTATION_CONTEXT('2D SPACE',''
  ) );
#12582 = ORIENTED_EDGE('',*,*,#12583,.F.);
#12583 = EDGE_CURVE('',#7379,#12561,#12584,.T.);
#12584 = SURFACE_CURVE('',#12585,(#12589,#12596),.PCURVE_S1.);
#12585 = LINE('',#12586,#12587);
#12586 = CARTESIAN_POINT('',(-3.590240893781,-8.346363003151,11.1204));
#12587 = VECTOR('',#12588,1.);
#12588 = DIRECTION('',(0.,0.,1.));
#12589 = PCURVE('',#7420,#12590);
#12590 = DEFINITIONAL_REPRESENTATION('',(#12591),#12595);
#12591 = LINE('',#12592,#12593);
#12592 = CARTESIAN_POINT('',(3.429297551128,0.15));
#12593 = VECTOR('',#12594,1.);
#12594 = DIRECTION('',(0.,-1.));
#12595 = ( GEOMETRIC_REPRESENTATION_CONTEXT(2) 
PARAMETRIC_REPRESENTATION_CONTEXT() REPRESENTATION_CONTEXT('2D SPACE',''
  ) );
#12596 = PCURVE('',#7393,#12597);
#12597 = DEFINITIONAL_REPRESENTATION('',(#12598),#12602);
#12598 = LINE('',#12599,#12600);
#12599 = CARTESIAN_POINT('',(-1.952610268899,0.15));
#12600 = VECTOR('',#12601,1.);
#12601 = DIRECTION('',(0.,-1.));
#12602 = ( GEOMETRIC_REPRESENTATION_CONTEXT(2) 
PARAMETRIC_REPRESENTATION_CONTEXT() REPRESENTATION_CONTEXT('2D SPACE',''
  ) );
#12603 = ORIENTED_EDGE('',*,*,#7405,.F.);
#12604 = ADVANCED_FACE('',(#12605),#7393,.T.);
#12605 = FACE_BOUND('',#12606,.T.);
#12606 = EDGE_LOOP('',(#12607,#12608,#12631,#12652));
#12607 = ORIENTED_EDGE('',*,*,#12583,.T.);
#12608 = ORIENTED_EDGE('',*,*,#12609,.T.);
#12609 = EDGE_CURVE('',#12561,#12610,#12612,.T.);
#12610 = VERTEX_POINT('',#12611);
#12611 = CARTESIAN_POINT('',(0.248091756665,-9.066050375109,11.9204));
#12612 = SURFACE_CURVE('',#12613,(#12617,#12624),.PCURVE_S1.);
#12613 = LINE('',#12614,#12615);
#12614 = CARTESIAN_POINT('',(-0.692817503168,-8.889629888891,11.9204));
#12615 = VECTOR('',#12616,1.);
#12616 = DIRECTION('',(0.982872186934,-0.18428853505,0.));
#12617 = PCURVE('',#7393,#12618);
#12618 = DEFINITIONAL_REPRESENTATION('',(#12619),#12623);
#12619 = LINE('',#12620,#12621);
#12620 = CARTESIAN_POINT('',(0.995304454022,-0.65));
#12621 = VECTOR('',#12622,1.);
#12622 = DIRECTION('',(1.,2.118887643277E-33));
#12623 = ( GEOMETRIC_REPRESENTATION_CONTEXT(2) 
PARAMETRIC_REPRESENTATION_CONTEXT() REPRESENTATION_CONTEXT('2D SPACE',''
  ) );
#12624 = PCURVE('',#12137,#12625);
#12625 = DEFINITIONAL_REPRESENTATION('',(#12626),#12630);
#12626 = LINE('',#12627,#12628);
#12627 = CARTESIAN_POINT('',(-0.692817503168,-8.889629888891));
#12628 = VECTOR('',#12629,1.);
#12629 = DIRECTION('',(0.982872186934,-0.18428853505));
#12630 = ( GEOMETRIC_REPRESENTATION_CONTEXT(2) 
PARAMETRIC_REPRESENTATION_CONTEXT() REPRESENTATION_CONTEXT('2D SPACE',''
  ) );
#12631 = ORIENTED_EDGE('',*,*,#12632,.F.);
#12632 = EDGE_CURVE('',#7352,#12610,#12633,.T.);
#12633 = SURFACE_CURVE('',#12634,(#12638,#12645),.PCURVE_S1.);
#12634 = LINE('',#12635,#12636);
#12635 = CARTESIAN_POINT('',(0.248091756665,-9.066050375109,11.1204));
#12636 = VECTOR('',#12637,1.);
#12637 = DIRECTION('',(0.,0.,1.));
#12638 = PCURVE('',#7393,#12639);
#12639 = DEFINITIONAL_REPRESENTATION('',(#12640),#12644);
#12640 = LINE('',#12641,#12642);
#12641 = CARTESIAN_POINT('',(1.952610268899,0.15));
#12642 = VECTOR('',#12643,1.);
#12643 = DIRECTION('',(0.,-1.));
#12644 = ( GEOMETRIC_REPRESENTATION_CONTEXT(2) 
PARAMETRIC_REPRESENTATION_CONTEXT() REPRESENTATION_CONTEXT('2D SPACE',''
  ) );
#12645 = PCURVE('',#7366,#12646);
#12646 = DEFINITIONAL_REPRESENTATION('',(#12647),#12651);
#12647 = LINE('',#12648,#12649);
#12648 = CARTESIAN_POINT('',(-1.706724468128,0.15));
#12649 = VECTOR('',#12650,1.);
#12650 = DIRECTION('',(0.,-1.));
#12651 = ( GEOMETRIC_REPRESENTATION_CONTEXT(2) 
PARAMETRIC_REPRESENTATION_CONTEXT() REPRESENTATION_CONTEXT('2D SPACE',''
  ) );
#12652 = ORIENTED_EDGE('',*,*,#7378,.F.);
#12653 = ADVANCED_FACE('',(#12654),#7366,.T.);
#12654 = FACE_BOUND('',#12655,.T.);
#12655 = EDGE_LOOP('',(#12656,#12657,#12678,#12679));
#12656 = ORIENTED_EDGE('',*,*,#12632,.T.);
#12657 = ORIENTED_EDGE('',*,*,#12658,.T.);
#12658 = EDGE_CURVE('',#12610,#12099,#12659,.T.);
#12659 = SURFACE_CURVE('',#12660,(#12664,#12671),.PCURVE_S1.);
#12660 = LINE('',#12661,#12662);
#12661 = CARTESIAN_POINT('',(2.727048455542,-8.534845368207,11.9204));
#12662 = VECTOR('',#12663,1.);
#12663 = DIRECTION('',(0.977802414077,0.209529088731,-0.));
#12664 = PCURVE('',#7366,#12665);
#12665 = DEFINITIONAL_REPRESENTATION('',(#12666),#12670);
#12666 = LINE('',#12667,#12668);
#12667 = CARTESIAN_POINT('',(0.828508277453,-0.65));
#12668 = VECTOR('',#12669,1.);
#12669 = DIRECTION('',(1.,0.));
#12670 = ( GEOMETRIC_REPRESENTATION_CONTEXT(2) 
PARAMETRIC_REPRESENTATION_CONTEXT() REPRESENTATION_CONTEXT('2D SPACE',''
  ) );
#12671 = PCURVE('',#12137,#12672);
#12672 = DEFINITIONAL_REPRESENTATION('',(#12673),#12677);
#12673 = LINE('',#12674,#12675);
#12674 = CARTESIAN_POINT('',(2.727048455542,-8.534845368207));
#12675 = VECTOR('',#12676,1.);
#12676 = DIRECTION('',(0.977802414077,0.209529088731));
#12677 = ( GEOMETRIC_REPRESENTATION_CONTEXT(2) 
PARAMETRIC_REPRESENTATION_CONTEXT() REPRESENTATION_CONTEXT('2D SPACE',''
  ) );
#12678 = ORIENTED_EDGE('',*,*,#12098,.F.);
#12679 = ORIENTED_EDGE('',*,*,#7351,.F.);
#12680 = ADVANCED_FACE('',(#12681,#12754),#8663,.T.);
#12681 = FACE_BOUND('',#12682,.T.);
#12682 = EDGE_LOOP('',(#12683,#12684,#12685,#12686,#12687,#12688,#12689,
    #12690,#12691,#12692,#12693,#12694,#12695,#12696,#12697,#12698,
    #12699,#12700,#12701,#12702,#12703,#12704,#12705,#12706,#12707,
    #12708,#12709,#12710,#12711,#12712,#12713,#12714,#12715,#12716,
    #12717,#12718,#12719,#12720,#12721,#12722,#12723,#12724,#12725,
    #12726,#12727,#12728,#12729,#12730,#12731,#12732,#12733,#12734,
    #12735,#12736,#12737,#12738,#12739,#12740,#12741,#12742,#12743,
    #12744,#12745,#12746,#12747,#12748,#12749,#12750,#12751,#12752,
    #12753));
#12683 = ORIENTED_EDGE('',*,*,#8767,.T.);
#12684 = ORIENTED_EDGE('',*,*,#8646,.T.);
#12685 = ORIENTED_EDGE('',*,*,#8720,.T.);
#12686 = ORIENTED_EDGE('',*,*,#8814,.T.);
#12687 = ORIENTED_EDGE('',*,*,#8908,.T.);
#12688 = ORIENTED_EDGE('',*,*,#9002,.T.);
#12689 = ORIENTED_EDGE('',*,*,#9096,.T.);
#12690 = ORIENTED_EDGE('',*,*,#9190,.T.);
#12691 = ORIENTED_EDGE('',*,*,#9284,.T.);
#12692 = ORIENTED_EDGE('',*,*,#9378,.T.);
#12693 = ORIENTED_EDGE('',*,*,#9472,.T.);
#12694 = ORIENTED_EDGE('',*,*,#9566,.T.);
#12695 = ORIENTED_EDGE('',*,*,#9660,.T.);
#12696 = ORIENTED_EDGE('',*,*,#9754,.T.);
#12697 = ORIENTED_EDGE('',*,*,#9848,.T.);
#12698 = ORIENTED_EDGE('',*,*,#9942,.T.);
#12699 = ORIENTED_EDGE('',*,*,#10036,.T.);
#12700 = ORIENTED_EDGE('',*,*,#10130,.T.);
#12701 = ORIENTED_EDGE('',*,*,#10224,.T.);
#12702 = ORIENTED_EDGE('',*,*,#10318,.T.);
#12703 = ORIENTED_EDGE('',*,*,#10412,.T.);
#12704 = ORIENTED_EDGE('',*,*,#10506,.T.);
#12705 = ORIENTED_EDGE('',*,*,#10600,.T.);
#12706 = ORIENTED_EDGE('',*,*,#10694,.T.);
#12707 = ORIENTED_EDGE('',*,*,#10788,.T.);
#12708 = ORIENTED_EDGE('',*,*,#10882,.T.);
#12709 = ORIENTED_EDGE('',*,*,#10976,.T.);
#12710 = ORIENTED_EDGE('',*,*,#11070,.T.);
#12711 = ORIENTED_EDGE('',*,*,#11164,.T.);
#12712 = ORIENTED_EDGE('',*,*,#11258,.T.);
#12713 = ORIENTED_EDGE('',*,*,#11352,.T.);
#12714 = ORIENTED_EDGE('',*,*,#11446,.T.);
#12715 = ORIENTED_EDGE('',*,*,#11540,.T.);
#12716 = ORIENTED_EDGE('',*,*,#11634,.T.);
#12717 = ORIENTED_EDGE('',*,*,#11728,.T.);
#12718 = ORIENTED_EDGE('',*,*,#11822,.T.);
#12719 = ORIENTED_EDGE('',*,*,#11916,.T.);
#12720 = ORIENTED_EDGE('',*,*,#11963,.T.);
#12721 = ORIENTED_EDGE('',*,*,#11869,.T.);
#12722 = ORIENTED_EDGE('',*,*,#11775,.T.);
#12723 = ORIENTED_EDGE('',*,*,#11681,.T.);
#12724 = ORIENTED_EDGE('',*,*,#11587,.T.);
#12725 = ORIENTED_EDGE('',*,*,#11493,.T.);
#12726 = ORIENTED_EDGE('',*,*,#11399,.T.);
#12727 = ORIENTED_EDGE('',*,*,#11305,.T.);
#12728 = ORIENTED_EDGE('',*,*,#11211,.T.);
#12729 = ORIENTED_EDGE('',*,*,#11117,.T.);
#12730 = ORIENTED_EDGE('',*,*,#11023,.T.);
#12731 = ORIENTED_EDGE('',*,*,#10929,.T.);
#12732 = ORIENTED_EDGE('',*,*,#10835,.T.);
#12733 = ORIENTED_EDGE('',*,*,#10741,.T.);
#12734 = ORIENTED_EDGE('',*,*,#10647,.T.);
#12735 = ORIENTED_EDGE('',*,*,#10553,.T.);
#12736 = ORIENTED_EDGE('',*,*,#10459,.T.);
#12737 = ORIENTED_EDGE('',*,*,#10365,.T.);
#12738 = ORIENTED_EDGE('',*,*,#10271,.T.);
#12739 = ORIENTED_EDGE('',*,*,#10177,.T.);
#12740 = ORIENTED_EDGE('',*,*,#10083,.T.);
#12741 = ORIENTED_EDGE('',*,*,#9989,.T.);
#12742 = ORIENTED_EDGE('',*,*,#9895,.T.);
#12743 = ORIENTED_EDGE('',*,*,#9801,.T.);
#12744 = ORIENTED_EDGE('',*,*,#9707,.T.);
#12745 = ORIENTED_EDGE('',*,*,#9613,.T.);
#12746 = ORIENTED_EDGE('',*,*,#9519,.T.);
#12747 = ORIENTED_EDGE('',*,*,#9425,.T.);
#12748 = ORIENTED_EDGE('',*,*,#9331,.T.);
#12749 = ORIENTED_EDGE('',*,*,#9237,.T.);
#12750 = ORIENTED_EDGE('',*,*,#9143,.T.);
#12751 = ORIENTED_EDGE('',*,*,#9049,.T.);
#12752 = ORIENTED_EDGE('',*,*,#8955,.T.);
#12753 = ORIENTED_EDGE('',*,*,#8861,.T.);
#12754 = FACE_BOUND('',#12755,.T.);
#12755 = EDGE_LOOP('',(#12756,#12784,#12810,#12836,#12862,#12888,#12914,
    #12940,#12966,#12992,#13018,#13044,#13070,#13096,#13122,#13148));
#12756 = ORIENTED_EDGE('',*,*,#12757,.T.);
#12757 = EDGE_CURVE('',#12758,#12760,#12762,.T.);
#12758 = VERTEX_POINT('',#12759);
#12759 = CARTESIAN_POINT('',(-3.556470402978,0.170012566428,12.3204));
#12760 = VERTEX_POINT('',#12761);
#12761 = CARTESIAN_POINT('',(-7.620590540601,4.39975,12.3204));
#12762 = SURFACE_CURVE('',#12763,(#12767,#12773),.PCURVE_S1.);
#12763 = LINE('',#12764,#12765);
#12764 = CARTESIAN_POINT('',(-4.692438448514,1.352272539765,12.3204));
#12765 = VECTOR('',#12766,1.);
#12766 = DIRECTION('',(-0.692848677824,0.721083011613,0.));
#12767 = PCURVE('',#8663,#12768);
#12768 = DEFINITIONAL_REPRESENTATION('',(#12769),#12772);
#12769 = B_SPLINE_CURVE_WITH_KNOTS('',1,(#12770,#12771),.UNSPECIFIED.,
  .F.,.F.,(2,2),(-1.639561540484,4.226250530321),
  .PIECEWISE_BEZIER_KNOTS.);
#12770 = CARTESIAN_POINT('',(-3.556470402978,0.170012566428));
#12771 = CARTESIAN_POINT('',(-7.620590540601,4.39975));
#12772 = ( GEOMETRIC_REPRESENTATION_CONTEXT(2) 
PARAMETRIC_REPRESENTATION_CONTEXT() REPRESENTATION_CONTEXT('2D SPACE',''
  ) );
#12773 = PCURVE('',#12774,#12779);
#12774 = PLANE('',#12775);
#12775 = AXIS2_PLACEMENT_3D('',#12776,#12777,#12778);
#12776 = CARTESIAN_POINT('',(-7.620590540601,4.39975,12.2704));
#12777 = DIRECTION('',(0.721083011613,0.692848677824,-0.));
#12778 = DIRECTION('',(0.692848677824,-0.721083011613,0.));
#12779 = DEFINITIONAL_REPRESENTATION('',(#12780),#12783);
#12780 = B_SPLINE_CURVE_WITH_KNOTS('',1,(#12781,#12782),.UNSPECIFIED.,
  .F.,.F.,(2,2),(-1.639561540484,4.226250530321),
  .PIECEWISE_BEZIER_KNOTS.);
#12781 = CARTESIAN_POINT('',(5.865812070805,-5.E-02));
#12782 = CARTESIAN_POINT('',(0.,-5.E-02));
#12783 = ( GEOMETRIC_REPRESENTATION_CONTEXT(2) 
PARAMETRIC_REPRESENTATION_CONTEXT() REPRESENTATION_CONTEXT('2D SPACE',''
  ) );
#12784 = ORIENTED_EDGE('',*,*,#12785,.T.);
#12785 = EDGE_CURVE('',#12760,#12786,#12788,.T.);
#12786 = VERTEX_POINT('',#12787);
#12787 = CARTESIAN_POINT('',(-1.925470402978,2.994987433572,12.3204));
#12788 = SURFACE_CURVE('',#12789,(#12793,#12799),.PCURVE_S1.);
#12789 = LINE('',#12790,#12791);
#12790 = CARTESIAN_POINT('',(-0.669761527722,2.685253349012,12.3204));
#12791 = VECTOR('',#12792,1.);
#12792 = DIRECTION('',(0.970900545207,-0.239483050168,0.));
#12793 = PCURVE('',#8663,#12794);
#12794 = DEFINITIONAL_REPRESENTATION('',(#12795),#12798);
#12795 = B_SPLINE_CURVE_WITH_KNOTS('',1,(#12796,#12797),.UNSPECIFIED.,
  .F.,.F.,(2,2),(-7.159156565723,-1.293344494918),
  .PIECEWISE_BEZIER_KNOTS.);
#12796 = CARTESIAN_POINT('',(-7.620590540601,4.39975));
#12797 = CARTESIAN_POINT('',(-1.925470402978,2.994987433572));
#12798 = ( GEOMETRIC_REPRESENTATION_CONTEXT(2) 
PARAMETRIC_REPRESENTATION_CONTEXT() REPRESENTATION_CONTEXT('2D SPACE',''
  ) );
#12799 = PCURVE('',#12800,#12805);
#12800 = PLANE('',#12801);
#12801 = AXIS2_PLACEMENT_3D('',#12802,#12803,#12804);
#12802 = CARTESIAN_POINT('',(-1.925470402978,2.994987433572,12.2704));
#12803 = DIRECTION('',(-0.239483050168,-0.970900545207,0.));
#12804 = DIRECTION('',(-0.970900545207,0.239483050168,0.));
#12805 = DEFINITIONAL_REPRESENTATION('',(#12806),#12809);
#12806 = B_SPLINE_CURVE_WITH_KNOTS('',1,(#12807,#12808),.UNSPECIFIED.,
  .F.,.F.,(2,2),(-7.159156565723,-1.293344494918),
  .PIECEWISE_BEZIER_KNOTS.);
#12807 = CARTESIAN_POINT('',(5.865812070805,-5.E-02));
#12808 = CARTESIAN_POINT('',(0.,-5.E-02));
#12809 = ( GEOMETRIC_REPRESENTATION_CONTEXT(2) 
PARAMETRIC_REPRESENTATION_CONTEXT() REPRESENTATION_CONTEXT('2D SPACE',''
  ) );
#12810 = ORIENTED_EDGE('',*,*,#12811,.T.);
#12811 = EDGE_CURVE('',#12786,#12812,#12814,.T.);
#12812 = VERTEX_POINT('',#12813);
#12813 = CARTESIAN_POINT('',(-1.989924915044,7.537148943897,12.3204));
#12814 = SURFACE_CURVE('',#12815,(#12819,#12825),.PCURVE_S1.);
#12815 = LINE('',#12816,#12817);
#12816 = CARTESIAN_POINT('',(-1.936258271331,3.75521722733,12.3204));
#12817 = VECTOR('',#12818,1.);
#12818 = DIRECTION('',(-1.418884456114E-02,0.999899333278,0.));
#12819 = PCURVE('',#8663,#12820);
#12820 = DEFINITIONAL_REPRESENTATION('',(#12821),#12824);
#12821 = B_SPLINE_CURVE_WITH_KNOTS('',1,(#12822,#12823),.UNSPECIFIED.,
  .F.,.F.,(2,2),(-0.760306331304,3.782312469564),
  .PIECEWISE_BEZIER_KNOTS.);
#12822 = CARTESIAN_POINT('',(-1.925470402978,2.994987433572));
#12823 = CARTESIAN_POINT('',(-1.989924915044,7.537148943897));
#12824 = ( GEOMETRIC_REPRESENTATION_CONTEXT(2) 
PARAMETRIC_REPRESENTATION_CONTEXT() REPRESENTATION_CONTEXT('2D SPACE',''
  ) );
#12825 = PCURVE('',#12826,#12831);
#12826 = PLANE('',#12827);
#12827 = AXIS2_PLACEMENT_3D('',#12828,#12829,#12830);
#12828 = CARTESIAN_POINT('',(-1.989924915044,7.537148943897,12.2704));
#12829 = DIRECTION('',(0.999899333278,1.418884456114E-02,-0.));
#12830 = DIRECTION('',(1.418884456114E-02,-0.999899333278,0.));
#12831 = DEFINITIONAL_REPRESENTATION('',(#12832),#12835);
#12832 = B_SPLINE_CURVE_WITH_KNOTS('',1,(#12833,#12834),.UNSPECIFIED.,
  .F.,.F.,(2,2),(-0.760306331304,3.782312469564),
  .PIECEWISE_BEZIER_KNOTS.);
#12833 = CARTESIAN_POINT('',(4.542618800868,-5.E-02));
#12834 = CARTESIAN_POINT('',(0.,-5.E-02));
#12835 = ( GEOMETRIC_REPRESENTATION_CONTEXT(2) 
PARAMETRIC_REPRESENTATION_CONTEXT() REPRESENTATION_CONTEXT('2D SPACE',''
  ) );
#12836 = ORIENTED_EDGE('',*,*,#12837,.T.);
#12837 = EDGE_CURVE('',#12812,#12838,#12840,.T.);
#12838 = VERTEX_POINT('',#12839);
#12839 = CARTESIAN_POINT('',(0.221035444709,3.591444620509,12.3204));
#12840 = SURFACE_CURVE('',#12841,(#12845,#12851),.PCURVE_S1.);
#12841 = LINE('',#12842,#12843);
#12842 = CARTESIAN_POINT('',(0.96040676027,2.271954389248,12.3204));
#12843 = VECTOR('',#12844,1.);
#12844 = DIRECTION('',(0.488833256666,-0.87237723903,0.));
#12845 = PCURVE('',#8663,#12846);
#12846 = DEFINITIONAL_REPRESENTATION('',(#12847),#12850);
#12847 = B_SPLINE_CURVE_WITH_KNOTS('',1,(#12848,#12849),.UNSPECIFIED.,
  .F.,.F.,(2,2),(-6.035456129628,-1.512522532946),
  .PIECEWISE_BEZIER_KNOTS.);
#12848 = CARTESIAN_POINT('',(-1.989924915044,7.537148943897));
#12849 = CARTESIAN_POINT('',(0.221035444709,3.591444620509));
#12850 = ( GEOMETRIC_REPRESENTATION_CONTEXT(2) 
PARAMETRIC_REPRESENTATION_CONTEXT() REPRESENTATION_CONTEXT('2D SPACE',''
  ) );
#12851 = PCURVE('',#12852,#12857);
#12852 = PLANE('',#12853);
#12853 = AXIS2_PLACEMENT_3D('',#12854,#12855,#12856);
#12854 = CARTESIAN_POINT('',(0.221035444709,3.591444620509,12.2704));
#12855 = DIRECTION('',(-0.87237723903,-0.488833256666,0.));
#12856 = DIRECTION('',(-0.488833256666,0.87237723903,0.));
#12857 = DEFINITIONAL_REPRESENTATION('',(#12858),#12861);
#12858 = B_SPLINE_CURVE_WITH_KNOTS('',1,(#12859,#12860),.UNSPECIFIED.,
  .F.,.F.,(2,2),(-6.035456129628,-1.512522532946),
  .PIECEWISE_BEZIER_KNOTS.);
#12859 = CARTESIAN_POINT('',(4.522933596683,-5.E-02));
#12860 = CARTESIAN_POINT('',(0.,-5.E-02));
#12861 = ( GEOMETRIC_REPRESENTATION_CONTEXT(2) 
PARAMETRIC_REPRESENTATION_CONTEXT() REPRESENTATION_CONTEXT('2D SPACE',''
  ) );
#12862 = ORIENTED_EDGE('',*,*,#12863,.T.);
#12863 = EDGE_CURVE('',#12838,#12864,#12866,.T.);
#12864 = VERTEX_POINT('',#12865);
#12865 = CARTESIAN_POINT('',(4.40585,7.631156050527,12.3204));
#12866 = SURFACE_CURVE('',#12867,(#12871,#12877),.PCURVE_S1.);
#12867 = LINE('',#12868,#12869);
#12868 = CARTESIAN_POINT('',(1.358932251481,4.689886301918,12.3204));
#12869 = VECTOR('',#12870,1.);
#12870 = DIRECTION('',(0.719470113521,0.694523401873,-0.));
#12871 = PCURVE('',#8663,#12872);
#12872 = DEFINITIONAL_REPRESENTATION('',(#12873),#12876);
#12873 = B_SPLINE_CURVE_WITH_KNOTS('',1,(#12874,#12875),.UNSPECIFIED.,
  .F.,.F.,(2,2),(-1.581576198076,4.234946930048),
  .PIECEWISE_BEZIER_KNOTS.);
#12874 = CARTESIAN_POINT('',(0.221035444709,3.591444620509));
#12875 = CARTESIAN_POINT('',(4.40585,7.631156050527));
#12876 = ( GEOMETRIC_REPRESENTATION_CONTEXT(2) 
PARAMETRIC_REPRESENTATION_CONTEXT() REPRESENTATION_CONTEXT('2D SPACE',''
  ) );
#12877 = PCURVE('',#12878,#12883);
#12878 = PLANE('',#12879);
#12879 = AXIS2_PLACEMENT_3D('',#12880,#12881,#12882);
#12880 = CARTESIAN_POINT('',(4.40585,7.631156050527,12.2704));
#12881 = DIRECTION('',(0.694523401873,-0.719470113521,0.));
#12882 = DIRECTION('',(-0.719470113521,-0.694523401873,0.));
#12883 = DEFINITIONAL_REPRESENTATION('',(#12884),#12887);
#12884 = B_SPLINE_CURVE_WITH_KNOTS('',1,(#12885,#12886),.UNSPECIFIED.,
  .F.,.F.,(2,2),(-1.581576198076,4.234946930048),
  .PIECEWISE_BEZIER_KNOTS.);
#12885 = CARTESIAN_POINT('',(5.816523128124,-5.E-02));
#12886 = CARTESIAN_POINT('',(0.,-5.E-02));
#12887 = ( GEOMETRIC_REPRESENTATION_CONTEXT(2) 
PARAMETRIC_REPRESENTATION_CONTEXT() REPRESENTATION_CONTEXT('2D SPACE',''
  ) );
#12888 = ORIENTED_EDGE('',*,*,#12889,.T.);
#12889 = EDGE_CURVE('',#12864,#12890,#12892,.T.);
#12890 = VERTEX_POINT('',#12891);
#12891 = CARTESIAN_POINT('',(2.999764555291,1.987144620509,12.3204));
#12892 = SURFACE_CURVE('',#12893,(#12897,#12903),.PCURVE_S1.);
#12893 = LINE('',#12894,#12895);
#12894 = CARTESIAN_POINT('',(2.679051830227,0.699807287755,12.3204));
#12895 = VECTOR('',#12896,1.);
#12896 = DIRECTION('',(-0.241739852784,-0.97034109651,0.));
#12897 = PCURVE('',#8663,#12898);
#12898 = DEFINITIONAL_REPRESENTATION('',(#12899),#12902);
#12899 = B_SPLINE_CURVE_WITH_KNOTS('',1,(#12900,#12901),.UNSPECIFIED.,
  .F.,.F.,(2,2),(-7.14320849411,-1.326685365986),
  .PIECEWISE_BEZIER_KNOTS.);
#12900 = CARTESIAN_POINT('',(4.40585,7.631156050527));
#12901 = CARTESIAN_POINT('',(2.999764555291,1.987144620509));
#12902 = ( GEOMETRIC_REPRESENTATION_CONTEXT(2) 
PARAMETRIC_REPRESENTATION_CONTEXT() REPRESENTATION_CONTEXT('2D SPACE',''
  ) );
#12903 = PCURVE('',#12904,#12909);
#12904 = PLANE('',#12905);
#12905 = AXIS2_PLACEMENT_3D('',#12906,#12907,#12908);
#12906 = CARTESIAN_POINT('',(2.999764555291,1.987144620509,12.2704));
#12907 = DIRECTION('',(-0.97034109651,0.241739852784,0.));
#12908 = DIRECTION('',(0.241739852784,0.97034109651,0.));
#12909 = DEFINITIONAL_REPRESENTATION('',(#12910),#12913);
#12910 = B_SPLINE_CURVE_WITH_KNOTS('',1,(#12911,#12912),.UNSPECIFIED.,
  .F.,.F.,(2,2),(-7.14320849411,-1.326685365986),
  .PIECEWISE_BEZIER_KNOTS.);
#12911 = CARTESIAN_POINT('',(5.816523128124,-5.E-02));
#12912 = CARTESIAN_POINT('',(0.,-5.E-02));
#12913 = ( GEOMETRIC_REPRESENTATION_CONTEXT(2) 
PARAMETRIC_REPRESENTATION_CONTEXT() REPRESENTATION_CONTEXT('2D SPACE',''
  ) );
#12914 = ORIENTED_EDGE('',*,*,#12915,.T.);
#12915 = EDGE_CURVE('',#12890,#12916,#12918,.T.);
#12916 = VERTEX_POINT('',#12917);
#12917 = CARTESIAN_POINT('',(7.522324915044,2.045248943897,12.3204));
#12918 = SURFACE_CURVE('',#12919,(#12923,#12929),.PCURVE_S1.);
#12919 = LINE('',#12920,#12921);
#12920 = CARTESIAN_POINT('',(3.748647017069,1.996766008678,12.3204));
#12921 = VECTOR('',#12922,1.);
#12922 = DIRECTION('',(0.999917479016,1.284660102698E-02,-0.));
#12923 = PCURVE('',#8663,#12924);
#12924 = DEFINITIONAL_REPRESENTATION('',(#12925),#12928);
#12925 = B_SPLINE_CURVE_WITH_KNOTS('',1,(#12926,#12927),.UNSPECIFIED.,
  .F.,.F.,(2,2),(-0.748944265395,3.773989331287),
  .PIECEWISE_BEZIER_KNOTS.);
#12926 = CARTESIAN_POINT('',(2.999764555291,1.987144620509));
#12927 = CARTESIAN_POINT('',(7.522324915044,2.045248943897));
#12928 = ( GEOMETRIC_REPRESENTATION_CONTEXT(2) 
PARAMETRIC_REPRESENTATION_CONTEXT() REPRESENTATION_CONTEXT('2D SPACE',''
  ) );
#12929 = PCURVE('',#12930,#12935);
#12930 = PLANE('',#12931);
#12931 = AXIS2_PLACEMENT_3D('',#12932,#12933,#12934);
#12932 = CARTESIAN_POINT('',(7.522324915044,2.045248943897,12.2704));
#12933 = DIRECTION('',(1.284660102698E-02,-0.999917479016,0.));
#12934 = DIRECTION('',(-0.999917479016,-1.284660102698E-02,0.));
#12935 = DEFINITIONAL_REPRESENTATION('',(#12936),#12939);
#12936 = B_SPLINE_CURVE_WITH_KNOTS('',1,(#12937,#12938),.UNSPECIFIED.,
  .F.,.F.,(2,2),(-0.748944265395,3.773989331287),
  .PIECEWISE_BEZIER_KNOTS.);
#12937 = CARTESIAN_POINT('',(4.522933596683,-5.E-02));
#12938 = CARTESIAN_POINT('',(0.,-5.E-02));
#12939 = ( GEOMETRIC_REPRESENTATION_CONTEXT(2) 
PARAMETRIC_REPRESENTATION_CONTEXT() REPRESENTATION_CONTEXT('2D SPACE',''
  ) );
#12940 = ORIENTED_EDGE('',*,*,#12941,.T.);
#12941 = EDGE_CURVE('',#12916,#12942,#12944,.T.);
#12942 = VERTEX_POINT('',#12943);
#12943 = CARTESIAN_POINT('',(3.612821088628,-0.236610315839,12.3204));
#12944 = SURFACE_CURVE('',#12945,(#12949,#12955),.PCURVE_S1.);
#12945 = LINE('',#12946,#12947);
#12946 = CARTESIAN_POINT('',(2.316932573299,-0.992981287601,12.3204));
#12947 = VECTOR('',#12948,1.);
#12948 = DIRECTION('',(-0.863652404633,-0.50408781375,0.));
#12949 = PCURVE('',#8663,#12950);
#12950 = DEFINITIONAL_REPRESENTATION('',(#12951),#12954);
#12951 = B_SPLINE_CURVE_WITH_KNOTS('',1,(#12952,#12953),.UNSPECIFIED.,
  .F.,.F.,(2,2),(-6.027184448073,-1.500474621941),
  .PIECEWISE_BEZIER_KNOTS.);
#12952 = CARTESIAN_POINT('',(7.522324915044,2.045248943897));
#12953 = CARTESIAN_POINT('',(3.612821088628,-0.236610315839));
#12954 = ( GEOMETRIC_REPRESENTATION_CONTEXT(2) 
PARAMETRIC_REPRESENTATION_CONTEXT() REPRESENTATION_CONTEXT('2D SPACE',''
  ) );
#12955 = PCURVE('',#12956,#12961);
#12956 = PLANE('',#12957);
#12957 = AXIS2_PLACEMENT_3D('',#12958,#12959,#12960);
#12958 = CARTESIAN_POINT('',(3.612821088628,-0.236610315839,12.2704));
#12959 = DIRECTION('',(-0.50408781375,0.863652404633,0.));
#12960 = DIRECTION('',(0.863652404633,0.50408781375,0.));
#12961 = DEFINITIONAL_REPRESENTATION('',(#12962),#12965);
#12962 = B_SPLINE_CURVE_WITH_KNOTS('',1,(#12963,#12964),.UNSPECIFIED.,
  .F.,.F.,(2,2),(-6.027184448073,-1.500474621941),
  .PIECEWISE_BEZIER_KNOTS.);
#12963 = CARTESIAN_POINT('',(4.526709826132,-5.E-02));
#12964 = CARTESIAN_POINT('',(0.,-5.E-02));
#12965 = ( GEOMETRIC_REPRESENTATION_CONTEXT(2) 
PARAMETRIC_REPRESENTATION_CONTEXT() REPRESENTATION_CONTEXT('2D SPACE',''
  ) );
#12966 = ORIENTED_EDGE('',*,*,#12967,.T.);
#12967 = EDGE_CURVE('',#12942,#12968,#12970,.T.);
#12968 = VERTEX_POINT('',#12969);
#12969 = CARTESIAN_POINT('',(7.620590540601,-4.39975,12.3204));
#12970 = SURFACE_CURVE('',#12971,(#12975,#12981),.PCURVE_S1.);
#12971 = LINE('',#12972,#12973);
#12972 = CARTESIAN_POINT('',(4.688727292551,-1.35422645311,12.3204));
#12973 = VECTOR('',#12974,1.);
#12974 = DIRECTION('',(0.693535741319,-0.720422220307,0.));
#12975 = PCURVE('',#8663,#12976);
#12976 = DEFINITIONAL_REPRESENTATION('',(#12977),#12980);
#12977 = B_SPLINE_CURVE_WITH_KNOTS('',1,(#12978,#12979),.UNSPECIFIED.,
  .F.,.F.,(2,2),(-1.551334905792,4.227414786832),
  .PIECEWISE_BEZIER_KNOTS.);
#12978 = CARTESIAN_POINT('',(3.612821088628,-0.236610315839));
#12979 = CARTESIAN_POINT('',(7.620590540601,-4.39975));
#12980 = ( GEOMETRIC_REPRESENTATION_CONTEXT(2) 
PARAMETRIC_REPRESENTATION_CONTEXT() REPRESENTATION_CONTEXT('2D SPACE',''
  ) );
#12981 = PCURVE('',#12982,#12987);
#12982 = PLANE('',#12983);
#12983 = AXIS2_PLACEMENT_3D('',#12984,#12985,#12986);
#12984 = CARTESIAN_POINT('',(7.620590540601,-4.39975,12.2704));
#12985 = DIRECTION('',(-0.720422220307,-0.693535741319,0.));
#12986 = DIRECTION('',(-0.693535741319,0.720422220307,0.));
#12987 = DEFINITIONAL_REPRESENTATION('',(#12988),#12991);
#12988 = B_SPLINE_CURVE_WITH_KNOTS('',1,(#12989,#12990),.UNSPECIFIED.,
  .F.,.F.,(2,2),(-1.551334905792,4.227414786832),
  .PIECEWISE_BEZIER_KNOTS.);
#12989 = CARTESIAN_POINT('',(5.778749692624,-5.E-02));
#12990 = CARTESIAN_POINT('',(0.,-5.E-02));
#12991 = ( GEOMETRIC_REPRESENTATION_CONTEXT(2) 
PARAMETRIC_REPRESENTATION_CONTEXT() REPRESENTATION_CONTEXT('2D SPACE',''
  ) );
#12992 = ORIENTED_EDGE('',*,*,#12993,.T.);
#12993 = EDGE_CURVE('',#12968,#12994,#12996,.T.);
#12994 = VERTEX_POINT('',#12995);
#12995 = CARTESIAN_POINT('',(2.011321088628,-3.010489684161,12.3204));
#12996 = SURFACE_CURVE('',#12997,(#13001,#13007),.PCURVE_S1.);
#12997 = LINE('',#12998,#12999);
#12998 = CARTESIAN_POINT('',(0.712523431159,-2.688813562292,12.3204));
#12999 = VECTOR('',#13000,1.);
#13000 = DIRECTION('',(-0.970671814897,0.240408460261,0.));
#13001 = PCURVE('',#8663,#13002);
#13002 = DEFINITIONAL_REPRESENTATION('',(#13003),#13006);
#13003 = B_SPLINE_CURVE_WITH_KNOTS('',1,(#13004,#13005),.UNSPECIFIED.,
  .F.,.F.,(2,2),(-7.116789633144,-1.33803994052),
  .PIECEWISE_BEZIER_KNOTS.);
#13004 = CARTESIAN_POINT('',(7.620590540601,-4.39975));
#13005 = CARTESIAN_POINT('',(2.011321088628,-3.010489684161));
#13006 = ( GEOMETRIC_REPRESENTATION_CONTEXT(2) 
PARAMETRIC_REPRESENTATION_CONTEXT() REPRESENTATION_CONTEXT('2D SPACE',''
  ) );
#13007 = PCURVE('',#13008,#13013);
#13008 = PLANE('',#13009);
#13009 = AXIS2_PLACEMENT_3D('',#13010,#13011,#13012);
#13010 = CARTESIAN_POINT('',(2.011321088628,-3.010489684161,12.2704));
#13011 = DIRECTION('',(0.240408460261,0.970671814897,-0.));
#13012 = DIRECTION('',(0.970671814897,-0.240408460261,0.));
#13013 = DEFINITIONAL_REPRESENTATION('',(#13014),#13017);
#13014 = B_SPLINE_CURVE_WITH_KNOTS('',1,(#13015,#13016),.UNSPECIFIED.,
  .F.,.F.,(2,2),(-7.116789633144,-1.33803994052),
  .PIECEWISE_BEZIER_KNOTS.);
#13015 = CARTESIAN_POINT('',(5.778749692624,-5.E-02));
#13016 = CARTESIAN_POINT('',(0.,-5.E-02));
#13017 = ( GEOMETRIC_REPRESENTATION_CONTEXT(2) 
PARAMETRIC_REPRESENTATION_CONTEXT() REPRESENTATION_CONTEXT('2D SPACE',''
  ) );
#13018 = ORIENTED_EDGE('',*,*,#13019,.T.);
#13019 = EDGE_CURVE('',#12994,#13020,#13022,.T.);
#13020 = VERTEX_POINT('',#13021);
#13021 = CARTESIAN_POINT('',(1.989924915044,-7.537148943897,12.3204));
#13022 = SURFACE_CURVE('',#13023,(#13027,#13033),.PCURVE_S1.);
#13023 = LINE('',#13024,#13025);
#13024 = CARTESIAN_POINT('',(2.007715220402,-3.7733614534,12.3204));
#13025 = VECTOR('',#13026,1.);
#13026 = DIRECTION('',(-4.726650129234E-03,-0.999988829327,0.));
#13027 = PCURVE('',#8663,#13028);
#13028 = DEFINITIONAL_REPRESENTATION('',(#13029),#13032);
#13029 = B_SPLINE_CURVE_WITH_KNOTS('',1,(#13030,#13031),.UNSPECIFIED.,
  .F.,.F.,(2,2),(-0.762880291125,3.763829535007),
  .PIECEWISE_BEZIER_KNOTS.);
#13030 = CARTESIAN_POINT('',(2.011321088628,-3.010489684161));
#13031 = CARTESIAN_POINT('',(1.989924915044,-7.537148943897));
#13032 = ( GEOMETRIC_REPRESENTATION_CONTEXT(2) 
PARAMETRIC_REPRESENTATION_CONTEXT() REPRESENTATION_CONTEXT('2D SPACE',''
  ) );
#13033 = PCURVE('',#13034,#13039);
#13034 = PLANE('',#13035);
#13035 = AXIS2_PLACEMENT_3D('',#13036,#13037,#13038);
#13036 = CARTESIAN_POINT('',(1.989924915044,-7.537148943897,12.2704));
#13037 = DIRECTION('',(-0.999988829327,4.726650129234E-03,0.));
#13038 = DIRECTION('',(4.726650129234E-03,0.999988829327,0.));
#13039 = DEFINITIONAL_REPRESENTATION('',(#13040),#13043);
#13040 = B_SPLINE_CURVE_WITH_KNOTS('',1,(#13041,#13042),.UNSPECIFIED.,
  .F.,.F.,(2,2),(-0.762880291125,3.763829535007),
  .PIECEWISE_BEZIER_KNOTS.);
#13041 = CARTESIAN_POINT('',(4.526709826132,-5.E-02));
#13042 = CARTESIAN_POINT('',(0.,-5.E-02));
#13043 = ( GEOMETRIC_REPRESENTATION_CONTEXT(2) 
PARAMETRIC_REPRESENTATION_CONTEXT() REPRESENTATION_CONTEXT('2D SPACE',''
  ) );
#13044 = ORIENTED_EDGE('',*,*,#13045,.T.);
#13045 = EDGE_CURVE('',#13020,#13046,#13048,.T.);
#13046 = VERTEX_POINT('',#13047);
#13047 = CARTESIAN_POINT('',(-0.206285444709,-3.565896871097,12.3204));
#13048 = SURFACE_CURVE('',#13049,(#13053,#13059),.PCURVE_S1.);
#13049 = LINE('',#13050,#13051);
#13050 = CARTESIAN_POINT('',(-0.937213095177,-2.244212026974,12.3204));
#13051 = VECTOR('',#13052,1.);
#13052 = DIRECTION('',(-0.483951290586,0.875094936758,0.));
#13053 = PCURVE('',#8663,#13054);
#13054 = DEFINITIONAL_REPRESENTATION('',(#13055),#13058);
#13055 = B_SPLINE_CURVE_WITH_KNOTS('',1,(#13056,#13057),.UNSPECIFIED.,
  .F.,.F.,(2,2),(-6.04841451435,-1.510333094852),
  .PIECEWISE_BEZIER_KNOTS.);
#13056 = CARTESIAN_POINT('',(1.989924915044,-7.537148943897));
#13057 = CARTESIAN_POINT('',(-0.206285444709,-3.565896871097));
#13058 = ( GEOMETRIC_REPRESENTATION_CONTEXT(2) 
PARAMETRIC_REPRESENTATION_CONTEXT() REPRESENTATION_CONTEXT('2D SPACE',''
  ) );
#13059 = PCURVE('',#13060,#13065);
#13060 = PLANE('',#13061);
#13061 = AXIS2_PLACEMENT_3D('',#13062,#13063,#13064);
#13062 = CARTESIAN_POINT('',(-0.206285444709,-3.565896871097,12.2704));
#13063 = DIRECTION('',(0.875094936758,0.483951290586,-0.));
#13064 = DIRECTION('',(0.483951290586,-0.875094936758,0.));
#13065 = DEFINITIONAL_REPRESENTATION('',(#13066),#13069);
#13066 = B_SPLINE_CURVE_WITH_KNOTS('',1,(#13067,#13068),.UNSPECIFIED.,
  .F.,.F.,(2,2),(-6.04841451435,-1.510333094852),
  .PIECEWISE_BEZIER_KNOTS.);
#13067 = CARTESIAN_POINT('',(4.538081419499,-5.E-02));
#13068 = CARTESIAN_POINT('',(0.,-5.E-02));
#13069 = ( GEOMETRIC_REPRESENTATION_CONTEXT(2) 
PARAMETRIC_REPRESENTATION_CONTEXT() REPRESENTATION_CONTEXT('2D SPACE',''
  ) );
#13070 = ORIENTED_EDGE('',*,*,#13071,.T.);
#13071 = EDGE_CURVE('',#13046,#13072,#13074,.T.);
#13072 = VERTEX_POINT('',#13073);
#13073 = CARTESIAN_POINT('',(-4.40585,-7.631156050527,12.3204));
#13074 = SURFACE_CURVE('',#13075,(#13079,#13085),.PCURVE_S1.);
#13075 = LINE('',#13076,#13077);
#13076 = CARTESIAN_POINT('',(-1.361817191295,-4.684473804035,12.3204));
#13077 = VECTOR('',#13078,1.);
#13078 = DIRECTION('',(-0.71850257531,-0.695524298118,0.));
#13079 = PCURVE('',#8663,#13080);
#13080 = DEFINITIONAL_REPRESENTATION('',(#13081),#13084);
#13081 = B_SPLINE_CURVE_WITH_KNOTS('',1,(#13082,#13083),.UNSPECIFIED.,
  .F.,.F.,(2,2),(-1.608249971947,4.236634513652),
  .PIECEWISE_BEZIER_KNOTS.);
#13082 = CARTESIAN_POINT('',(-0.206285444709,-3.565896871097));
#13083 = CARTESIAN_POINT('',(-4.40585,-7.631156050527));
#13084 = ( GEOMETRIC_REPRESENTATION_CONTEXT(2) 
PARAMETRIC_REPRESENTATION_CONTEXT() REPRESENTATION_CONTEXT('2D SPACE',''
  ) );
#13085 = PCURVE('',#13086,#13091);
#13086 = PLANE('',#13087);
#13087 = AXIS2_PLACEMENT_3D('',#13088,#13089,#13090);
#13088 = CARTESIAN_POINT('',(-4.40585,-7.631156050527,12.2704));
#13089 = DIRECTION('',(-0.695524298118,0.71850257531,0.));
#13090 = DIRECTION('',(0.71850257531,0.695524298118,0.));
#13091 = DEFINITIONAL_REPRESENTATION('',(#13092),#13095);
#13092 = B_SPLINE_CURVE_WITH_KNOTS('',1,(#13093,#13094),.UNSPECIFIED.,
  .F.,.F.,(2,2),(-1.608249971947,4.236634513652),
  .PIECEWISE_BEZIER_KNOTS.);
#13093 = CARTESIAN_POINT('',(5.844884485599,-5.E-02));
#13094 = CARTESIAN_POINT('',(0.,-5.E-02));
#13095 = ( GEOMETRIC_REPRESENTATION_CONTEXT(2) 
PARAMETRIC_REPRESENTATION_CONTEXT() REPRESENTATION_CONTEXT('2D SPACE',''
  ) );
#13096 = ORIENTED_EDGE('',*,*,#13097,.T.);
#13097 = EDGE_CURVE('',#13072,#13098,#13100,.T.);
#13098 = VERTEX_POINT('',#13099);
#13099 = CARTESIAN_POINT('',(-2.985014555291,-1.961596871097,12.3204));
#13100 = SURFACE_CURVE('',#13101,(#13105,#13111),.PCURVE_S1.);
#13101 = LINE('',#13102,#13103);
#13102 = CARTESIAN_POINT('',(-2.665546999655,-0.686825595274,12.3204));
#13103 = VECTOR('',#13104,1.);
#13104 = DIRECTION('',(0.243090423465,0.970003631962,-0.));
#13105 = PCURVE('',#8663,#13106);
#13106 = DEFINITIONAL_REPRESENTATION('',(#13107),#13110);
#13107 = B_SPLINE_CURVE_WITH_KNOTS('',1,(#13108,#13109),.UNSPECIFIED.,
  .F.,.F.,(2,2),(-7.159076756452,-1.314192270852),
  .PIECEWISE_BEZIER_KNOTS.);
#13108 = CARTESIAN_POINT('',(-4.40585,-7.631156050527));
#13109 = CARTESIAN_POINT('',(-2.985014555291,-1.961596871097));
#13110 = ( GEOMETRIC_REPRESENTATION_CONTEXT(2) 
PARAMETRIC_REPRESENTATION_CONTEXT() REPRESENTATION_CONTEXT('2D SPACE',''
  ) );
#13111 = PCURVE('',#13112,#13117);
#13112 = PLANE('',#13113);
#13113 = AXIS2_PLACEMENT_3D('',#13114,#13115,#13116);
#13114 = CARTESIAN_POINT('',(-2.985014555291,-1.961596871097,12.2704));
#13115 = DIRECTION('',(0.970003631962,-0.243090423465,0.));
#13116 = DIRECTION('',(-0.243090423465,-0.970003631962,0.));
#13117 = DEFINITIONAL_REPRESENTATION('',(#13118),#13121);
#13118 = B_SPLINE_CURVE_WITH_KNOTS('',1,(#13119,#13120),.UNSPECIFIED.,
  .F.,.F.,(2,2),(-7.159076756452,-1.314192270852),
  .PIECEWISE_BEZIER_KNOTS.);
#13119 = CARTESIAN_POINT('',(5.844884485599,-5.E-02));
#13120 = CARTESIAN_POINT('',(0.,-5.E-02));
#13121 = ( GEOMETRIC_REPRESENTATION_CONTEXT(2) 
PARAMETRIC_REPRESENTATION_CONTEXT() REPRESENTATION_CONTEXT('2D SPACE',''
  ) );
#13122 = ORIENTED_EDGE('',*,*,#13123,.T.);
#13123 = EDGE_CURVE('',#13098,#13124,#13126,.T.);
#13124 = VERTEX_POINT('',#13125);
#13125 = CARTESIAN_POINT('',(-7.522324915044,-2.045248943897,12.3204));
#13126 = SURFACE_CURVE('',#13127,(#13131,#13137),.PCURVE_S1.);
#13127 = LINE('',#13128,#13129);
#13128 = CARTESIAN_POINT('',(-3.743593259126,-1.97558239907,12.3204));
#13129 = VECTOR('',#13130,1.);
#13130 = DIRECTION('',(-0.999830091249,-1.843335653704E-02,0.));
#13131 = PCURVE('',#8663,#13132);
#13132 = DEFINITIONAL_REPRESENTATION('',(#13133),#13136);
#13133 = B_SPLINE_CURVE_WITH_KNOTS('',1,(#13134,#13135),.UNSPECIFIED.,
  .F.,.F.,(2,2),(-0.758707614898,3.779373804601),
  .PIECEWISE_BEZIER_KNOTS.);
#13134 = CARTESIAN_POINT('',(-2.985014555291,-1.961596871097));
#13135 = CARTESIAN_POINT('',(-7.522324915044,-2.045248943897));
#13136 = ( GEOMETRIC_REPRESENTATION_CONTEXT(2) 
PARAMETRIC_REPRESENTATION_CONTEXT() REPRESENTATION_CONTEXT('2D SPACE',''
  ) );
#13137 = PCURVE('',#13138,#13143);
#13138 = PLANE('',#13139);
#13139 = AXIS2_PLACEMENT_3D('',#13140,#13141,#13142);
#13140 = CARTESIAN_POINT('',(-7.522324915044,-2.045248943897,12.2704));
#13141 = DIRECTION('',(-1.843335653704E-02,0.999830091249,0.));
#13142 = DIRECTION('',(0.999830091249,1.843335653704E-02,0.));
#13143 = DEFINITIONAL_REPRESENTATION('',(#13144),#13147);
#13144 = B_SPLINE_CURVE_WITH_KNOTS('',1,(#13145,#13146),.UNSPECIFIED.,
  .F.,.F.,(2,2),(-0.758707614898,3.779373804601),
  .PIECEWISE_BEZIER_KNOTS.);
#13145 = CARTESIAN_POINT('',(4.538081419499,-5.E-02));
#13146 = CARTESIAN_POINT('',(0.,-5.E-02));
#13147 = ( GEOMETRIC_REPRESENTATION_CONTEXT(2) 
PARAMETRIC_REPRESENTATION_CONTEXT() REPRESENTATION_CONTEXT('2D SPACE',''
  ) );
#13148 = ORIENTED_EDGE('',*,*,#13149,.T.);
#13149 = EDGE_CURVE('',#13124,#12758,#13150,.T.);
#13150 = SURFACE_CURVE('',#13151,(#13155,#13161),.PCURVE_S1.);
#13151 = LINE('',#13152,#13153);
#13152 = CARTESIAN_POINT('',(-2.23731539523,0.906870992758,12.3204));
#13153 = VECTOR('',#13154,1.);
#13154 = DIRECTION('',(0.873032646127,0.487661766799,-0.));
#13155 = PCURVE('',#8663,#13156);
#13156 = DEFINITIONAL_REPRESENTATION('',(#13157),#13160);
#13157 = B_SPLINE_CURVE_WITH_KNOTS('',1,(#13158,#13159),.UNSPECIFIED.,
  .F.,.F.,(2,2),(-6.053621869998,-1.51100306913),
  .PIECEWISE_BEZIER_KNOTS.);
#13158 = CARTESIAN_POINT('',(-7.522324915044,-2.045248943897));
#13159 = CARTESIAN_POINT('',(-3.556470402978,0.170012566428));
#13160 = ( GEOMETRIC_REPRESENTATION_CONTEXT(2) 
PARAMETRIC_REPRESENTATION_CONTEXT() REPRESENTATION_CONTEXT('2D SPACE',''
  ) );
#13161 = PCURVE('',#13162,#13167);
#13162 = PLANE('',#13163);
#13163 = AXIS2_PLACEMENT_3D('',#13164,#13165,#13166);
#13164 = CARTESIAN_POINT('',(-3.556470402978,0.170012566428,12.2704));
#13165 = DIRECTION('',(0.487661766799,-0.873032646127,0.));
#13166 = DIRECTION('',(-0.873032646127,-0.487661766799,0.));
#13167 = DEFINITIONAL_REPRESENTATION('',(#13168),#13171);
#13168 = B_SPLINE_CURVE_WITH_KNOTS('',1,(#13169,#13170),.UNSPECIFIED.,
  .F.,.F.,(2,2),(-6.053621869998,-1.51100306913),
  .PIECEWISE_BEZIER_KNOTS.);
#13169 = CARTESIAN_POINT('',(4.542618800868,-5.E-02));
#13170 = CARTESIAN_POINT('',(0.,-5.E-02));
#13171 = ( GEOMETRIC_REPRESENTATION_CONTEXT(2) 
PARAMETRIC_REPRESENTATION_CONTEXT() REPRESENTATION_CONTEXT('2D SPACE',''
  ) );
#13172 = ADVANCED_FACE('',(#13173),#12005,.F.);
#13173 = FACE_BOUND('',#13174,.F.);
#13174 = EDGE_LOOP('',(#13175));
#13175 = ORIENTED_EDGE('',*,*,#11988,.T.);
#13176 = ADVANCED_FACE('',(#13177),#12060,.F.);
#13177 = FACE_BOUND('',#13178,.F.);
#13178 = EDGE_LOOP('',(#13179));
#13179 = ORIENTED_EDGE('',*,*,#12043,.T.);
#13180 = ADVANCED_FACE('',(#13181),#12137,.F.);
#13181 = FACE_BOUND('',#13182,.F.);
#13182 = EDGE_LOOP('',(#13183,#13184,#13185,#13186,#13187,#13188,#13189,
    #13190,#13191,#13192));
#13183 = ORIENTED_EDGE('',*,*,#12658,.T.);
#13184 = ORIENTED_EDGE('',*,*,#12121,.T.);
#13185 = ORIENTED_EDGE('',*,*,#12175,.T.);
#13186 = ORIENTED_EDGE('',*,*,#12224,.T.);
#13187 = ORIENTED_EDGE('',*,*,#12274,.T.);
#13188 = ORIENTED_EDGE('',*,*,#12414,.T.);
#13189 = ORIENTED_EDGE('',*,*,#12462,.T.);
#13190 = ORIENTED_EDGE('',*,*,#12511,.T.);
#13191 = ORIENTED_EDGE('',*,*,#12560,.T.);
#13192 = ORIENTED_EDGE('',*,*,#12609,.T.);
#13193 = ADVANCED_FACE('',(#13194),#12335,.F.);
#13194 = FACE_BOUND('',#13195,.F.);
#13195 = EDGE_LOOP('',(#13196,#13219,#13220,#13221,#13244));
#13196 = ORIENTED_EDGE('',*,*,#13197,.F.);
#13197 = EDGE_CURVE('',#12372,#13198,#13200,.T.);
#13198 = VERTEX_POINT('',#13199);
#13199 = CARTESIAN_POINT('',(-0.3254,10.9,11.5204));
#13200 = SURFACE_CURVE('',#13201,(#13205,#13212),.PCURVE_S1.);
#13201 = LINE('',#13202,#13203);
#13202 = CARTESIAN_POINT('',(-0.3254,7.093,11.5204));
#13203 = VECTOR('',#13204,1.);
#13204 = DIRECTION('',(-0.,1.,0.));
#13205 = PCURVE('',#12335,#13206);
#13206 = DEFINITIONAL_REPRESENTATION('',(#13207),#13211);
#13207 = LINE('',#13208,#13209);
#13208 = CARTESIAN_POINT('',(0.,0.));
#13209 = VECTOR('',#13210,1.);
#13210 = DIRECTION('',(0.,1.));
#13211 = ( GEOMETRIC_REPRESENTATION_CONTEXT(2) 
PARAMETRIC_REPRESENTATION_CONTEXT() REPRESENTATION_CONTEXT('2D SPACE',''
  ) );
#13212 = PCURVE('',#7528,#13213);
#13213 = DEFINITIONAL_REPRESENTATION('',(#13214),#13218);
#13214 = LINE('',#13215,#13216);
#13215 = CARTESIAN_POINT('',(0.91,0.));
#13216 = VECTOR('',#13217,1.);
#13217 = DIRECTION('',(0.,-1.));
#13218 = ( GEOMETRIC_REPRESENTATION_CONTEXT(2) 
PARAMETRIC_REPRESENTATION_CONTEXT() REPRESENTATION_CONTEXT('2D SPACE',''
  ) );
#13219 = ORIENTED_EDGE('',*,*,#12394,.F.);
#13220 = ORIENTED_EDGE('',*,*,#12320,.F.);
#13221 = ORIENTED_EDGE('',*,*,#13222,.T.);
#13222 = EDGE_CURVE('',#12321,#13223,#13225,.T.);
#13223 = VERTEX_POINT('',#13224);
#13224 = CARTESIAN_POINT('',(0.2746,10.9,11.5204));
#13225 = SURFACE_CURVE('',#13226,(#13230,#13237),.PCURVE_S1.);
#13226 = LINE('',#13227,#13228);
#13227 = CARTESIAN_POINT('',(0.2746,7.093,11.5204));
#13228 = VECTOR('',#13229,1.);
#13229 = DIRECTION('',(-0.,1.,0.));
#13230 = PCURVE('',#12335,#13231);
#13231 = DEFINITIONAL_REPRESENTATION('',(#13232),#13236);
#13232 = LINE('',#13233,#13234);
#13233 = CARTESIAN_POINT('',(0.6,0.));
#13234 = VECTOR('',#13235,1.);
#13235 = DIRECTION('',(0.,1.));
#13236 = ( GEOMETRIC_REPRESENTATION_CONTEXT(2) 
PARAMETRIC_REPRESENTATION_CONTEXT() REPRESENTATION_CONTEXT('2D SPACE',''
  ) );
#13237 = PCURVE('',#7582,#13238);
#13238 = DEFINITIONAL_REPRESENTATION('',(#13239),#13243);
#13239 = LINE('',#13240,#13241);
#13240 = CARTESIAN_POINT('',(0.91,0.));
#13241 = VECTOR('',#13242,1.);
#13242 = DIRECTION('',(0.,-1.));
#13243 = ( GEOMETRIC_REPRESENTATION_CONTEXT(2) 
PARAMETRIC_REPRESENTATION_CONTEXT() REPRESENTATION_CONTEXT('2D SPACE',''
  ) );
#13244 = ORIENTED_EDGE('',*,*,#13245,.F.);
#13245 = EDGE_CURVE('',#13198,#13223,#13246,.T.);
#13246 = SURFACE_CURVE('',#13247,(#13251,#13258),.PCURVE_S1.);
#13247 = LINE('',#13248,#13249);
#13248 = CARTESIAN_POINT('',(-0.3254,10.9,11.5204));
#13249 = VECTOR('',#13250,1.);
#13250 = DIRECTION('',(1.,0.,-0.));
#13251 = PCURVE('',#12335,#13252);
#13252 = DEFINITIONAL_REPRESENTATION('',(#13253),#13257);
#13253 = LINE('',#13254,#13255);
#13254 = CARTESIAN_POINT('',(0.,3.807));
#13255 = VECTOR('',#13256,1.);
#13256 = DIRECTION('',(1.,0.));
#13257 = ( GEOMETRIC_REPRESENTATION_CONTEXT(2) 
PARAMETRIC_REPRESENTATION_CONTEXT() REPRESENTATION_CONTEXT('2D SPACE',''
  ) );
#13258 = PCURVE('',#7555,#13259);
#13259 = DEFINITIONAL_REPRESENTATION('',(#13260),#13264);
#13260 = LINE('',#13261,#13262);
#13261 = CARTESIAN_POINT('',(0.91,0.));
#13262 = VECTOR('',#13263,1.);
#13263 = DIRECTION('',(0.,1.));
#13264 = ( GEOMETRIC_REPRESENTATION_CONTEXT(2) 
PARAMETRIC_REPRESENTATION_CONTEXT() REPRESENTATION_CONTEXT('2D SPACE',''
  ) );
#13265 = ADVANCED_FACE('',(#13266),#12774,.F.);
#13266 = FACE_BOUND('',#13267,.F.);
#13267 = EDGE_LOOP('',(#13268,#13269,#13292,#13320));
#13268 = ORIENTED_EDGE('',*,*,#12757,.T.);
#13269 = ORIENTED_EDGE('',*,*,#13270,.T.);
#13270 = EDGE_CURVE('',#12760,#13271,#13273,.T.);
#13271 = VERTEX_POINT('',#13272);
#13272 = CARTESIAN_POINT('',(-7.620590540601,4.39975,12.9204));
#13273 = SURFACE_CURVE('',#13274,(#13278,#13285),.PCURVE_S1.);
#13274 = LINE('',#13275,#13276);
#13275 = CARTESIAN_POINT('',(-7.620590540601,4.39975,12.2704));
#13276 = VECTOR('',#13277,1.);
#13277 = DIRECTION('',(0.,0.,1.));
#13278 = PCURVE('',#12774,#13279);
#13279 = DEFINITIONAL_REPRESENTATION('',(#13280),#13284);
#13280 = LINE('',#13281,#13282);
#13281 = CARTESIAN_POINT('',(0.,0.));
#13282 = VECTOR('',#13283,1.);
#13283 = DIRECTION('',(0.,-1.));
#13284 = ( GEOMETRIC_REPRESENTATION_CONTEXT(2) 
PARAMETRIC_REPRESENTATION_CONTEXT() REPRESENTATION_CONTEXT('2D SPACE',''
  ) );
#13285 = PCURVE('',#12800,#13286);
#13286 = DEFINITIONAL_REPRESENTATION('',(#13287),#13291);
#13287 = LINE('',#13288,#13289);
#13288 = CARTESIAN_POINT('',(5.865812070805,0.));
#13289 = VECTOR('',#13290,1.);
#13290 = DIRECTION('',(0.,-1.));
#13291 = ( GEOMETRIC_REPRESENTATION_CONTEXT(2) 
PARAMETRIC_REPRESENTATION_CONTEXT() REPRESENTATION_CONTEXT('2D SPACE',''
  ) );
#13292 = ORIENTED_EDGE('',*,*,#13293,.T.);
#13293 = EDGE_CURVE('',#13271,#13294,#13296,.T.);
#13294 = VERTEX_POINT('',#13295);
#13295 = CARTESIAN_POINT('',(-3.556470402978,0.170012566428,12.9204));
#13296 = SURFACE_CURVE('',#13297,(#13301,#13308),.PCURVE_S1.);
#13297 = LINE('',#13298,#13299);
#13298 = CARTESIAN_POINT('',(-7.620590540601,4.39975,12.9204));
#13299 = VECTOR('',#13300,1.);
#13300 = DIRECTION('',(0.692848677824,-0.721083011613,0.));
#13301 = PCURVE('',#12774,#13302);
#13302 = DEFINITIONAL_REPRESENTATION('',(#13303),#13307);
#13303 = LINE('',#13304,#13305);
#13304 = CARTESIAN_POINT('',(0.,-0.65));
#13305 = VECTOR('',#13306,1.);
#13306 = DIRECTION('',(1.,0.));
#13307 = ( GEOMETRIC_REPRESENTATION_CONTEXT(2) 
PARAMETRIC_REPRESENTATION_CONTEXT() REPRESENTATION_CONTEXT('2D SPACE',''
  ) );
#13308 = PCURVE('',#13309,#13314);
#13309 = PLANE('',#13310);
#13310 = AXIS2_PLACEMENT_3D('',#13311,#13312,#13313);
#13311 = CARTESIAN_POINT('',(-1.691103186454E-03,9.878066317775E-05,
    12.9204));
#13312 = DIRECTION('',(0.,0.,1.));
#13313 = DIRECTION('',(0.866025403784,-0.5,0.));
#13314 = DEFINITIONAL_REPRESENTATION('',(#13315),#13319);
#13315 = LINE('',#13316,#13317);
#13316 = CARTESIAN_POINT('',(-8.797986071349,7.600050295122E-04));
#13317 = VECTOR('',#13318,1.);
#13318 = DIRECTION('',(0.960566061781,-0.278051867382));
#13319 = ( GEOMETRIC_REPRESENTATION_CONTEXT(2) 
PARAMETRIC_REPRESENTATION_CONTEXT() REPRESENTATION_CONTEXT('2D SPACE',''
  ) );
#13320 = ORIENTED_EDGE('',*,*,#13321,.F.);
#13321 = EDGE_CURVE('',#12758,#13294,#13322,.T.);
#13322 = SURFACE_CURVE('',#13323,(#13327,#13334),.PCURVE_S1.);
#13323 = LINE('',#13324,#13325);
#13324 = CARTESIAN_POINT('',(-3.556470402978,0.170012566428,12.2704));
#13325 = VECTOR('',#13326,1.);
#13326 = DIRECTION('',(0.,0.,1.));
#13327 = PCURVE('',#12774,#13328);
#13328 = DEFINITIONAL_REPRESENTATION('',(#13329),#13333);
#13329 = LINE('',#13330,#13331);
#13330 = CARTESIAN_POINT('',(5.865812070805,0.));
#13331 = VECTOR('',#13332,1.);
#13332 = DIRECTION('',(0.,-1.));
#13333 = ( GEOMETRIC_REPRESENTATION_CONTEXT(2) 
PARAMETRIC_REPRESENTATION_CONTEXT() REPRESENTATION_CONTEXT('2D SPACE',''
  ) );
#13334 = PCURVE('',#13162,#13335);
#13335 = DEFINITIONAL_REPRESENTATION('',(#13336),#13340);
#13336 = LINE('',#13337,#13338);
#13337 = CARTESIAN_POINT('',(0.,0.));
#13338 = VECTOR('',#13339,1.);
#13339 = DIRECTION('',(0.,-1.));
#13340 = ( GEOMETRIC_REPRESENTATION_CONTEXT(2) 
PARAMETRIC_REPRESENTATION_CONTEXT() REPRESENTATION_CONTEXT('2D SPACE',''
  ) );
#13341 = ADVANCED_FACE('',(#13342),#13162,.F.);
#13342 = FACE_BOUND('',#13343,.F.);
#13343 = EDGE_LOOP('',(#13344,#13345,#13346,#13369));
#13344 = ORIENTED_EDGE('',*,*,#13149,.T.);
#13345 = ORIENTED_EDGE('',*,*,#13321,.T.);
#13346 = ORIENTED_EDGE('',*,*,#13347,.T.);
#13347 = EDGE_CURVE('',#13294,#13348,#13350,.T.);
#13348 = VERTEX_POINT('',#13349);
#13349 = CARTESIAN_POINT('',(-7.522324915044,-2.045248943897,12.9204));
#13350 = SURFACE_CURVE('',#13351,(#13355,#13362),.PCURVE_S1.);
#13351 = LINE('',#13352,#13353);
#13352 = CARTESIAN_POINT('',(-3.556470402978,0.170012566428,12.9204));
#13353 = VECTOR('',#13354,1.);
#13354 = DIRECTION('',(-0.873032646127,-0.487661766799,0.));
#13355 = PCURVE('',#13162,#13356);
#13356 = DEFINITIONAL_REPRESENTATION('',(#13357),#13361);
#13357 = LINE('',#13358,#13359);
#13358 = CARTESIAN_POINT('',(0.,-0.65));
#13359 = VECTOR('',#13360,1.);
#13360 = DIRECTION('',(1.,0.));
#13361 = ( GEOMETRIC_REPRESENTATION_CONTEXT(2) 
PARAMETRIC_REPRESENTATION_CONTEXT() REPRESENTATION_CONTEXT('2D SPACE',''
  ) );
#13362 = PCURVE('',#13309,#13363);
#13363 = DEFINITIONAL_REPRESENTATION('',(#13364),#13368);
#13364 = LINE('',#13365,#13366);
#13365 = CARTESIAN_POINT('',(-3.163486071349,-1.63023999497));
#13366 = VECTOR('',#13367,1.);
#13367 = DIRECTION('',(-0.512237566479,-0.858843801565));
#13368 = ( GEOMETRIC_REPRESENTATION_CONTEXT(2) 
PARAMETRIC_REPRESENTATION_CONTEXT() REPRESENTATION_CONTEXT('2D SPACE',''
  ) );
#13369 = ORIENTED_EDGE('',*,*,#13370,.F.);
#13370 = EDGE_CURVE('',#13124,#13348,#13371,.T.);
#13371 = SURFACE_CURVE('',#13372,(#13376,#13383),.PCURVE_S1.);
#13372 = LINE('',#13373,#13374);
#13373 = CARTESIAN_POINT('',(-7.522324915044,-2.045248943897,12.2704));
#13374 = VECTOR('',#13375,1.);
#13375 = DIRECTION('',(0.,0.,1.));
#13376 = PCURVE('',#13162,#13377);
#13377 = DEFINITIONAL_REPRESENTATION('',(#13378),#13382);
#13378 = LINE('',#13379,#13380);
#13379 = CARTESIAN_POINT('',(4.542618800868,0.));
#13380 = VECTOR('',#13381,1.);
#13381 = DIRECTION('',(0.,-1.));
#13382 = ( GEOMETRIC_REPRESENTATION_CONTEXT(2) 
PARAMETRIC_REPRESENTATION_CONTEXT() REPRESENTATION_CONTEXT('2D SPACE',''
  ) );
#13383 = PCURVE('',#13138,#13384);
#13384 = DEFINITIONAL_REPRESENTATION('',(#13385),#13389);
#13385 = LINE('',#13386,#13387);
#13386 = CARTESIAN_POINT('',(0.,0.));
#13387 = VECTOR('',#13388,1.);
#13388 = DIRECTION('',(0.,-1.));
#13389 = ( GEOMETRIC_REPRESENTATION_CONTEXT(2) 
PARAMETRIC_REPRESENTATION_CONTEXT() REPRESENTATION_CONTEXT('2D SPACE',''
  ) );
#13390 = ADVANCED_FACE('',(#13391),#13138,.F.);
#13391 = FACE_BOUND('',#13392,.F.);
#13392 = EDGE_LOOP('',(#13393,#13394,#13395,#13418));
#13393 = ORIENTED_EDGE('',*,*,#13123,.T.);
#13394 = ORIENTED_EDGE('',*,*,#13370,.T.);
#13395 = ORIENTED_EDGE('',*,*,#13396,.T.);
#13396 = EDGE_CURVE('',#13348,#13397,#13399,.T.);
#13397 = VERTEX_POINT('',#13398);
#13398 = CARTESIAN_POINT('',(-2.985014555291,-1.961596871097,12.9204));
#13399 = SURFACE_CURVE('',#13400,(#13404,#13411),.PCURVE_S1.);
#13400 = LINE('',#13401,#13402);
#13401 = CARTESIAN_POINT('',(-7.522324915044,-2.045248943897,12.9204));
#13402 = VECTOR('',#13403,1.);
#13403 = DIRECTION('',(0.999830091249,1.843335653704E-02,0.));
#13404 = PCURVE('',#13138,#13405);
#13405 = DEFINITIONAL_REPRESENTATION('',(#13406),#13410);
#13406 = LINE('',#13407,#13408);
#13407 = CARTESIAN_POINT('',(0.,-0.65));
#13408 = VECTOR('',#13409,1.);
#13409 = DIRECTION('',(1.,0.));
#13410 = ( GEOMETRIC_REPRESENTATION_CONTEXT(2) 
PARAMETRIC_REPRESENTATION_CONTEXT() REPRESENTATION_CONTEXT('2D SPACE',''
  ) );
#13411 = PCURVE('',#13309,#13412);
#13412 = DEFINITIONAL_REPRESENTATION('',(#13413),#13417);
#13413 = LINE('',#13414,#13415);
#13414 = CARTESIAN_POINT('',(-5.490386071349,-5.53163999497));
#13415 = VECTOR('',#13416,1.);
#13416 = DIRECTION('',(0.856661580221,0.515878800663));
#13417 = ( GEOMETRIC_REPRESENTATION_CONTEXT(2) 
PARAMETRIC_REPRESENTATION_CONTEXT() REPRESENTATION_CONTEXT('2D SPACE',''
  ) );
#13418 = ORIENTED_EDGE('',*,*,#13419,.F.);
#13419 = EDGE_CURVE('',#13098,#13397,#13420,.T.);
#13420 = SURFACE_CURVE('',#13421,(#13425,#13432),.PCURVE_S1.);
#13421 = LINE('',#13422,#13423);
#13422 = CARTESIAN_POINT('',(-2.985014555291,-1.961596871097,12.2704));
#13423 = VECTOR('',#13424,1.);
#13424 = DIRECTION('',(0.,0.,1.));
#13425 = PCURVE('',#13138,#13426);
#13426 = DEFINITIONAL_REPRESENTATION('',(#13427),#13431);
#13427 = LINE('',#13428,#13429);
#13428 = CARTESIAN_POINT('',(4.538081419499,0.));
#13429 = VECTOR('',#13430,1.);
#13430 = DIRECTION('',(0.,-1.));
#13431 = ( GEOMETRIC_REPRESENTATION_CONTEXT(2) 
PARAMETRIC_REPRESENTATION_CONTEXT() REPRESENTATION_CONTEXT('2D SPACE',''
  ) );
#13432 = PCURVE('',#13112,#13433);
#13433 = DEFINITIONAL_REPRESENTATION('',(#13434),#13438);
#13434 = LINE('',#13435,#13436);
#13435 = CARTESIAN_POINT('',(0.,0.));
#13436 = VECTOR('',#13437,1.);
#13437 = DIRECTION('',(0.,-1.));
#13438 = ( GEOMETRIC_REPRESENTATION_CONTEXT(2) 
PARAMETRIC_REPRESENTATION_CONTEXT() REPRESENTATION_CONTEXT('2D SPACE',''
  ) );
#13439 = ADVANCED_FACE('',(#13440),#13112,.F.);
#13440 = FACE_BOUND('',#13441,.F.);
#13441 = EDGE_LOOP('',(#13442,#13443,#13444,#13467));
#13442 = ORIENTED_EDGE('',*,*,#13097,.T.);
#13443 = ORIENTED_EDGE('',*,*,#13419,.T.);
#13444 = ORIENTED_EDGE('',*,*,#13445,.T.);
#13445 = EDGE_CURVE('',#13397,#13446,#13448,.T.);
#13446 = VERTEX_POINT('',#13447);
#13447 = CARTESIAN_POINT('',(-4.40585,-7.631156050527,12.9204));
#13448 = SURFACE_CURVE('',#13449,(#13453,#13460),.PCURVE_S1.);
#13449 = LINE('',#13450,#13451);
#13450 = CARTESIAN_POINT('',(-2.985014555291,-1.961596871097,12.9204));
#13451 = VECTOR('',#13452,1.);
#13452 = DIRECTION('',(-0.243090423465,-0.970003631962,0.));
#13453 = PCURVE('',#13112,#13454);
#13454 = DEFINITIONAL_REPRESENTATION('',(#13455),#13459);
#13455 = LINE('',#13456,#13457);
#13456 = CARTESIAN_POINT('',(0.,-0.65));
#13457 = VECTOR('',#13458,1.);
#13458 = DIRECTION('',(1.,0.));
#13459 = ( GEOMETRIC_REPRESENTATION_CONTEXT(2) 
PARAMETRIC_REPRESENTATION_CONTEXT() REPRESENTATION_CONTEXT('2D SPACE',''
  ) );
#13460 = PCURVE('',#13309,#13461);
#13461 = DEFINITIONAL_REPRESENTATION('',(#13462),#13466);
#13462 = LINE('',#13463,#13464);
#13463 = CARTESIAN_POINT('',(-1.602786071349,-3.19053999497));
#13464 = VECTOR('',#13465,1.);
#13465 = DIRECTION('',(0.274479333844,-0.961592998775));
#13466 = ( GEOMETRIC_REPRESENTATION_CONTEXT(2) 
PARAMETRIC_REPRESENTATION_CONTEXT() REPRESENTATION_CONTEXT('2D SPACE',''
  ) );
#13467 = ORIENTED_EDGE('',*,*,#13468,.F.);
#13468 = EDGE_CURVE('',#13072,#13446,#13469,.T.);
#13469 = SURFACE_CURVE('',#13470,(#13474,#13481),.PCURVE_S1.);
#13470 = LINE('',#13471,#13472);
#13471 = CARTESIAN_POINT('',(-4.40585,-7.631156050527,12.2704));
#13472 = VECTOR('',#13473,1.);
#13473 = DIRECTION('',(0.,0.,1.));
#13474 = PCURVE('',#13112,#13475);
#13475 = DEFINITIONAL_REPRESENTATION('',(#13476),#13480);
#13476 = LINE('',#13477,#13478);
#13477 = CARTESIAN_POINT('',(5.844884485599,0.));
#13478 = VECTOR('',#13479,1.);
#13479 = DIRECTION('',(0.,-1.));
#13480 = ( GEOMETRIC_REPRESENTATION_CONTEXT(2) 
PARAMETRIC_REPRESENTATION_CONTEXT() REPRESENTATION_CONTEXT('2D SPACE',''
  ) );
#13481 = PCURVE('',#13086,#13482);
#13482 = DEFINITIONAL_REPRESENTATION('',(#13483),#13487);
#13483 = LINE('',#13484,#13485);
#13484 = CARTESIAN_POINT('',(0.,0.));
#13485 = VECTOR('',#13486,1.);
#13486 = DIRECTION('',(0.,-1.));
#13487 = ( GEOMETRIC_REPRESENTATION_CONTEXT(2) 
PARAMETRIC_REPRESENTATION_CONTEXT() REPRESENTATION_CONTEXT('2D SPACE',''
  ) );
#13488 = ADVANCED_FACE('',(#13489),#13086,.F.);
#13489 = FACE_BOUND('',#13490,.F.);
#13490 = EDGE_LOOP('',(#13491,#13492,#13493,#13516));
#13491 = ORIENTED_EDGE('',*,*,#13071,.T.);
#13492 = ORIENTED_EDGE('',*,*,#13468,.T.);
#13493 = ORIENTED_EDGE('',*,*,#13494,.T.);
#13494 = EDGE_CURVE('',#13446,#13495,#13497,.T.);
#13495 = VERTEX_POINT('',#13496);
#13496 = CARTESIAN_POINT('',(-0.206285444709,-3.565896871097,12.9204));
#13497 = SURFACE_CURVE('',#13498,(#13502,#13509),.PCURVE_S1.);
#13498 = LINE('',#13499,#13500);
#13499 = CARTESIAN_POINT('',(-4.40585,-7.631156050527,12.9204));
#13500 = VECTOR('',#13501,1.);
#13501 = DIRECTION('',(0.71850257531,0.695524298118,0.));
#13502 = PCURVE('',#13086,#13503);
#13503 = DEFINITIONAL_REPRESENTATION('',(#13504),#13508);
#13504 = LINE('',#13505,#13506);
#13505 = CARTESIAN_POINT('',(0.,-0.65));
#13506 = VECTOR('',#13507,1.);
#13507 = DIRECTION('',(1.,0.));
#13508 = ( GEOMETRIC_REPRESENTATION_CONTEXT(2) 
PARAMETRIC_REPRESENTATION_CONTEXT() REPRESENTATION_CONTEXT('2D SPACE',''
  ) );
#13509 = PCURVE('',#13309,#13510);
#13510 = DEFINITIONAL_REPRESENTATION('',(#13511),#13515);
#13511 = LINE('',#13512,#13513);
#13512 = CARTESIAN_POINT('',(1.513928651479E-03,-8.81093999497));
#13513 = VECTOR('',#13514,1.);
#13514 = DIRECTION('',(0.274479333844,0.961592998775));
#13515 = ( GEOMETRIC_REPRESENTATION_CONTEXT(2) 
PARAMETRIC_REPRESENTATION_CONTEXT() REPRESENTATION_CONTEXT('2D SPACE',''
  ) );
#13516 = ORIENTED_EDGE('',*,*,#13517,.F.);
#13517 = EDGE_CURVE('',#13046,#13495,#13518,.T.);
#13518 = SURFACE_CURVE('',#13519,(#13523,#13530),.PCURVE_S1.);
#13519 = LINE('',#13520,#13521);
#13520 = CARTESIAN_POINT('',(-0.206285444709,-3.565896871097,12.2704));
#13521 = VECTOR('',#13522,1.);
#13522 = DIRECTION('',(0.,0.,1.));
#13523 = PCURVE('',#13086,#13524);
#13524 = DEFINITIONAL_REPRESENTATION('',(#13525),#13529);
#13525 = LINE('',#13526,#13527);
#13526 = CARTESIAN_POINT('',(5.844884485599,0.));
#13527 = VECTOR('',#13528,1.);
#13528 = DIRECTION('',(0.,-1.));
#13529 = ( GEOMETRIC_REPRESENTATION_CONTEXT(2) 
PARAMETRIC_REPRESENTATION_CONTEXT() REPRESENTATION_CONTEXT('2D SPACE',''
  ) );
#13530 = PCURVE('',#13060,#13531);
#13531 = DEFINITIONAL_REPRESENTATION('',(#13532),#13536);
#13532 = LINE('',#13533,#13534);
#13533 = CARTESIAN_POINT('',(0.,0.));
#13534 = VECTOR('',#13535,1.);
#13535 = DIRECTION('',(0.,-1.));
#13536 = ( GEOMETRIC_REPRESENTATION_CONTEXT(2) 
PARAMETRIC_REPRESENTATION_CONTEXT() REPRESENTATION_CONTEXT('2D SPACE',''
  ) );
#13537 = ADVANCED_FACE('',(#13538),#13060,.F.);
#13538 = FACE_BOUND('',#13539,.F.);
#13539 = EDGE_LOOP('',(#13540,#13541,#13542,#13565));
#13540 = ORIENTED_EDGE('',*,*,#13045,.T.);
#13541 = ORIENTED_EDGE('',*,*,#13517,.T.);
#13542 = ORIENTED_EDGE('',*,*,#13543,.T.);
#13543 = EDGE_CURVE('',#13495,#13544,#13546,.T.);
#13544 = VERTEX_POINT('',#13545);
#13545 = CARTESIAN_POINT('',(1.989924915044,-7.537148943897,12.9204));
#13546 = SURFACE_CURVE('',#13547,(#13551,#13558),.PCURVE_S1.);
#13547 = LINE('',#13548,#13549);
#13548 = CARTESIAN_POINT('',(-0.206285444709,-3.565896871097,12.9204));
#13549 = VECTOR('',#13550,1.);
#13550 = DIRECTION('',(0.483951290586,-0.875094936758,0.));
#13551 = PCURVE('',#13060,#13552);
#13552 = DEFINITIONAL_REPRESENTATION('',(#13553),#13557);
#13553 = LINE('',#13554,#13555);
#13554 = CARTESIAN_POINT('',(0.,-0.65));
#13555 = VECTOR('',#13556,1.);
#13556 = DIRECTION('',(1.,0.));
#13557 = ( GEOMETRIC_REPRESENTATION_CONTEXT(2) 
PARAMETRIC_REPRESENTATION_CONTEXT() REPRESENTATION_CONTEXT('2D SPACE',''
  ) );
#13558 = PCURVE('',#13309,#13559);
#13559 = DEFINITIONAL_REPRESENTATION('',(#13560),#13564);
#13560 = LINE('',#13561,#13562);
#13561 = CARTESIAN_POINT('',(1.605813928651,-3.19053999497));
#13562 = VECTOR('',#13563,1.);
#13563 = DIRECTION('',(0.856661580221,-0.515878800663));
#13564 = ( GEOMETRIC_REPRESENTATION_CONTEXT(2) 
PARAMETRIC_REPRESENTATION_CONTEXT() REPRESENTATION_CONTEXT('2D SPACE',''
  ) );
#13565 = ORIENTED_EDGE('',*,*,#13566,.F.);
#13566 = EDGE_CURVE('',#13020,#13544,#13567,.T.);
#13567 = SURFACE_CURVE('',#13568,(#13572,#13579),.PCURVE_S1.);
#13568 = LINE('',#13569,#13570);
#13569 = CARTESIAN_POINT('',(1.989924915044,-7.537148943897,12.2704));
#13570 = VECTOR('',#13571,1.);
#13571 = DIRECTION('',(0.,0.,1.));
#13572 = PCURVE('',#13060,#13573);
#13573 = DEFINITIONAL_REPRESENTATION('',(#13574),#13578);
#13574 = LINE('',#13575,#13576);
#13575 = CARTESIAN_POINT('',(4.538081419499,0.));
#13576 = VECTOR('',#13577,1.);
#13577 = DIRECTION('',(0.,-1.));
#13578 = ( GEOMETRIC_REPRESENTATION_CONTEXT(2) 
PARAMETRIC_REPRESENTATION_CONTEXT() REPRESENTATION_CONTEXT('2D SPACE',''
  ) );
#13579 = PCURVE('',#13034,#13580);
#13580 = DEFINITIONAL_REPRESENTATION('',(#13581),#13585);
#13581 = LINE('',#13582,#13583);
#13582 = CARTESIAN_POINT('',(0.,0.));
#13583 = VECTOR('',#13584,1.);
#13584 = DIRECTION('',(0.,-1.));
#13585 = ( GEOMETRIC_REPRESENTATION_CONTEXT(2) 
PARAMETRIC_REPRESENTATION_CONTEXT() REPRESENTATION_CONTEXT('2D SPACE',''
  ) );
#13586 = ADVANCED_FACE('',(#13587),#13034,.F.);
#13587 = FACE_BOUND('',#13588,.F.);
#13588 = EDGE_LOOP('',(#13589,#13590,#13591,#13614));
#13589 = ORIENTED_EDGE('',*,*,#13019,.T.);
#13590 = ORIENTED_EDGE('',*,*,#13566,.T.);
#13591 = ORIENTED_EDGE('',*,*,#13592,.T.);
#13592 = EDGE_CURVE('',#13544,#13593,#13595,.T.);
#13593 = VERTEX_POINT('',#13594);
#13594 = CARTESIAN_POINT('',(2.011321088628,-3.010489684161,12.9204));
#13595 = SURFACE_CURVE('',#13596,(#13600,#13607),.PCURVE_S1.);
#13596 = LINE('',#13597,#13598);
#13597 = CARTESIAN_POINT('',(1.989924915044,-7.537148943897,12.9204));
#13598 = VECTOR('',#13599,1.);
#13599 = DIRECTION('',(4.726650129234E-03,0.999988829327,0.));
#13600 = PCURVE('',#13034,#13601);
#13601 = DEFINITIONAL_REPRESENTATION('',(#13602),#13606);
#13602 = LINE('',#13603,#13604);
#13603 = CARTESIAN_POINT('',(0.,-0.65));
#13604 = VECTOR('',#13605,1.);
#13605 = DIRECTION('',(1.,0.));
#13606 = ( GEOMETRIC_REPRESENTATION_CONTEXT(2) 
PARAMETRIC_REPRESENTATION_CONTEXT() REPRESENTATION_CONTEXT('2D SPACE',''
  ) );
#13607 = PCURVE('',#13309,#13608);
#13608 = DEFINITIONAL_REPRESENTATION('',(#13609),#13613);
#13609 = LINE('',#13610,#13611);
#13610 = CARTESIAN_POINT('',(5.493413928651,-5.53163999497));
#13611 = VECTOR('',#13612,1.);
#13612 = DIRECTION('',(-0.495901015577,0.868379054762));
#13613 = ( GEOMETRIC_REPRESENTATION_CONTEXT(2) 
PARAMETRIC_REPRESENTATION_CONTEXT() REPRESENTATION_CONTEXT('2D SPACE',''
  ) );
#13614 = ORIENTED_EDGE('',*,*,#13615,.F.);
#13615 = EDGE_CURVE('',#12994,#13593,#13616,.T.);
#13616 = SURFACE_CURVE('',#13617,(#13621,#13628),.PCURVE_S1.);
#13617 = LINE('',#13618,#13619);
#13618 = CARTESIAN_POINT('',(2.011321088628,-3.010489684161,12.2704));
#13619 = VECTOR('',#13620,1.);
#13620 = DIRECTION('',(0.,0.,1.));
#13621 = PCURVE('',#13034,#13622);
#13622 = DEFINITIONAL_REPRESENTATION('',(#13623),#13627);
#13623 = LINE('',#13624,#13625);
#13624 = CARTESIAN_POINT('',(4.526709826132,0.));
#13625 = VECTOR('',#13626,1.);
#13626 = DIRECTION('',(0.,-1.));
#13627 = ( GEOMETRIC_REPRESENTATION_CONTEXT(2) 
PARAMETRIC_REPRESENTATION_CONTEXT() REPRESENTATION_CONTEXT('2D SPACE',''
  ) );
#13628 = PCURVE('',#13008,#13629);
#13629 = DEFINITIONAL_REPRESENTATION('',(#13630),#13634);
#13630 = LINE('',#13631,#13632);
#13631 = CARTESIAN_POINT('',(0.,0.));
#13632 = VECTOR('',#13633,1.);
#13633 = DIRECTION('',(0.,-1.));
#13634 = ( GEOMETRIC_REPRESENTATION_CONTEXT(2) 
PARAMETRIC_REPRESENTATION_CONTEXT() REPRESENTATION_CONTEXT('2D SPACE',''
  ) );
#13635 = ADVANCED_FACE('',(#13636),#13008,.F.);
#13636 = FACE_BOUND('',#13637,.F.);
#13637 = EDGE_LOOP('',(#13638,#13639,#13640,#13663));
#13638 = ORIENTED_EDGE('',*,*,#12993,.T.);
#13639 = ORIENTED_EDGE('',*,*,#13615,.T.);
#13640 = ORIENTED_EDGE('',*,*,#13641,.T.);
#13641 = EDGE_CURVE('',#13593,#13642,#13644,.T.);
#13642 = VERTEX_POINT('',#13643);
#13643 = CARTESIAN_POINT('',(7.620590540601,-4.39975,12.9204));
#13644 = SURFACE_CURVE('',#13645,(#13649,#13656),.PCURVE_S1.);
#13645 = LINE('',#13646,#13647);
#13646 = CARTESIAN_POINT('',(2.011321088628,-3.010489684161,12.9204));
#13647 = VECTOR('',#13648,1.);
#13648 = DIRECTION('',(0.970671814897,-0.240408460261,0.));
#13649 = PCURVE('',#13008,#13650);
#13650 = DEFINITIONAL_REPRESENTATION('',(#13651),#13655);
#13651 = LINE('',#13652,#13653);
#13652 = CARTESIAN_POINT('',(0.,-0.65));
#13653 = VECTOR('',#13654,1.);
#13654 = DIRECTION('',(1.,0.));
#13655 = ( GEOMETRIC_REPRESENTATION_CONTEXT(2) 
PARAMETRIC_REPRESENTATION_CONTEXT() REPRESENTATION_CONTEXT('2D SPACE',''
  ) );
#13656 = PCURVE('',#13309,#13657);
#13657 = DEFINITIONAL_REPRESENTATION('',(#13658),#13662);
#13658 = LINE('',#13659,#13660);
#13659 = CARTESIAN_POINT('',(3.248613928651,-1.60073999497));
#13660 = VECTOR('',#13661,1.);
#13661 = DIRECTION('',(0.960830680569,0.277136073577));
#13662 = ( GEOMETRIC_REPRESENTATION_CONTEXT(2) 
PARAMETRIC_REPRESENTATION_CONTEXT() REPRESENTATION_CONTEXT('2D SPACE',''
  ) );
#13663 = ORIENTED_EDGE('',*,*,#13664,.F.);
#13664 = EDGE_CURVE('',#12968,#13642,#13665,.T.);
#13665 = SURFACE_CURVE('',#13666,(#13670,#13677),.PCURVE_S1.);
#13666 = LINE('',#13667,#13668);
#13667 = CARTESIAN_POINT('',(7.620590540601,-4.39975,12.2704));
#13668 = VECTOR('',#13669,1.);
#13669 = DIRECTION('',(0.,0.,1.));
#13670 = PCURVE('',#13008,#13671);
#13671 = DEFINITIONAL_REPRESENTATION('',(#13672),#13676);
#13672 = LINE('',#13673,#13674);
#13673 = CARTESIAN_POINT('',(5.778749692624,0.));
#13674 = VECTOR('',#13675,1.);
#13675 = DIRECTION('',(0.,-1.));
#13676 = ( GEOMETRIC_REPRESENTATION_CONTEXT(2) 
PARAMETRIC_REPRESENTATION_CONTEXT() REPRESENTATION_CONTEXT('2D SPACE',''
  ) );
#13677 = PCURVE('',#12982,#13678);
#13678 = DEFINITIONAL_REPRESENTATION('',(#13679),#13683);
#13679 = LINE('',#13680,#13681);
#13680 = CARTESIAN_POINT('',(0.,0.));
#13681 = VECTOR('',#13682,1.);
#13682 = DIRECTION('',(0.,-1.));
#13683 = ( GEOMETRIC_REPRESENTATION_CONTEXT(2) 
PARAMETRIC_REPRESENTATION_CONTEXT() REPRESENTATION_CONTEXT('2D SPACE',''
  ) );
#13684 = ADVANCED_FACE('',(#13685),#12982,.F.);
#13685 = FACE_BOUND('',#13686,.F.);
#13686 = EDGE_LOOP('',(#13687,#13688,#13689,#13712));
#13687 = ORIENTED_EDGE('',*,*,#12967,.T.);
#13688 = ORIENTED_EDGE('',*,*,#13664,.T.);
#13689 = ORIENTED_EDGE('',*,*,#13690,.T.);
#13690 = EDGE_CURVE('',#13642,#13691,#13693,.T.);
#13691 = VERTEX_POINT('',#13692);
#13692 = CARTESIAN_POINT('',(3.612821088628,-0.236610315839,12.9204));
#13693 = SURFACE_CURVE('',#13694,(#13698,#13705),.PCURVE_S1.);
#13694 = LINE('',#13695,#13696);
#13695 = CARTESIAN_POINT('',(7.620590540601,-4.39975,12.9204));
#13696 = VECTOR('',#13697,1.);
#13697 = DIRECTION('',(-0.693535741319,0.720422220307,0.));
#13698 = PCURVE('',#12982,#13699);
#13699 = DEFINITIONAL_REPRESENTATION('',(#13700),#13704);
#13700 = LINE('',#13701,#13702);
#13701 = CARTESIAN_POINT('',(0.,-0.65));
#13702 = VECTOR('',#13703,1.);
#13703 = DIRECTION('',(1.,0.));
#13704 = ( GEOMETRIC_REPRESENTATION_CONTEXT(2) 
PARAMETRIC_REPRESENTATION_CONTEXT() REPRESENTATION_CONTEXT('2D SPACE',''
  ) );
#13705 = PCURVE('',#13309,#13706);
#13706 = DEFINITIONAL_REPRESENTATION('',(#13707),#13711);
#13707 = LINE('',#13708,#13709);
#13708 = CARTESIAN_POINT('',(8.801013928651,7.600050295122E-04));
#13709 = VECTOR('',#13710,1.);
#13710 = DIRECTION('',(-0.960830680569,0.277136073577));
#13711 = ( GEOMETRIC_REPRESENTATION_CONTEXT(2) 
PARAMETRIC_REPRESENTATION_CONTEXT() REPRESENTATION_CONTEXT('2D SPACE',''
  ) );
#13712 = ORIENTED_EDGE('',*,*,#13713,.F.);
#13713 = EDGE_CURVE('',#12942,#13691,#13714,.T.);
#13714 = SURFACE_CURVE('',#13715,(#13719,#13726),.PCURVE_S1.);
#13715 = LINE('',#13716,#13717);
#13716 = CARTESIAN_POINT('',(3.612821088628,-0.236610315839,12.2704));
#13717 = VECTOR('',#13718,1.);
#13718 = DIRECTION('',(0.,0.,1.));
#13719 = PCURVE('',#12982,#13720);
#13720 = DEFINITIONAL_REPRESENTATION('',(#13721),#13725);
#13721 = LINE('',#13722,#13723);
#13722 = CARTESIAN_POINT('',(5.778749692624,0.));
#13723 = VECTOR('',#13724,1.);
#13724 = DIRECTION('',(0.,-1.));
#13725 = ( GEOMETRIC_REPRESENTATION_CONTEXT(2) 
PARAMETRIC_REPRESENTATION_CONTEXT() REPRESENTATION_CONTEXT('2D SPACE',''
  ) );
#13726 = PCURVE('',#12956,#13727);
#13727 = DEFINITIONAL_REPRESENTATION('',(#13728),#13732);
#13728 = LINE('',#13729,#13730);
#13729 = CARTESIAN_POINT('',(0.,0.));
#13730 = VECTOR('',#13731,1.);
#13731 = DIRECTION('',(0.,-1.));
#13732 = ( GEOMETRIC_REPRESENTATION_CONTEXT(2) 
PARAMETRIC_REPRESENTATION_CONTEXT() REPRESENTATION_CONTEXT('2D SPACE',''
  ) );
#13733 = ADVANCED_FACE('',(#13734),#12956,.F.);
#13734 = FACE_BOUND('',#13735,.F.);
#13735 = EDGE_LOOP('',(#13736,#13737,#13738,#13761));
#13736 = ORIENTED_EDGE('',*,*,#12941,.T.);
#13737 = ORIENTED_EDGE('',*,*,#13713,.T.);
#13738 = ORIENTED_EDGE('',*,*,#13739,.T.);
#13739 = EDGE_CURVE('',#13691,#13740,#13742,.T.);
#13740 = VERTEX_POINT('',#13741);
#13741 = CARTESIAN_POINT('',(7.522324915044,2.045248943897,12.9204));
#13742 = SURFACE_CURVE('',#13743,(#13747,#13754),.PCURVE_S1.);
#13743 = LINE('',#13744,#13745);
#13744 = CARTESIAN_POINT('',(3.612821088628,-0.236610315839,12.9204));
#13745 = VECTOR('',#13746,1.);
#13746 = DIRECTION('',(0.863652404633,0.50408781375,0.));
#13747 = PCURVE('',#12956,#13748);
#13748 = DEFINITIONAL_REPRESENTATION('',(#13749),#13753);
#13749 = LINE('',#13750,#13751);
#13750 = CARTESIAN_POINT('',(0.,-0.65));
#13751 = VECTOR('',#13752,1.);
#13752 = DIRECTION('',(1.,0.));
#13753 = ( GEOMETRIC_REPRESENTATION_CONTEXT(2) 
PARAMETRIC_REPRESENTATION_CONTEXT() REPRESENTATION_CONTEXT('2D SPACE',''
  ) );
#13754 = PCURVE('',#13309,#13755);
#13755 = DEFINITIONAL_REPRESENTATION('',(#13756),#13760);
#13756 = LINE('',#13757,#13758);
#13757 = CARTESIAN_POINT('',(3.248613928651,1.60226000503));
#13758 = VECTOR('',#13759,1.);
#13759 = DIRECTION('',(0.495901015577,0.868379054762));
#13760 = ( GEOMETRIC_REPRESENTATION_CONTEXT(2) 
PARAMETRIC_REPRESENTATION_CONTEXT() REPRESENTATION_CONTEXT('2D SPACE',''
  ) );
#13761 = ORIENTED_EDGE('',*,*,#13762,.F.);
#13762 = EDGE_CURVE('',#12916,#13740,#13763,.T.);
#13763 = SURFACE_CURVE('',#13764,(#13768,#13775),.PCURVE_S1.);
#13764 = LINE('',#13765,#13766);
#13765 = CARTESIAN_POINT('',(7.522324915044,2.045248943897,12.2704));
#13766 = VECTOR('',#13767,1.);
#13767 = DIRECTION('',(0.,0.,1.));
#13768 = PCURVE('',#12956,#13769);
#13769 = DEFINITIONAL_REPRESENTATION('',(#13770),#13774);
#13770 = LINE('',#13771,#13772);
#13771 = CARTESIAN_POINT('',(4.526709826132,0.));
#13772 = VECTOR('',#13773,1.);
#13773 = DIRECTION('',(0.,-1.));
#13774 = ( GEOMETRIC_REPRESENTATION_CONTEXT(2) 
PARAMETRIC_REPRESENTATION_CONTEXT() REPRESENTATION_CONTEXT('2D SPACE',''
  ) );
#13775 = PCURVE('',#12930,#13776);
#13776 = DEFINITIONAL_REPRESENTATION('',(#13777),#13781);
#13777 = LINE('',#13778,#13779);
#13778 = CARTESIAN_POINT('',(0.,0.));
#13779 = VECTOR('',#13780,1.);
#13780 = DIRECTION('',(0.,-1.));
#13781 = ( GEOMETRIC_REPRESENTATION_CONTEXT(2) 
PARAMETRIC_REPRESENTATION_CONTEXT() REPRESENTATION_CONTEXT('2D SPACE',''
  ) );
#13782 = ADVANCED_FACE('',(#13783),#12930,.F.);
#13783 = FACE_BOUND('',#13784,.F.);
#13784 = EDGE_LOOP('',(#13785,#13786,#13787,#13810));
#13785 = ORIENTED_EDGE('',*,*,#12915,.T.);
#13786 = ORIENTED_EDGE('',*,*,#13762,.T.);
#13787 = ORIENTED_EDGE('',*,*,#13788,.T.);
#13788 = EDGE_CURVE('',#13740,#13789,#13791,.T.);
#13789 = VERTEX_POINT('',#13790);
#13790 = CARTESIAN_POINT('',(2.999764555291,1.987144620509,12.9204));
#13791 = SURFACE_CURVE('',#13792,(#13796,#13803),.PCURVE_S1.);
#13792 = LINE('',#13793,#13794);
#13793 = CARTESIAN_POINT('',(7.522324915044,2.045248943897,12.9204));
#13794 = VECTOR('',#13795,1.);
#13795 = DIRECTION('',(-0.999917479016,-1.284660102698E-02,0.));
#13796 = PCURVE('',#12930,#13797);
#13797 = DEFINITIONAL_REPRESENTATION('',(#13798),#13802);
#13798 = LINE('',#13799,#13800);
#13799 = CARTESIAN_POINT('',(0.,-0.65));
#13800 = VECTOR('',#13801,1.);
#13801 = DIRECTION('',(1.,0.));
#13802 = ( GEOMETRIC_REPRESENTATION_CONTEXT(2) 
PARAMETRIC_REPRESENTATION_CONTEXT() REPRESENTATION_CONTEXT('2D SPACE',''
  ) );
#13803 = PCURVE('',#13309,#13804);
#13804 = DEFINITIONAL_REPRESENTATION('',(#13805),#13809);
#13805 = LINE('',#13806,#13807);
#13806 = CARTESIAN_POINT('',(5.493413928651,5.53316000503));
#13807 = VECTOR('',#13808,1.);
#13808 = DIRECTION('',(-0.859530638003,-0.51108422235));
#13809 = ( GEOMETRIC_REPRESENTATION_CONTEXT(2) 
PARAMETRIC_REPRESENTATION_CONTEXT() REPRESENTATION_CONTEXT('2D SPACE',''
  ) );
#13810 = ORIENTED_EDGE('',*,*,#13811,.F.);
#13811 = EDGE_CURVE('',#12890,#13789,#13812,.T.);
#13812 = SURFACE_CURVE('',#13813,(#13817,#13824),.PCURVE_S1.);
#13813 = LINE('',#13814,#13815);
#13814 = CARTESIAN_POINT('',(2.999764555291,1.987144620509,12.2704));
#13815 = VECTOR('',#13816,1.);
#13816 = DIRECTION('',(0.,0.,1.));
#13817 = PCURVE('',#12930,#13818);
#13818 = DEFINITIONAL_REPRESENTATION('',(#13819),#13823);
#13819 = LINE('',#13820,#13821);
#13820 = CARTESIAN_POINT('',(4.522933596683,0.));
#13821 = VECTOR('',#13822,1.);
#13822 = DIRECTION('',(0.,-1.));
#13823 = ( GEOMETRIC_REPRESENTATION_CONTEXT(2) 
PARAMETRIC_REPRESENTATION_CONTEXT() REPRESENTATION_CONTEXT('2D SPACE',''
  ) );
#13824 = PCURVE('',#12904,#13825);
#13825 = DEFINITIONAL_REPRESENTATION('',(#13826),#13830);
#13826 = LINE('',#13827,#13828);
#13827 = CARTESIAN_POINT('',(0.,0.));
#13828 = VECTOR('',#13829,1.);
#13829 = DIRECTION('',(0.,-1.));
#13830 = ( GEOMETRIC_REPRESENTATION_CONTEXT(2) 
PARAMETRIC_REPRESENTATION_CONTEXT() REPRESENTATION_CONTEXT('2D SPACE',''
  ) );
#13831 = ADVANCED_FACE('',(#13832),#12904,.F.);
#13832 = FACE_BOUND('',#13833,.F.);
#13833 = EDGE_LOOP('',(#13834,#13835,#13836,#13859));
#13834 = ORIENTED_EDGE('',*,*,#12889,.T.);
#13835 = ORIENTED_EDGE('',*,*,#13811,.T.);
#13836 = ORIENTED_EDGE('',*,*,#13837,.T.);
#13837 = EDGE_CURVE('',#13789,#13838,#13840,.T.);
#13838 = VERTEX_POINT('',#13839);
#13839 = CARTESIAN_POINT('',(4.40585,7.631156050527,12.9204));
#13840 = SURFACE_CURVE('',#13841,(#13845,#13852),.PCURVE_S1.);
#13841 = LINE('',#13842,#13843);
#13842 = CARTESIAN_POINT('',(2.999764555291,1.987144620509,12.9204));
#13843 = VECTOR('',#13844,1.);
#13844 = DIRECTION('',(0.241739852784,0.97034109651,0.));
#13845 = PCURVE('',#12904,#13846);
#13846 = DEFINITIONAL_REPRESENTATION('',(#13847),#13851);
#13847 = LINE('',#13848,#13849);
#13848 = CARTESIAN_POINT('',(0.,-0.65));
#13849 = VECTOR('',#13850,1.);
#13850 = DIRECTION('',(1.,0.));
#13851 = ( GEOMETRIC_REPRESENTATION_CONTEXT(2) 
PARAMETRIC_REPRESENTATION_CONTEXT() REPRESENTATION_CONTEXT('2D SPACE',''
  ) );
#13852 = PCURVE('',#13309,#13853);
#13853 = DEFINITIONAL_REPRESENTATION('',(#13854),#13858);
#13854 = LINE('',#13855,#13856);
#13855 = CARTESIAN_POINT('',(1.605813928651,3.22156000503));
#13856 = VECTOR('',#13857,1.);
#13857 = DIRECTION('',(-0.275817694637,0.961209966306));
#13858 = ( GEOMETRIC_REPRESENTATION_CONTEXT(2) 
PARAMETRIC_REPRESENTATION_CONTEXT() REPRESENTATION_CONTEXT('2D SPACE',''
  ) );
#13859 = ORIENTED_EDGE('',*,*,#13860,.F.);
#13860 = EDGE_CURVE('',#12864,#13838,#13861,.T.);
#13861 = SURFACE_CURVE('',#13862,(#13866,#13873),.PCURVE_S1.);
#13862 = LINE('',#13863,#13864);
#13863 = CARTESIAN_POINT('',(4.40585,7.631156050527,12.2704));
#13864 = VECTOR('',#13865,1.);
#13865 = DIRECTION('',(0.,0.,1.));
#13866 = PCURVE('',#12904,#13867);
#13867 = DEFINITIONAL_REPRESENTATION('',(#13868),#13872);
#13868 = LINE('',#13869,#13870);
#13869 = CARTESIAN_POINT('',(5.816523128124,0.));
#13870 = VECTOR('',#13871,1.);
#13871 = DIRECTION('',(0.,-1.));
#13872 = ( GEOMETRIC_REPRESENTATION_CONTEXT(2) 
PARAMETRIC_REPRESENTATION_CONTEXT() REPRESENTATION_CONTEXT('2D SPACE',''
  ) );
#13873 = PCURVE('',#12878,#13874);
#13874 = DEFINITIONAL_REPRESENTATION('',(#13875),#13879);
#13875 = LINE('',#13876,#13877);
#13876 = CARTESIAN_POINT('',(0.,0.));
#13877 = VECTOR('',#13878,1.);
#13878 = DIRECTION('',(0.,-1.));
#13879 = ( GEOMETRIC_REPRESENTATION_CONTEXT(2) 
PARAMETRIC_REPRESENTATION_CONTEXT() REPRESENTATION_CONTEXT('2D SPACE',''
  ) );
#13880 = ADVANCED_FACE('',(#13881),#12878,.F.);
#13881 = FACE_BOUND('',#13882,.F.);
#13882 = EDGE_LOOP('',(#13883,#13884,#13885,#13908));
#13883 = ORIENTED_EDGE('',*,*,#12863,.T.);
#13884 = ORIENTED_EDGE('',*,*,#13860,.T.);
#13885 = ORIENTED_EDGE('',*,*,#13886,.T.);
#13886 = EDGE_CURVE('',#13838,#13887,#13889,.T.);
#13887 = VERTEX_POINT('',#13888);
#13888 = CARTESIAN_POINT('',(0.221035444709,3.591444620509,12.9204));
#13889 = SURFACE_CURVE('',#13890,(#13894,#13901),.PCURVE_S1.);
#13890 = LINE('',#13891,#13892);
#13891 = CARTESIAN_POINT('',(4.40585,7.631156050527,12.9204));
#13892 = VECTOR('',#13893,1.);
#13893 = DIRECTION('',(-0.719470113521,-0.694523401873,0.));
#13894 = PCURVE('',#12878,#13895);
#13895 = DEFINITIONAL_REPRESENTATION('',(#13896),#13900);
#13896 = LINE('',#13897,#13898);
#13897 = CARTESIAN_POINT('',(0.,-0.65));
#13898 = VECTOR('',#13899,1.);
#13899 = DIRECTION('',(1.,0.));
#13900 = ( GEOMETRIC_REPRESENTATION_CONTEXT(2) 
PARAMETRIC_REPRESENTATION_CONTEXT() REPRESENTATION_CONTEXT('2D SPACE',''
  ) );
#13901 = PCURVE('',#13309,#13902);
#13902 = DEFINITIONAL_REPRESENTATION('',(#13903),#13907);
#13903 = LINE('',#13904,#13905);
#13904 = CARTESIAN_POINT('',(1.513928651479E-03,8.81246000503));
#13905 = VECTOR('',#13906,1.);
#13906 = DIRECTION('',(-0.275817694637,-0.961209966306));
#13907 = ( GEOMETRIC_REPRESENTATION_CONTEXT(2) 
PARAMETRIC_REPRESENTATION_CONTEXT() REPRESENTATION_CONTEXT('2D SPACE',''
  ) );
#13908 = ORIENTED_EDGE('',*,*,#13909,.F.);
#13909 = EDGE_CURVE('',#12838,#13887,#13910,.T.);
#13910 = SURFACE_CURVE('',#13911,(#13915,#13922),.PCURVE_S1.);
#13911 = LINE('',#13912,#13913);
#13912 = CARTESIAN_POINT('',(0.221035444709,3.591444620509,12.2704));
#13913 = VECTOR('',#13914,1.);
#13914 = DIRECTION('',(0.,0.,1.));
#13915 = PCURVE('',#12878,#13916);
#13916 = DEFINITIONAL_REPRESENTATION('',(#13917),#13921);
#13917 = LINE('',#13918,#13919);
#13918 = CARTESIAN_POINT('',(5.816523128124,0.));
#13919 = VECTOR('',#13920,1.);
#13920 = DIRECTION('',(0.,-1.));
#13921 = ( GEOMETRIC_REPRESENTATION_CONTEXT(2) 
PARAMETRIC_REPRESENTATION_CONTEXT() REPRESENTATION_CONTEXT('2D SPACE',''
  ) );
#13922 = PCURVE('',#12852,#13923);
#13923 = DEFINITIONAL_REPRESENTATION('',(#13924),#13928);
#13924 = LINE('',#13925,#13926);
#13925 = CARTESIAN_POINT('',(0.,0.));
#13926 = VECTOR('',#13927,1.);
#13927 = DIRECTION('',(0.,-1.));
#13928 = ( GEOMETRIC_REPRESENTATION_CONTEXT(2) 
PARAMETRIC_REPRESENTATION_CONTEXT() REPRESENTATION_CONTEXT('2D SPACE',''
  ) );
#13929 = ADVANCED_FACE('',(#13930),#12852,.F.);
#13930 = FACE_BOUND('',#13931,.F.);
#13931 = EDGE_LOOP('',(#13932,#13933,#13934,#13957));
#13932 = ORIENTED_EDGE('',*,*,#12837,.T.);
#13933 = ORIENTED_EDGE('',*,*,#13909,.T.);
#13934 = ORIENTED_EDGE('',*,*,#13935,.T.);
#13935 = EDGE_CURVE('',#13887,#13936,#13938,.T.);
#13936 = VERTEX_POINT('',#13937);
#13937 = CARTESIAN_POINT('',(-1.989924915044,7.537148943897,12.9204));
#13938 = SURFACE_CURVE('',#13939,(#13943,#13950),.PCURVE_S1.);
#13939 = LINE('',#13940,#13941);
#13940 = CARTESIAN_POINT('',(0.221035444709,3.591444620509,12.9204));
#13941 = VECTOR('',#13942,1.);
#13942 = DIRECTION('',(-0.488833256666,0.87237723903,0.));
#13943 = PCURVE('',#12852,#13944);
#13944 = DEFINITIONAL_REPRESENTATION('',(#13945),#13949);
#13945 = LINE('',#13946,#13947);
#13946 = CARTESIAN_POINT('',(0.,-0.65));
#13947 = VECTOR('',#13948,1.);
#13948 = DIRECTION('',(1.,0.));
#13949 = ( GEOMETRIC_REPRESENTATION_CONTEXT(2) 
PARAMETRIC_REPRESENTATION_CONTEXT() REPRESENTATION_CONTEXT('2D SPACE',''
  ) );
#13950 = PCURVE('',#13309,#13951);
#13951 = DEFINITIONAL_REPRESENTATION('',(#13952),#13956);
#13952 = LINE('',#13953,#13954);
#13953 = CARTESIAN_POINT('',(-1.602786071349,3.22156000503));
#13954 = VECTOR('',#13955,1.);
#13955 = DIRECTION('',(-0.859530638003,0.51108422235));
#13956 = ( GEOMETRIC_REPRESENTATION_CONTEXT(2) 
PARAMETRIC_REPRESENTATION_CONTEXT() REPRESENTATION_CONTEXT('2D SPACE',''
  ) );
#13957 = ORIENTED_EDGE('',*,*,#13958,.F.);
#13958 = EDGE_CURVE('',#12812,#13936,#13959,.T.);
#13959 = SURFACE_CURVE('',#13960,(#13964,#13971),.PCURVE_S1.);
#13960 = LINE('',#13961,#13962);
#13961 = CARTESIAN_POINT('',(-1.989924915044,7.537148943897,12.2704));
#13962 = VECTOR('',#13963,1.);
#13963 = DIRECTION('',(0.,0.,1.));
#13964 = PCURVE('',#12852,#13965);
#13965 = DEFINITIONAL_REPRESENTATION('',(#13966),#13970);
#13966 = LINE('',#13967,#13968);
#13967 = CARTESIAN_POINT('',(4.522933596683,0.));
#13968 = VECTOR('',#13969,1.);
#13969 = DIRECTION('',(0.,-1.));
#13970 = ( GEOMETRIC_REPRESENTATION_CONTEXT(2) 
PARAMETRIC_REPRESENTATION_CONTEXT() REPRESENTATION_CONTEXT('2D SPACE',''
  ) );
#13971 = PCURVE('',#12826,#13972);
#13972 = DEFINITIONAL_REPRESENTATION('',(#13973),#13977);
#13973 = LINE('',#13974,#13975);
#13974 = CARTESIAN_POINT('',(0.,0.));
#13975 = VECTOR('',#13976,1.);
#13976 = DIRECTION('',(0.,-1.));
#13977 = ( GEOMETRIC_REPRESENTATION_CONTEXT(2) 
PARAMETRIC_REPRESENTATION_CONTEXT() REPRESENTATION_CONTEXT('2D SPACE',''
  ) );
#13978 = ADVANCED_FACE('',(#13979),#12826,.F.);
#13979 = FACE_BOUND('',#13980,.F.);
#13980 = EDGE_LOOP('',(#13981,#13982,#13983,#14006));
#13981 = ORIENTED_EDGE('',*,*,#12811,.T.);
#13982 = ORIENTED_EDGE('',*,*,#13958,.T.);
#13983 = ORIENTED_EDGE('',*,*,#13984,.T.);
#13984 = EDGE_CURVE('',#13936,#13985,#13987,.T.);
#13985 = VERTEX_POINT('',#13986);
#13986 = CARTESIAN_POINT('',(-1.925470402978,2.994987433572,12.9204));
#13987 = SURFACE_CURVE('',#13988,(#13992,#13999),.PCURVE_S1.);
#13988 = LINE('',#13989,#13990);
#13989 = CARTESIAN_POINT('',(-1.989924915044,7.537148943897,12.9204));
#13990 = VECTOR('',#13991,1.);
#13991 = DIRECTION('',(1.418884456114E-02,-0.999899333278,0.));
#13992 = PCURVE('',#12826,#13993);
#13993 = DEFINITIONAL_REPRESENTATION('',(#13994),#13998);
#13994 = LINE('',#13995,#13996);
#13995 = CARTESIAN_POINT('',(0.,-0.65));
#13996 = VECTOR('',#13997,1.);
#13997 = DIRECTION('',(1.,0.));
#13998 = ( GEOMETRIC_REPRESENTATION_CONTEXT(2) 
PARAMETRIC_REPRESENTATION_CONTEXT() REPRESENTATION_CONTEXT('2D SPACE',''
  ) );
#13999 = PCURVE('',#13309,#14000);
#14000 = DEFINITIONAL_REPRESENTATION('',(#14001),#14005);
#14001 = LINE('',#14002,#14003);
#14002 = CARTESIAN_POINT('',(-5.490386071349,5.53316000503));
#14003 = VECTOR('',#14004,1.);
#14004 = DIRECTION('',(0.512237566479,-0.858843801565));
#14005 = ( GEOMETRIC_REPRESENTATION_CONTEXT(2) 
PARAMETRIC_REPRESENTATION_CONTEXT() REPRESENTATION_CONTEXT('2D SPACE',''
  ) );
#14006 = ORIENTED_EDGE('',*,*,#14007,.F.);
#14007 = EDGE_CURVE('',#12786,#13985,#14008,.T.);
#14008 = SURFACE_CURVE('',#14009,(#14013,#14020),.PCURVE_S1.);
#14009 = LINE('',#14010,#14011);
#14010 = CARTESIAN_POINT('',(-1.925470402978,2.994987433572,12.2704));
#14011 = VECTOR('',#14012,1.);
#14012 = DIRECTION('',(0.,0.,1.));
#14013 = PCURVE('',#12826,#14014);
#14014 = DEFINITIONAL_REPRESENTATION('',(#14015),#14019);
#14015 = LINE('',#14016,#14017);
#14016 = CARTESIAN_POINT('',(4.542618800868,0.));
#14017 = VECTOR('',#14018,1.);
#14018 = DIRECTION('',(0.,-1.));
#14019 = ( GEOMETRIC_REPRESENTATION_CONTEXT(2) 
PARAMETRIC_REPRESENTATION_CONTEXT() REPRESENTATION_CONTEXT('2D SPACE',''
  ) );
#14020 = PCURVE('',#12800,#14021);
#14021 = DEFINITIONAL_REPRESENTATION('',(#14022),#14026);
#14022 = LINE('',#14023,#14024);
#14023 = CARTESIAN_POINT('',(0.,0.));
#14024 = VECTOR('',#14025,1.);
#14025 = DIRECTION('',(0.,-1.));
#14026 = ( GEOMETRIC_REPRESENTATION_CONTEXT(2) 
PARAMETRIC_REPRESENTATION_CONTEXT() REPRESENTATION_CONTEXT('2D SPACE',''
  ) );
#14027 = ADVANCED_FACE('',(#14028),#12800,.F.);
#14028 = FACE_BOUND('',#14029,.F.);
#14029 = EDGE_LOOP('',(#14030,#14031,#14032,#14053));
#14030 = ORIENTED_EDGE('',*,*,#12785,.T.);
#14031 = ORIENTED_EDGE('',*,*,#14007,.T.);
#14032 = ORIENTED_EDGE('',*,*,#14033,.T.);
#14033 = EDGE_CURVE('',#13985,#13271,#14034,.T.);
#14034 = SURFACE_CURVE('',#14035,(#14039,#14046),.PCURVE_S1.);
#14035 = LINE('',#14036,#14037);
#14036 = CARTESIAN_POINT('',(-1.925470402978,2.994987433572,12.9204));
#14037 = VECTOR('',#14038,1.);
#14038 = DIRECTION('',(-0.970900545207,0.239483050168,0.));
#14039 = PCURVE('',#12800,#14040);
#14040 = DEFINITIONAL_REPRESENTATION('',(#14041),#14045);
#14041 = LINE('',#14042,#14043);
#14042 = CARTESIAN_POINT('',(0.,-0.65));
#14043 = VECTOR('',#14044,1.);
#14044 = DIRECTION('',(1.,0.));
#14045 = ( GEOMETRIC_REPRESENTATION_CONTEXT(2) 
PARAMETRIC_REPRESENTATION_CONTEXT() REPRESENTATION_CONTEXT('2D SPACE',''
  ) );
#14046 = PCURVE('',#13309,#14047);
#14047 = DEFINITIONAL_REPRESENTATION('',(#14048),#14052);
#14048 = LINE('',#14049,#14050);
#14049 = CARTESIAN_POINT('',(-3.163486071349,1.63176000503));
#14050 = VECTOR('',#14051,1.);
#14051 = DIRECTION('',(-0.960566061781,-0.278051867382));
#14052 = ( GEOMETRIC_REPRESENTATION_CONTEXT(2) 
PARAMETRIC_REPRESENTATION_CONTEXT() REPRESENTATION_CONTEXT('2D SPACE',''
  ) );
#14053 = ORIENTED_EDGE('',*,*,#13270,.F.);
#14054 = ADVANCED_FACE('',(#14055,#14073),#13309,.T.);
#14055 = FACE_BOUND('',#14056,.T.);
#14056 = EDGE_LOOP('',(#14057,#14058,#14059,#14060,#14061,#14062,#14063,
    #14064,#14065,#14066,#14067,#14068,#14069,#14070,#14071,#14072));
#14057 = ORIENTED_EDGE('',*,*,#14033,.T.);
#14058 = ORIENTED_EDGE('',*,*,#13293,.T.);
#14059 = ORIENTED_EDGE('',*,*,#13347,.T.);
#14060 = ORIENTED_EDGE('',*,*,#13396,.T.);
#14061 = ORIENTED_EDGE('',*,*,#13445,.T.);
#14062 = ORIENTED_EDGE('',*,*,#13494,.T.);
#14063 = ORIENTED_EDGE('',*,*,#13543,.T.);
#14064 = ORIENTED_EDGE('',*,*,#13592,.T.);
#14065 = ORIENTED_EDGE('',*,*,#13641,.T.);
#14066 = ORIENTED_EDGE('',*,*,#13690,.T.);
#14067 = ORIENTED_EDGE('',*,*,#13739,.T.);
#14068 = ORIENTED_EDGE('',*,*,#13788,.T.);
#14069 = ORIENTED_EDGE('',*,*,#13837,.T.);
#14070 = ORIENTED_EDGE('',*,*,#13886,.T.);
#14071 = ORIENTED_EDGE('',*,*,#13935,.T.);
#14072 = ORIENTED_EDGE('',*,*,#13984,.T.);
#14073 = FACE_BOUND('',#14074,.T.);
#14074 = EDGE_LOOP('',(#14075,#14105,#14133,#14161,#14189,#14217,#14245,
    #14273,#14301,#14329,#14357,#14385,#14413,#14441,#14469,#14497,
    #14525,#14553,#14581,#14609,#14637,#14665,#14693,#14721,#14749,
    #14777,#14805,#14833,#14861,#14889,#14917,#14945,#14973,#15001,
    #15029,#15057,#15085));
#14075 = ORIENTED_EDGE('',*,*,#14076,.T.);
#14076 = EDGE_CURVE('',#14077,#14079,#14081,.T.);
#14077 = VERTEX_POINT('',#14078);
#14078 = CARTESIAN_POINT('',(2.114054613178,-1.22055,12.9204));
#14079 = VERTEX_POINT('',#14080);
#14080 = CARTESIAN_POINT('',(1.872967891021,-1.565524451807,12.9204));
#14081 = SURFACE_CURVE('',#14082,(#14086,#14093),.PCURVE_S1.);
#14082 = LINE('',#14083,#14084);
#14083 = CARTESIAN_POINT('',(2.114054613178,-1.22055,12.9204));
#14084 = VECTOR('',#14085,1.);
#14085 = DIRECTION('',(-0.572831656295,-0.819673040637,0.));
#14086 = PCURVE('',#13309,#14087);
#14087 = DEFINITIONAL_REPRESENTATION('',(#14088),#14092);
#14088 = LINE('',#14089,#14090);
#14089 = CARTESIAN_POINT('',(2.442613928651,7.600050295122E-04));
#14090 = VECTOR('',#14091,1.);
#14091 = DIRECTION('',(-8.625024612482E-02,-0.996273504136));
#14092 = ( GEOMETRIC_REPRESENTATION_CONTEXT(2) 
PARAMETRIC_REPRESENTATION_CONTEXT() REPRESENTATION_CONTEXT('2D SPACE',''
  ) );
#14093 = PCURVE('',#14094,#14099);
#14094 = PLANE('',#14095);
#14095 = AXIS2_PLACEMENT_3D('',#14096,#14097,#14098);
#14096 = CARTESIAN_POINT('',(2.114054613178,-1.22055,12.2704));
#14097 = DIRECTION('',(0.819673040637,-0.572831656295,0.));
#14098 = DIRECTION('',(-0.572831656295,-0.819673040637,0.));
#14099 = DEFINITIONAL_REPRESENTATION('',(#14100),#14104);
#14100 = LINE('',#14101,#14102);
#14101 = CARTESIAN_POINT('',(0.,-0.65));
#14102 = VECTOR('',#14103,1.);
#14103 = DIRECTION('',(1.,0.));
#14104 = ( GEOMETRIC_REPRESENTATION_CONTEXT(2) 
PARAMETRIC_REPRESENTATION_CONTEXT() REPRESENTATION_CONTEXT('2D SPACE',''
  ) );
#14105 = ORIENTED_EDGE('',*,*,#14106,.T.);
#14106 = EDGE_CURVE('',#14079,#14107,#14109,.T.);
#14107 = VERTEX_POINT('',#14108);
#14108 = CARTESIAN_POINT('',(1.576296955033,-1.863973586066,12.9204));
#14109 = SURFACE_CURVE('',#14110,(#14114,#14121),.PCURVE_S1.);
#14110 = LINE('',#14111,#14112);
#14111 = CARTESIAN_POINT('',(1.872967891021,-1.565524451807,12.9204));
#14112 = VECTOR('',#14113,1.);
#14113 = DIRECTION('',(-0.704990823429,-0.70921642598,0.));
#14114 = PCURVE('',#13309,#14115);
#14115 = DEFINITIONAL_REPRESENTATION('',(#14116),#14120);
#14116 = LINE('',#14117,#14118);
#14117 = CARTESIAN_POINT('',(2.406313928651,-0.41853999497));
#14118 = VECTOR('',#14119,1.);
#14119 = DIRECTION('',(-0.255931749534,-0.966694853395));
#14120 = ( GEOMETRIC_REPRESENTATION_CONTEXT(2) 
PARAMETRIC_REPRESENTATION_CONTEXT() REPRESENTATION_CONTEXT('2D SPACE',''
  ) );
#14121 = PCURVE('',#14122,#14127);
#14122 = PLANE('',#14123);
#14123 = AXIS2_PLACEMENT_3D('',#14124,#14125,#14126);
#14124 = CARTESIAN_POINT('',(1.872967891021,-1.565524451807,12.2704));
#14125 = DIRECTION('',(0.70921642598,-0.704990823429,0.));
#14126 = DIRECTION('',(-0.704990823429,-0.70921642598,0.));
#14127 = DEFINITIONAL_REPRESENTATION('',(#14128),#14132);
#14128 = LINE('',#14129,#14130);
#14129 = CARTESIAN_POINT('',(0.,-0.65));
#14130 = VECTOR('',#14131,1.);
#14131 = DIRECTION('',(1.,0.));
#14132 = ( GEOMETRIC_REPRESENTATION_CONTEXT(2) 
PARAMETRIC_REPRESENTATION_CONTEXT() REPRESENTATION_CONTEXT('2D SPACE',''
  ) );
#14133 = ORIENTED_EDGE('',*,*,#14134,.T.);
#14134 = EDGE_CURVE('',#14107,#14135,#14137,.T.);
#14135 = VERTEX_POINT('',#14136);
#14136 = CARTESIAN_POINT('',(1.232776483967,-2.106968495393,12.9204));
#14137 = SURFACE_CURVE('',#14138,(#14142,#14149),.PCURVE_S1.);
#14138 = LINE('',#14139,#14140);
#14139 = CARTESIAN_POINT('',(1.576296955033,-1.863973586066,12.9204));
#14140 = VECTOR('',#14141,1.);
#14141 = DIRECTION('',(-0.816396574743,-0.577491673315,0.));
#14142 = PCURVE('',#13309,#14143);
#14143 = DEFINITIONAL_REPRESENTATION('',(#14144),#14148);
#14144 = LINE('',#14145,#14146);
#14145 = CARTESIAN_POINT('',(2.298613928651,-0.82533999497));
#14146 = VECTOR('',#14147,1.);
#14147 = DIRECTION('',(-0.418274336632,-0.908320746936));
#14148 = ( GEOMETRIC_REPRESENTATION_CONTEXT(2) 
PARAMETRIC_REPRESENTATION_CONTEXT() REPRESENTATION_CONTEXT('2D SPACE',''
  ) );
#14149 = PCURVE('',#14150,#14155);
#14150 = PLANE('',#14151);
#14151 = AXIS2_PLACEMENT_3D('',#14152,#14153,#14154);
#14152 = CARTESIAN_POINT('',(1.576296955033,-1.863973586066,12.2704));
#14153 = DIRECTION('',(0.577491673315,-0.816396574743,0.));
#14154 = DIRECTION('',(-0.816396574743,-0.577491673315,0.));
#14155 = DEFINITIONAL_REPRESENTATION('',(#14156),#14160);
#14156 = LINE('',#14157,#14158);
#14157 = CARTESIAN_POINT('',(0.,-0.65));
#14158 = VECTOR('',#14159,1.);
#14159 = DIRECTION('',(1.,0.));
#14160 = ( GEOMETRIC_REPRESENTATION_CONTEXT(2) 
PARAMETRIC_REPRESENTATION_CONTEXT() REPRESENTATION_CONTEXT('2D SPACE',''
  ) );
#14161 = ORIENTED_EDGE('',*,*,#14162,.T.);
#14162 = EDGE_CURVE('',#14135,#14163,#14165,.T.);
#14163 = VERTEX_POINT('',#14164);
#14164 = CARTESIAN_POINT('',(0.852596412463,-2.287459695264,12.9204));
#14165 = SURFACE_CURVE('',#14166,(#14170,#14177),.PCURVE_S1.);
#14166 = LINE('',#14167,#14168);
#14167 = CARTESIAN_POINT('',(1.232776483967,-2.106968495393,12.9204));
#14168 = VECTOR('',#14169,1.);
#14169 = DIRECTION('',(-0.903364357532,-0.428873918,0.));
#14170 = PCURVE('',#13309,#14171);
#14171 = DEFINITIONAL_REPRESENTATION('',(#14172),#14176);
#14172 = LINE('',#14173,#14174);
#14173 = CARTESIAN_POINT('',(2.122613928651,-1.20753999497));
#14174 = VECTOR('',#14175,1.);
#14175 = DIRECTION('',(-0.567899523496,-0.823097886775));
#14176 = ( GEOMETRIC_REPRESENTATION_CONTEXT(2) 
PARAMETRIC_REPRESENTATION_CONTEXT() REPRESENTATION_CONTEXT('2D SPACE',''
  ) );
#14177 = PCURVE('',#14178,#14183);
#14178 = PLANE('',#14179);
#14179 = AXIS2_PLACEMENT_3D('',#14180,#14181,#14182);
#14180 = CARTESIAN_POINT('',(1.232776483967,-2.106968495393,12.2704));
#14181 = DIRECTION('',(0.428873918,-0.903364357532,0.));
#14182 = DIRECTION('',(-0.903364357532,-0.428873918,0.));
#14183 = DEFINITIONAL_REPRESENTATION('',(#14184),#14188);
#14184 = LINE('',#14185,#14186);
#14185 = CARTESIAN_POINT('',(0.,-0.65));
#14186 = VECTOR('',#14187,1.);
#14187 = DIRECTION('',(1.,0.));
#14188 = ( GEOMETRIC_REPRESENTATION_CONTEXT(2) 
PARAMETRIC_REPRESENTATION_CONTEXT() REPRESENTATION_CONTEXT('2D SPACE',''
  ) );
#14189 = ORIENTED_EDGE('',*,*,#14190,.T.);
#14190 = EDGE_CURVE('',#14163,#14191,#14193,.T.);
#14191 = VERTEX_POINT('',#14192);
#14192 = CARTESIAN_POINT('',(0.447068918346,-2.399853918939,12.9204));
#14193 = SURFACE_CURVE('',#14194,(#14198,#14205),.PCURVE_S1.);
#14194 = LINE('',#14195,#14196);
#14195 = CARTESIAN_POINT('',(0.852596412463,-2.287459695264,12.9204));
#14196 = VECTOR('',#14197,1.);
#14197 = DIRECTION('',(-0.963672362454,-0.267087210182,0.));
#14198 = PCURVE('',#13309,#14199);
#14199 = DEFINITIONAL_REPRESENTATION('',(#14200),#14204);
#14200 = LINE('',#14201,#14202);
#14201 = CARTESIAN_POINT('',(1.883613928651,-1.55393999497));
#14202 = VECTOR('',#14203,1.);
#14203 = DIRECTION('',(-0.701021141719,-0.713140490271));
#14204 = ( GEOMETRIC_REPRESENTATION_CONTEXT(2) 
PARAMETRIC_REPRESENTATION_CONTEXT() REPRESENTATION_CONTEXT('2D SPACE',''
  ) );
#14205 = PCURVE('',#14206,#14211);
#14206 = PLANE('',#14207);
#14207 = AXIS2_PLACEMENT_3D('',#14208,#14209,#14210);
#14208 = CARTESIAN_POINT('',(0.852596412463,-2.287459695264,12.2704));
#14209 = DIRECTION('',(0.267087210182,-0.963672362454,0.));
#14210 = DIRECTION('',(-0.963672362454,-0.267087210182,0.));
#14211 = DEFINITIONAL_REPRESENTATION('',(#14212),#14216);
#14212 = LINE('',#14213,#14214);
#14213 = CARTESIAN_POINT('',(0.,-0.65));
#14214 = VECTOR('',#14215,1.);
#14215 = DIRECTION('',(1.,0.));
#14216 = ( GEOMETRIC_REPRESENTATION_CONTEXT(2) 
PARAMETRIC_REPRESENTATION_CONTEXT() REPRESENTATION_CONTEXT('2D SPACE',''
  ) );
#14217 = ORIENTED_EDGE('',*,*,#14218,.T.);
#14218 = EDGE_CURVE('',#14191,#14219,#14221,.T.);
#14219 = VERTEX_POINT('',#14220);
#14220 = CARTESIAN_POINT('',(2.821502517125E-02,-2.440930142867,12.9204)
  );
#14221 = SURFACE_CURVE('',#14222,(#14226,#14233),.PCURVE_S1.);
#14222 = LINE('',#14223,#14224);
#14223 = CARTESIAN_POINT('',(0.447068918346,-2.399853918939,12.9204));
#14224 = VECTOR('',#14225,1.);
#14225 = DIRECTION('',(-0.99522572901,-9.75999401439E-02,0.));
#14226 = PCURVE('',#13309,#14227);
#14227 = DEFINITIONAL_REPRESENTATION('',(#14228),#14232);
#14228 = LINE('',#14229,#14230);
#14229 = CARTESIAN_POINT('',(1.588613928651,-1.85403999497));
#14230 = VECTOR('',#14231,1.);
#14231 = DIRECTION('',(-0.813090793751,-0.582136892078));
#14232 = ( GEOMETRIC_REPRESENTATION_CONTEXT(2) 
PARAMETRIC_REPRESENTATION_CONTEXT() REPRESENTATION_CONTEXT('2D SPACE',''
  ) );
#14233 = PCURVE('',#14234,#14239);
#14234 = PLANE('',#14235);
#14235 = AXIS2_PLACEMENT_3D('',#14236,#14237,#14238);
#14236 = CARTESIAN_POINT('',(0.447068918346,-2.399853918939,12.2704));
#14237 = DIRECTION('',(9.75999401439E-02,-0.99522572901,0.));
#14238 = DIRECTION('',(-0.99522572901,-9.75999401439E-02,0.));
#14239 = DEFINITIONAL_REPRESENTATION('',(#14240),#14244);
#14240 = LINE('',#14241,#14242);
#14241 = CARTESIAN_POINT('',(0.,-0.65));
#14242 = VECTOR('',#14243,1.);
#14243 = DIRECTION('',(1.,0.));
#14244 = ( GEOMETRIC_REPRESENTATION_CONTEXT(2) 
PARAMETRIC_REPRESENTATION_CONTEXT() REPRESENTATION_CONTEXT('2D SPACE',''
  ) );
#14245 = ORIENTED_EDGE('',*,*,#14246,.T.);
#14246 = EDGE_CURVE('',#14219,#14247,#14249,.T.);
#14247 = VERTEX_POINT('',#14248);
#14248 = CARTESIAN_POINT('',(-0.391395205403,-2.409516381598,12.9204));
#14249 = SURFACE_CURVE('',#14250,(#14254,#14261),.PCURVE_S1.);
#14250 = LINE('',#14251,#14252);
#14251 = CARTESIAN_POINT('',(2.821502517125E-02,-2.440930142867,12.9204)
  );
#14252 = VECTOR('',#14253,1.);
#14253 = DIRECTION('',(-0.997209404624,7.465522975717E-02,0.));
#14254 = PCURVE('',#13309,#14255);
#14255 = DEFINITIONAL_REPRESENTATION('',(#14256),#14260);
#14256 = LINE('',#14257,#14258);
#14257 = CARTESIAN_POINT('',(1.246413928651,-2.09903999497));
#14258 = VECTOR('',#14259,1.);
#14259 = DIRECTION('',(-0.900936292175,-0.433951376817));
#14260 = ( GEOMETRIC_REPRESENTATION_CONTEXT(2) 
PARAMETRIC_REPRESENTATION_CONTEXT() REPRESENTATION_CONTEXT('2D SPACE',''
  ) );
#14261 = PCURVE('',#14262,#14267);
#14262 = PLANE('',#14263);
#14263 = AXIS2_PLACEMENT_3D('',#14264,#14265,#14266);
#14264 = CARTESIAN_POINT('',(2.821502517125E-02,-2.440930142867,12.2704)
  );
#14265 = DIRECTION('',(-7.465522975717E-02,-0.997209404624,0.));
#14266 = DIRECTION('',(-0.997209404624,7.465522975717E-02,0.));
#14267 = DEFINITIONAL_REPRESENTATION('',(#14268),#14272);
#14268 = LINE('',#14269,#14270);
#14269 = CARTESIAN_POINT('',(0.,-0.65));
#14270 = VECTOR('',#14271,1.);
#14271 = DIRECTION('',(1.,0.));
#14272 = ( GEOMETRIC_REPRESENTATION_CONTEXT(2) 
PARAMETRIC_REPRESENTATION_CONTEXT() REPRESENTATION_CONTEXT('2D SPACE',''
  ) );
#14273 = ORIENTED_EDGE('',*,*,#14274,.T.);
#14274 = EDGE_CURVE('',#14247,#14275,#14277,.T.);
#14275 = VERTEX_POINT('',#14276);
#14276 = CARTESIAN_POINT('',(-0.799448891396,-2.306486097952,12.9204));
#14277 = SURFACE_CURVE('',#14278,(#14282,#14289),.PCURVE_S1.);
#14278 = LINE('',#14279,#14280);
#14279 = CARTESIAN_POINT('',(-0.391395205403,-2.409516381598,12.9204));
#14280 = VECTOR('',#14281,1.);
#14281 = DIRECTION('',(-0.969571328237,0.244808985661,0.));
#14282 = PCURVE('',#13309,#14283);
#14283 = DEFINITIONAL_REPRESENTATION('',(#14284),#14288);
#14284 = LINE('',#14285,#14286);
#14285 = CARTESIAN_POINT('',(0.867313928651,-2.28163999497));
#14286 = VECTOR('',#14287,1.);
#14287 = DIRECTION('',(-0.962077893865,-0.272774863462));
#14288 = ( GEOMETRIC_REPRESENTATION_CONTEXT(2) 
PARAMETRIC_REPRESENTATION_CONTEXT() REPRESENTATION_CONTEXT('2D SPACE',''
  ) );
#14289 = PCURVE('',#14290,#14295);
#14290 = PLANE('',#14291);
#14291 = AXIS2_PLACEMENT_3D('',#14292,#14293,#14294);
#14292 = CARTESIAN_POINT('',(-0.391395205403,-2.409516381598,12.2704));
#14293 = DIRECTION('',(-0.244808985661,-0.969571328237,0.));
#14294 = DIRECTION('',(-0.969571328237,0.244808985661,0.));
#14295 = DEFINITIONAL_REPRESENTATION('',(#14296),#14300);
#14296 = LINE('',#14297,#14298);
#14297 = CARTESIAN_POINT('',(0.,-0.65));
#14298 = VECTOR('',#14299,1.);
#14299 = DIRECTION('',(1.,0.));
#14300 = ( GEOMETRIC_REPRESENTATION_CONTEXT(2) 
PARAMETRIC_REPRESENTATION_CONTEXT() REPRESENTATION_CONTEXT('2D SPACE',''
  ) );
#14301 = ORIENTED_EDGE('',*,*,#14302,.T.);
#14302 = EDGE_CURVE('',#14275,#14303,#14305,.T.);
#14303 = VERTEX_POINT('',#14304);
#14304 = CARTESIAN_POINT('',(-1.18376712542,-2.134944805557,12.9204));
#14305 = SURFACE_CURVE('',#14306,(#14310,#14317),.PCURVE_S1.);
#14306 = LINE('',#14307,#14308);
#14307 = CARTESIAN_POINT('',(-0.799448891396,-2.306486097952,12.9204));
#14308 = VECTOR('',#14309,1.);
#14309 = DIRECTION('',(-0.913163837789,0.407592695414,0.));
#14310 = PCURVE('',#13309,#14311);
#14311 = DEFINITIONAL_REPRESENTATION('',(#14312),#14316);
#14312 = LINE('',#14313,#14314);
#14313 = CARTESIAN_POINT('',(0.462413928651,-2.39643999497));
#14314 = VECTOR('',#14315,1.);
#14315 = DIRECTION('',(-0.994619429049,-0.103596290269));
#14316 = ( GEOMETRIC_REPRESENTATION_CONTEXT(2) 
PARAMETRIC_REPRESENTATION_CONTEXT() REPRESENTATION_CONTEXT('2D SPACE',''
  ) );
#14317 = PCURVE('',#14318,#14323);
#14318 = PLANE('',#14319);
#14319 = AXIS2_PLACEMENT_3D('',#14320,#14321,#14322);
#14320 = CARTESIAN_POINT('',(-0.799448891396,-2.306486097952,12.2704));
#14321 = DIRECTION('',(-0.407592695414,-0.913163837789,0.));
#14322 = DIRECTION('',(-0.913163837789,0.407592695414,0.));
#14323 = DEFINITIONAL_REPRESENTATION('',(#14324),#14328);
#14324 = LINE('',#14325,#14326);
#14325 = CARTESIAN_POINT('',(0.,-0.65));
#14326 = VECTOR('',#14327,1.);
#14327 = DIRECTION('',(1.,0.));
#14328 = ( GEOMETRIC_REPRESENTATION_CONTEXT(2) 
PARAMETRIC_REPRESENTATION_CONTEXT() REPRESENTATION_CONTEXT('2D SPACE',''
  ) );
#14329 = ORIENTED_EDGE('',*,*,#14330,.T.);
#14330 = EDGE_CURVE('',#14303,#14331,#14333,.T.);
#14331 = VERTEX_POINT('',#14332);
#14332 = CARTESIAN_POINT('',(-1.532824589929,-1.899930068847,12.9204));
#14333 = SURFACE_CURVE('',#14334,(#14338,#14345),.PCURVE_S1.);
#14334 = LINE('',#14335,#14336);
#14335 = CARTESIAN_POINT('',(-1.18376712542,-2.134944805557,12.9204));
#14336 = VECTOR('',#14337,1.);
#14337 = DIRECTION('',(-0.829508246806,0.558494465936,0.));
#14338 = PCURVE('',#13309,#14339);
#14339 = DEFINITIONAL_REPRESENTATION('',(#14340),#14344);
#14340 = LINE('',#14341,#14342);
#14341 = CARTESIAN_POINT('',(4.381392865148E-02,-2.44003999497));
#14342 = VECTOR('',#14343,1.);
#14343 = DIRECTION('',(-0.997622447351,6.891627197038E-02));
#14344 = ( GEOMETRIC_REPRESENTATION_CONTEXT(2) 
PARAMETRIC_REPRESENTATION_CONTEXT() REPRESENTATION_CONTEXT('2D SPACE',''
  ) );
#14345 = PCURVE('',#14346,#14351);
#14346 = PLANE('',#14347);
#14347 = AXIS2_PLACEMENT_3D('',#14348,#14349,#14350);
#14348 = CARTESIAN_POINT('',(-1.18376712542,-2.134944805557,12.2704));
#14349 = DIRECTION('',(-0.558494465936,-0.829508246806,0.));
#14350 = DIRECTION('',(-0.829508246806,0.558494465936,0.));
#14351 = DEFINITIONAL_REPRESENTATION('',(#14352),#14356);
#14352 = LINE('',#14353,#14354);
#14353 = CARTESIAN_POINT('',(0.,-0.65));
#14354 = VECTOR('',#14355,1.);
#14355 = DIRECTION('',(1.,0.));
#14356 = ( GEOMETRIC_REPRESENTATION_CONTEXT(2) 
PARAMETRIC_REPRESENTATION_CONTEXT() REPRESENTATION_CONTEXT('2D SPACE',''
  ) );
#14357 = ORIENTED_EDGE('',*,*,#14358,.T.);
#14358 = EDGE_CURVE('',#14331,#14359,#14361,.T.);
#14359 = VERTEX_POINT('',#14360);
#14360 = CARTESIAN_POINT('',(-1.836332569915,-1.608421310686,12.9204));
#14361 = SURFACE_CURVE('',#14362,(#14366,#14373),.PCURVE_S1.);
#14362 = LINE('',#14363,#14364);
#14363 = CARTESIAN_POINT('',(-1.532824589929,-1.899930068847,12.9204));
#14364 = VECTOR('',#14365,1.);
#14365 = DIRECTION('',(-0.721219796116,0.692706291072,0.));
#14366 = PCURVE('',#13309,#14367);
#14367 = DEFINITIONAL_REPRESENTATION('',(#14368),#14372);
#14368 = LINE('',#14369,#14370);
#14369 = CARTESIAN_POINT('',(-0.375986071349,-2.41103999497));
#14370 = VECTOR('',#14371,1.);
#14371 = DIRECTION('',(-0.970947810685,0.239291347371));
#14372 = ( GEOMETRIC_REPRESENTATION_CONTEXT(2) 
PARAMETRIC_REPRESENTATION_CONTEXT() REPRESENTATION_CONTEXT('2D SPACE',''
  ) );
#14373 = PCURVE('',#14374,#14379);
#14374 = PLANE('',#14375);
#14375 = AXIS2_PLACEMENT_3D('',#14376,#14377,#14378);
#14376 = CARTESIAN_POINT('',(-1.532824589929,-1.899930068847,12.2704));
#14377 = DIRECTION('',(-0.692706291072,-0.721219796116,0.));
#14378 = DIRECTION('',(-0.721219796116,0.692706291072,0.));
#14379 = DEFINITIONAL_REPRESENTATION('',(#14380),#14384);
#14380 = LINE('',#14381,#14382);
#14381 = CARTESIAN_POINT('',(0.,-0.65));
#14382 = VECTOR('',#14383,1.);
#14383 = DIRECTION('',(1.,0.));
#14384 = ( GEOMETRIC_REPRESENTATION_CONTEXT(2) 
PARAMETRIC_REPRESENTATION_CONTEXT() REPRESENTATION_CONTEXT('2D SPACE',''
  ) );
#14385 = ORIENTED_EDGE('',*,*,#14386,.T.);
#14386 = EDGE_CURVE('',#14359,#14387,#14389,.T.);
#14387 = VERTEX_POINT('',#14388);
#14388 = CARTESIAN_POINT('',(-2.085225555453,-1.269116607285,12.9204));
#14389 = SURFACE_CURVE('',#14390,(#14394,#14401),.PCURVE_S1.);
#14390 = LINE('',#14391,#14392);
#14391 = CARTESIAN_POINT('',(-1.836332569915,-1.608421310686,12.9204));
#14392 = VECTOR('',#14393,1.);
#14393 = DIRECTION('',(-0.591471116528,0.806326186052,0.));
#14394 = PCURVE('',#13309,#14395);
#14395 = DEFINITIONAL_REPRESENTATION('',(#14396),#14400);
#14396 = LINE('',#14397,#14398);
#14397 = CARTESIAN_POINT('',(-0.784586071349,-2.31033999497));
#14398 = VECTOR('',#14399,1.);
#14399 = DIRECTION('',(-0.915392105544,0.402563402594));
#14400 = ( GEOMETRIC_REPRESENTATION_CONTEXT(2) 
PARAMETRIC_REPRESENTATION_CONTEXT() REPRESENTATION_CONTEXT('2D SPACE',''
  ) );
#14401 = PCURVE('',#14402,#14407);
#14402 = PLANE('',#14403);
#14403 = AXIS2_PLACEMENT_3D('',#14404,#14405,#14406);
#14404 = CARTESIAN_POINT('',(-1.836332569915,-1.608421310686,12.2704));
#14405 = DIRECTION('',(-0.806326186052,-0.591471116528,0.));
#14406 = DIRECTION('',(-0.591471116528,0.806326186052,0.));
#14407 = DEFINITIONAL_REPRESENTATION('',(#14408),#14412);
#14408 = LINE('',#14409,#14410);
#14409 = CARTESIAN_POINT('',(0.,-0.65));
#14410 = VECTOR('',#14411,1.);
#14411 = DIRECTION('',(1.,0.));
#14412 = ( GEOMETRIC_REPRESENTATION_CONTEXT(2) 
PARAMETRIC_REPRESENTATION_CONTEXT() REPRESENTATION_CONTEXT('2D SPACE',''
  ) );
#14413 = ORIENTED_EDGE('',*,*,#14414,.T.);
#14414 = EDGE_CURVE('',#14387,#14415,#14417,.T.);
#14415 = VERTEX_POINT('',#14416);
#14416 = CARTESIAN_POINT('',(-2.272267459479,-0.892082688203,12.9204));
#14417 = SURFACE_CURVE('',#14418,(#14422,#14429),.PCURVE_S1.);
#14418 = LINE('',#14419,#14420);
#14419 = CARTESIAN_POINT('',(-2.085225555453,-1.269116607285,12.9204));
#14420 = VECTOR('',#14421,1.);
#14421 = DIRECTION('',(-0.444407637508,0.89582467689,0.));
#14422 = PCURVE('',#13309,#14423);
#14423 = DEFINITIONAL_REPRESENTATION('',(#14424),#14428);
#14424 = LINE('',#14425,#14426);
#14425 = CARTESIAN_POINT('',(-1.169786071349,-2.14093999497));
#14426 = VECTOR('',#14427,1.);
#14427 = DIRECTION('',(-0.832780642162,0.55360310877));
#14428 = ( GEOMETRIC_REPRESENTATION_CONTEXT(2) 
PARAMETRIC_REPRESENTATION_CONTEXT() REPRESENTATION_CONTEXT('2D SPACE',''
  ) );
#14429 = PCURVE('',#14430,#14435);
#14430 = PLANE('',#14431);
#14431 = AXIS2_PLACEMENT_3D('',#14432,#14433,#14434);
#14432 = CARTESIAN_POINT('',(-2.085225555453,-1.269116607285,12.2704));
#14433 = DIRECTION('',(-0.89582467689,-0.444407637508,0.));
#14434 = DIRECTION('',(-0.444407637508,0.89582467689,0.));
#14435 = DEFINITIONAL_REPRESENTATION('',(#14436),#14440);
#14436 = LINE('',#14437,#14438);
#14437 = CARTESIAN_POINT('',(0.,-0.65));
#14438 = VECTOR('',#14439,1.);
#14439 = DIRECTION('',(1.,0.));
#14440 = ( GEOMETRIC_REPRESENTATION_CONTEXT(2) 
PARAMETRIC_REPRESENTATION_CONTEXT() REPRESENTATION_CONTEXT('2D SPACE',''
  ) );
#14441 = ORIENTED_EDGE('',*,*,#14442,.T.);
#14442 = EDGE_CURVE('',#14415,#14443,#14445,.T.);
#14443 = VERTEX_POINT('',#14444);
#14444 = CARTESIAN_POINT('',(-2.391728412714,-0.488595128727,12.9204));
#14445 = SURFACE_CURVE('',#14446,(#14450,#14457),.PCURVE_S1.);
#14446 = LINE('',#14447,#14448);
#14447 = CARTESIAN_POINT('',(-2.272267459479,-0.892082688203,12.9204));
#14448 = VECTOR('',#14449,1.);
#14449 = DIRECTION('',(-0.283889705199,0.958856942032,0.));
#14450 = PCURVE('',#13309,#14451);
#14451 = DEFINITIONAL_REPRESENTATION('',(#14452),#14456);
#14452 = LINE('',#14453,#14454);
#14453 = CARTESIAN_POINT('',(-1.520286071349,-1.90793999497));
#14454 = VECTOR('',#14455,1.);
#14455 = DIRECTION('',(-0.725284167591,0.688449617795));
#14456 = ( GEOMETRIC_REPRESENTATION_CONTEXT(2) 
PARAMETRIC_REPRESENTATION_CONTEXT() REPRESENTATION_CONTEXT('2D SPACE',''
  ) );
#14457 = PCURVE('',#14458,#14463);
#14458 = PLANE('',#14459);
#14459 = AXIS2_PLACEMENT_3D('',#14460,#14461,#14462);
#14460 = CARTESIAN_POINT('',(-2.272267459479,-0.892082688203,12.2704));
#14461 = DIRECTION('',(-0.958856942032,-0.283889705199,0.));
#14462 = DIRECTION('',(-0.283889705199,0.958856942032,0.));
#14463 = DEFINITIONAL_REPRESENTATION('',(#14464),#14468);
#14464 = LINE('',#14465,#14466);
#14465 = CARTESIAN_POINT('',(0.,-0.65));
#14466 = VECTOR('',#14467,1.);
#14467 = DIRECTION('',(1.,0.));
#14468 = ( GEOMETRIC_REPRESENTATION_CONTEXT(2) 
PARAMETRIC_REPRESENTATION_CONTEXT() REPRESENTATION_CONTEXT('2D SPACE',''
  ) );
#14469 = ORIENTED_EDGE('',*,*,#14470,.T.);
#14470 = EDGE_CURVE('',#14443,#14471,#14473,.T.);
#14471 = VERTEX_POINT('',#14472);
#14472 = CARTESIAN_POINT('',(-2.440114186524,-7.060174732862E-02,12.9204
    ));
#14473 = SURFACE_CURVE('',#14474,(#14478,#14485),.PCURVE_S1.);
#14474 = LINE('',#14475,#14476);
#14475 = CARTESIAN_POINT('',(-2.391728412714,-0.488595128727,12.9204));
#14476 = VECTOR('',#14477,1.);
#14477 = DIRECTION('',(-0.114989421793,0.993366716211,0.));
#14478 = PCURVE('',#13309,#14479);
#14479 = DEFINITIONAL_REPRESENTATION('',(#14480),#14484);
#14480 = LINE('',#14481,#14482);
#14481 = CARTESIAN_POINT('',(-1.825486071349,-1.61823999497));
#14482 = VECTOR('',#14483,1.);
#14483 = DIRECTION('',(-0.596267118545,0.802786100616));
#14484 = ( GEOMETRIC_REPRESENTATION_CONTEXT(2) 
PARAMETRIC_REPRESENTATION_CONTEXT() REPRESENTATION_CONTEXT('2D SPACE',''
  ) );
#14485 = PCURVE('',#14486,#14491);
#14486 = PLANE('',#14487);
#14487 = AXIS2_PLACEMENT_3D('',#14488,#14489,#14490);
#14488 = CARTESIAN_POINT('',(-2.391728412714,-0.488595128727,12.2704));
#14489 = DIRECTION('',(-0.993366716211,-0.114989421793,0.));
#14490 = DIRECTION('',(-0.114989421793,0.993366716211,0.));
#14491 = DEFINITIONAL_REPRESENTATION('',(#14492),#14496);
#14492 = LINE('',#14493,#14494);
#14493 = CARTESIAN_POINT('',(0.,-0.65));
#14494 = VECTOR('',#14495,1.);
#14495 = DIRECTION('',(1.,0.));
#14496 = ( GEOMETRIC_REPRESENTATION_CONTEXT(2) 
PARAMETRIC_REPRESENTATION_CONTEXT() REPRESENTATION_CONTEXT('2D SPACE',''
  ) );
#14497 = ORIENTED_EDGE('',*,*,#14498,.T.);
#14498 = EDGE_CURVE('',#14471,#14499,#14501,.T.);
#14499 = VERTEX_POINT('',#14500);
#14500 = CARTESIAN_POINT('',(-2.41601619292,0.349537201954,12.9204));
#14501 = SURFACE_CURVE('',#14502,(#14506,#14513),.PCURVE_S1.);
#14502 = LINE('',#14503,#14504);
#14503 = CARTESIAN_POINT('',(-2.440114186524,-7.060174732862E-02,12.9204
    ));
#14504 = VECTOR('',#14505,1.);
#14505 = DIRECTION('',(5.726308358471E-02,0.998359123391,0.));
#14506 = PCURVE('',#13309,#14507);
#14507 = DEFINITIONAL_REPRESENTATION('',(#14508),#14512);
#14508 = LINE('',#14509,#14510);
#14509 = CARTESIAN_POINT('',(-2.076386071349,-1.28043999497));
#14510 = VECTOR('',#14511,1.);
#14511 = DIRECTION('',(-0.449588276612,0.893235904749));
#14512 = ( GEOMETRIC_REPRESENTATION_CONTEXT(2) 
PARAMETRIC_REPRESENTATION_CONTEXT() REPRESENTATION_CONTEXT('2D SPACE',''
  ) );
#14513 = PCURVE('',#14514,#14519);
#14514 = PLANE('',#14515);
#14515 = AXIS2_PLACEMENT_3D('',#14516,#14517,#14518);
#14516 = CARTESIAN_POINT('',(-2.440114186524,-7.060174732862E-02,12.2704
    ));
#14517 = DIRECTION('',(-0.998359123391,5.726308358471E-02,0.));
#14518 = DIRECTION('',(5.726308358471E-02,0.998359123391,0.));
#14519 = DEFINITIONAL_REPRESENTATION('',(#14520),#14524);
#14520 = LINE('',#14521,#14522);
#14521 = CARTESIAN_POINT('',(0.,-0.65));
#14522 = VECTOR('',#14523,1.);
#14523 = DIRECTION('',(1.,0.));
#14524 = ( GEOMETRIC_REPRESENTATION_CONTEXT(2) 
PARAMETRIC_REPRESENTATION_CONTEXT() REPRESENTATION_CONTEXT('2D SPACE',''
  ) );
#14525 = ORIENTED_EDGE('',*,*,#14526,.T.);
#14526 = EDGE_CURVE('',#14499,#14527,#14529,.T.);
#14527 = VERTEX_POINT('',#14528);
#14528 = CARTESIAN_POINT('',(-2.320048087101,0.759358837139,12.9204));
#14529 = SURFACE_CURVE('',#14530,(#14534,#14541),.PCURVE_S1.);
#14530 = LINE('',#14531,#14532);
#14531 = CARTESIAN_POINT('',(-2.41601619292,0.349537201954,12.9204));
#14532 = VECTOR('',#14533,1.);
#14533 = DIRECTION('',(0.228002502293,0.973660546057,0.));
#14534 = PCURVE('',#13309,#14535);
#14535 = DEFINITIONAL_REPRESENTATION('',(#14536),#14540);
#14536 = LINE('',#14537,#14538);
#14537 = CARTESIAN_POINT('',(-2.265586071349,-0.90453999497));
#14538 = VECTOR('',#14539,1.);
#14539 = DIRECTION('',(-0.289374313917,0.957216018694));
#14540 = ( GEOMETRIC_REPRESENTATION_CONTEXT(2) 
PARAMETRIC_REPRESENTATION_CONTEXT() REPRESENTATION_CONTEXT('2D SPACE',''
  ) );
#14541 = PCURVE('',#14542,#14547);
#14542 = PLANE('',#14543);
#14543 = AXIS2_PLACEMENT_3D('',#14544,#14545,#14546);
#14544 = CARTESIAN_POINT('',(-2.41601619292,0.349537201954,12.2704));
#14545 = DIRECTION('',(-0.973660546057,0.228002502293,0.));
#14546 = DIRECTION('',(0.228002502293,0.973660546057,0.));
#14547 = DEFINITIONAL_REPRESENTATION('',(#14548),#14552);
#14548 = LINE('',#14549,#14550);
#14549 = CARTESIAN_POINT('',(0.,-0.65));
#14550 = VECTOR('',#14551,1.);
#14551 = DIRECTION('',(1.,0.));
#14552 = ( GEOMETRIC_REPRESENTATION_CONTEXT(2) 
PARAMETRIC_REPRESENTATION_CONTEXT() REPRESENTATION_CONTEXT('2D SPACE',''
  ) );
#14553 = ORIENTED_EDGE('',*,*,#14554,.T.);
#14554 = EDGE_CURVE('',#14527,#14555,#14557,.T.);
#14555 = VERTEX_POINT('',#14556);
#14556 = CARTESIAN_POINT('',(-2.155192177613,1.146497648299,12.9204));
#14557 = SURFACE_CURVE('',#14558,(#14562,#14569),.PCURVE_S1.);
#14558 = LINE('',#14559,#14560);
#14559 = CARTESIAN_POINT('',(-2.320048087101,0.759358837139,12.9204));
#14560 = VECTOR('',#14561,1.);
#14561 = DIRECTION('',(0.391788545035,0.920055289632,0.));
#14562 = PCURVE('',#13309,#14563);
#14563 = DEFINITIONAL_REPRESENTATION('',(#14564),#14568);
#14564 = LINE('',#14565,#14566);
#14565 = CARTESIAN_POINT('',(-2.387386071349,-0.50163999497));
#14566 = VECTOR('',#14567,1.);
#14567 = DIRECTION('',(-0.120728811904,0.992685526225));
#14568 = ( GEOMETRIC_REPRESENTATION_CONTEXT(2) 
PARAMETRIC_REPRESENTATION_CONTEXT() REPRESENTATION_CONTEXT('2D SPACE',''
  ) );
#14569 = PCURVE('',#14570,#14575);
#14570 = PLANE('',#14571);
#14571 = AXIS2_PLACEMENT_3D('',#14572,#14573,#14574);
#14572 = CARTESIAN_POINT('',(-2.320048087101,0.759358837139,12.2704));
#14573 = DIRECTION('',(-0.920055289632,0.391788545035,0.));
#14574 = DIRECTION('',(0.391788545035,0.920055289632,0.));
#14575 = DEFINITIONAL_REPRESENTATION('',(#14576),#14580);
#14576 = LINE('',#14577,#14578);
#14577 = CARTESIAN_POINT('',(0.,-0.65));
#14578 = VECTOR('',#14579,1.);
#14579 = DIRECTION('',(1.,0.));
#14580 = ( GEOMETRIC_REPRESENTATION_CONTEXT(2) 
PARAMETRIC_REPRESENTATION_CONTEXT() REPRESENTATION_CONTEXT('2D SPACE',''
  ) );
#14581 = ORIENTED_EDGE('',*,*,#14582,.T.);
#14582 = EDGE_CURVE('',#14555,#14583,#14585,.T.);
#14583 = VERTEX_POINT('',#14584);
#14584 = CARTESIAN_POINT('',(-1.92616282381,1.49958812551,12.9204));
#14585 = SURFACE_CURVE('',#14586,(#14590,#14597),.PCURVE_S1.);
#14586 = LINE('',#14587,#14588);
#14587 = CARTESIAN_POINT('',(-2.155192177613,1.146497648299,12.9204));
#14588 = VECTOR('',#14589,1.);
#14589 = DIRECTION('',(0.544187246707,0.838963789756,0.));
#14590 = PCURVE('',#13309,#14591);
#14591 = DEFINITIONAL_REPRESENTATION('',(#14592),#14596);
#14592 = LINE('',#14593,#14594);
#14593 = CARTESIAN_POINT('',(-2.438186071349,-8.393999497049E-02));
#14594 = VECTOR('',#14595,1.);
#14595 = DIRECTION('',(5.179808518533E-02,0.998657578137));
#14596 = ( GEOMETRIC_REPRESENTATION_CONTEXT(2) 
PARAMETRIC_REPRESENTATION_CONTEXT() REPRESENTATION_CONTEXT('2D SPACE',''
  ) );
#14597 = PCURVE('',#14598,#14603);
#14598 = PLANE('',#14599);
#14599 = AXIS2_PLACEMENT_3D('',#14600,#14601,#14602);
#14600 = CARTESIAN_POINT('',(-2.155192177613,1.146497648299,12.2704));
#14601 = DIRECTION('',(-0.838963789756,0.544187246707,0.));
#14602 = DIRECTION('',(0.544187246707,0.838963789756,0.));
#14603 = DEFINITIONAL_REPRESENTATION('',(#14604),#14608);
#14604 = LINE('',#14605,#14606);
#14605 = CARTESIAN_POINT('',(0.,-0.65));
#14606 = VECTOR('',#14607,1.);
#14607 = DIRECTION('',(1.,0.));
#14608 = ( GEOMETRIC_REPRESENTATION_CONTEXT(2) 
PARAMETRIC_REPRESENTATION_CONTEXT() REPRESENTATION_CONTEXT('2D SPACE',''
  ) );
#14609 = ORIENTED_EDGE('',*,*,#14610,.T.);
#14610 = EDGE_CURVE('',#14583,#14611,#14613,.T.);
#14611 = VERTEX_POINT('',#14612);
#14612 = CARTESIAN_POINT('',(-1.640039448557,1.808168348683,12.9204));
#14613 = SURFACE_CURVE('',#14614,(#14618,#14625),.PCURVE_S1.);
#14614 = LINE('',#14615,#14616);
#14615 = CARTESIAN_POINT('',(-1.92616282381,1.49958812551,12.9204));
#14616 = VECTOR('',#14617,1.);
#14617 = DIRECTION('',(0.679920845177,0.73328551349,0.));
#14618 = PCURVE('',#13309,#14619);
#14619 = DEFINITIONAL_REPRESENTATION('',(#14620),#14624);
#14620 = LINE('',#14621,#14622);
#14621 = CARTESIAN_POINT('',(-2.416386071349,0.33636000503));
#14622 = VECTOR('',#14623,1.);
#14623 = DIRECTION('',(0.222185967741,0.975004305498));
#14624 = ( GEOMETRIC_REPRESENTATION_CONTEXT(2) 
PARAMETRIC_REPRESENTATION_CONTEXT() REPRESENTATION_CONTEXT('2D SPACE',''
  ) );
#14625 = PCURVE('',#14626,#14631);
#14626 = PLANE('',#14627);
#14627 = AXIS2_PLACEMENT_3D('',#14628,#14629,#14630);
#14628 = CARTESIAN_POINT('',(-1.92616282381,1.49958812551,12.2704));
#14629 = DIRECTION('',(-0.73328551349,0.679920845177,0.));
#14630 = DIRECTION('',(0.679920845177,0.73328551349,0.));
#14631 = DEFINITIONAL_REPRESENTATION('',(#14632),#14636);
#14632 = LINE('',#14633,#14634);
#14633 = CARTESIAN_POINT('',(0.,-0.65));
#14634 = VECTOR('',#14635,1.);
#14635 = DIRECTION('',(1.,0.));
#14636 = ( GEOMETRIC_REPRESENTATION_CONTEXT(2) 
PARAMETRIC_REPRESENTATION_CONTEXT() REPRESENTATION_CONTEXT('2D SPACE',''
  ) );
#14637 = ORIENTED_EDGE('',*,*,#14638,.T.);
#14638 = EDGE_CURVE('',#14611,#14639,#14641,.T.);
#14639 = VERTEX_POINT('',#14640);
#14640 = CARTESIAN_POINT('',(-1.305087115361,2.062922807892,12.9204));
#14641 = SURFACE_CURVE('',#14642,(#14646,#14653),.PCURVE_S1.);
#14642 = LINE('',#14643,#14644);
#14643 = CARTESIAN_POINT('',(-1.640039448557,1.808168348683,12.9204));
#14644 = VECTOR('',#14645,1.);
#14645 = DIRECTION('',(0.79594385179,0.605370452532,0.));
#14646 = PCURVE('',#13309,#14647);
#14647 = DEFINITIONAL_REPRESENTATION('',(#14648),#14652);
#14648 = LINE('',#14649,#14650);
#14649 = CARTESIAN_POINT('',(-2.322886071349,0.74666000503));
#14650 = VECTOR('',#14651,1.);
#14651 = DIRECTION('',(0.38662236937,0.922238116488));
#14652 = ( GEOMETRIC_REPRESENTATION_CONTEXT(2) 
PARAMETRIC_REPRESENTATION_CONTEXT() REPRESENTATION_CONTEXT('2D SPACE',''
  ) );
#14653 = PCURVE('',#14654,#14659);
#14654 = PLANE('',#14655);
#14655 = AXIS2_PLACEMENT_3D('',#14656,#14657,#14658);
#14656 = CARTESIAN_POINT('',(-1.640039448557,1.808168348683,12.2704));
#14657 = DIRECTION('',(-0.605370452532,0.79594385179,0.));
#14658 = DIRECTION('',(0.79594385179,0.605370452532,0.));
#14659 = DEFINITIONAL_REPRESENTATION('',(#14660),#14664);
#14660 = LINE('',#14661,#14662);
#14661 = CARTESIAN_POINT('',(0.,-0.65));
#14662 = VECTOR('',#14663,1.);
#14663 = DIRECTION('',(1.,0.));
#14664 = ( GEOMETRIC_REPRESENTATION_CONTEXT(2) 
PARAMETRIC_REPRESENTATION_CONTEXT() REPRESENTATION_CONTEXT('2D SPACE',''
  ) );
#14665 = ORIENTED_EDGE('',*,*,#14666,.T.);
#14666 = EDGE_CURVE('',#14639,#14667,#14669,.T.);
#14667 = VERTEX_POINT('',#14668);
#14668 = CARTESIAN_POINT('',(-0.931472553783,2.256442210993,12.9204));
#14669 = SURFACE_CURVE('',#14670,(#14674,#14681),.PCURVE_S1.);
#14670 = LINE('',#14671,#14672);
#14671 = CARTESIAN_POINT('',(-1.305087115361,2.062922807892,12.9204));
#14672 = VECTOR('',#14673,1.);
#14673 = DIRECTION('',(0.887955164933,0.459930021926,0.));
#14674 = PCURVE('',#13309,#14675);
#14675 = DEFINITIONAL_REPRESENTATION('',(#14676),#14680);
#14676 = LINE('',#14677,#14678);
#14677 = CARTESIAN_POINT('',(-2.160186071349,1.13476000503));
#14678 = VECTOR('',#14679,1.);
#14679 = DIRECTION('',(0.539026719291,0.842288665417));
#14680 = ( GEOMETRIC_REPRESENTATION_CONTEXT(2) 
PARAMETRIC_REPRESENTATION_CONTEXT() REPRESENTATION_CONTEXT('2D SPACE',''
  ) );
#14681 = PCURVE('',#14682,#14687);
#14682 = PLANE('',#14683);
#14683 = AXIS2_PLACEMENT_3D('',#14684,#14685,#14686);
#14684 = CARTESIAN_POINT('',(-1.305087115361,2.062922807892,12.2704));
#14685 = DIRECTION('',(-0.459930021926,0.887955164933,0.));
#14686 = DIRECTION('',(0.887955164933,0.459930021926,0.));
#14687 = DEFINITIONAL_REPRESENTATION('',(#14688),#14692);
#14688 = LINE('',#14689,#14690);
#14689 = CARTESIAN_POINT('',(0.,-0.65));
#14690 = VECTOR('',#14691,1.);
#14691 = DIRECTION('',(1.,0.));
#14692 = ( GEOMETRIC_REPRESENTATION_CONTEXT(2) 
PARAMETRIC_REPRESENTATION_CONTEXT() REPRESENTATION_CONTEXT('2D SPACE',''
  ) );
#14693 = ORIENTED_EDGE('',*,*,#14694,.T.);
#14694 = EDGE_CURVE('',#14667,#14695,#14697,.T.);
#14695 = VERTEX_POINT('',#14696);
#14696 = CARTESIAN_POINT('',(-0.530074928946,2.382883291247,12.9204));
#14697 = SURFACE_CURVE('',#14698,(#14702,#14709),.PCURVE_S1.);
#14698 = LINE('',#14699,#14700);
#14699 = CARTESIAN_POINT('',(-0.931472553783,2.256442210993,12.9204));
#14700 = VECTOR('',#14701,1.);
#14701 = DIRECTION('',(0.953798081589,0.300448364211,0.));
#14702 = PCURVE('',#13309,#14703);
#14703 = DEFINITIONAL_REPRESENTATION('',(#14704),#14708);
#14704 = LINE('',#14705,#14706);
#14705 = CARTESIAN_POINT('',(-1.933386071349,1.48916000503));
#14706 = VECTOR('',#14707,1.);
#14707 = DIRECTION('',(0.675789186631,0.737094956727));
#14708 = ( GEOMETRIC_REPRESENTATION_CONTEXT(2) 
PARAMETRIC_REPRESENTATION_CONTEXT() REPRESENTATION_CONTEXT('2D SPACE',''
  ) );
#14709 = PCURVE('',#14710,#14715);
#14710 = PLANE('',#14711);
#14711 = AXIS2_PLACEMENT_3D('',#14712,#14713,#14714);
#14712 = CARTESIAN_POINT('',(-0.931472553783,2.256442210993,12.2704));
#14713 = DIRECTION('',(-0.300448364211,0.953798081589,0.));
#14714 = DIRECTION('',(0.953798081589,0.300448364211,0.));
#14715 = DEFINITIONAL_REPRESENTATION('',(#14716),#14720);
#14716 = LINE('',#14717,#14718);
#14717 = CARTESIAN_POINT('',(0.,-0.65));
#14718 = VECTOR('',#14719,1.);
#14719 = DIRECTION('',(1.,0.));
#14720 = ( GEOMETRIC_REPRESENTATION_CONTEXT(2) 
PARAMETRIC_REPRESENTATION_CONTEXT() REPRESENTATION_CONTEXT('2D SPACE',''
  ) );
#14721 = ORIENTED_EDGE('',*,*,#14722,.T.);
#14722 = EDGE_CURVE('',#14695,#14723,#14725,.T.);
#14723 = VERTEX_POINT('',#14724);
#14724 = CARTESIAN_POINT('',(-0.112855456784,2.438528614939,12.9204));
#14725 = SURFACE_CURVE('',#14726,(#14730,#14737),.PCURVE_S1.);
#14726 = LINE('',#14727,#14728);
#14727 = CARTESIAN_POINT('',(-0.530074928946,2.382883291247,12.9204));
#14728 = VECTOR('',#14729,1.);
#14729 = DIRECTION('',(0.991222901263,0.132201210326,0.));
#14730 = PCURVE('',#13309,#14731);
#14731 = DEFINITIONAL_REPRESENTATION('',(#14732),#14736);
#14732 = LINE('',#14733,#14734);
#14733 = CARTESIAN_POINT('',(-1.648986071349,1.79936000503));
#14734 = VECTOR('',#14735,1.);
#14735 = DIRECTION('',(0.792323608144,0.610101057185));
#14736 = ( GEOMETRIC_REPRESENTATION_CONTEXT(2) 
PARAMETRIC_REPRESENTATION_CONTEXT() REPRESENTATION_CONTEXT('2D SPACE',''
  ) );
#14737 = PCURVE('',#14738,#14743);
#14738 = PLANE('',#14739);
#14739 = AXIS2_PLACEMENT_3D('',#14740,#14741,#14742);
#14740 = CARTESIAN_POINT('',(-0.530074928946,2.382883291247,12.2704));
#14741 = DIRECTION('',(-0.132201210326,0.991222901263,0.));
#14742 = DIRECTION('',(0.991222901263,0.132201210326,0.));
#14743 = DEFINITIONAL_REPRESENTATION('',(#14744),#14748);
#14744 = LINE('',#14745,#14746);
#14745 = CARTESIAN_POINT('',(0.,-0.65));
#14746 = VECTOR('',#14747,1.);
#14747 = DIRECTION('',(1.,0.));
#14748 = ( GEOMETRIC_REPRESENTATION_CONTEXT(2) 
PARAMETRIC_REPRESENTATION_CONTEXT() REPRESENTATION_CONTEXT('2D SPACE',''
  ) );
#14749 = ORIENTED_EDGE('',*,*,#14750,.T.);
#14750 = EDGE_CURVE('',#14723,#14751,#14753,.T.);
#14751 = VERTEX_POINT('',#14752);
#14752 = CARTESIAN_POINT('',(0.307625608666,2.421623183919,12.9204));
#14753 = SURFACE_CURVE('',#14754,(#14758,#14765),.PCURVE_S1.);
#14754 = LINE('',#14755,#14756);
#14755 = CARTESIAN_POINT('',(-0.112855456784,2.438528614939,12.9204));
#14756 = VECTOR('',#14757,1.);
#14757 = DIRECTION('',(0.999192758476,-4.017252057659E-02,0.));
#14758 = PCURVE('',#13309,#14759);
#14759 = DEFINITIONAL_REPRESENTATION('',(#14760),#14764);
#14760 = LINE('',#14761,#14762);
#14761 = CARTESIAN_POINT('',(-1.315486071349,2.05616000503));
#14762 = VECTOR('',#14763,1.);
#14763 = DIRECTION('',(0.885412572406,0.464805955885));
#14764 = ( GEOMETRIC_REPRESENTATION_CONTEXT(2) 
PARAMETRIC_REPRESENTATION_CONTEXT() REPRESENTATION_CONTEXT('2D SPACE',''
  ) );
#14765 = PCURVE('',#14766,#14771);
#14766 = PLANE('',#14767);
#14767 = AXIS2_PLACEMENT_3D('',#14768,#14769,#14770);
#14768 = CARTESIAN_POINT('',(-0.112855456784,2.438528614939,12.2704));
#14769 = DIRECTION('',(4.017252057659E-02,0.999192758476,-0.));
#14770 = DIRECTION('',(0.999192758476,-4.017252057659E-02,0.));
#14771 = DEFINITIONAL_REPRESENTATION('',(#14772),#14776);
#14772 = LINE('',#14773,#14774);
#14773 = CARTESIAN_POINT('',(0.,-0.65));
#14774 = VECTOR('',#14775,1.);
#14775 = DIRECTION('',(1.,0.));
#14776 = ( GEOMETRIC_REPRESENTATION_CONTEXT(2) 
PARAMETRIC_REPRESENTATION_CONTEXT() REPRESENTATION_CONTEXT('2D SPACE',''
  ) );
#14777 = ORIENTED_EDGE('',*,*,#14778,.T.);
#14778 = EDGE_CURVE('',#14751,#14779,#14781,.T.);
#14779 = VERTEX_POINT('',#14780);
#14780 = CARTESIAN_POINT('',(0.718955385422,2.332867255926,12.9204));
#14781 = SURFACE_CURVE('',#14782,(#14786,#14793),.PCURVE_S1.);
#14782 = LINE('',#14783,#14784);
#14783 = CARTESIAN_POINT('',(0.307625608666,2.421623183919,12.9204));
#14784 = VECTOR('',#14785,1.);
#14785 = DIRECTION('',(0.977502555551,-0.210923573579,0.));
#14786 = PCURVE('',#13309,#14787);
#14787 = DEFINITIONAL_REPRESENTATION('',(#14788),#14792);
#14788 = LINE('',#14789,#14790);
#14789 = CARTESIAN_POINT('',(-0.942886071349,2.25176000503));
#14790 = VECTOR('',#14791,1.);
#14791 = DIRECTION('',(0.952003832161,0.306086104799));
#14792 = ( GEOMETRIC_REPRESENTATION_CONTEXT(2) 
PARAMETRIC_REPRESENTATION_CONTEXT() REPRESENTATION_CONTEXT('2D SPACE',''
  ) );
#14793 = PCURVE('',#14794,#14799);
#14794 = PLANE('',#14795);
#14795 = AXIS2_PLACEMENT_3D('',#14796,#14797,#14798);
#14796 = CARTESIAN_POINT('',(0.307625608666,2.421623183919,12.2704));
#14797 = DIRECTION('',(0.210923573579,0.977502555551,-0.));
#14798 = DIRECTION('',(0.977502555551,-0.210923573579,0.));
#14799 = DEFINITIONAL_REPRESENTATION('',(#14800),#14804);
#14800 = LINE('',#14801,#14802);
#14801 = CARTESIAN_POINT('',(0.,-0.65));
#14802 = VECTOR('',#14803,1.);
#14803 = DIRECTION('',(1.,0.));
#14804 = ( GEOMETRIC_REPRESENTATION_CONTEXT(2) 
PARAMETRIC_REPRESENTATION_CONTEXT() REPRESENTATION_CONTEXT('2D SPACE',''
  ) );
#14805 = ORIENTED_EDGE('',*,*,#14806,.T.);
#14806 = EDGE_CURVE('',#14779,#14807,#14809,.T.);
#14807 = VERTEX_POINT('',#14808);
#14808 = CARTESIAN_POINT('',(1.108914773719,2.174696729346,12.9204));
#14809 = SURFACE_CURVE('',#14810,(#14814,#14821),.PCURVE_S1.);
#14810 = LINE('',#14811,#14812);
#14811 = CARTESIAN_POINT('',(0.718955385422,2.332867255926,12.9204));
#14812 = VECTOR('',#14813,1.);
#14813 = DIRECTION('',(0.926673987203,-0.375866095094,0.));
#14814 = PCURVE('',#13309,#14815);
#14815 = DEFINITIONAL_REPRESENTATION('',(#14816),#14820);
#14816 = LINE('',#14817,#14818);
#14817 = CARTESIAN_POINT('',(-0.542286071349,2.38056000503));
#14818 = VECTOR('',#14819,1.);
#14819 = DIRECTION('',(0.990456261491,0.137827406829));
#14820 = ( GEOMETRIC_REPRESENTATION_CONTEXT(2) 
PARAMETRIC_REPRESENTATION_CONTEXT() REPRESENTATION_CONTEXT('2D SPACE',''
  ) );
#14821 = PCURVE('',#14822,#14827);
#14822 = PLANE('',#14823);
#14823 = AXIS2_PLACEMENT_3D('',#14824,#14825,#14826);
#14824 = CARTESIAN_POINT('',(0.718955385422,2.332867255926,12.2704));
#14825 = DIRECTION('',(0.375866095094,0.926673987203,-0.));
#14826 = DIRECTION('',(0.926673987203,-0.375866095094,0.));
#14827 = DEFINITIONAL_REPRESENTATION('',(#14828),#14832);
#14828 = LINE('',#14829,#14830);
#14829 = CARTESIAN_POINT('',(0.,-0.65));
#14830 = VECTOR('',#14831,1.);
#14831 = DIRECTION('',(1.,0.));
#14832 = ( GEOMETRIC_REPRESENTATION_CONTEXT(2) 
PARAMETRIC_REPRESENTATION_CONTEXT() REPRESENTATION_CONTEXT('2D SPACE',''
  ) );
#14833 = ORIENTED_EDGE('',*,*,#14834,.T.);
#14834 = EDGE_CURVE('',#14807,#14835,#14837,.T.);
#14835 = VERTEX_POINT('',#14836);
#14836 = CARTESIAN_POINT('',(1.465965058551,1.951925963531,12.9204));
#14837 = SURFACE_CURVE('',#14838,(#14842,#14849),.PCURVE_S1.);
#14838 = LINE('',#14839,#14840);
#14839 = CARTESIAN_POINT('',(1.108914773719,2.174696729346,12.9204));
#14840 = VECTOR('',#14841,1.);
#14841 = DIRECTION('',(0.84840991156,-0.529339798208,0.));
#14842 = PCURVE('',#13309,#14843);
#14843 = DEFINITIONAL_REPRESENTATION('',(#14844),#14848);
#14844 = LINE('',#14845,#14846);
#14845 = CARTESIAN_POINT('',(-0.125486071349,2.43856000503));
#14846 = VECTOR('',#14847,1.);
#14847 = DIRECTION('',(0.999414435337,-3.421675670199E-02));
#14848 = ( GEOMETRIC_REPRESENTATION_CONTEXT(2) 
PARAMETRIC_REPRESENTATION_CONTEXT() REPRESENTATION_CONTEXT('2D SPACE',''
  ) );
#14849 = PCURVE('',#14850,#14855);
#14850 = PLANE('',#14851);
#14851 = AXIS2_PLACEMENT_3D('',#14852,#14853,#14854);
#14852 = CARTESIAN_POINT('',(1.108914773719,2.174696729346,12.2704));
#14853 = DIRECTION('',(0.529339798208,0.84840991156,-0.));
#14854 = DIRECTION('',(0.84840991156,-0.529339798208,0.));
#14855 = DEFINITIONAL_REPRESENTATION('',(#14856),#14860);
#14856 = LINE('',#14857,#14858);
#14857 = CARTESIAN_POINT('',(0.,-0.65));
#14858 = VECTOR('',#14859,1.);
#14859 = DIRECTION('',(1.,0.));
#14860 = ( GEOMETRIC_REPRESENTATION_CONTEXT(2) 
PARAMETRIC_REPRESENTATION_CONTEXT() REPRESENTATION_CONTEXT('2D SPACE',''
  ) );
#14861 = ORIENTED_EDGE('',*,*,#14862,.T.);
#14862 = EDGE_CURVE('',#14835,#14863,#14865,.T.);
#14863 = VERTEX_POINT('',#14864);
#14864 = CARTESIAN_POINT('',(1.77939431983,1.671201368644,12.9204));
#14865 = SURFACE_CURVE('',#14866,(#14870,#14877),.PCURVE_S1.);
#14866 = LINE('',#14867,#14868);
#14867 = CARTESIAN_POINT('',(1.465965058551,1.951925963531,12.9204));
#14868 = VECTOR('',#14869,1.);
#14869 = DIRECTION('',(0.744901222835,-0.667174765873,0.));
#14870 = PCURVE('',#13309,#14871);
#14871 = DEFINITIONAL_REPRESENTATION('',(#14872),#14876);
#14872 = LINE('',#14873,#14874);
#14873 = CARTESIAN_POINT('',(0.295113928651,2.42416000503));
#14874 = VECTOR('',#14875,1.);
#14875 = DIRECTION('',(0.978690765222,-0.205339684593));
#14876 = ( GEOMETRIC_REPRESENTATION_CONTEXT(2) 
PARAMETRIC_REPRESENTATION_CONTEXT() REPRESENTATION_CONTEXT('2D SPACE',''
  ) );
#14877 = PCURVE('',#14878,#14883);
#14878 = PLANE('',#14879);
#14879 = AXIS2_PLACEMENT_3D('',#14880,#14881,#14882);
#14880 = CARTESIAN_POINT('',(1.465965058551,1.951925963531,12.2704));
#14881 = DIRECTION('',(0.667174765873,0.744901222835,-0.));
#14882 = DIRECTION('',(0.744901222835,-0.667174765873,0.));
#14883 = DEFINITIONAL_REPRESENTATION('',(#14884),#14888);
#14884 = LINE('',#14885,#14886);
#14885 = CARTESIAN_POINT('',(0.,-0.65));
#14886 = VECTOR('',#14887,1.);
#14887 = DIRECTION('',(1.,0.));
#14888 = ( GEOMETRIC_REPRESENTATION_CONTEXT(2) 
PARAMETRIC_REPRESENTATION_CONTEXT() REPRESENTATION_CONTEXT('2D SPACE',''
  ) );
#14889 = ORIENTED_EDGE('',*,*,#14890,.T.);
#14890 = EDGE_CURVE('',#14863,#14891,#14893,.T.);
#14891 = VERTEX_POINT('',#14892);
#14892 = CARTESIAN_POINT('',(2.039973650169,1.340738008194,12.9204));
#14893 = SURFACE_CURVE('',#14894,(#14898,#14905),.PCURVE_S1.);
#14894 = LINE('',#14895,#14896);
#14895 = CARTESIAN_POINT('',(1.77939431983,1.671201368644,12.9204));
#14896 = VECTOR('',#14897,1.);
#14897 = DIRECTION('',(0.619186302148,-0.785244116968,0.));
#14898 = PCURVE('',#13309,#14899);
#14899 = DEFINITIONAL_REPRESENTATION('',(#14900),#14904);
#14900 = LINE('',#14901,#14902);
#14901 = CARTESIAN_POINT('',(0.706913928651,2.33776000503));
#14902 = VECTOR('',#14903,1.);
#14903 = DIRECTION('',(0.928853125819,-0.370448202392));
#14904 = ( GEOMETRIC_REPRESENTATION_CONTEXT(2) 
PARAMETRIC_REPRESENTATION_CONTEXT() REPRESENTATION_CONTEXT('2D SPACE',''
  ) );
#14905 = PCURVE('',#14906,#14911);
#14906 = PLANE('',#14907);
#14907 = AXIS2_PLACEMENT_3D('',#14908,#14909,#14910);
#14908 = CARTESIAN_POINT('',(1.77939431983,1.671201368644,12.2704));
#14909 = DIRECTION('',(0.785244116968,0.619186302148,-0.));
#14910 = DIRECTION('',(0.619186302148,-0.785244116968,0.));
#14911 = DEFINITIONAL_REPRESENTATION('',(#14912),#14916);
#14912 = LINE('',#14913,#14914);
#14913 = CARTESIAN_POINT('',(0.,-0.65));
#14914 = VECTOR('',#14915,1.);
#14915 = DIRECTION('',(1.,0.));
#14916 = ( GEOMETRIC_REPRESENTATION_CONTEXT(2) 
PARAMETRIC_REPRESENTATION_CONTEXT() REPRESENTATION_CONTEXT('2D SPACE',''
  ) );
#14917 = ORIENTED_EDGE('',*,*,#14918,.T.);
#14918 = EDGE_CURVE('',#14891,#14919,#14921,.T.);
#14919 = VERTEX_POINT('',#14920);
#14920 = CARTESIAN_POINT('',(2.239920552345,0.970456201579,12.9204));
#14921 = SURFACE_CURVE('',#14922,(#14926,#14933),.PCURVE_S1.);
#14922 = LINE('',#14923,#14924);
#14923 = CARTESIAN_POINT('',(2.039973650169,1.340738008194,12.9204));
#14924 = VECTOR('',#14925,1.);
#14925 = DIRECTION('',(0.475139212543,-0.879910636772,0.));
#14926 = PCURVE('',#13309,#14927);
#14927 = DEFINITIONAL_REPRESENTATION('',(#14928),#14932);
#14928 = LINE('',#14929,#14930);
#14929 = CARTESIAN_POINT('',(1.097813928651,2.18186000503));
#14930 = VECTOR('',#14931,1.);
#14931 = DIRECTION('',(0.851437946782,-0.524455358233));
#14932 = ( GEOMETRIC_REPRESENTATION_CONTEXT(2) 
PARAMETRIC_REPRESENTATION_CONTEXT() REPRESENTATION_CONTEXT('2D SPACE',''
  ) );
#14933 = PCURVE('',#14934,#14939);
#14934 = PLANE('',#14935);
#14935 = AXIS2_PLACEMENT_3D('',#14936,#14937,#14938);
#14936 = CARTESIAN_POINT('',(2.039973650169,1.340738008194,12.2704));
#14937 = DIRECTION('',(0.879910636772,0.475139212543,-0.));
#14938 = DIRECTION('',(0.475139212543,-0.879910636772,0.));
#14939 = DEFINITIONAL_REPRESENTATION('',(#14940),#14944);
#14940 = LINE('',#14941,#14942);
#14941 = CARTESIAN_POINT('',(0.,-0.65));
#14942 = VECTOR('',#14943,1.);
#14943 = DIRECTION('',(1.,0.));
#14944 = ( GEOMETRIC_REPRESENTATION_CONTEXT(2) 
PARAMETRIC_REPRESENTATION_CONTEXT() REPRESENTATION_CONTEXT('2D SPACE',''
  ) );
#14945 = ORIENTED_EDGE('',*,*,#14946,.T.);
#14946 = EDGE_CURVE('',#14919,#14947,#14949,.T.);
#14947 = VERTEX_POINT('',#14948);
#14948 = CARTESIAN_POINT('',(2.373305157077,0.571285113923,12.9204));
#14949 = SURFACE_CURVE('',#14950,(#14954,#14961),.PCURVE_S1.);
#14950 = LINE('',#14951,#14952);
#14951 = CARTESIAN_POINT('',(2.239920552345,0.970456201579,12.9204));
#14952 = VECTOR('',#14953,1.);
#14953 = DIRECTION('',(0.316928181347,-0.948449538915,0.));
#14954 = PCURVE('',#13309,#14955);
#14955 = DEFINITIONAL_REPRESENTATION('',(#14956),#14960);
#14956 = LINE('',#14957,#14958);
#14957 = CARTESIAN_POINT('',(1.456113928651,1.96116000503));
#14958 = VECTOR('',#14959,1.);
#14959 = DIRECTION('',(0.748692625679,-0.662917304235));
#14960 = ( GEOMETRIC_REPRESENTATION_CONTEXT(2) 
PARAMETRIC_REPRESENTATION_CONTEXT() REPRESENTATION_CONTEXT('2D SPACE',''
  ) );
#14961 = PCURVE('',#14962,#14967);
#14962 = PLANE('',#14963);
#14963 = AXIS2_PLACEMENT_3D('',#14964,#14965,#14966);
#14964 = CARTESIAN_POINT('',(2.239920552345,0.970456201579,12.2704));
#14965 = DIRECTION('',(0.948449538915,0.316928181347,-0.));
#14966 = DIRECTION('',(0.316928181347,-0.948449538915,0.));
#14967 = DEFINITIONAL_REPRESENTATION('',(#14968),#14972);
#14968 = LINE('',#14969,#14970);
#14969 = CARTESIAN_POINT('',(0.,-0.65));
#14970 = VECTOR('',#14971,1.);
#14971 = DIRECTION('',(1.,0.));
#14972 = ( GEOMETRIC_REPRESENTATION_CONTEXT(2) 
PARAMETRIC_REPRESENTATION_CONTEXT() REPRESENTATION_CONTEXT('2D SPACE',''
  ) );
#14973 = ORIENTED_EDGE('',*,*,#14974,.T.);
#14974 = EDGE_CURVE('',#14947,#14975,#14977,.T.);
#14975 = VERTEX_POINT('',#14976);
#14976 = CARTESIAN_POINT('',(2.436186825571,0.155199358618,12.9204));
#14977 = SURFACE_CURVE('',#14978,(#14982,#14989),.PCURVE_S1.);
#14978 = LINE('',#14979,#14980);
#14979 = CARTESIAN_POINT('',(2.373305157077,0.571285113923,12.9204));
#14980 = VECTOR('',#14981,1.);
#14981 = DIRECTION('',(0.149429901335,-0.988772321916,0.));
#14982 = PCURVE('',#13309,#14983);
#14983 = DEFINITIONAL_REPRESENTATION('',(#14984),#14988);
#14984 = LINE('',#14985,#14986);
#14985 = CARTESIAN_POINT('',(1.771213928651,1.68216000503));
#14986 = VECTOR('',#14987,1.);
#14987 = DIRECTION('',(0.623796251599,-0.78158699867));
#14988 = ( GEOMETRIC_REPRESENTATION_CONTEXT(2) 
PARAMETRIC_REPRESENTATION_CONTEXT() REPRESENTATION_CONTEXT('2D SPACE',''
  ) );
#14989 = PCURVE('',#14990,#14995);
#14990 = PLANE('',#14991);
#14991 = AXIS2_PLACEMENT_3D('',#14992,#14993,#14994);
#14992 = CARTESIAN_POINT('',(2.373305157077,0.571285113923,12.2704));
#14993 = DIRECTION('',(0.988772321916,0.149429901335,-0.));
#14994 = DIRECTION('',(0.149429901335,-0.988772321916,0.));
#14995 = DEFINITIONAL_REPRESENTATION('',(#14996),#15000);
#14996 = LINE('',#14997,#14998);
#14997 = CARTESIAN_POINT('',(0.,-0.65));
#14998 = VECTOR('',#14999,1.);
#14999 = DIRECTION('',(1.,0.));
#15000 = ( GEOMETRIC_REPRESENTATION_CONTEXT(2) 
PARAMETRIC_REPRESENTATION_CONTEXT() REPRESENTATION_CONTEXT('2D SPACE',''
  ) );
#15001 = ORIENTED_EDGE('',*,*,#15002,.T.);
#15002 = EDGE_CURVE('',#14975,#15003,#15005,.T.);
#15003 = VERTEX_POINT('',#15004);
#15004 = CARTESIAN_POINT('',(2.426660559676,-0.265500617918,12.9204));
#15005 = SURFACE_CURVE('',#15006,(#15010,#15017),.PCURVE_S1.);
#15006 = LINE('',#15007,#15008);
#15007 = CARTESIAN_POINT('',(2.436186825571,0.155199358618,12.9204));
#15008 = VECTOR('',#15009,1.);
#15009 = DIRECTION('',(-2.263804397005E-02,-0.999743726645,0.));
#15010 = PCURVE('',#13309,#15011);
#15011 = DEFINITIONAL_REPRESENTATION('',(#15012),#15016);
#15012 = LINE('',#15013,#15014);
#15013 = CARTESIAN_POINT('',(2.033713928651,1.35326000503));
#15014 = VECTOR('',#15015,1.);
#15015 = DIRECTION('',(0.480266742152,-0.877122486533));
#15016 = ( GEOMETRIC_REPRESENTATION_CONTEXT(2) 
PARAMETRIC_REPRESENTATION_CONTEXT() REPRESENTATION_CONTEXT('2D SPACE',''
  ) );
#15017 = PCURVE('',#15018,#15023);
#15018 = PLANE('',#15019);
#15019 = AXIS2_PLACEMENT_3D('',#15020,#15021,#15022);
#15020 = CARTESIAN_POINT('',(2.436186825571,0.155199358618,12.2704));
#15021 = DIRECTION('',(0.999743726645,-2.263804397005E-02,0.));
#15022 = DIRECTION('',(-2.263804397005E-02,-0.999743726645,0.));
#15023 = DEFINITIONAL_REPRESENTATION('',(#15024),#15028);
#15024 = LINE('',#15025,#15026);
#15025 = CARTESIAN_POINT('',(0.,-0.65));
#15026 = VECTOR('',#15027,1.);
#15027 = DIRECTION('',(1.,0.));
#15028 = ( GEOMETRIC_REPRESENTATION_CONTEXT(2) 
PARAMETRIC_REPRESENTATION_CONTEXT() REPRESENTATION_CONTEXT('2D SPACE',''
  ) );
#15029 = ORIENTED_EDGE('',*,*,#15030,.T.);
#15030 = EDGE_CURVE('',#15003,#15031,#15033,.T.);
#15031 = VERTEX_POINT('',#15032);
#15032 = CARTESIAN_POINT('',(2.344980206969,-0.678375138786,12.9204));
#15033 = SURFACE_CURVE('',#15034,(#15038,#15045),.PCURVE_S1.);
#15034 = LINE('',#15035,#15036);
#15035 = CARTESIAN_POINT('',(2.426660559676,-0.265500617918,12.9204));
#15036 = VECTOR('',#15037,1.);
#15037 = DIRECTION('',(-0.194072008516,-0.98098728611,0.));
#15038 = PCURVE('',#13309,#15039);
#15039 = DEFINITIONAL_REPRESENTATION('',(#15040),#15044);
#15040 = LINE('',#15041,#15042);
#15041 = CARTESIAN_POINT('',(2.235813928651,0.98416000503));
#15042 = VECTOR('',#15043,1.);
#15043 = DIRECTION('',(0.322422353517,-0.946595914819));
#15044 = ( GEOMETRIC_REPRESENTATION_CONTEXT(2) 
PARAMETRIC_REPRESENTATION_CONTEXT() REPRESENTATION_CONTEXT('2D SPACE',''
  ) );
#15045 = PCURVE('',#15046,#15051);
#15046 = PLANE('',#15047);
#15047 = AXIS2_PLACEMENT_3D('',#15048,#15049,#15050);
#15048 = CARTESIAN_POINT('',(2.426660559676,-0.265500617918,12.2704));
#15049 = DIRECTION('',(0.98098728611,-0.194072008516,0.));
#15050 = DIRECTION('',(-0.194072008516,-0.98098728611,0.));
#15051 = DEFINITIONAL_REPRESENTATION('',(#15052),#15056);
#15052 = LINE('',#15053,#15054);
#15053 = CARTESIAN_POINT('',(0.,-0.65));
#15054 = VECTOR('',#15055,1.);
#15055 = DIRECTION('',(1.,0.));
#15056 = ( GEOMETRIC_REPRESENTATION_CONTEXT(2) 
PARAMETRIC_REPRESENTATION_CONTEXT() REPRESENTATION_CONTEXT('2D SPACE',''
  ) );
#15057 = ORIENTED_EDGE('',*,*,#15058,.T.);
#15058 = EDGE_CURVE('',#15031,#15059,#15061,.T.);
#15059 = VERTEX_POINT('',#15060);
#15060 = CARTESIAN_POINT('',(2.245989360991,-0.956432313505,12.9204));
#15061 = SURFACE_CURVE('',#15062,(#15066,#15073),.PCURVE_S1.);
#15062 = LINE('',#15063,#15064);
#15063 = CARTESIAN_POINT('',(2.344980206969,-0.678375138786,12.9204));
#15064 = VECTOR('',#15065,1.);
#15065 = DIRECTION('',(-0.335388845938,-0.942079785379,0.));
#15066 = PCURVE('',#13309,#15067);
#15067 = DEFINITIONAL_REPRESENTATION('',(#15068),#15072);
#15068 = LINE('',#15069,#15070);
#15069 = CARTESIAN_POINT('',(2.371513928651,0.58576000503));
#15070 = VECTOR('',#15071,1.);
#15071 = DIRECTION('',(0.180584631961,-0.983559449499));
#15072 = ( GEOMETRIC_REPRESENTATION_CONTEXT(2) 
PARAMETRIC_REPRESENTATION_CONTEXT() REPRESENTATION_CONTEXT('2D SPACE',''
  ) );
#15073 = PCURVE('',#15074,#15079);
#15074 = PLANE('',#15075);
#15075 = AXIS2_PLACEMENT_3D('',#15076,#15077,#15078);
#15076 = CARTESIAN_POINT('',(2.344980206969,-0.678375138786,12.2704));
#15077 = DIRECTION('',(0.942079785379,-0.335388845938,0.));
#15078 = DIRECTION('',(-0.335388845938,-0.942079785379,0.));
#15079 = DEFINITIONAL_REPRESENTATION('',(#15080),#15084);
#15080 = LINE('',#15081,#15082);
#15081 = CARTESIAN_POINT('',(0.,-0.65));
#15082 = VECTOR('',#15083,1.);
#15083 = DIRECTION('',(1.,0.));
#15084 = ( GEOMETRIC_REPRESENTATION_CONTEXT(2) 
PARAMETRIC_REPRESENTATION_CONTEXT() REPRESENTATION_CONTEXT('2D SPACE',''
  ) );
#15085 = ORIENTED_EDGE('',*,*,#15086,.T.);
#15086 = EDGE_CURVE('',#15059,#14077,#15087,.T.);
#15087 = SURFACE_CURVE('',#15088,(#15092,#15099),.PCURVE_S1.);
#15088 = LINE('',#15089,#15090);
#15089 = CARTESIAN_POINT('',(2.245989360991,-0.956432313505,12.9204));
#15090 = VECTOR('',#15091,1.);
#15091 = DIRECTION('',(-0.446877304135,-0.894595257672,0.));
#15092 = PCURVE('',#13309,#15093);
#15093 = DEFINITIONAL_REPRESENTATION('',(#15094),#15098);
#15094 = LINE('',#15095,#15096);
#15095 = CARTESIAN_POINT('',(2.424813928651,0.29546000503));
#15096 = VECTOR('',#15097,1.);
#15097 = DIRECTION('',(6.029053108053E-02,-0.998180871316));
#15098 = ( GEOMETRIC_REPRESENTATION_CONTEXT(2) 
PARAMETRIC_REPRESENTATION_CONTEXT() REPRESENTATION_CONTEXT('2D SPACE',''
  ) );
#15099 = PCURVE('',#15100,#15105);
#15100 = PLANE('',#15101);
#15101 = AXIS2_PLACEMENT_3D('',#15102,#15103,#15104);
#15102 = CARTESIAN_POINT('',(2.245989360991,-0.956432313505,12.2704));
#15103 = DIRECTION('',(0.894595257672,-0.446877304135,0.));
#15104 = DIRECTION('',(-0.446877304135,-0.894595257672,0.));
#15105 = DEFINITIONAL_REPRESENTATION('',(#15106),#15110);
#15106 = LINE('',#15107,#15108);
#15107 = CARTESIAN_POINT('',(0.,-0.65));
#15108 = VECTOR('',#15109,1.);
#15109 = DIRECTION('',(1.,0.));
#15110 = ( GEOMETRIC_REPRESENTATION_CONTEXT(2) 
PARAMETRIC_REPRESENTATION_CONTEXT() REPRESENTATION_CONTEXT('2D SPACE',''
  ) );
#15111 = ADVANCED_FACE('',(#15112),#14094,.F.);
#15112 = FACE_BOUND('',#15113,.F.);
#15113 = EDGE_LOOP('',(#15114,#15142,#15163,#15164));
#15114 = ORIENTED_EDGE('',*,*,#15115,.T.);
#15115 = EDGE_CURVE('',#15116,#15118,#15120,.T.);
#15116 = VERTEX_POINT('',#15117);
#15117 = CARTESIAN_POINT('',(1.872967891021,-1.565524451807,12.3204));
#15118 = VERTEX_POINT('',#15119);
#15119 = CARTESIAN_POINT('',(2.114054613178,-1.22055,12.3204));
#15120 = SURFACE_CURVE('',#15121,(#15125,#15131),.PCURVE_S1.);
#15121 = LINE('',#15122,#15123);
#15122 = CARTESIAN_POINT('',(2.05375105636,-1.306839225177,12.3204));
#15123 = VECTOR('',#15124,1.);
#15124 = DIRECTION('',(0.572831656295,0.819673040637,-0.));
#15125 = PCURVE('',#14094,#15126);
#15126 = DEFINITIONAL_REPRESENTATION('',(#15127),#15130);
#15127 = B_SPLINE_CURVE_WITH_KNOTS('',1,(#15128,#15129),.UNSPECIFIED.,
  .F.,.F.,(2,2),(-0.315595626311,0.105272737908),
  .PIECEWISE_BEZIER_KNOTS.);
#15128 = CARTESIAN_POINT('',(0.420868364219,-5.E-02));
#15129 = CARTESIAN_POINT('',(0.,-5.E-02));
#15130 = ( GEOMETRIC_REPRESENTATION_CONTEXT(2) 
PARAMETRIC_REPRESENTATION_CONTEXT() REPRESENTATION_CONTEXT('2D SPACE',''
  ) );
#15131 = PCURVE('',#15132,#15137);
#15132 = PLANE('',#15133);
#15133 = AXIS2_PLACEMENT_3D('',#15134,#15135,#15136);
#15134 = CARTESIAN_POINT('',(0.,0.,12.3204));
#15135 = DIRECTION('',(0.,0.,1.));
#15136 = DIRECTION('',(1.,0.,-0.));
#15137 = DEFINITIONAL_REPRESENTATION('',(#15138),#15141);
#15138 = B_SPLINE_CURVE_WITH_KNOTS('',1,(#15139,#15140),.UNSPECIFIED.,
  .F.,.F.,(2,2),(-0.315595626311,0.105272737908),
  .PIECEWISE_BEZIER_KNOTS.);
#15139 = CARTESIAN_POINT('',(1.872967891021,-1.565524451807));
#15140 = CARTESIAN_POINT('',(2.114054613178,-1.22055));
#15141 = ( GEOMETRIC_REPRESENTATION_CONTEXT(2) 
PARAMETRIC_REPRESENTATION_CONTEXT() REPRESENTATION_CONTEXT('2D SPACE',''
  ) );
#15142 = ORIENTED_EDGE('',*,*,#15143,.T.);
#15143 = EDGE_CURVE('',#15118,#14077,#15144,.T.);
#15144 = SURFACE_CURVE('',#15145,(#15149,#15156),.PCURVE_S1.);
#15145 = LINE('',#15146,#15147);
#15146 = CARTESIAN_POINT('',(2.114054613178,-1.22055,12.2704));
#15147 = VECTOR('',#15148,1.);
#15148 = DIRECTION('',(0.,0.,1.));
#15149 = PCURVE('',#14094,#15150);
#15150 = DEFINITIONAL_REPRESENTATION('',(#15151),#15155);
#15151 = LINE('',#15152,#15153);
#15152 = CARTESIAN_POINT('',(0.,0.));
#15153 = VECTOR('',#15154,1.);
#15154 = DIRECTION('',(0.,-1.));
#15155 = ( GEOMETRIC_REPRESENTATION_CONTEXT(2) 
PARAMETRIC_REPRESENTATION_CONTEXT() REPRESENTATION_CONTEXT('2D SPACE',''
  ) );
#15156 = PCURVE('',#15100,#15157);
#15157 = DEFINITIONAL_REPRESENTATION('',(#15158),#15162);
#15158 = LINE('',#15159,#15160);
#15159 = CARTESIAN_POINT('',(0.29523707423,0.));
#15160 = VECTOR('',#15161,1.);
#15161 = DIRECTION('',(0.,-1.));
#15162 = ( GEOMETRIC_REPRESENTATION_CONTEXT(2) 
PARAMETRIC_REPRESENTATION_CONTEXT() REPRESENTATION_CONTEXT('2D SPACE',''
  ) );
#15163 = ORIENTED_EDGE('',*,*,#14076,.T.);
#15164 = ORIENTED_EDGE('',*,*,#15165,.F.);
#15165 = EDGE_CURVE('',#15116,#14079,#15166,.T.);
#15166 = SURFACE_CURVE('',#15167,(#15171,#15178),.PCURVE_S1.);
#15167 = LINE('',#15168,#15169);
#15168 = CARTESIAN_POINT('',(1.872967891021,-1.565524451807,12.2704));
#15169 = VECTOR('',#15170,1.);
#15170 = DIRECTION('',(0.,0.,1.));
#15171 = PCURVE('',#14094,#15172);
#15172 = DEFINITIONAL_REPRESENTATION('',(#15173),#15177);
#15173 = LINE('',#15174,#15175);
#15174 = CARTESIAN_POINT('',(0.420868364219,0.));
#15175 = VECTOR('',#15176,1.);
#15176 = DIRECTION('',(0.,-1.));
#15177 = ( GEOMETRIC_REPRESENTATION_CONTEXT(2) 
PARAMETRIC_REPRESENTATION_CONTEXT() REPRESENTATION_CONTEXT('2D SPACE',''
  ) );
#15178 = PCURVE('',#14122,#15179);
#15179 = DEFINITIONAL_REPRESENTATION('',(#15180),#15184);
#15180 = LINE('',#15181,#15182);
#15181 = CARTESIAN_POINT('',(0.,0.));
#15182 = VECTOR('',#15183,1.);
#15183 = DIRECTION('',(0.,-1.));
#15184 = ( GEOMETRIC_REPRESENTATION_CONTEXT(2) 
PARAMETRIC_REPRESENTATION_CONTEXT() REPRESENTATION_CONTEXT('2D SPACE',''
  ) );
#15185 = ADVANCED_FACE('',(#15186),#14122,.F.);
#15186 = FACE_BOUND('',#15187,.F.);
#15187 = EDGE_LOOP('',(#15188,#15209,#15210,#15211));
#15188 = ORIENTED_EDGE('',*,*,#15189,.T.);
#15189 = EDGE_CURVE('',#15190,#15116,#15192,.T.);
#15190 = VERTEX_POINT('',#15191);
#15191 = CARTESIAN_POINT('',(1.576296955033,-1.863973586066,12.3204));
#15192 = SURFACE_CURVE('',#15193,(#15197,#15203),.PCURVE_S1.);
#15193 = LINE('',#15194,#15195);
#15194 = CARTESIAN_POINT('',(1.798898199619,-1.640038105125,12.3204));
#15195 = VECTOR('',#15196,1.);
#15196 = DIRECTION('',(0.704990823429,0.70921642598,-0.));
#15197 = PCURVE('',#14122,#15198);
#15198 = DEFINITIONAL_REPRESENTATION('',(#15199),#15202);
#15199 = B_SPLINE_CURVE_WITH_KNOTS('',1,(#15200,#15201),.UNSPECIFIED.,
  .F.,.F.,(2,2),(-0.31575055616,0.105064759626),
  .PIECEWISE_BEZIER_KNOTS.);
#15200 = CARTESIAN_POINT('',(0.420815315786,-5.E-02));
#15201 = CARTESIAN_POINT('',(0.,-5.E-02));
#15202 = ( GEOMETRIC_REPRESENTATION_CONTEXT(2) 
PARAMETRIC_REPRESENTATION_CONTEXT() REPRESENTATION_CONTEXT('2D SPACE',''
  ) );
#15203 = PCURVE('',#15132,#15204);
#15204 = DEFINITIONAL_REPRESENTATION('',(#15205),#15208);
#15205 = B_SPLINE_CURVE_WITH_KNOTS('',1,(#15206,#15207),.UNSPECIFIED.,
  .F.,.F.,(2,2),(-0.31575055616,0.105064759626),
  .PIECEWISE_BEZIER_KNOTS.);
#15206 = CARTESIAN_POINT('',(1.576296955033,-1.863973586066));
#15207 = CARTESIAN_POINT('',(1.872967891021,-1.565524451807));
#15208 = ( GEOMETRIC_REPRESENTATION_CONTEXT(2) 
PARAMETRIC_REPRESENTATION_CONTEXT() REPRESENTATION_CONTEXT('2D SPACE',''
  ) );
#15209 = ORIENTED_EDGE('',*,*,#15165,.T.);
#15210 = ORIENTED_EDGE('',*,*,#14106,.T.);
#15211 = ORIENTED_EDGE('',*,*,#15212,.F.);
#15212 = EDGE_CURVE('',#15190,#14107,#15213,.T.);
#15213 = SURFACE_CURVE('',#15214,(#15218,#15225),.PCURVE_S1.);
#15214 = LINE('',#15215,#15216);
#15215 = CARTESIAN_POINT('',(1.576296955033,-1.863973586066,12.2704));
#15216 = VECTOR('',#15217,1.);
#15217 = DIRECTION('',(0.,0.,1.));
#15218 = PCURVE('',#14122,#15219);
#15219 = DEFINITIONAL_REPRESENTATION('',(#15220),#15224);
#15220 = LINE('',#15221,#15222);
#15221 = CARTESIAN_POINT('',(0.420815315786,0.));
#15222 = VECTOR('',#15223,1.);
#15223 = DIRECTION('',(0.,-1.));
#15224 = ( GEOMETRIC_REPRESENTATION_CONTEXT(2) 
PARAMETRIC_REPRESENTATION_CONTEXT() REPRESENTATION_CONTEXT('2D SPACE',''
  ) );
#15225 = PCURVE('',#14150,#15226);
#15226 = DEFINITIONAL_REPRESENTATION('',(#15227),#15231);
#15227 = LINE('',#15228,#15229);
#15228 = CARTESIAN_POINT('',(0.,0.));
#15229 = VECTOR('',#15230,1.);
#15230 = DIRECTION('',(0.,-1.));
#15231 = ( GEOMETRIC_REPRESENTATION_CONTEXT(2) 
PARAMETRIC_REPRESENTATION_CONTEXT() REPRESENTATION_CONTEXT('2D SPACE',''
  ) );
#15232 = ADVANCED_FACE('',(#15233),#14150,.F.);
#15233 = FACE_BOUND('',#15234,.F.);
#15234 = EDGE_LOOP('',(#15235,#15256,#15257,#15258));
#15235 = ORIENTED_EDGE('',*,*,#15236,.T.);
#15236 = EDGE_CURVE('',#15237,#15190,#15239,.T.);
#15237 = VERTEX_POINT('',#15238);
#15238 = CARTESIAN_POINT('',(1.232776483967,-2.106968495393,12.3204));
#15239 = SURFACE_CURVE('',#15240,(#15244,#15250),.PCURVE_S1.);
#15240 = LINE('',#15241,#15242);
#15241 = CARTESIAN_POINT('',(1.490389907091,-1.924741362905,12.3204));
#15242 = VECTOR('',#15243,1.);
#15243 = DIRECTION('',(0.816396574743,0.577491673315,-0.));
#15244 = PCURVE('',#14150,#15245);
#15245 = DEFINITIONAL_REPRESENTATION('',(#15246),#15249);
#15246 = B_SPLINE_CURVE_WITH_KNOTS('',1,(#15247,#15248),.UNSPECIFIED.,
  .F.,.F.,(2,2),(-0.31554936791,0.105227104817),
  .PIECEWISE_BEZIER_KNOTS.);
#15247 = CARTESIAN_POINT('',(0.420776472726,-5.E-02));
#15248 = CARTESIAN_POINT('',(0.,-5.E-02));
#15249 = ( GEOMETRIC_REPRESENTATION_CONTEXT(2) 
PARAMETRIC_REPRESENTATION_CONTEXT() REPRESENTATION_CONTEXT('2D SPACE',''
  ) );
#15250 = PCURVE('',#15132,#15251);
#15251 = DEFINITIONAL_REPRESENTATION('',(#15252),#15255);
#15252 = B_SPLINE_CURVE_WITH_KNOTS('',1,(#15253,#15254),.UNSPECIFIED.,
  .F.,.F.,(2,2),(-0.31554936791,0.105227104817),
  .PIECEWISE_BEZIER_KNOTS.);
#15253 = CARTESIAN_POINT('',(1.232776483967,-2.106968495393));
#15254 = CARTESIAN_POINT('',(1.576296955033,-1.863973586066));
#15255 = ( GEOMETRIC_REPRESENTATION_CONTEXT(2) 
PARAMETRIC_REPRESENTATION_CONTEXT() REPRESENTATION_CONTEXT('2D SPACE',''
  ) );
#15256 = ORIENTED_EDGE('',*,*,#15212,.T.);
#15257 = ORIENTED_EDGE('',*,*,#14134,.T.);
#15258 = ORIENTED_EDGE('',*,*,#15259,.F.);
#15259 = EDGE_CURVE('',#15237,#14135,#15260,.T.);
#15260 = SURFACE_CURVE('',#15261,(#15265,#15272),.PCURVE_S1.);
#15261 = LINE('',#15262,#15263);
#15262 = CARTESIAN_POINT('',(1.232776483967,-2.106968495393,12.2704));
#15263 = VECTOR('',#15264,1.);
#15264 = DIRECTION('',(0.,0.,1.));
#15265 = PCURVE('',#14150,#15266);
#15266 = DEFINITIONAL_REPRESENTATION('',(#15267),#15271);
#15267 = LINE('',#15268,#15269);
#15268 = CARTESIAN_POINT('',(0.420776472726,0.));
#15269 = VECTOR('',#15270,1.);
#15270 = DIRECTION('',(0.,-1.));
#15271 = ( GEOMETRIC_REPRESENTATION_CONTEXT(2) 
PARAMETRIC_REPRESENTATION_CONTEXT() REPRESENTATION_CONTEXT('2D SPACE',''
  ) );
#15272 = PCURVE('',#14178,#15273);
#15273 = DEFINITIONAL_REPRESENTATION('',(#15274),#15278);
#15274 = LINE('',#15275,#15276);
#15275 = CARTESIAN_POINT('',(0.,0.));
#15276 = VECTOR('',#15277,1.);
#15277 = DIRECTION('',(0.,-1.));
#15278 = ( GEOMETRIC_REPRESENTATION_CONTEXT(2) 
PARAMETRIC_REPRESENTATION_CONTEXT() REPRESENTATION_CONTEXT('2D SPACE',''
  ) );
#15279 = ADVANCED_FACE('',(#15280),#14178,.F.);
#15280 = FACE_BOUND('',#15281,.F.);
#15281 = EDGE_LOOP('',(#15282,#15303,#15304,#15305));
#15282 = ORIENTED_EDGE('',*,*,#15283,.T.);
#15283 = EDGE_CURVE('',#15284,#15237,#15286,.T.);
#15284 = VERTEX_POINT('',#15285);
#15285 = CARTESIAN_POINT('',(0.852596412463,-2.287459695264,12.3204));
#15286 = SURFACE_CURVE('',#15287,(#15291,#15297),.PCURVE_S1.);
#15287 = LINE('',#15288,#15289);
#15288 = CARTESIAN_POINT('',(1.137913062359,-2.152005082193,12.3204));
#15289 = VECTOR('',#15290,1.);
#15290 = DIRECTION('',(0.903364357532,0.428873918,-0.));
#15291 = PCURVE('',#14178,#15292);
#15292 = DEFINITIONAL_REPRESENTATION('',(#15293),#15296);
#15293 = B_SPLINE_CURVE_WITH_KNOTS('',1,(#15294,#15295),.UNSPECIFIED.,
  .F.,.F.,(2,2),(-0.315837842745,0.105011251349),
  .PIECEWISE_BEZIER_KNOTS.);
#15294 = CARTESIAN_POINT('',(0.420849094094,-5.E-02));
#15295 = CARTESIAN_POINT('',(0.,-5.E-02));
#15296 = ( GEOMETRIC_REPRESENTATION_CONTEXT(2) 
PARAMETRIC_REPRESENTATION_CONTEXT() REPRESENTATION_CONTEXT('2D SPACE',''
  ) );
#15297 = PCURVE('',#15132,#15298);
#15298 = DEFINITIONAL_REPRESENTATION('',(#15299),#15302);
#15299 = B_SPLINE_CURVE_WITH_KNOTS('',1,(#15300,#15301),.UNSPECIFIED.,
  .F.,.F.,(2,2),(-0.315837842745,0.105011251349),
  .PIECEWISE_BEZIER_KNOTS.);
#15300 = CARTESIAN_POINT('',(0.852596412463,-2.287459695264));
#15301 = CARTESIAN_POINT('',(1.232776483967,-2.106968495393));
#15302 = ( GEOMETRIC_REPRESENTATION_CONTEXT(2) 
PARAMETRIC_REPRESENTATION_CONTEXT() REPRESENTATION_CONTEXT('2D SPACE',''
  ) );
#15303 = ORIENTED_EDGE('',*,*,#15259,.T.);
#15304 = ORIENTED_EDGE('',*,*,#14162,.T.);
#15305 = ORIENTED_EDGE('',*,*,#15306,.F.);
#15306 = EDGE_CURVE('',#15284,#14163,#15307,.T.);
#15307 = SURFACE_CURVE('',#15308,(#15312,#15319),.PCURVE_S1.);
#15308 = LINE('',#15309,#15310);
#15309 = CARTESIAN_POINT('',(0.852596412463,-2.287459695264,12.2704));
#15310 = VECTOR('',#15311,1.);
#15311 = DIRECTION('',(0.,0.,1.));
#15312 = PCURVE('',#14178,#15313);
#15313 = DEFINITIONAL_REPRESENTATION('',(#15314),#15318);
#15314 = LINE('',#15315,#15316);
#15315 = CARTESIAN_POINT('',(0.420849094094,0.));
#15316 = VECTOR('',#15317,1.);
#15317 = DIRECTION('',(0.,-1.));
#15318 = ( GEOMETRIC_REPRESENTATION_CONTEXT(2) 
PARAMETRIC_REPRESENTATION_CONTEXT() REPRESENTATION_CONTEXT('2D SPACE',''
  ) );
#15319 = PCURVE('',#14206,#15320);
#15320 = DEFINITIONAL_REPRESENTATION('',(#15321),#15325);
#15321 = LINE('',#15322,#15323);
#15322 = CARTESIAN_POINT('',(0.,0.));
#15323 = VECTOR('',#15324,1.);
#15324 = DIRECTION('',(0.,-1.));
#15325 = ( GEOMETRIC_REPRESENTATION_CONTEXT(2) 
PARAMETRIC_REPRESENTATION_CONTEXT() REPRESENTATION_CONTEXT('2D SPACE',''
  ) );
#15326 = ADVANCED_FACE('',(#15327),#14206,.F.);
#15327 = FACE_BOUND('',#15328,.F.);
#15328 = EDGE_LOOP('',(#15329,#15350,#15351,#15352));
#15329 = ORIENTED_EDGE('',*,*,#15330,.T.);
#15330 = EDGE_CURVE('',#15331,#15284,#15333,.T.);
#15331 = VERTEX_POINT('',#15332);
#15332 = CARTESIAN_POINT('',(0.447068918346,-2.399853918939,12.3204));
#15333 = SURFACE_CURVE('',#15334,(#15338,#15344),.PCURVE_S1.);
#15334 = LINE('',#15335,#15336);
#15335 = CARTESIAN_POINT('',(0.75108684192,-2.315593643127,12.3204));
#15336 = VECTOR('',#15337,1.);
#15337 = DIRECTION('',(0.963672362454,0.267087210182,-0.));
#15338 = PCURVE('',#14206,#15339);
#15339 = DEFINITIONAL_REPRESENTATION('',(#15340),#15343);
#15340 = B_SPLINE_CURVE_WITH_KNOTS('',1,(#15341,#15342),.UNSPECIFIED.,
  .F.,.F.,(2,2),(-0.315478512635,0.105336185303),
  .PIECEWISE_BEZIER_KNOTS.);
#15341 = CARTESIAN_POINT('',(0.420814697937,-5.E-02));
#15342 = CARTESIAN_POINT('',(0.,-5.E-02));
#15343 = ( GEOMETRIC_REPRESENTATION_CONTEXT(2) 
PARAMETRIC_REPRESENTATION_CONTEXT() REPRESENTATION_CONTEXT('2D SPACE',''
  ) );
#15344 = PCURVE('',#15132,#15345);
#15345 = DEFINITIONAL_REPRESENTATION('',(#15346),#15349);
#15346 = B_SPLINE_CURVE_WITH_KNOTS('',1,(#15347,#15348),.UNSPECIFIED.,
  .F.,.F.,(2,2),(-0.315478512635,0.105336185303),
  .PIECEWISE_BEZIER_KNOTS.);
#15347 = CARTESIAN_POINT('',(0.447068918346,-2.399853918939));
#15348 = CARTESIAN_POINT('',(0.852596412463,-2.287459695264));
#15349 = ( GEOMETRIC_REPRESENTATION_CONTEXT(2) 
PARAMETRIC_REPRESENTATION_CONTEXT() REPRESENTATION_CONTEXT('2D SPACE',''
  ) );
#15350 = ORIENTED_EDGE('',*,*,#15306,.T.);
#15351 = ORIENTED_EDGE('',*,*,#14190,.T.);
#15352 = ORIENTED_EDGE('',*,*,#15353,.F.);
#15353 = EDGE_CURVE('',#15331,#14191,#15354,.T.);
#15354 = SURFACE_CURVE('',#15355,(#15359,#15366),.PCURVE_S1.);
#15355 = LINE('',#15356,#15357);
#15356 = CARTESIAN_POINT('',(0.447068918346,-2.399853918939,12.2704));
#15357 = VECTOR('',#15358,1.);
#15358 = DIRECTION('',(0.,0.,1.));
#15359 = PCURVE('',#14206,#15360);
#15360 = DEFINITIONAL_REPRESENTATION('',(#15361),#15365);
#15361 = LINE('',#15362,#15363);
#15362 = CARTESIAN_POINT('',(0.420814697937,0.));
#15363 = VECTOR('',#15364,1.);
#15364 = DIRECTION('',(0.,-1.));
#15365 = ( GEOMETRIC_REPRESENTATION_CONTEXT(2) 
PARAMETRIC_REPRESENTATION_CONTEXT() REPRESENTATION_CONTEXT('2D SPACE',''
  ) );
#15366 = PCURVE('',#14234,#15367);
#15367 = DEFINITIONAL_REPRESENTATION('',(#15368),#15372);
#15368 = LINE('',#15369,#15370);
#15369 = CARTESIAN_POINT('',(0.,0.));
#15370 = VECTOR('',#15371,1.);
#15371 = DIRECTION('',(0.,-1.));
#15372 = ( GEOMETRIC_REPRESENTATION_CONTEXT(2) 
PARAMETRIC_REPRESENTATION_CONTEXT() REPRESENTATION_CONTEXT('2D SPACE',''
  ) );
#15373 = ADVANCED_FACE('',(#15374),#14234,.F.);
#15374 = FACE_BOUND('',#15375,.F.);
#15375 = EDGE_LOOP('',(#15376,#15397,#15398,#15399));
#15376 = ORIENTED_EDGE('',*,*,#15377,.T.);
#15377 = EDGE_CURVE('',#15378,#15331,#15380,.T.);
#15378 = VERTEX_POINT('',#15379);
#15379 = CARTESIAN_POINT('',(2.821502517125E-02,-2.440930142867,12.3204)
  );
#15380 = SURFACE_CURVE('',#15381,(#15385,#15391),.PCURVE_S1.);
#15381 = LINE('',#15382,#15383);
#15382 = CARTESIAN_POINT('',(0.342217463352,-2.41013650653,12.3204));
#15383 = VECTOR('',#15384,1.);
#15384 = DIRECTION('',(0.99522572901,9.75999401439E-02,-0.));
#15385 = PCURVE('',#14234,#15386);
#15386 = DEFINITIONAL_REPRESENTATION('',(#15387),#15390);
#15387 = B_SPLINE_CURVE_WITH_KNOTS('',1,(#15388,#15389),.UNSPECIFIED.,
  .F.,.F.,(2,2),(-0.315508762512,0.105354445668),
  .PIECEWISE_BEZIER_KNOTS.);
#15388 = CARTESIAN_POINT('',(0.420863208181,-5.E-02));
#15389 = CARTESIAN_POINT('',(0.,-5.E-02));
#15390 = ( GEOMETRIC_REPRESENTATION_CONTEXT(2) 
PARAMETRIC_REPRESENTATION_CONTEXT() REPRESENTATION_CONTEXT('2D SPACE',''
  ) );
#15391 = PCURVE('',#15132,#15392);
#15392 = DEFINITIONAL_REPRESENTATION('',(#15393),#15396);
#15393 = B_SPLINE_CURVE_WITH_KNOTS('',1,(#15394,#15395),.UNSPECIFIED.,
  .F.,.F.,(2,2),(-0.315508762512,0.105354445668),
  .PIECEWISE_BEZIER_KNOTS.);
#15394 = CARTESIAN_POINT('',(2.821502517125E-02,-2.440930142867));
#15395 = CARTESIAN_POINT('',(0.447068918346,-2.399853918939));
#15396 = ( GEOMETRIC_REPRESENTATION_CONTEXT(2) 
PARAMETRIC_REPRESENTATION_CONTEXT() REPRESENTATION_CONTEXT('2D SPACE',''
  ) );
#15397 = ORIENTED_EDGE('',*,*,#15353,.T.);
#15398 = ORIENTED_EDGE('',*,*,#14218,.T.);
#15399 = ORIENTED_EDGE('',*,*,#15400,.F.);
#15400 = EDGE_CURVE('',#15378,#14219,#15401,.T.);
#15401 = SURFACE_CURVE('',#15402,(#15406,#15413),.PCURVE_S1.);
#15402 = LINE('',#15403,#15404);
#15403 = CARTESIAN_POINT('',(2.821502517125E-02,-2.440930142867,12.2704)
  );
#15404 = VECTOR('',#15405,1.);
#15405 = DIRECTION('',(0.,0.,1.));
#15406 = PCURVE('',#14234,#15407);
#15407 = DEFINITIONAL_REPRESENTATION('',(#15408),#15412);
#15408 = LINE('',#15409,#15410);
#15409 = CARTESIAN_POINT('',(0.420863208181,0.));
#15410 = VECTOR('',#15411,1.);
#15411 = DIRECTION('',(0.,-1.));
#15412 = ( GEOMETRIC_REPRESENTATION_CONTEXT(2) 
PARAMETRIC_REPRESENTATION_CONTEXT() REPRESENTATION_CONTEXT('2D SPACE',''
  ) );
#15413 = PCURVE('',#14262,#15414);
#15414 = DEFINITIONAL_REPRESENTATION('',(#15415),#15419);
#15415 = LINE('',#15416,#15417);
#15416 = CARTESIAN_POINT('',(0.,0.));
#15417 = VECTOR('',#15418,1.);
#15418 = DIRECTION('',(0.,-1.));
#15419 = ( GEOMETRIC_REPRESENTATION_CONTEXT(2) 
PARAMETRIC_REPRESENTATION_CONTEXT() REPRESENTATION_CONTEXT('2D SPACE',''
  ) );
#15420 = ADVANCED_FACE('',(#15421),#14262,.F.);
#15421 = FACE_BOUND('',#15422,.F.);
#15422 = EDGE_LOOP('',(#15423,#15444,#15445,#15446));
#15423 = ORIENTED_EDGE('',*,*,#15424,.T.);
#15424 = EDGE_CURVE('',#15425,#15378,#15427,.T.);
#15425 = VERTEX_POINT('',#15426);
#15426 = CARTESIAN_POINT('',(-0.391395205403,-2.409516381598,12.3204));
#15427 = SURFACE_CURVE('',#15428,(#15432,#15438),.PCURVE_S1.);
#15428 = LINE('',#15429,#15430);
#15429 = CARTESIAN_POINT('',(-7.667369828814E-02,-2.433077738234,12.3204
    ));
#15430 = VECTOR('',#15431,1.);
#15431 = DIRECTION('',(0.997209404624,-7.465522975717E-02,0.));
#15432 = PCURVE('',#14262,#15433);
#15433 = DEFINITIONAL_REPRESENTATION('',(#15434),#15437);
#15434 = B_SPLINE_CURVE_WITH_KNOTS('',1,(#15435,#15436),.UNSPECIFIED.,
  .F.,.F.,(2,2),(-0.315602225226,0.105182244545),
  .PIECEWISE_BEZIER_KNOTS.);
#15435 = CARTESIAN_POINT('',(0.42078446977,-5.E-02));
#15436 = CARTESIAN_POINT('',(0.,-5.E-02));
#15437 = ( GEOMETRIC_REPRESENTATION_CONTEXT(2) 
PARAMETRIC_REPRESENTATION_CONTEXT() REPRESENTATION_CONTEXT('2D SPACE',''
  ) );
#15438 = PCURVE('',#15132,#15439);
#15439 = DEFINITIONAL_REPRESENTATION('',(#15440),#15443);
#15440 = B_SPLINE_CURVE_WITH_KNOTS('',1,(#15441,#15442),.UNSPECIFIED.,
  .F.,.F.,(2,2),(-0.315602225226,0.105182244545),
  .PIECEWISE_BEZIER_KNOTS.);
#15441 = CARTESIAN_POINT('',(-0.391395205403,-2.409516381598));
#15442 = CARTESIAN_POINT('',(2.821502517125E-02,-2.440930142867));
#15443 = ( GEOMETRIC_REPRESENTATION_CONTEXT(2) 
PARAMETRIC_REPRESENTATION_CONTEXT() REPRESENTATION_CONTEXT('2D SPACE',''
  ) );
#15444 = ORIENTED_EDGE('',*,*,#15400,.T.);
#15445 = ORIENTED_EDGE('',*,*,#14246,.T.);
#15446 = ORIENTED_EDGE('',*,*,#15447,.F.);
#15447 = EDGE_CURVE('',#15425,#14247,#15448,.T.);
#15448 = SURFACE_CURVE('',#15449,(#15453,#15460),.PCURVE_S1.);
#15449 = LINE('',#15450,#15451);
#15450 = CARTESIAN_POINT('',(-0.391395205403,-2.409516381598,12.2704));
#15451 = VECTOR('',#15452,1.);
#15452 = DIRECTION('',(0.,0.,1.));
#15453 = PCURVE('',#14262,#15454);
#15454 = DEFINITIONAL_REPRESENTATION('',(#15455),#15459);
#15455 = LINE('',#15456,#15457);
#15456 = CARTESIAN_POINT('',(0.42078446977,0.));
#15457 = VECTOR('',#15458,1.);
#15458 = DIRECTION('',(0.,-1.));
#15459 = ( GEOMETRIC_REPRESENTATION_CONTEXT(2) 
PARAMETRIC_REPRESENTATION_CONTEXT() REPRESENTATION_CONTEXT('2D SPACE',''
  ) );
#15460 = PCURVE('',#14290,#15461);
#15461 = DEFINITIONAL_REPRESENTATION('',(#15462),#15466);
#15462 = LINE('',#15463,#15464);
#15463 = CARTESIAN_POINT('',(0.,0.));
#15464 = VECTOR('',#15465,1.);
#15465 = DIRECTION('',(0.,-1.));
#15466 = ( GEOMETRIC_REPRESENTATION_CONTEXT(2) 
PARAMETRIC_REPRESENTATION_CONTEXT() REPRESENTATION_CONTEXT('2D SPACE',''
  ) );
#15467 = ADVANCED_FACE('',(#15468),#14290,.F.);
#15468 = FACE_BOUND('',#15469,.F.);
#15469 = EDGE_LOOP('',(#15470,#15491,#15492,#15493));
#15470 = ORIENTED_EDGE('',*,*,#15471,.T.);
#15471 = EDGE_CURVE('',#15472,#15425,#15474,.T.);
#15472 = VERTEX_POINT('',#15473);
#15473 = CARTESIAN_POINT('',(-0.799448891396,-2.306486097952,12.3204));
#15474 = SURFACE_CURVE('',#15475,(#15479,#15485),.PCURVE_S1.);
#15475 = LINE('',#15476,#15477);
#15476 = CARTESIAN_POINT('',(-0.49338717289,-2.383764227652,12.3204));
#15477 = VECTOR('',#15478,1.);
#15478 = DIRECTION('',(0.969571328237,-0.244808985661,0.));
#15479 = PCURVE('',#14290,#15480);
#15480 = DEFINITIONAL_REPRESENTATION('',(#15481),#15484);
#15481 = B_SPLINE_CURVE_WITH_KNOTS('',1,(#15482,#15483),.UNSPECIFIED.,
  .F.,.F.,(2,2),(-0.31566704748,0.105192846071),
  .PIECEWISE_BEZIER_KNOTS.);
#15482 = CARTESIAN_POINT('',(0.420859893551,-5.E-02));
#15483 = CARTESIAN_POINT('',(0.,-5.E-02));
#15484 = ( GEOMETRIC_REPRESENTATION_CONTEXT(2) 
PARAMETRIC_REPRESENTATION_CONTEXT() REPRESENTATION_CONTEXT('2D SPACE',''
  ) );
#15485 = PCURVE('',#15132,#15486);
#15486 = DEFINITIONAL_REPRESENTATION('',(#15487),#15490);
#15487 = B_SPLINE_CURVE_WITH_KNOTS('',1,(#15488,#15489),.UNSPECIFIED.,
  .F.,.F.,(2,2),(-0.31566704748,0.105192846071),
  .PIECEWISE_BEZIER_KNOTS.);
#15488 = CARTESIAN_POINT('',(-0.799448891396,-2.306486097952));
#15489 = CARTESIAN_POINT('',(-0.391395205403,-2.409516381598));
#15490 = ( GEOMETRIC_REPRESENTATION_CONTEXT(2) 
PARAMETRIC_REPRESENTATION_CONTEXT() REPRESENTATION_CONTEXT('2D SPACE',''
  ) );
#15491 = ORIENTED_EDGE('',*,*,#15447,.T.);
#15492 = ORIENTED_EDGE('',*,*,#14274,.T.);
#15493 = ORIENTED_EDGE('',*,*,#15494,.F.);
#15494 = EDGE_CURVE('',#15472,#14275,#15495,.T.);
#15495 = SURFACE_CURVE('',#15496,(#15500,#15507),.PCURVE_S1.);
#15496 = LINE('',#15497,#15498);
#15497 = CARTESIAN_POINT('',(-0.799448891396,-2.306486097952,12.2704));
#15498 = VECTOR('',#15499,1.);
#15499 = DIRECTION('',(0.,0.,1.));
#15500 = PCURVE('',#14290,#15501);
#15501 = DEFINITIONAL_REPRESENTATION('',(#15502),#15506);
#15502 = LINE('',#15503,#15504);
#15503 = CARTESIAN_POINT('',(0.420859893551,0.));
#15504 = VECTOR('',#15505,1.);
#15505 = DIRECTION('',(0.,-1.));
#15506 = ( GEOMETRIC_REPRESENTATION_CONTEXT(2) 
PARAMETRIC_REPRESENTATION_CONTEXT() REPRESENTATION_CONTEXT('2D SPACE',''
  ) );
#15507 = PCURVE('',#14318,#15508);
#15508 = DEFINITIONAL_REPRESENTATION('',(#15509),#15513);
#15509 = LINE('',#15510,#15511);
#15510 = CARTESIAN_POINT('',(0.,0.));
#15511 = VECTOR('',#15512,1.);
#15512 = DIRECTION('',(0.,-1.));
#15513 = ( GEOMETRIC_REPRESENTATION_CONTEXT(2) 
PARAMETRIC_REPRESENTATION_CONTEXT() REPRESENTATION_CONTEXT('2D SPACE',''
  ) );
#15514 = ADVANCED_FACE('',(#15515),#14318,.F.);
#15515 = FACE_BOUND('',#15516,.F.);
#15516 = EDGE_LOOP('',(#15517,#15538,#15539,#15540));
#15517 = ORIENTED_EDGE('',*,*,#15518,.T.);
#15518 = EDGE_CURVE('',#15519,#15472,#15521,.T.);
#15519 = VERTEX_POINT('',#15520);
#15520 = CARTESIAN_POINT('',(-1.18376712542,-2.134944805557,12.3204));
#15521 = SURFACE_CURVE('',#15522,(#15526,#15532),.PCURVE_S1.);
#15522 = LINE('',#15523,#15524);
#15523 = CARTESIAN_POINT('',(-0.895367195299,-2.263672751201,12.3204));
#15524 = VECTOR('',#15525,1.);
#15525 = DIRECTION('',(0.913163837789,-0.407592695414,0.));
#15526 = PCURVE('',#14318,#15527);
#15527 = DEFINITIONAL_REPRESENTATION('',(#15528),#15531);
#15528 = B_SPLINE_CURVE_WITH_KNOTS('',1,(#15529,#15530),.UNSPECIFIED.,
  .F.,.F.,(2,2),(-0.315824957348,0.105039533908),
  .PIECEWISE_BEZIER_KNOTS.);
#15529 = CARTESIAN_POINT('',(0.420864491256,-5.E-02));
#15530 = CARTESIAN_POINT('',(0.,-5.E-02));
#15531 = ( GEOMETRIC_REPRESENTATION_CONTEXT(2) 
PARAMETRIC_REPRESENTATION_CONTEXT() REPRESENTATION_CONTEXT('2D SPACE',''
  ) );
#15532 = PCURVE('',#15132,#15533);
#15533 = DEFINITIONAL_REPRESENTATION('',(#15534),#15537);
#15534 = B_SPLINE_CURVE_WITH_KNOTS('',1,(#15535,#15536),.UNSPECIFIED.,
  .F.,.F.,(2,2),(-0.315824957348,0.105039533908),
  .PIECEWISE_BEZIER_KNOTS.);
#15535 = CARTESIAN_POINT('',(-1.18376712542,-2.134944805557));
#15536 = CARTESIAN_POINT('',(-0.799448891396,-2.306486097952));
#15537 = ( GEOMETRIC_REPRESENTATION_CONTEXT(2) 
PARAMETRIC_REPRESENTATION_CONTEXT() REPRESENTATION_CONTEXT('2D SPACE',''
  ) );
#15538 = ORIENTED_EDGE('',*,*,#15494,.T.);
#15539 = ORIENTED_EDGE('',*,*,#14302,.T.);
#15540 = ORIENTED_EDGE('',*,*,#15541,.F.);
#15541 = EDGE_CURVE('',#15519,#14303,#15542,.T.);
#15542 = SURFACE_CURVE('',#15543,(#15547,#15554),.PCURVE_S1.);
#15543 = LINE('',#15544,#15545);
#15544 = CARTESIAN_POINT('',(-1.18376712542,-2.134944805557,12.2704));
#15545 = VECTOR('',#15546,1.);
#15546 = DIRECTION('',(0.,0.,1.));
#15547 = PCURVE('',#14318,#15548);
#15548 = DEFINITIONAL_REPRESENTATION('',(#15549),#15553);
#15549 = LINE('',#15550,#15551);
#15550 = CARTESIAN_POINT('',(0.420864491256,0.));
#15551 = VECTOR('',#15552,1.);
#15552 = DIRECTION('',(0.,-1.));
#15553 = ( GEOMETRIC_REPRESENTATION_CONTEXT(2) 
PARAMETRIC_REPRESENTATION_CONTEXT() REPRESENTATION_CONTEXT('2D SPACE',''
  ) );
#15554 = PCURVE('',#14346,#15555);
#15555 = DEFINITIONAL_REPRESENTATION('',(#15556),#15560);
#15556 = LINE('',#15557,#15558);
#15557 = CARTESIAN_POINT('',(0.,0.));
#15558 = VECTOR('',#15559,1.);
#15559 = DIRECTION('',(0.,-1.));
#15560 = ( GEOMETRIC_REPRESENTATION_CONTEXT(2) 
PARAMETRIC_REPRESENTATION_CONTEXT() REPRESENTATION_CONTEXT('2D SPACE',''
  ) );
#15561 = ADVANCED_FACE('',(#15562),#14346,.F.);
#15562 = FACE_BOUND('',#15563,.F.);
#15563 = EDGE_LOOP('',(#15564,#15585,#15586,#15587));
#15564 = ORIENTED_EDGE('',*,*,#15565,.T.);
#15565 = EDGE_CURVE('',#15566,#15519,#15568,.T.);
#15566 = VERTEX_POINT('',#15567);
#15567 = CARTESIAN_POINT('',(-1.532824589929,-1.899930068847,12.3204));
#15568 = SURFACE_CURVE('',#15569,(#15573,#15579),.PCURVE_S1.);
#15569 = LINE('',#15570,#15571);
#15570 = CARTESIAN_POINT('',(-1.271035650911,-2.076188320947,12.3204));
#15571 = VECTOR('',#15572,1.);
#15572 = DIRECTION('',(0.829508246806,-0.558494465936,0.));
#15573 = PCURVE('',#14346,#15574);
#15574 = DEFINITIONAL_REPRESENTATION('',(#15575),#15578);
#15575 = B_SPLINE_CURVE_WITH_KNOTS('',1,(#15576,#15577),.UNSPECIFIED.,
  .F.,.F.,(2,2),(-0.315595342211,0.105205133074),
  .PIECEWISE_BEZIER_KNOTS.);
#15576 = CARTESIAN_POINT('',(0.420800475285,-5.E-02));
#15577 = CARTESIAN_POINT('',(0.,-5.E-02));
#15578 = ( GEOMETRIC_REPRESENTATION_CONTEXT(2) 
PARAMETRIC_REPRESENTATION_CONTEXT() REPRESENTATION_CONTEXT('2D SPACE',''
  ) );
#15579 = PCURVE('',#15132,#15580);
#15580 = DEFINITIONAL_REPRESENTATION('',(#15581),#15584);
#15581 = B_SPLINE_CURVE_WITH_KNOTS('',1,(#15582,#15583),.UNSPECIFIED.,
  .F.,.F.,(2,2),(-0.315595342211,0.105205133074),
  .PIECEWISE_BEZIER_KNOTS.);
#15582 = CARTESIAN_POINT('',(-1.532824589929,-1.899930068847));
#15583 = CARTESIAN_POINT('',(-1.18376712542,-2.134944805557));
#15584 = ( GEOMETRIC_REPRESENTATION_CONTEXT(2) 
PARAMETRIC_REPRESENTATION_CONTEXT() REPRESENTATION_CONTEXT('2D SPACE',''
  ) );
#15585 = ORIENTED_EDGE('',*,*,#15541,.T.);
#15586 = ORIENTED_EDGE('',*,*,#14330,.T.);
#15587 = ORIENTED_EDGE('',*,*,#15588,.F.);
#15588 = EDGE_CURVE('',#15566,#14331,#15589,.T.);
#15589 = SURFACE_CURVE('',#15590,(#15594,#15601),.PCURVE_S1.);
#15590 = LINE('',#15591,#15592);
#15591 = CARTESIAN_POINT('',(-1.532824589929,-1.899930068847,12.2704));
#15592 = VECTOR('',#15593,1.);
#15593 = DIRECTION('',(0.,0.,1.));
#15594 = PCURVE('',#14346,#15595);
#15595 = DEFINITIONAL_REPRESENTATION('',(#15596),#15600);
#15596 = LINE('',#15597,#15598);
#15597 = CARTESIAN_POINT('',(0.420800475285,0.));
#15598 = VECTOR('',#15599,1.);
#15599 = DIRECTION('',(0.,-1.));
#15600 = ( GEOMETRIC_REPRESENTATION_CONTEXT(2) 
PARAMETRIC_REPRESENTATION_CONTEXT() REPRESENTATION_CONTEXT('2D SPACE',''
  ) );
#15601 = PCURVE('',#14374,#15602);
#15602 = DEFINITIONAL_REPRESENTATION('',(#15603),#15607);
#15603 = LINE('',#15604,#15605);
#15604 = CARTESIAN_POINT('',(0.,0.));
#15605 = VECTOR('',#15606,1.);
#15606 = DIRECTION('',(0.,-1.));
#15607 = ( GEOMETRIC_REPRESENTATION_CONTEXT(2) 
PARAMETRIC_REPRESENTATION_CONTEXT() REPRESENTATION_CONTEXT('2D SPACE',''
  ) );
#15608 = ADVANCED_FACE('',(#15609),#14374,.F.);
#15609 = FACE_BOUND('',#15610,.F.);
#15610 = EDGE_LOOP('',(#15611,#15632,#15633,#15634));
#15611 = ORIENTED_EDGE('',*,*,#15612,.T.);
#15612 = EDGE_CURVE('',#15613,#15566,#15615,.T.);
#15613 = VERTEX_POINT('',#15614);
#15614 = CARTESIAN_POINT('',(-1.836332569915,-1.608421310686,12.3204));
#15615 = SURFACE_CURVE('',#15616,(#15620,#15626),.PCURVE_S1.);
#15616 = LINE('',#15617,#15618);
#15617 = CARTESIAN_POINT('',(-1.608765454706,-1.826991534625,12.3204));
#15618 = VECTOR('',#15619,1.);
#15619 = DIRECTION('',(0.721219796116,-0.692706291072,0.));
#15620 = PCURVE('',#14374,#15621);
#15621 = DEFINITIONAL_REPRESENTATION('',(#15622),#15625);
#15622 = B_SPLINE_CURVE_WITH_KNOTS('',1,(#15623,#15624),.UNSPECIFIED.,
  .F.,.F.,(2,2),(-0.315530877598,0.105295036528),
  .PIECEWISE_BEZIER_KNOTS.);
#15623 = CARTESIAN_POINT('',(0.420825914126,-5.E-02));
#15624 = CARTESIAN_POINT('',(0.,-5.E-02));
#15625 = ( GEOMETRIC_REPRESENTATION_CONTEXT(2) 
PARAMETRIC_REPRESENTATION_CONTEXT() REPRESENTATION_CONTEXT('2D SPACE',''
  ) );
#15626 = PCURVE('',#15132,#15627);
#15627 = DEFINITIONAL_REPRESENTATION('',(#15628),#15631);
#15628 = B_SPLINE_CURVE_WITH_KNOTS('',1,(#15629,#15630),.UNSPECIFIED.,
  .F.,.F.,(2,2),(-0.315530877598,0.105295036528),
  .PIECEWISE_BEZIER_KNOTS.);
#15629 = CARTESIAN_POINT('',(-1.836332569915,-1.608421310686));
#15630 = CARTESIAN_POINT('',(-1.532824589929,-1.899930068847));
#15631 = ( GEOMETRIC_REPRESENTATION_CONTEXT(2) 
PARAMETRIC_REPRESENTATION_CONTEXT() REPRESENTATION_CONTEXT('2D SPACE',''
  ) );
#15632 = ORIENTED_EDGE('',*,*,#15588,.T.);
#15633 = ORIENTED_EDGE('',*,*,#14358,.T.);
#15634 = ORIENTED_EDGE('',*,*,#15635,.F.);
#15635 = EDGE_CURVE('',#15613,#14359,#15636,.T.);
#15636 = SURFACE_CURVE('',#15637,(#15641,#15648),.PCURVE_S1.);
#15637 = LINE('',#15638,#15639);
#15638 = CARTESIAN_POINT('',(-1.836332569915,-1.608421310686,12.2704));
#15639 = VECTOR('',#15640,1.);
#15640 = DIRECTION('',(0.,0.,1.));
#15641 = PCURVE('',#14374,#15642);
#15642 = DEFINITIONAL_REPRESENTATION('',(#15643),#15647);
#15643 = LINE('',#15644,#15645);
#15644 = CARTESIAN_POINT('',(0.420825914126,0.));
#15645 = VECTOR('',#15646,1.);
#15646 = DIRECTION('',(0.,-1.));
#15647 = ( GEOMETRIC_REPRESENTATION_CONTEXT(2) 
PARAMETRIC_REPRESENTATION_CONTEXT() REPRESENTATION_CONTEXT('2D SPACE',''
  ) );
#15648 = PCURVE('',#14402,#15649);
#15649 = DEFINITIONAL_REPRESENTATION('',(#15650),#15654);
#15650 = LINE('',#15651,#15652);
#15651 = CARTESIAN_POINT('',(0.,0.));
#15652 = VECTOR('',#15653,1.);
#15653 = DIRECTION('',(0.,-1.));
#15654 = ( GEOMETRIC_REPRESENTATION_CONTEXT(2) 
PARAMETRIC_REPRESENTATION_CONTEXT() REPRESENTATION_CONTEXT('2D SPACE',''
  ) );
#15655 = ADVANCED_FACE('',(#15656),#14402,.F.);
#15656 = FACE_BOUND('',#15657,.F.);
#15657 = EDGE_LOOP('',(#15658,#15679,#15680,#15681));
#15658 = ORIENTED_EDGE('',*,*,#15659,.T.);
#15659 = EDGE_CURVE('',#15660,#15613,#15662,.T.);
#15660 = VERTEX_POINT('',#15661);
#15661 = CARTESIAN_POINT('',(-2.085225555453,-1.269116607285,12.3204));
#15662 = SURFACE_CURVE('',#15663,(#15667,#15673),.PCURVE_S1.);
#15663 = LINE('',#15664,#15665);
#15664 = CARTESIAN_POINT('',(-1.898666097816,-1.523444792964,12.3204));
#15665 = VECTOR('',#15666,1.);
#15666 = DIRECTION('',(0.591471116528,-0.806326186052,0.));
#15667 = PCURVE('',#14402,#15668);
#15668 = DEFINITIONAL_REPRESENTATION('',(#15669),#15672);
#15669 = B_SPLINE_CURVE_WITH_KNOTS('',1,(#15670,#15671),.UNSPECIFIED.,
  .F.,.F.,(2,2),(-0.315416006672,0.105387272783),
  .PIECEWISE_BEZIER_KNOTS.);
#15670 = CARTESIAN_POINT('',(0.420803279455,-5.E-02));
#15671 = CARTESIAN_POINT('',(0.,-5.E-02));
#15672 = ( GEOMETRIC_REPRESENTATION_CONTEXT(2) 
PARAMETRIC_REPRESENTATION_CONTEXT() REPRESENTATION_CONTEXT('2D SPACE',''
  ) );
#15673 = PCURVE('',#15132,#15674);
#15674 = DEFINITIONAL_REPRESENTATION('',(#15675),#15678);
#15675 = B_SPLINE_CURVE_WITH_KNOTS('',1,(#15676,#15677),.UNSPECIFIED.,
  .F.,.F.,(2,2),(-0.315416006672,0.105387272783),
  .PIECEWISE_BEZIER_KNOTS.);
#15676 = CARTESIAN_POINT('',(-2.085225555453,-1.269116607285));
#15677 = CARTESIAN_POINT('',(-1.836332569915,-1.608421310686));
#15678 = ( GEOMETRIC_REPRESENTATION_CONTEXT(2) 
PARAMETRIC_REPRESENTATION_CONTEXT() REPRESENTATION_CONTEXT('2D SPACE',''
  ) );
#15679 = ORIENTED_EDGE('',*,*,#15635,.T.);
#15680 = ORIENTED_EDGE('',*,*,#14386,.T.);
#15681 = ORIENTED_EDGE('',*,*,#15682,.F.);
#15682 = EDGE_CURVE('',#15660,#14387,#15683,.T.);
#15683 = SURFACE_CURVE('',#15684,(#15688,#15695),.PCURVE_S1.);
#15684 = LINE('',#15685,#15686);
#15685 = CARTESIAN_POINT('',(-2.085225555453,-1.269116607285,12.2704));
#15686 = VECTOR('',#15687,1.);
#15687 = DIRECTION('',(0.,0.,1.));
#15688 = PCURVE('',#14402,#15689);
#15689 = DEFINITIONAL_REPRESENTATION('',(#15690),#15694);
#15690 = LINE('',#15691,#15692);
#15691 = CARTESIAN_POINT('',(0.420803279455,0.));
#15692 = VECTOR('',#15693,1.);
#15693 = DIRECTION('',(0.,-1.));
#15694 = ( GEOMETRIC_REPRESENTATION_CONTEXT(2) 
PARAMETRIC_REPRESENTATION_CONTEXT() REPRESENTATION_CONTEXT('2D SPACE',''
  ) );
#15695 = PCURVE('',#14430,#15696);
#15696 = DEFINITIONAL_REPRESENTATION('',(#15697),#15701);
#15697 = LINE('',#15698,#15699);
#15698 = CARTESIAN_POINT('',(0.,0.));
#15699 = VECTOR('',#15700,1.);
#15700 = DIRECTION('',(0.,-1.));
#15701 = ( GEOMETRIC_REPRESENTATION_CONTEXT(2) 
PARAMETRIC_REPRESENTATION_CONTEXT() REPRESENTATION_CONTEXT('2D SPACE',''
  ) );
#15702 = ADVANCED_FACE('',(#15703),#14430,.F.);
#15703 = FACE_BOUND('',#15704,.F.);
#15704 = EDGE_LOOP('',(#15705,#15726,#15727,#15728));
#15705 = ORIENTED_EDGE('',*,*,#15706,.T.);
#15706 = EDGE_CURVE('',#15707,#15660,#15709,.T.);
#15707 = VERTEX_POINT('',#15708);
#15708 = CARTESIAN_POINT('',(-2.272267459479,-0.892082688203,12.3204));
#15709 = SURFACE_CURVE('',#15710,(#15714,#15720),.PCURVE_S1.);
#15710 = LINE('',#15711,#15712);
#15711 = CARTESIAN_POINT('',(-2.131936311617,-1.174958351404,12.3204));
#15712 = VECTOR('',#15713,1.);
#15713 = DIRECTION('',(0.444407637508,-0.89582467689,0.));
#15714 = PCURVE('',#14430,#15715);
#15715 = DEFINITIONAL_REPRESENTATION('',(#15716),#15719);
#15716 = B_SPLINE_CURVE_WITH_KNOTS('',1,(#15717,#15718),.UNSPECIFIED.,
  .F.,.F.,(2,2),(-0.315771233477,0.105107905944),
  .PIECEWISE_BEZIER_KNOTS.);
#15717 = CARTESIAN_POINT('',(0.420879139421,-5.E-02));
#15718 = CARTESIAN_POINT('',(0.,-5.E-02));
#15719 = ( GEOMETRIC_REPRESENTATION_CONTEXT(2) 
PARAMETRIC_REPRESENTATION_CONTEXT() REPRESENTATION_CONTEXT('2D SPACE',''
  ) );
#15720 = PCURVE('',#15132,#15721);
#15721 = DEFINITIONAL_REPRESENTATION('',(#15722),#15725);
#15722 = B_SPLINE_CURVE_WITH_KNOTS('',1,(#15723,#15724),.UNSPECIFIED.,
  .F.,.F.,(2,2),(-0.315771233477,0.105107905944),
  .PIECEWISE_BEZIER_KNOTS.);
#15723 = CARTESIAN_POINT('',(-2.272267459479,-0.892082688203));
#15724 = CARTESIAN_POINT('',(-2.085225555453,-1.269116607285));
#15725 = ( GEOMETRIC_REPRESENTATION_CONTEXT(2) 
PARAMETRIC_REPRESENTATION_CONTEXT() REPRESENTATION_CONTEXT('2D SPACE',''
  ) );
#15726 = ORIENTED_EDGE('',*,*,#15682,.T.);
#15727 = ORIENTED_EDGE('',*,*,#14414,.T.);
#15728 = ORIENTED_EDGE('',*,*,#15729,.F.);
#15729 = EDGE_CURVE('',#15707,#14415,#15730,.T.);
#15730 = SURFACE_CURVE('',#15731,(#15735,#15742),.PCURVE_S1.);
#15731 = LINE('',#15732,#15733);
#15732 = CARTESIAN_POINT('',(-2.272267459479,-0.892082688203,12.2704));
#15733 = VECTOR('',#15734,1.);
#15734 = DIRECTION('',(0.,0.,1.));
#15735 = PCURVE('',#14430,#15736);
#15736 = DEFINITIONAL_REPRESENTATION('',(#15737),#15741);
#15737 = LINE('',#15738,#15739);
#15738 = CARTESIAN_POINT('',(0.420879139421,0.));
#15739 = VECTOR('',#15740,1.);
#15740 = DIRECTION('',(0.,-1.));
#15741 = ( GEOMETRIC_REPRESENTATION_CONTEXT(2) 
PARAMETRIC_REPRESENTATION_CONTEXT() REPRESENTATION_CONTEXT('2D SPACE',''
  ) );
#15742 = PCURVE('',#14458,#15743);
#15743 = DEFINITIONAL_REPRESENTATION('',(#15744),#15748);
#15744 = LINE('',#15745,#15746);
#15745 = CARTESIAN_POINT('',(0.,0.));
#15746 = VECTOR('',#15747,1.);
#15747 = DIRECTION('',(0.,-1.));
#15748 = ( GEOMETRIC_REPRESENTATION_CONTEXT(2) 
PARAMETRIC_REPRESENTATION_CONTEXT() REPRESENTATION_CONTEXT('2D SPACE',''
  ) );
#15749 = ADVANCED_FACE('',(#15750),#14458,.F.);
#15750 = FACE_BOUND('',#15751,.F.);
#15751 = EDGE_LOOP('',(#15752,#15773,#15774,#15775));
#15752 = ORIENTED_EDGE('',*,*,#15753,.T.);
#15753 = EDGE_CURVE('',#15754,#15707,#15756,.T.);
#15754 = VERTEX_POINT('',#15755);
#15755 = CARTESIAN_POINT('',(-2.391728412714,-0.488595128727,12.3204));
#15756 = SURFACE_CURVE('',#15757,(#15761,#15767),.PCURVE_S1.);
#15757 = LINE('',#15758,#15759);
#15758 = CARTESIAN_POINT('',(-2.302119361804,-0.791255841534,12.3204));
#15759 = VECTOR('',#15760,1.);
#15760 = DIRECTION('',(0.283889705199,-0.958856942032,0.));
#15761 = PCURVE('',#14458,#15762);
#15762 = DEFINITIONAL_REPRESENTATION('',(#15763),#15766);
#15763 = B_SPLINE_CURVE_WITH_KNOTS('',1,(#15764,#15765),.UNSPECIFIED.,
  .F.,.F.,(2,2),(-0.315647412601,0.105153169623),
  .PIECEWISE_BEZIER_KNOTS.);
#15764 = CARTESIAN_POINT('',(0.420800582224,-5.E-02));
#15765 = CARTESIAN_POINT('',(0.,-5.E-02));
#15766 = ( GEOMETRIC_REPRESENTATION_CONTEXT(2) 
PARAMETRIC_REPRESENTATION_CONTEXT() REPRESENTATION_CONTEXT('2D SPACE',''
  ) );
#15767 = PCURVE('',#15132,#15768);
#15768 = DEFINITIONAL_REPRESENTATION('',(#15769),#15772);
#15769 = B_SPLINE_CURVE_WITH_KNOTS('',1,(#15770,#15771),.UNSPECIFIED.,
  .F.,.F.,(2,2),(-0.315647412601,0.105153169623),
  .PIECEWISE_BEZIER_KNOTS.);
#15770 = CARTESIAN_POINT('',(-2.391728412714,-0.488595128727));
#15771 = CARTESIAN_POINT('',(-2.272267459479,-0.892082688203));
#15772 = ( GEOMETRIC_REPRESENTATION_CONTEXT(2) 
PARAMETRIC_REPRESENTATION_CONTEXT() REPRESENTATION_CONTEXT('2D SPACE',''
  ) );
#15773 = ORIENTED_EDGE('',*,*,#15729,.T.);
#15774 = ORIENTED_EDGE('',*,*,#14442,.T.);
#15775 = ORIENTED_EDGE('',*,*,#15776,.F.);
#15776 = EDGE_CURVE('',#15754,#14443,#15777,.T.);
#15777 = SURFACE_CURVE('',#15778,(#15782,#15789),.PCURVE_S1.);
#15778 = LINE('',#15779,#15780);
#15779 = CARTESIAN_POINT('',(-2.391728412714,-0.488595128727,12.2704));
#15780 = VECTOR('',#15781,1.);
#15781 = DIRECTION('',(0.,0.,1.));
#15782 = PCURVE('',#14458,#15783);
#15783 = DEFINITIONAL_REPRESENTATION('',(#15784),#15788);
#15784 = LINE('',#15785,#15786);
#15785 = CARTESIAN_POINT('',(0.420800582224,0.));
#15786 = VECTOR('',#15787,1.);
#15787 = DIRECTION('',(0.,-1.));
#15788 = ( GEOMETRIC_REPRESENTATION_CONTEXT(2) 
PARAMETRIC_REPRESENTATION_CONTEXT() REPRESENTATION_CONTEXT('2D SPACE',''
  ) );
#15789 = PCURVE('',#14486,#15790);
#15790 = DEFINITIONAL_REPRESENTATION('',(#15791),#15795);
#15791 = LINE('',#15792,#15793);
#15792 = CARTESIAN_POINT('',(0.,0.));
#15793 = VECTOR('',#15794,1.);
#15794 = DIRECTION('',(0.,-1.));
#15795 = ( GEOMETRIC_REPRESENTATION_CONTEXT(2) 
PARAMETRIC_REPRESENTATION_CONTEXT() REPRESENTATION_CONTEXT('2D SPACE',''
  ) );
#15796 = ADVANCED_FACE('',(#15797),#14486,.F.);
#15797 = FACE_BOUND('',#15798,.F.);
#15798 = EDGE_LOOP('',(#15799,#15820,#15821,#15822));
#15799 = ORIENTED_EDGE('',*,*,#15800,.T.);
#15800 = EDGE_CURVE('',#15801,#15754,#15803,.T.);
#15801 = VERTEX_POINT('',#15802);
#15802 = CARTESIAN_POINT('',(-2.440114186524,-7.060174732862E-02,12.3204
    ));
#15803 = SURFACE_CURVE('',#15804,(#15808,#15814),.PCURVE_S1.);
#15804 = LINE('',#15805,#15806);
#15805 = CARTESIAN_POINT('',(-2.403821313854,-0.384127384586,12.3204));
#15806 = VECTOR('',#15807,1.);
#15807 = DIRECTION('',(0.114989421793,-0.993366716211,0.));
#15808 = PCURVE('',#14486,#15809);
#15809 = DEFINITIONAL_REPRESENTATION('',(#15810),#15813);
#15810 = B_SPLINE_CURVE_WITH_KNOTS('',1,(#15811,#15812),.UNSPECIFIED.,
  .F.,.F.,(2,2),(-0.315619229173,0.105165335658),
  .PIECEWISE_BEZIER_KNOTS.);
#15811 = CARTESIAN_POINT('',(0.420784564831,-5.E-02));
#15812 = CARTESIAN_POINT('',(0.,-5.E-02));
#15813 = ( GEOMETRIC_REPRESENTATION_CONTEXT(2) 
PARAMETRIC_REPRESENTATION_CONTEXT() REPRESENTATION_CONTEXT('2D SPACE',''
  ) );
#15814 = PCURVE('',#15132,#15815);
#15815 = DEFINITIONAL_REPRESENTATION('',(#15816),#15819);
#15816 = B_SPLINE_CURVE_WITH_KNOTS('',1,(#15817,#15818),.UNSPECIFIED.,
  .F.,.F.,(2,2),(-0.315619229173,0.105165335658),
  .PIECEWISE_BEZIER_KNOTS.);
#15817 = CARTESIAN_POINT('',(-2.440114186524,-7.060174732862E-02));
#15818 = CARTESIAN_POINT('',(-2.391728412714,-0.488595128727));
#15819 = ( GEOMETRIC_REPRESENTATION_CONTEXT(2) 
PARAMETRIC_REPRESENTATION_CONTEXT() REPRESENTATION_CONTEXT('2D SPACE',''
  ) );
#15820 = ORIENTED_EDGE('',*,*,#15776,.T.);
#15821 = ORIENTED_EDGE('',*,*,#14470,.T.);
#15822 = ORIENTED_EDGE('',*,*,#15823,.F.);
#15823 = EDGE_CURVE('',#15801,#14471,#15824,.T.);
#15824 = SURFACE_CURVE('',#15825,(#15829,#15836),.PCURVE_S1.);
#15825 = LINE('',#15826,#15827);
#15826 = CARTESIAN_POINT('',(-2.440114186524,-7.060174732862E-02,12.2704
    ));
#15827 = VECTOR('',#15828,1.);
#15828 = DIRECTION('',(0.,0.,1.));
#15829 = PCURVE('',#14486,#15830);
#15830 = DEFINITIONAL_REPRESENTATION('',(#15831),#15835);
#15831 = LINE('',#15832,#15833);
#15832 = CARTESIAN_POINT('',(0.420784564831,0.));
#15833 = VECTOR('',#15834,1.);
#15834 = DIRECTION('',(0.,-1.));
#15835 = ( GEOMETRIC_REPRESENTATION_CONTEXT(2) 
PARAMETRIC_REPRESENTATION_CONTEXT() REPRESENTATION_CONTEXT('2D SPACE',''
  ) );
#15836 = PCURVE('',#14514,#15837);
#15837 = DEFINITIONAL_REPRESENTATION('',(#15838),#15842);
#15838 = LINE('',#15839,#15840);
#15839 = CARTESIAN_POINT('',(0.,0.));
#15840 = VECTOR('',#15841,1.);
#15841 = DIRECTION('',(0.,-1.));
#15842 = ( GEOMETRIC_REPRESENTATION_CONTEXT(2) 
PARAMETRIC_REPRESENTATION_CONTEXT() REPRESENTATION_CONTEXT('2D SPACE',''
  ) );
#15843 = ADVANCED_FACE('',(#15844),#14514,.F.);
#15844 = FACE_BOUND('',#15845,.F.);
#15845 = EDGE_LOOP('',(#15846,#15867,#15868,#15869));
#15846 = ORIENTED_EDGE('',*,*,#15847,.T.);
#15847 = EDGE_CURVE('',#15848,#15801,#15850,.T.);
#15848 = VERTEX_POINT('',#15849);
#15849 = CARTESIAN_POINT('',(-2.41601619292,0.349537201954,12.3204));
#15850 = SURFACE_CURVE('',#15851,(#15855,#15861),.PCURVE_S1.);
#15851 = LINE('',#15852,#15853);
#15852 = CARTESIAN_POINT('',(-2.434095425256,3.433296535333E-02,12.3204)
  );
#15853 = VECTOR('',#15854,1.);
#15854 = DIRECTION('',(-5.726308358471E-02,-0.998359123391,0.));
#15855 = PCURVE('',#14514,#15856);
#15856 = DEFINITIONAL_REPRESENTATION('',(#15857),#15860);
#15857 = B_SPLINE_CURVE_WITH_KNOTS('',1,(#15858,#15859),.UNSPECIFIED.,
  .F.,.F.,(2,2),(-0.315722297934,0.105107180596),
  .PIECEWISE_BEZIER_KNOTS.);
#15858 = CARTESIAN_POINT('',(0.42082947853,-5.E-02));
#15859 = CARTESIAN_POINT('',(0.,-5.E-02));
#15860 = ( GEOMETRIC_REPRESENTATION_CONTEXT(2) 
PARAMETRIC_REPRESENTATION_CONTEXT() REPRESENTATION_CONTEXT('2D SPACE',''
  ) );
#15861 = PCURVE('',#15132,#15862);
#15862 = DEFINITIONAL_REPRESENTATION('',(#15863),#15866);
#15863 = B_SPLINE_CURVE_WITH_KNOTS('',1,(#15864,#15865),.UNSPECIFIED.,
  .F.,.F.,(2,2),(-0.315722297934,0.105107180596),
  .PIECEWISE_BEZIER_KNOTS.);
#15864 = CARTESIAN_POINT('',(-2.41601619292,0.349537201954));
#15865 = CARTESIAN_POINT('',(-2.440114186524,-7.060174732862E-02));
#15866 = ( GEOMETRIC_REPRESENTATION_CONTEXT(2) 
PARAMETRIC_REPRESENTATION_CONTEXT() REPRESENTATION_CONTEXT('2D SPACE',''
  ) );
#15867 = ORIENTED_EDGE('',*,*,#15823,.T.);
#15868 = ORIENTED_EDGE('',*,*,#14498,.T.);
#15869 = ORIENTED_EDGE('',*,*,#15870,.F.);
#15870 = EDGE_CURVE('',#15848,#14499,#15871,.T.);
#15871 = SURFACE_CURVE('',#15872,(#15876,#15883),.PCURVE_S1.);
#15872 = LINE('',#15873,#15874);
#15873 = CARTESIAN_POINT('',(-2.41601619292,0.349537201954,12.2704));
#15874 = VECTOR('',#15875,1.);
#15875 = DIRECTION('',(0.,0.,1.));
#15876 = PCURVE('',#14514,#15877);
#15877 = DEFINITIONAL_REPRESENTATION('',(#15878),#15882);
#15878 = LINE('',#15879,#15880);
#15879 = CARTESIAN_POINT('',(0.42082947853,0.));
#15880 = VECTOR('',#15881,1.);
#15881 = DIRECTION('',(0.,-1.));
#15882 = ( GEOMETRIC_REPRESENTATION_CONTEXT(2) 
PARAMETRIC_REPRESENTATION_CONTEXT() REPRESENTATION_CONTEXT('2D SPACE',''
  ) );
#15883 = PCURVE('',#14542,#15884);
#15884 = DEFINITIONAL_REPRESENTATION('',(#15885),#15889);
#15885 = LINE('',#15886,#15887);
#15886 = CARTESIAN_POINT('',(0.,0.));
#15887 = VECTOR('',#15888,1.);
#15888 = DIRECTION('',(0.,-1.));
#15889 = ( GEOMETRIC_REPRESENTATION_CONTEXT(2) 
PARAMETRIC_REPRESENTATION_CONTEXT() REPRESENTATION_CONTEXT('2D SPACE',''
  ) );
#15890 = ADVANCED_FACE('',(#15891),#14542,.F.);
#15891 = FACE_BOUND('',#15892,.F.);
#15892 = EDGE_LOOP('',(#15893,#15914,#15915,#15916));
#15893 = ORIENTED_EDGE('',*,*,#15894,.T.);
#15894 = EDGE_CURVE('',#15895,#15848,#15897,.T.);
#15895 = VERTEX_POINT('',#15896);
#15896 = CARTESIAN_POINT('',(-2.320048087101,0.759358837139,12.3204));
#15897 = SURFACE_CURVE('',#15898,(#15902,#15908),.PCURVE_S1.);
#15898 = LINE('',#15899,#15900);
#15899 = CARTESIAN_POINT('',(-2.39201583389,0.452028194129,12.3204));
#15900 = VECTOR('',#15901,1.);
#15901 = DIRECTION('',(-0.228002502293,-0.973660546057,0.));
#15902 = PCURVE('',#14542,#15903);
#15903 = DEFINITIONAL_REPRESENTATION('',(#15904),#15907);
#15904 = B_SPLINE_CURVE_WITH_KNOTS('',1,(#15905,#15906),.UNSPECIFIED.,
  .F.,.F.,(2,2),(-0.315644548045,0.105263577322),
  .PIECEWISE_BEZIER_KNOTS.);
#15905 = CARTESIAN_POINT('',(0.420908125367,-5.E-02));
#15906 = CARTESIAN_POINT('',(0.,-5.E-02));
#15907 = ( GEOMETRIC_REPRESENTATION_CONTEXT(2) 
PARAMETRIC_REPRESENTATION_CONTEXT() REPRESENTATION_CONTEXT('2D SPACE',''
  ) );
#15908 = PCURVE('',#15132,#15909);
#15909 = DEFINITIONAL_REPRESENTATION('',(#15910),#15913);
#15910 = B_SPLINE_CURVE_WITH_KNOTS('',1,(#15911,#15912),.UNSPECIFIED.,
  .F.,.F.,(2,2),(-0.315644548045,0.105263577322),
  .PIECEWISE_BEZIER_KNOTS.);
#15911 = CARTESIAN_POINT('',(-2.320048087101,0.759358837139));
#15912 = CARTESIAN_POINT('',(-2.41601619292,0.349537201954));
#15913 = ( GEOMETRIC_REPRESENTATION_CONTEXT(2) 
PARAMETRIC_REPRESENTATION_CONTEXT() REPRESENTATION_CONTEXT('2D SPACE',''
  ) );
#15914 = ORIENTED_EDGE('',*,*,#15870,.T.);
#15915 = ORIENTED_EDGE('',*,*,#14526,.T.);
#15916 = ORIENTED_EDGE('',*,*,#15917,.F.);
#15917 = EDGE_CURVE('',#15895,#14527,#15918,.T.);
#15918 = SURFACE_CURVE('',#15919,(#15923,#15930),.PCURVE_S1.);
#15919 = LINE('',#15920,#15921);
#15920 = CARTESIAN_POINT('',(-2.320048087101,0.759358837139,12.2704));
#15921 = VECTOR('',#15922,1.);
#15922 = DIRECTION('',(0.,0.,1.));
#15923 = PCURVE('',#14542,#15924);
#15924 = DEFINITIONAL_REPRESENTATION('',(#15925),#15929);
#15925 = LINE('',#15926,#15927);
#15926 = CARTESIAN_POINT('',(0.420908125367,0.));
#15927 = VECTOR('',#15928,1.);
#15928 = DIRECTION('',(0.,-1.));
#15929 = ( GEOMETRIC_REPRESENTATION_CONTEXT(2) 
PARAMETRIC_REPRESENTATION_CONTEXT() REPRESENTATION_CONTEXT('2D SPACE',''
  ) );
#15930 = PCURVE('',#14570,#15931);
#15931 = DEFINITIONAL_REPRESENTATION('',(#15932),#15936);
#15932 = LINE('',#15933,#15934);
#15933 = CARTESIAN_POINT('',(0.,0.));
#15934 = VECTOR('',#15935,1.);
#15935 = DIRECTION('',(0.,-1.));
#15936 = ( GEOMETRIC_REPRESENTATION_CONTEXT(2) 
PARAMETRIC_REPRESENTATION_CONTEXT() REPRESENTATION_CONTEXT('2D SPACE',''
  ) );
#15937 = ADVANCED_FACE('',(#15938),#14570,.F.);
#15938 = FACE_BOUND('',#15939,.F.);
#15939 = EDGE_LOOP('',(#15940,#15961,#15962,#15963));
#15940 = ORIENTED_EDGE('',*,*,#15941,.T.);
#15941 = EDGE_CURVE('',#15942,#15895,#15944,.T.);
#15942 = VERTEX_POINT('',#15943);
#15943 = CARTESIAN_POINT('',(-2.155192177613,1.146497648299,12.3204));
#15944 = SURFACE_CURVE('',#15945,(#15949,#15955),.PCURVE_S1.);
#15945 = LINE('',#15946,#15947);
#15946 = CARTESIAN_POINT('',(-2.278848357972,0.856110080114,12.3204));
#15947 = VECTOR('',#15948,1.);
#15948 = DIRECTION('',(-0.391788545035,-0.920055289632,0.));
#15949 = PCURVE('',#14570,#15950);
#15950 = DEFINITIONAL_REPRESENTATION('',(#15951),#15954);
#15951 = B_SPLINE_CURVE_WITH_KNOTS('',1,(#15952,#15953),.UNSPECIFIED.,
  .F.,.F.,(2,2),(-0.31561969314,0.105158074809),
  .PIECEWISE_BEZIER_KNOTS.);
#15952 = CARTESIAN_POINT('',(0.420777767949,-5.E-02));
#15953 = CARTESIAN_POINT('',(0.,-5.E-02));
#15954 = ( GEOMETRIC_REPRESENTATION_CONTEXT(2) 
PARAMETRIC_REPRESENTATION_CONTEXT() REPRESENTATION_CONTEXT('2D SPACE',''
  ) );
#15955 = PCURVE('',#15132,#15956);
#15956 = DEFINITIONAL_REPRESENTATION('',(#15957),#15960);
#15957 = B_SPLINE_CURVE_WITH_KNOTS('',1,(#15958,#15959),.UNSPECIFIED.,
  .F.,.F.,(2,2),(-0.31561969314,0.105158074809),
  .PIECEWISE_BEZIER_KNOTS.);
#15958 = CARTESIAN_POINT('',(-2.155192177613,1.146497648299));
#15959 = CARTESIAN_POINT('',(-2.320048087101,0.759358837139));
#15960 = ( GEOMETRIC_REPRESENTATION_CONTEXT(2) 
PARAMETRIC_REPRESENTATION_CONTEXT() REPRESENTATION_CONTEXT('2D SPACE',''
  ) );
#15961 = ORIENTED_EDGE('',*,*,#15917,.T.);
#15962 = ORIENTED_EDGE('',*,*,#14554,.T.);
#15963 = ORIENTED_EDGE('',*,*,#15964,.F.);
#15964 = EDGE_CURVE('',#15942,#14555,#15965,.T.);
#15965 = SURFACE_CURVE('',#15966,(#15970,#15977),.PCURVE_S1.);
#15966 = LINE('',#15967,#15968);
#15967 = CARTESIAN_POINT('',(-2.155192177613,1.146497648299,12.2704));
#15968 = VECTOR('',#15969,1.);
#15969 = DIRECTION('',(0.,0.,1.));
#15970 = PCURVE('',#14570,#15971);
#15971 = DEFINITIONAL_REPRESENTATION('',(#15972),#15976);
#15972 = LINE('',#15973,#15974);
#15973 = CARTESIAN_POINT('',(0.420777767949,0.));
#15974 = VECTOR('',#15975,1.);
#15975 = DIRECTION('',(0.,-1.));
#15976 = ( GEOMETRIC_REPRESENTATION_CONTEXT(2) 
PARAMETRIC_REPRESENTATION_CONTEXT() REPRESENTATION_CONTEXT('2D SPACE',''
  ) );
#15977 = PCURVE('',#14598,#15978);
#15978 = DEFINITIONAL_REPRESENTATION('',(#15979),#15983);
#15979 = LINE('',#15980,#15981);
#15980 = CARTESIAN_POINT('',(0.,0.));
#15981 = VECTOR('',#15982,1.);
#15982 = DIRECTION('',(0.,-1.));
#15983 = ( GEOMETRIC_REPRESENTATION_CONTEXT(2) 
PARAMETRIC_REPRESENTATION_CONTEXT() REPRESENTATION_CONTEXT('2D SPACE',''
  ) );
#15984 = ADVANCED_FACE('',(#15985),#14598,.F.);
#15985 = FACE_BOUND('',#15986,.F.);
#15986 = EDGE_LOOP('',(#15987,#16008,#16009,#16010));
#15987 = ORIENTED_EDGE('',*,*,#15988,.T.);
#15988 = EDGE_CURVE('',#15989,#15942,#15991,.T.);
#15989 = VERTEX_POINT('',#15990);
#15990 = CARTESIAN_POINT('',(-1.92616282381,1.49958812551,12.3204));
#15991 = SURFACE_CURVE('',#15992,(#15996,#16002),.PCURVE_S1.);
#15992 = LINE('',#15993,#15994);
#15993 = CARTESIAN_POINT('',(-2.097791827809,1.234990745659,12.3204));
#15994 = VECTOR('',#15995,1.);
#15995 = DIRECTION('',(-0.544187246707,-0.838963789756,0.));
#15996 = PCURVE('',#14598,#15997);
#15997 = DEFINITIONAL_REPRESENTATION('',(#15998),#16001);
#15998 = B_SPLINE_CURVE_WITH_KNOTS('',1,(#15999,#16000),.UNSPECIFIED.,
  .F.,.F.,(2,2),(-0.315385935701,0.105479042647),
  .PIECEWISE_BEZIER_KNOTS.);
#15999 = CARTESIAN_POINT('',(0.420864978348,-5.E-02));
#16000 = CARTESIAN_POINT('',(0.,-5.E-02));
#16001 = ( GEOMETRIC_REPRESENTATION_CONTEXT(2) 
PARAMETRIC_REPRESENTATION_CONTEXT() REPRESENTATION_CONTEXT('2D SPACE',''
  ) );
#16002 = PCURVE('',#15132,#16003);
#16003 = DEFINITIONAL_REPRESENTATION('',(#16004),#16007);
#16004 = B_SPLINE_CURVE_WITH_KNOTS('',1,(#16005,#16006),.UNSPECIFIED.,
  .F.,.F.,(2,2),(-0.315385935701,0.105479042647),
  .PIECEWISE_BEZIER_KNOTS.);
#16005 = CARTESIAN_POINT('',(-1.92616282381,1.49958812551));
#16006 = CARTESIAN_POINT('',(-2.155192177613,1.146497648299));
#16007 = ( GEOMETRIC_REPRESENTATION_CONTEXT(2) 
PARAMETRIC_REPRESENTATION_CONTEXT() REPRESENTATION_CONTEXT('2D SPACE',''
  ) );
#16008 = ORIENTED_EDGE('',*,*,#15964,.T.);
#16009 = ORIENTED_EDGE('',*,*,#14582,.T.);
#16010 = ORIENTED_EDGE('',*,*,#16011,.F.);
#16011 = EDGE_CURVE('',#15989,#14583,#16012,.T.);
#16012 = SURFACE_CURVE('',#16013,(#16017,#16024),.PCURVE_S1.);
#16013 = LINE('',#16014,#16015);
#16014 = CARTESIAN_POINT('',(-1.92616282381,1.49958812551,12.2704));
#16015 = VECTOR('',#16016,1.);
#16016 = DIRECTION('',(0.,0.,1.));
#16017 = PCURVE('',#14598,#16018);
#16018 = DEFINITIONAL_REPRESENTATION('',(#16019),#16023);
#16019 = LINE('',#16020,#16021);
#16020 = CARTESIAN_POINT('',(0.420864978348,0.));
#16021 = VECTOR('',#16022,1.);
#16022 = DIRECTION('',(0.,-1.));
#16023 = ( GEOMETRIC_REPRESENTATION_CONTEXT(2) 
PARAMETRIC_REPRESENTATION_CONTEXT() REPRESENTATION_CONTEXT('2D SPACE',''
  ) );
#16024 = PCURVE('',#14626,#16025);
#16025 = DEFINITIONAL_REPRESENTATION('',(#16026),#16030);
#16026 = LINE('',#16027,#16028);
#16027 = CARTESIAN_POINT('',(0.,0.));
#16028 = VECTOR('',#16029,1.);
#16029 = DIRECTION('',(0.,-1.));
#16030 = ( GEOMETRIC_REPRESENTATION_CONTEXT(2) 
PARAMETRIC_REPRESENTATION_CONTEXT() REPRESENTATION_CONTEXT('2D SPACE',''
  ) );
#16031 = ADVANCED_FACE('',(#16032),#14626,.F.);
#16032 = FACE_BOUND('',#16033,.F.);
#16033 = EDGE_LOOP('',(#16034,#16055,#16056,#16057));
#16034 = ORIENTED_EDGE('',*,*,#16035,.T.);
#16035 = EDGE_CURVE('',#16036,#15989,#16038,.T.);
#16036 = VERTEX_POINT('',#16037);
#16037 = CARTESIAN_POINT('',(-1.640039448557,1.808168348683,12.3204));
#16038 = SURFACE_CURVE('',#16039,(#16043,#16049),.PCURVE_S1.);
#16039 = LINE('',#16040,#16041);
#16040 = CARTESIAN_POINT('',(-1.85476705334,1.576587506514,12.3204));
#16041 = VECTOR('',#16042,1.);
#16042 = DIRECTION('',(-0.679920845177,-0.73328551349,0.));
#16043 = PCURVE('',#14626,#16044);
#16044 = DEFINITIONAL_REPRESENTATION('',(#16045),#16048);
#16045 = B_SPLINE_CURVE_WITH_KNOTS('',1,(#16046,#16047),.UNSPECIFIED.,
  .F.,.F.,(2,2),(-0.315812651292,0.105006003238),
  .PIECEWISE_BEZIER_KNOTS.);
#16046 = CARTESIAN_POINT('',(0.420818654529,-5.E-02));
#16047 = CARTESIAN_POINT('',(0.,-5.E-02));
#16048 = ( GEOMETRIC_REPRESENTATION_CONTEXT(2) 
PARAMETRIC_REPRESENTATION_CONTEXT() REPRESENTATION_CONTEXT('2D SPACE',''
  ) );
#16049 = PCURVE('',#15132,#16050);
#16050 = DEFINITIONAL_REPRESENTATION('',(#16051),#16054);
#16051 = B_SPLINE_CURVE_WITH_KNOTS('',1,(#16052,#16053),.UNSPECIFIED.,
  .F.,.F.,(2,2),(-0.315812651292,0.105006003238),
  .PIECEWISE_BEZIER_KNOTS.);
#16052 = CARTESIAN_POINT('',(-1.640039448557,1.808168348683));
#16053 = CARTESIAN_POINT('',(-1.92616282381,1.49958812551));
#16054 = ( GEOMETRIC_REPRESENTATION_CONTEXT(2) 
PARAMETRIC_REPRESENTATION_CONTEXT() REPRESENTATION_CONTEXT('2D SPACE',''
  ) );
#16055 = ORIENTED_EDGE('',*,*,#16011,.T.);
#16056 = ORIENTED_EDGE('',*,*,#14610,.T.);
#16057 = ORIENTED_EDGE('',*,*,#16058,.F.);
#16058 = EDGE_CURVE('',#16036,#14611,#16059,.T.);
#16059 = SURFACE_CURVE('',#16060,(#16064,#16071),.PCURVE_S1.);
#16060 = LINE('',#16061,#16062);
#16061 = CARTESIAN_POINT('',(-1.640039448557,1.808168348683,12.2704));
#16062 = VECTOR('',#16063,1.);
#16063 = DIRECTION('',(0.,0.,1.));
#16064 = PCURVE('',#14626,#16065);
#16065 = DEFINITIONAL_REPRESENTATION('',(#16066),#16070);
#16066 = LINE('',#16067,#16068);
#16067 = CARTESIAN_POINT('',(0.420818654529,0.));
#16068 = VECTOR('',#16069,1.);
#16069 = DIRECTION('',(0.,-1.));
#16070 = ( GEOMETRIC_REPRESENTATION_CONTEXT(2) 
PARAMETRIC_REPRESENTATION_CONTEXT() REPRESENTATION_CONTEXT('2D SPACE',''
  ) );
#16071 = PCURVE('',#14654,#16072);
#16072 = DEFINITIONAL_REPRESENTATION('',(#16073),#16077);
#16073 = LINE('',#16074,#16075);
#16074 = CARTESIAN_POINT('',(0.,0.));
#16075 = VECTOR('',#16076,1.);
#16076 = DIRECTION('',(0.,-1.));
#16077 = ( GEOMETRIC_REPRESENTATION_CONTEXT(2) 
PARAMETRIC_REPRESENTATION_CONTEXT() REPRESENTATION_CONTEXT('2D SPACE',''
  ) );
#16078 = ADVANCED_FACE('',(#16079),#14654,.F.);
#16079 = FACE_BOUND('',#16080,.F.);
#16080 = EDGE_LOOP('',(#16081,#16102,#16103,#16104));
#16081 = ORIENTED_EDGE('',*,*,#16082,.T.);
#16082 = EDGE_CURVE('',#16083,#16036,#16085,.T.);
#16083 = VERTEX_POINT('',#16084);
#16084 = CARTESIAN_POINT('',(-1.305087115361,2.062922807892,12.3204));
#16085 = SURFACE_CURVE('',#16086,(#16090,#16096),.PCURVE_S1.);
#16086 = LINE('',#16087,#16088);
#16087 = CARTESIAN_POINT('',(-1.556159851207,1.871964594726,12.3204));
#16088 = VECTOR('',#16089,1.);
#16089 = DIRECTION('',(-0.79594385179,-0.605370452532,0.));
#16090 = PCURVE('',#14654,#16091);
#16091 = DEFINITIONAL_REPRESENTATION('',(#16092),#16095);
#16092 = B_SPLINE_CURVE_WITH_KNOTS('',1,(#16093,#16094),.UNSPECIFIED.,
  .F.,.F.,(2,2),(-0.315440260367,0.105383812138),
  .PIECEWISE_BEZIER_KNOTS.);
#16093 = CARTESIAN_POINT('',(0.420824072505,-5.E-02));
#16094 = CARTESIAN_POINT('',(0.,-5.E-02));
#16095 = ( GEOMETRIC_REPRESENTATION_CONTEXT(2) 
PARAMETRIC_REPRESENTATION_CONTEXT() REPRESENTATION_CONTEXT('2D SPACE',''
  ) );
#16096 = PCURVE('',#15132,#16097);
#16097 = DEFINITIONAL_REPRESENTATION('',(#16098),#16101);
#16098 = B_SPLINE_CURVE_WITH_KNOTS('',1,(#16099,#16100),.UNSPECIFIED.,
  .F.,.F.,(2,2),(-0.315440260367,0.105383812138),
  .PIECEWISE_BEZIER_KNOTS.);
#16099 = CARTESIAN_POINT('',(-1.305087115361,2.062922807892));
#16100 = CARTESIAN_POINT('',(-1.640039448557,1.808168348683));
#16101 = ( GEOMETRIC_REPRESENTATION_CONTEXT(2) 
PARAMETRIC_REPRESENTATION_CONTEXT() REPRESENTATION_CONTEXT('2D SPACE',''
  ) );
#16102 = ORIENTED_EDGE('',*,*,#16058,.T.);
#16103 = ORIENTED_EDGE('',*,*,#14638,.T.);
#16104 = ORIENTED_EDGE('',*,*,#16105,.F.);
#16105 = EDGE_CURVE('',#16083,#14639,#16106,.T.);
#16106 = SURFACE_CURVE('',#16107,(#16111,#16118),.PCURVE_S1.);
#16107 = LINE('',#16108,#16109);
#16108 = CARTESIAN_POINT('',(-1.305087115361,2.062922807892,12.2704));
#16109 = VECTOR('',#16110,1.);
#16110 = DIRECTION('',(0.,0.,1.));
#16111 = PCURVE('',#14654,#16112);
#16112 = DEFINITIONAL_REPRESENTATION('',(#16113),#16117);
#16113 = LINE('',#16114,#16115);
#16114 = CARTESIAN_POINT('',(0.420824072505,0.));
#16115 = VECTOR('',#16116,1.);
#16116 = DIRECTION('',(0.,-1.));
#16117 = ( GEOMETRIC_REPRESENTATION_CONTEXT(2) 
PARAMETRIC_REPRESENTATION_CONTEXT() REPRESENTATION_CONTEXT('2D SPACE',''
  ) );
#16118 = PCURVE('',#14682,#16119);
#16119 = DEFINITIONAL_REPRESENTATION('',(#16120),#16124);
#16120 = LINE('',#16121,#16122);
#16121 = CARTESIAN_POINT('',(0.,0.));
#16122 = VECTOR('',#16123,1.);
#16123 = DIRECTION('',(0.,-1.));
#16124 = ( GEOMETRIC_REPRESENTATION_CONTEXT(2) 
PARAMETRIC_REPRESENTATION_CONTEXT() REPRESENTATION_CONTEXT('2D SPACE',''
  ) );
#16125 = ADVANCED_FACE('',(#16126),#14682,.F.);
#16126 = FACE_BOUND('',#16127,.F.);
#16127 = EDGE_LOOP('',(#16128,#16149,#16150,#16151));
#16128 = ORIENTED_EDGE('',*,*,#16129,.T.);
#16129 = EDGE_CURVE('',#16130,#16083,#16132,.T.);
#16130 = VERTEX_POINT('',#16131);
#16131 = CARTESIAN_POINT('',(-0.931472553783,2.256442210993,12.3204));
#16132 = SURFACE_CURVE('',#16133,(#16137,#16143),.PCURVE_S1.);
#16133 = LINE('',#16134,#16135);
#16134 = CARTESIAN_POINT('',(-1.211825756006,2.111228962016,12.3204));
#16135 = VECTOR('',#16136,1.);
#16136 = DIRECTION('',(-0.887955164933,-0.459930021926,0.));
#16137 = PCURVE('',#14682,#16138);
#16138 = DEFINITIONAL_REPRESENTATION('',(#16139),#16142);
#16139 = B_SPLINE_CURVE_WITH_KNOTS('',1,(#16140,#16141),.UNSPECIFIED.,
  .F.,.F.,(2,2),(-0.315729006705,0.105029356254),
  .PIECEWISE_BEZIER_KNOTS.);
#16140 = CARTESIAN_POINT('',(0.420758362959,-5.E-02));
#16141 = CARTESIAN_POINT('',(0.,-5.E-02));
#16142 = ( GEOMETRIC_REPRESENTATION_CONTEXT(2) 
PARAMETRIC_REPRESENTATION_CONTEXT() REPRESENTATION_CONTEXT('2D SPACE',''
  ) );
#16143 = PCURVE('',#15132,#16144);
#16144 = DEFINITIONAL_REPRESENTATION('',(#16145),#16148);
#16145 = B_SPLINE_CURVE_WITH_KNOTS('',1,(#16146,#16147),.UNSPECIFIED.,
  .F.,.F.,(2,2),(-0.315729006705,0.105029356254),
  .PIECEWISE_BEZIER_KNOTS.);
#16146 = CARTESIAN_POINT('',(-0.931472553783,2.256442210993));
#16147 = CARTESIAN_POINT('',(-1.305087115361,2.062922807892));
#16148 = ( GEOMETRIC_REPRESENTATION_CONTEXT(2) 
PARAMETRIC_REPRESENTATION_CONTEXT() REPRESENTATION_CONTEXT('2D SPACE',''
  ) );
#16149 = ORIENTED_EDGE('',*,*,#16105,.T.);
#16150 = ORIENTED_EDGE('',*,*,#14666,.T.);
#16151 = ORIENTED_EDGE('',*,*,#16152,.F.);
#16152 = EDGE_CURVE('',#16130,#14667,#16153,.T.);
#16153 = SURFACE_CURVE('',#16154,(#16158,#16165),.PCURVE_S1.);
#16154 = LINE('',#16155,#16156);
#16155 = CARTESIAN_POINT('',(-0.931472553783,2.256442210993,12.2704));
#16156 = VECTOR('',#16157,1.);
#16157 = DIRECTION('',(0.,0.,1.));
#16158 = PCURVE('',#14682,#16159);
#16159 = DEFINITIONAL_REPRESENTATION('',(#16160),#16164);
#16160 = LINE('',#16161,#16162);
#16161 = CARTESIAN_POINT('',(0.420758362959,0.));
#16162 = VECTOR('',#16163,1.);
#16163 = DIRECTION('',(0.,-1.));
#16164 = ( GEOMETRIC_REPRESENTATION_CONTEXT(2) 
PARAMETRIC_REPRESENTATION_CONTEXT() REPRESENTATION_CONTEXT('2D SPACE',''
  ) );
#16165 = PCURVE('',#14710,#16166);
#16166 = DEFINITIONAL_REPRESENTATION('',(#16167),#16171);
#16167 = LINE('',#16168,#16169);
#16168 = CARTESIAN_POINT('',(0.,0.));
#16169 = VECTOR('',#16170,1.);
#16170 = DIRECTION('',(0.,-1.));
#16171 = ( GEOMETRIC_REPRESENTATION_CONTEXT(2) 
PARAMETRIC_REPRESENTATION_CONTEXT() REPRESENTATION_CONTEXT('2D SPACE',''
  ) );
#16172 = ADVANCED_FACE('',(#16173),#14710,.F.);
#16173 = FACE_BOUND('',#16174,.F.);
#16174 = EDGE_LOOP('',(#16175,#16196,#16197,#16198));
#16175 = ORIENTED_EDGE('',*,*,#16176,.T.);
#16176 = EDGE_CURVE('',#16177,#16130,#16179,.T.);
#16177 = VERTEX_POINT('',#16178);
#16178 = CARTESIAN_POINT('',(-0.530074928946,2.382883291247,12.3204));
#16179 = SURFACE_CURVE('',#16180,(#16184,#16190),.PCURVE_S1.);
#16180 = LINE('',#16181,#16182);
#16181 = CARTESIAN_POINT('',(-0.831088947477,2.288063254157,12.3204));
#16182 = VECTOR('',#16183,1.);
#16183 = DIRECTION('',(-0.953798081589,-0.300448364211,0.));
#16184 = PCURVE('',#14710,#16185);
#16185 = DEFINITIONAL_REPRESENTATION('',(#16186),#16189);
#16186 = B_SPLINE_CURVE_WITH_KNOTS('',1,(#16187,#16188),.UNSPECIFIED.,
  .F.,.F.,(2,2),(-0.315595118444,0.105246181811),
  .PIECEWISE_BEZIER_KNOTS.);
#16187 = CARTESIAN_POINT('',(0.420841300255,-5.E-02));
#16188 = CARTESIAN_POINT('',(0.,-5.E-02));
#16189 = ( GEOMETRIC_REPRESENTATION_CONTEXT(2) 
PARAMETRIC_REPRESENTATION_CONTEXT() REPRESENTATION_CONTEXT('2D SPACE',''
  ) );
#16190 = PCURVE('',#15132,#16191);
#16191 = DEFINITIONAL_REPRESENTATION('',(#16192),#16195);
#16192 = B_SPLINE_CURVE_WITH_KNOTS('',1,(#16193,#16194),.UNSPECIFIED.,
  .F.,.F.,(2,2),(-0.315595118444,0.105246181811),
  .PIECEWISE_BEZIER_KNOTS.);
#16193 = CARTESIAN_POINT('',(-0.530074928946,2.382883291247));
#16194 = CARTESIAN_POINT('',(-0.931472553783,2.256442210993));
#16195 = ( GEOMETRIC_REPRESENTATION_CONTEXT(2) 
PARAMETRIC_REPRESENTATION_CONTEXT() REPRESENTATION_CONTEXT('2D SPACE',''
  ) );
#16196 = ORIENTED_EDGE('',*,*,#16152,.T.);
#16197 = ORIENTED_EDGE('',*,*,#14694,.T.);
#16198 = ORIENTED_EDGE('',*,*,#16199,.F.);
#16199 = EDGE_CURVE('',#16177,#14695,#16200,.T.);
#16200 = SURFACE_CURVE('',#16201,(#16205,#16212),.PCURVE_S1.);
#16201 = LINE('',#16202,#16203);
#16202 = CARTESIAN_POINT('',(-0.530074928946,2.382883291247,12.2704));
#16203 = VECTOR('',#16204,1.);
#16204 = DIRECTION('',(0.,0.,1.));
#16205 = PCURVE('',#14710,#16206);
#16206 = DEFINITIONAL_REPRESENTATION('',(#16207),#16211);
#16207 = LINE('',#16208,#16209);
#16208 = CARTESIAN_POINT('',(0.420841300255,0.));
#16209 = VECTOR('',#16210,1.);
#16210 = DIRECTION('',(0.,-1.));
#16211 = ( GEOMETRIC_REPRESENTATION_CONTEXT(2) 
PARAMETRIC_REPRESENTATION_CONTEXT() REPRESENTATION_CONTEXT('2D SPACE',''
  ) );
#16212 = PCURVE('',#14738,#16213);
#16213 = DEFINITIONAL_REPRESENTATION('',(#16214),#16218);
#16214 = LINE('',#16215,#16216);
#16215 = CARTESIAN_POINT('',(0.,0.));
#16216 = VECTOR('',#16217,1.);
#16217 = DIRECTION('',(0.,-1.));
#16218 = ( GEOMETRIC_REPRESENTATION_CONTEXT(2) 
PARAMETRIC_REPRESENTATION_CONTEXT() REPRESENTATION_CONTEXT('2D SPACE',''
  ) );
#16219 = ADVANCED_FACE('',(#16220),#14738,.F.);
#16220 = FACE_BOUND('',#16221,.F.);
#16221 = EDGE_LOOP('',(#16222,#16243,#16244,#16245));
#16222 = ORIENTED_EDGE('',*,*,#16223,.T.);
#16223 = EDGE_CURVE('',#16224,#16177,#16226,.T.);
#16224 = VERTEX_POINT('',#16225);
#16225 = CARTESIAN_POINT('',(-0.112855456784,2.438528614939,12.3204));
#16226 = SURFACE_CURVE('',#16227,(#16231,#16237),.PCURVE_S1.);
#16227 = LINE('',#16228,#16229);
#16228 = CARTESIAN_POINT('',(-0.425797113169,2.39679101416,12.3204));
#16229 = VECTOR('',#16230,1.);
#16230 = DIRECTION('',(-0.991222901263,-0.132201210326,0.));
#16231 = PCURVE('',#14738,#16232);
#16232 = DEFINITIONAL_REPRESENTATION('',(#16233),#16236);
#16233 = B_SPLINE_CURVE_WITH_KNOTS('',1,(#16234,#16235),.UNSPECIFIED.,
  .F.,.F.,(2,2),(-0.315712697907,0.105201176894),
  .PIECEWISE_BEZIER_KNOTS.);
#16234 = CARTESIAN_POINT('',(0.420913874801,-5.E-02));
#16235 = CARTESIAN_POINT('',(0.,-5.E-02));
#16236 = ( GEOMETRIC_REPRESENTATION_CONTEXT(2) 
PARAMETRIC_REPRESENTATION_CONTEXT() REPRESENTATION_CONTEXT('2D SPACE',''
  ) );
#16237 = PCURVE('',#15132,#16238);
#16238 = DEFINITIONAL_REPRESENTATION('',(#16239),#16242);
#16239 = B_SPLINE_CURVE_WITH_KNOTS('',1,(#16240,#16241),.UNSPECIFIED.,
  .F.,.F.,(2,2),(-0.315712697907,0.105201176894),
  .PIECEWISE_BEZIER_KNOTS.);
#16240 = CARTESIAN_POINT('',(-0.112855456784,2.438528614939));
#16241 = CARTESIAN_POINT('',(-0.530074928946,2.382883291247));
#16242 = ( GEOMETRIC_REPRESENTATION_CONTEXT(2) 
PARAMETRIC_REPRESENTATION_CONTEXT() REPRESENTATION_CONTEXT('2D SPACE',''
  ) );
#16243 = ORIENTED_EDGE('',*,*,#16199,.T.);
#16244 = ORIENTED_EDGE('',*,*,#14722,.T.);
#16245 = ORIENTED_EDGE('',*,*,#16246,.F.);
#16246 = EDGE_CURVE('',#16224,#14723,#16247,.T.);
#16247 = SURFACE_CURVE('',#16248,(#16252,#16259),.PCURVE_S1.);
#16248 = LINE('',#16249,#16250);
#16249 = CARTESIAN_POINT('',(-0.112855456784,2.438528614939,12.2704));
#16250 = VECTOR('',#16251,1.);
#16251 = DIRECTION('',(0.,0.,1.));
#16252 = PCURVE('',#14738,#16253);
#16253 = DEFINITIONAL_REPRESENTATION('',(#16254),#16258);
#16254 = LINE('',#16255,#16256);
#16255 = CARTESIAN_POINT('',(0.420913874801,0.));
#16256 = VECTOR('',#16257,1.);
#16257 = DIRECTION('',(0.,-1.));
#16258 = ( GEOMETRIC_REPRESENTATION_CONTEXT(2) 
PARAMETRIC_REPRESENTATION_CONTEXT() REPRESENTATION_CONTEXT('2D SPACE',''
  ) );
#16259 = PCURVE('',#14766,#16260);
#16260 = DEFINITIONAL_REPRESENTATION('',(#16261),#16265);
#16261 = LINE('',#16262,#16263);
#16262 = CARTESIAN_POINT('',(0.,0.));
#16263 = VECTOR('',#16264,1.);
#16264 = DIRECTION('',(0.,-1.));
#16265 = ( GEOMETRIC_REPRESENTATION_CONTEXT(2) 
PARAMETRIC_REPRESENTATION_CONTEXT() REPRESENTATION_CONTEXT('2D SPACE',''
  ) );
#16266 = ADVANCED_FACE('',(#16267),#14766,.F.);
#16267 = FACE_BOUND('',#16268,.F.);
#16268 = EDGE_LOOP('',(#16269,#16290,#16291,#16292));
#16269 = ORIENTED_EDGE('',*,*,#16270,.T.);
#16270 = EDGE_CURVE('',#16271,#16224,#16273,.T.);
#16271 = VERTEX_POINT('',#16272);
#16272 = CARTESIAN_POINT('',(0.307625608666,2.421623183919,12.3204));
#16273 = SURFACE_CURVE('',#16274,(#16278,#16284),.PCURVE_S1.);
#16274 = LINE('',#16275,#16276);
#16275 = CARTESIAN_POINT('',(-7.577412185288E-03,2.434295913713,12.3204)
  );
#16276 = VECTOR('',#16277,1.);
#16277 = DIRECTION('',(-0.999192758476,4.017252057659E-02,0.));
#16278 = PCURVE('',#14766,#16279);
#16279 = DEFINITIONAL_REPRESENTATION('',(#16280),#16283);
#16280 = B_SPLINE_CURVE_WITH_KNOTS('',1,(#16281,#16282),.UNSPECIFIED.,
  .F.,.F.,(2,2),(-0.315457671383,0.105363098067),
  .PIECEWISE_BEZIER_KNOTS.);
#16281 = CARTESIAN_POINT('',(0.420820769449,-5.E-02));
#16282 = CARTESIAN_POINT('',(0.,-5.E-02));
#16283 = ( GEOMETRIC_REPRESENTATION_CONTEXT(2) 
PARAMETRIC_REPRESENTATION_CONTEXT() REPRESENTATION_CONTEXT('2D SPACE',''
  ) );
#16284 = PCURVE('',#15132,#16285);
#16285 = DEFINITIONAL_REPRESENTATION('',(#16286),#16289);
#16286 = B_SPLINE_CURVE_WITH_KNOTS('',1,(#16287,#16288),.UNSPECIFIED.,
  .F.,.F.,(2,2),(-0.315457671383,0.105363098067),
  .PIECEWISE_BEZIER_KNOTS.);
#16287 = CARTESIAN_POINT('',(0.307625608666,2.421623183919));
#16288 = CARTESIAN_POINT('',(-0.112855456784,2.438528614939));
#16289 = ( GEOMETRIC_REPRESENTATION_CONTEXT(2) 
PARAMETRIC_REPRESENTATION_CONTEXT() REPRESENTATION_CONTEXT('2D SPACE',''
  ) );
#16290 = ORIENTED_EDGE('',*,*,#16246,.T.);
#16291 = ORIENTED_EDGE('',*,*,#14750,.T.);
#16292 = ORIENTED_EDGE('',*,*,#16293,.F.);
#16293 = EDGE_CURVE('',#16271,#14751,#16294,.T.);
#16294 = SURFACE_CURVE('',#16295,(#16299,#16306),.PCURVE_S1.);
#16295 = LINE('',#16296,#16297);
#16296 = CARTESIAN_POINT('',(0.307625608666,2.421623183919,12.2704));
#16297 = VECTOR('',#16298,1.);
#16298 = DIRECTION('',(0.,0.,1.));
#16299 = PCURVE('',#14766,#16300);
#16300 = DEFINITIONAL_REPRESENTATION('',(#16301),#16305);
#16301 = LINE('',#16302,#16303);
#16302 = CARTESIAN_POINT('',(0.420820769449,0.));
#16303 = VECTOR('',#16304,1.);
#16304 = DIRECTION('',(0.,-1.));
#16305 = ( GEOMETRIC_REPRESENTATION_CONTEXT(2) 
PARAMETRIC_REPRESENTATION_CONTEXT() REPRESENTATION_CONTEXT('2D SPACE',''
  ) );
#16306 = PCURVE('',#14794,#16307);
#16307 = DEFINITIONAL_REPRESENTATION('',(#16308),#16312);
#16308 = LINE('',#16309,#16310);
#16309 = CARTESIAN_POINT('',(0.,0.));
#16310 = VECTOR('',#16311,1.);
#16311 = DIRECTION('',(0.,-1.));
#16312 = ( GEOMETRIC_REPRESENTATION_CONTEXT(2) 
PARAMETRIC_REPRESENTATION_CONTEXT() REPRESENTATION_CONTEXT('2D SPACE',''
  ) );
#16313 = ADVANCED_FACE('',(#16314),#14794,.F.);
#16314 = FACE_BOUND('',#16315,.F.);
#16315 = EDGE_LOOP('',(#16316,#16337,#16338,#16339));
#16316 = ORIENTED_EDGE('',*,*,#16317,.T.);
#16317 = EDGE_CURVE('',#16318,#16271,#16320,.T.);
#16318 = VERTEX_POINT('',#16319);
#16319 = CARTESIAN_POINT('',(0.718955385422,2.332867255926,12.3204));
#16320 = SURFACE_CURVE('',#16321,(#16325,#16331),.PCURVE_S1.);
#16321 = LINE('',#16322,#16323);
#16322 = CARTESIAN_POINT('',(0.410298858969,2.399468552463,12.3204));
#16323 = VECTOR('',#16324,1.);
#16324 = DIRECTION('',(-0.977502555551,0.210923573579,0.));
#16325 = PCURVE('',#14794,#16326);
#16326 = DEFINITIONAL_REPRESENTATION('',(#16327),#16330);
#16327 = B_SPLINE_CURVE_WITH_KNOTS('',1,(#16328,#16329),.UNSPECIFIED.,
  .F.,.F.,(2,2),(-0.315760326866,0.105036298596),
  .PIECEWISE_BEZIER_KNOTS.);
#16328 = CARTESIAN_POINT('',(0.420796625462,-5.E-02));
#16329 = CARTESIAN_POINT('',(0.,-5.E-02));
#16330 = ( GEOMETRIC_REPRESENTATION_CONTEXT(2) 
PARAMETRIC_REPRESENTATION_CONTEXT() REPRESENTATION_CONTEXT('2D SPACE',''
  ) );
#16331 = PCURVE('',#15132,#16332);
#16332 = DEFINITIONAL_REPRESENTATION('',(#16333),#16336);
#16333 = B_SPLINE_CURVE_WITH_KNOTS('',1,(#16334,#16335),.UNSPECIFIED.,
  .F.,.F.,(2,2),(-0.315760326866,0.105036298596),
  .PIECEWISE_BEZIER_KNOTS.);
#16334 = CARTESIAN_POINT('',(0.718955385422,2.332867255926));
#16335 = CARTESIAN_POINT('',(0.307625608666,2.421623183919));
#16336 = ( GEOMETRIC_REPRESENTATION_CONTEXT(2) 
PARAMETRIC_REPRESENTATION_CONTEXT() REPRESENTATION_CONTEXT('2D SPACE',''
  ) );
#16337 = ORIENTED_EDGE('',*,*,#16293,.T.);
#16338 = ORIENTED_EDGE('',*,*,#14778,.T.);
#16339 = ORIENTED_EDGE('',*,*,#16340,.F.);
#16340 = EDGE_CURVE('',#16318,#14779,#16341,.T.);
#16341 = SURFACE_CURVE('',#16342,(#16346,#16353),.PCURVE_S1.);
#16342 = LINE('',#16343,#16344);
#16343 = CARTESIAN_POINT('',(0.718955385422,2.332867255926,12.2704));
#16344 = VECTOR('',#16345,1.);
#16345 = DIRECTION('',(0.,0.,1.));
#16346 = PCURVE('',#14794,#16347);
#16347 = DEFINITIONAL_REPRESENTATION('',(#16348),#16352);
#16348 = LINE('',#16349,#16350);
#16349 = CARTESIAN_POINT('',(0.420796625462,0.));
#16350 = VECTOR('',#16351,1.);
#16351 = DIRECTION('',(0.,-1.));
#16352 = ( GEOMETRIC_REPRESENTATION_CONTEXT(2) 
PARAMETRIC_REPRESENTATION_CONTEXT() REPRESENTATION_CONTEXT('2D SPACE',''
  ) );
#16353 = PCURVE('',#14822,#16354);
#16354 = DEFINITIONAL_REPRESENTATION('',(#16355),#16359);
#16355 = LINE('',#16356,#16357);
#16356 = CARTESIAN_POINT('',(0.,0.));
#16357 = VECTOR('',#16358,1.);
#16358 = DIRECTION('',(0.,-1.));
#16359 = ( GEOMETRIC_REPRESENTATION_CONTEXT(2) 
PARAMETRIC_REPRESENTATION_CONTEXT() REPRESENTATION_CONTEXT('2D SPACE',''
  ) );
#16360 = ADVANCED_FACE('',(#16361),#14822,.F.);
#16361 = FACE_BOUND('',#16362,.F.);
#16362 = EDGE_LOOP('',(#16363,#16384,#16385,#16386));
#16363 = ORIENTED_EDGE('',*,*,#16364,.T.);
#16364 = EDGE_CURVE('',#16365,#16318,#16367,.T.);
#16365 = VERTEX_POINT('',#16366);
#16366 = CARTESIAN_POINT('',(1.108914773719,2.174696729346,12.3204));
#16367 = SURFACE_CURVE('',#16368,(#16372,#16378),.PCURVE_S1.);
#16368 = LINE('',#16369,#16370);
#16369 = CARTESIAN_POINT('',(0.816538072504,2.29328696766,12.3204));
#16370 = VECTOR('',#16371,1.);
#16371 = DIRECTION('',(-0.926673987203,0.375866095094,0.));
#16372 = PCURVE('',#14822,#16373);
#16373 = DEFINITIONAL_REPRESENTATION('',(#16374),#16377);
#16374 = B_SPLINE_CURVE_WITH_KNOTS('',1,(#16375,#16376),.UNSPECIFIED.,
  .F.,.F.,(2,2),(-0.315511933272,0.105304226113),
  .PIECEWISE_BEZIER_KNOTS.);
#16375 = CARTESIAN_POINT('',(0.420816159386,-5.E-02));
#16376 = CARTESIAN_POINT('',(0.,-5.E-02));
#16377 = ( GEOMETRIC_REPRESENTATION_CONTEXT(2) 
PARAMETRIC_REPRESENTATION_CONTEXT() REPRESENTATION_CONTEXT('2D SPACE',''
  ) );
#16378 = PCURVE('',#15132,#16379);
#16379 = DEFINITIONAL_REPRESENTATION('',(#16380),#16383);
#16380 = B_SPLINE_CURVE_WITH_KNOTS('',1,(#16381,#16382),.UNSPECIFIED.,
  .F.,.F.,(2,2),(-0.315511933272,0.105304226113),
  .PIECEWISE_BEZIER_KNOTS.);
#16381 = CARTESIAN_POINT('',(1.108914773719,2.174696729346));
#16382 = CARTESIAN_POINT('',(0.718955385422,2.332867255926));
#16383 = ( GEOMETRIC_REPRESENTATION_CONTEXT(2) 
PARAMETRIC_REPRESENTATION_CONTEXT() REPRESENTATION_CONTEXT('2D SPACE',''
  ) );
#16384 = ORIENTED_EDGE('',*,*,#16340,.T.);
#16385 = ORIENTED_EDGE('',*,*,#14806,.T.);
#16386 = ORIENTED_EDGE('',*,*,#16387,.F.);
#16387 = EDGE_CURVE('',#16365,#14807,#16388,.T.);
#16388 = SURFACE_CURVE('',#16389,(#16393,#16400),.PCURVE_S1.);
#16389 = LINE('',#16390,#16391);
#16390 = CARTESIAN_POINT('',(1.108914773719,2.174696729346,12.2704));
#16391 = VECTOR('',#16392,1.);
#16392 = DIRECTION('',(0.,0.,1.));
#16393 = PCURVE('',#14822,#16394);
#16394 = DEFINITIONAL_REPRESENTATION('',(#16395),#16399);
#16395 = LINE('',#16396,#16397);
#16396 = CARTESIAN_POINT('',(0.420816159386,0.));
#16397 = VECTOR('',#16398,1.);
#16398 = DIRECTION('',(0.,-1.));
#16399 = ( GEOMETRIC_REPRESENTATION_CONTEXT(2) 
PARAMETRIC_REPRESENTATION_CONTEXT() REPRESENTATION_CONTEXT('2D SPACE',''
  ) );
#16400 = PCURVE('',#14850,#16401);
#16401 = DEFINITIONAL_REPRESENTATION('',(#16402),#16406);
#16402 = LINE('',#16403,#16404);
#16403 = CARTESIAN_POINT('',(0.,0.));
#16404 = VECTOR('',#16405,1.);
#16405 = DIRECTION('',(0.,-1.));
#16406 = ( GEOMETRIC_REPRESENTATION_CONTEXT(2) 
PARAMETRIC_REPRESENTATION_CONTEXT() REPRESENTATION_CONTEXT('2D SPACE',''
  ) );
#16407 = ADVANCED_FACE('',(#16408),#14850,.F.);
#16408 = FACE_BOUND('',#16409,.F.);
#16409 = EDGE_LOOP('',(#16410,#16431,#16432,#16433));
#16410 = ORIENTED_EDGE('',*,*,#16411,.T.);
#16411 = EDGE_CURVE('',#16412,#16365,#16414,.T.);
#16412 = VERTEX_POINT('',#16413);
#16413 = CARTESIAN_POINT('',(1.465965058551,1.951925963531,12.3204));
#16414 = SURFACE_CURVE('',#16415,(#16419,#16425),.PCURVE_S1.);
#16415 = LINE('',#16416,#16417);
#16416 = CARTESIAN_POINT('',(1.1981417229,2.119026263183,12.3204));
#16417 = VECTOR('',#16418,1.);
#16418 = DIRECTION('',(-0.84840991156,0.529339798208,0.));
#16419 = PCURVE('',#14850,#16420);
#16420 = DEFINITIONAL_REPRESENTATION('',(#16421),#16424);
#16421 = B_SPLINE_CURVE_WITH_KNOTS('',1,(#16422,#16423),.UNSPECIFIED.,
  .F.,.F.,(2,2),(-0.315676811411,0.105169621388),
  .PIECEWISE_BEZIER_KNOTS.);
#16422 = CARTESIAN_POINT('',(0.420846432799,-5.E-02));
#16423 = CARTESIAN_POINT('',(0.,-5.E-02));
#16424 = ( GEOMETRIC_REPRESENTATION_CONTEXT(2) 
PARAMETRIC_REPRESENTATION_CONTEXT() REPRESENTATION_CONTEXT('2D SPACE',''
  ) );
#16425 = PCURVE('',#15132,#16426);
#16426 = DEFINITIONAL_REPRESENTATION('',(#16427),#16430);
#16427 = B_SPLINE_CURVE_WITH_KNOTS('',1,(#16428,#16429),.UNSPECIFIED.,
  .F.,.F.,(2,2),(-0.315676811411,0.105169621388),
  .PIECEWISE_BEZIER_KNOTS.);
#16428 = CARTESIAN_POINT('',(1.465965058551,1.951925963531));
#16429 = CARTESIAN_POINT('',(1.108914773719,2.174696729346));
#16430 = ( GEOMETRIC_REPRESENTATION_CONTEXT(2) 
PARAMETRIC_REPRESENTATION_CONTEXT() REPRESENTATION_CONTEXT('2D SPACE',''
  ) );
#16431 = ORIENTED_EDGE('',*,*,#16387,.T.);
#16432 = ORIENTED_EDGE('',*,*,#14834,.T.);
#16433 = ORIENTED_EDGE('',*,*,#16434,.F.);
#16434 = EDGE_CURVE('',#16412,#14835,#16435,.T.);
#16435 = SURFACE_CURVE('',#16436,(#16440,#16447),.PCURVE_S1.);
#16436 = LINE('',#16437,#16438);
#16437 = CARTESIAN_POINT('',(1.465965058551,1.951925963531,12.2704));
#16438 = VECTOR('',#16439,1.);
#16439 = DIRECTION('',(0.,0.,1.));
#16440 = PCURVE('',#14850,#16441);
#16441 = DEFINITIONAL_REPRESENTATION('',(#16442),#16446);
#16442 = LINE('',#16443,#16444);
#16443 = CARTESIAN_POINT('',(0.420846432799,0.));
#16444 = VECTOR('',#16445,1.);
#16445 = DIRECTION('',(0.,-1.));
#16446 = ( GEOMETRIC_REPRESENTATION_CONTEXT(2) 
PARAMETRIC_REPRESENTATION_CONTEXT() REPRESENTATION_CONTEXT('2D SPACE',''
  ) );
#16447 = PCURVE('',#14878,#16448);
#16448 = DEFINITIONAL_REPRESENTATION('',(#16449),#16453);
#16449 = LINE('',#16450,#16451);
#16450 = CARTESIAN_POINT('',(0.,0.));
#16451 = VECTOR('',#16452,1.);
#16452 = DIRECTION('',(0.,-1.));
#16453 = ( GEOMETRIC_REPRESENTATION_CONTEXT(2) 
PARAMETRIC_REPRESENTATION_CONTEXT() REPRESENTATION_CONTEXT('2D SPACE',''
  ) );
#16454 = ADVANCED_FACE('',(#16455),#14878,.F.);
#16455 = FACE_BOUND('',#16456,.F.);
#16456 = EDGE_LOOP('',(#16457,#16478,#16479,#16480));
#16457 = ORIENTED_EDGE('',*,*,#16458,.T.);
#16458 = EDGE_CURVE('',#16459,#16412,#16461,.T.);
#16459 = VERTEX_POINT('',#16460);
#16460 = CARTESIAN_POINT('',(1.77939431983,1.671201368644,12.3204));
#16461 = SURFACE_CURVE('',#16462,(#16466,#16472),.PCURVE_S1.);
#16462 = LINE('',#16463,#16464);
#16463 = CARTESIAN_POINT('',(1.544282700446,1.881780348525,12.3204));
#16464 = VECTOR('',#16465,1.);
#16465 = DIRECTION('',(-0.744901222835,0.667174765873,0.));
#16466 = PCURVE('',#14878,#16467);
#16467 = DEFINITIONAL_REPRESENTATION('',(#16468),#16471);
#16468 = B_SPLINE_CURVE_WITH_KNOTS('',1,(#16469,#16470),.UNSPECIFIED.,
  .F.,.F.,(2,2),(-0.315627914381,0.105138291486),
  .PIECEWISE_BEZIER_KNOTS.);
#16469 = CARTESIAN_POINT('',(0.420766205867,-5.E-02));
#16470 = CARTESIAN_POINT('',(0.,-5.E-02));
#16471 = ( GEOMETRIC_REPRESENTATION_CONTEXT(2) 
PARAMETRIC_REPRESENTATION_CONTEXT() REPRESENTATION_CONTEXT('2D SPACE',''
  ) );
#16472 = PCURVE('',#15132,#16473);
#16473 = DEFINITIONAL_REPRESENTATION('',(#16474),#16477);
#16474 = B_SPLINE_CURVE_WITH_KNOTS('',1,(#16475,#16476),.UNSPECIFIED.,
  .F.,.F.,(2,2),(-0.315627914381,0.105138291486),
  .PIECEWISE_BEZIER_KNOTS.);
#16475 = CARTESIAN_POINT('',(1.77939431983,1.671201368644));
#16476 = CARTESIAN_POINT('',(1.465965058551,1.951925963531));
#16477 = ( GEOMETRIC_REPRESENTATION_CONTEXT(2) 
PARAMETRIC_REPRESENTATION_CONTEXT() REPRESENTATION_CONTEXT('2D SPACE',''
  ) );
#16478 = ORIENTED_EDGE('',*,*,#16434,.T.);
#16479 = ORIENTED_EDGE('',*,*,#14862,.T.);
#16480 = ORIENTED_EDGE('',*,*,#16481,.F.);
#16481 = EDGE_CURVE('',#16459,#14863,#16482,.T.);
#16482 = SURFACE_CURVE('',#16483,(#16487,#16494),.PCURVE_S1.);
#16483 = LINE('',#16484,#16485);
#16484 = CARTESIAN_POINT('',(1.77939431983,1.671201368644,12.2704));
#16485 = VECTOR('',#16486,1.);
#16486 = DIRECTION('',(0.,0.,1.));
#16487 = PCURVE('',#14878,#16488);
#16488 = DEFINITIONAL_REPRESENTATION('',(#16489),#16493);
#16489 = LINE('',#16490,#16491);
#16490 = CARTESIAN_POINT('',(0.420766205867,0.));
#16491 = VECTOR('',#16492,1.);
#16492 = DIRECTION('',(0.,-1.));
#16493 = ( GEOMETRIC_REPRESENTATION_CONTEXT(2) 
PARAMETRIC_REPRESENTATION_CONTEXT() REPRESENTATION_CONTEXT('2D SPACE',''
  ) );
#16494 = PCURVE('',#14906,#16495);
#16495 = DEFINITIONAL_REPRESENTATION('',(#16496),#16500);
#16496 = LINE('',#16497,#16498);
#16497 = CARTESIAN_POINT('',(0.,0.));
#16498 = VECTOR('',#16499,1.);
#16499 = DIRECTION('',(0.,-1.));
#16500 = ( GEOMETRIC_REPRESENTATION_CONTEXT(2) 
PARAMETRIC_REPRESENTATION_CONTEXT() REPRESENTATION_CONTEXT('2D SPACE',''
  ) );
#16501 = ADVANCED_FACE('',(#16502),#14906,.F.);
#16502 = FACE_BOUND('',#16503,.F.);
#16503 = EDGE_LOOP('',(#16504,#16525,#16526,#16527));
#16504 = ORIENTED_EDGE('',*,*,#16505,.T.);
#16505 = EDGE_CURVE('',#16506,#16459,#16508,.T.);
#16506 = VERTEX_POINT('',#16507);
#16507 = CARTESIAN_POINT('',(2.039973650169,1.340738008194,12.3204));
#16508 = SURFACE_CURVE('',#16509,(#16513,#16519),.PCURVE_S1.);
#16509 = LINE('',#16510,#16511);
#16510 = CARTESIAN_POINT('',(1.844571248933,1.588544824139,12.3204));
#16511 = VECTOR('',#16512,1.);
#16512 = DIRECTION('',(-0.619186302148,0.785244116968,0.));
#16513 = PCURVE('',#14906,#16514);
#16514 = DEFINITIONAL_REPRESENTATION('',(#16515),#16518);
#16515 = B_SPLINE_CURVE_WITH_KNOTS('',1,(#16516,#16517),.UNSPECIFIED.,
  .F.,.F.,(2,2),(-0.315579334617,0.105262227019),
  .PIECEWISE_BEZIER_KNOTS.);
#16516 = CARTESIAN_POINT('',(0.420841561636,-5.E-02));
#16517 = CARTESIAN_POINT('',(0.,-5.E-02));
#16518 = ( GEOMETRIC_REPRESENTATION_CONTEXT(2) 
PARAMETRIC_REPRESENTATION_CONTEXT() REPRESENTATION_CONTEXT('2D SPACE',''
  ) );
#16519 = PCURVE('',#15132,#16520);
#16520 = DEFINITIONAL_REPRESENTATION('',(#16521),#16524);
#16521 = B_SPLINE_CURVE_WITH_KNOTS('',1,(#16522,#16523),.UNSPECIFIED.,
  .F.,.F.,(2,2),(-0.315579334617,0.105262227019),
  .PIECEWISE_BEZIER_KNOTS.);
#16522 = CARTESIAN_POINT('',(2.039973650169,1.340738008194));
#16523 = CARTESIAN_POINT('',(1.77939431983,1.671201368644));
#16524 = ( GEOMETRIC_REPRESENTATION_CONTEXT(2) 
PARAMETRIC_REPRESENTATION_CONTEXT() REPRESENTATION_CONTEXT('2D SPACE',''
  ) );
#16525 = ORIENTED_EDGE('',*,*,#16481,.T.);
#16526 = ORIENTED_EDGE('',*,*,#14890,.T.);
#16527 = ORIENTED_EDGE('',*,*,#16528,.F.);
#16528 = EDGE_CURVE('',#16506,#14891,#16529,.T.);
#16529 = SURFACE_CURVE('',#16530,(#16534,#16541),.PCURVE_S1.);
#16530 = LINE('',#16531,#16532);
#16531 = CARTESIAN_POINT('',(2.039973650169,1.340738008194,12.2704));
#16532 = VECTOR('',#16533,1.);
#16533 = DIRECTION('',(0.,0.,1.));
#16534 = PCURVE('',#14906,#16535);
#16535 = DEFINITIONAL_REPRESENTATION('',(#16536),#16540);
#16536 = LINE('',#16537,#16538);
#16537 = CARTESIAN_POINT('',(0.420841561636,0.));
#16538 = VECTOR('',#16539,1.);
#16539 = DIRECTION('',(0.,-1.));
#16540 = ( GEOMETRIC_REPRESENTATION_CONTEXT(2) 
PARAMETRIC_REPRESENTATION_CONTEXT() REPRESENTATION_CONTEXT('2D SPACE',''
  ) );
#16541 = PCURVE('',#14934,#16542);
#16542 = DEFINITIONAL_REPRESENTATION('',(#16543),#16547);
#16543 = LINE('',#16544,#16545);
#16544 = CARTESIAN_POINT('',(0.,0.));
#16545 = VECTOR('',#16546,1.);
#16546 = DIRECTION('',(0.,-1.));
#16547 = ( GEOMETRIC_REPRESENTATION_CONTEXT(2) 
PARAMETRIC_REPRESENTATION_CONTEXT() REPRESENTATION_CONTEXT('2D SPACE',''
  ) );
#16548 = ADVANCED_FACE('',(#16549),#14934,.F.);
#16549 = FACE_BOUND('',#16550,.F.);
#16550 = EDGE_LOOP('',(#16551,#16572,#16573,#16574));
#16551 = ORIENTED_EDGE('',*,*,#16552,.T.);
#16552 = EDGE_CURVE('',#16553,#16506,#16555,.T.);
#16553 = VERTEX_POINT('',#16554);
#16554 = CARTESIAN_POINT('',(2.239920552345,0.970456201579,12.3204));
#16555 = SURFACE_CURVE('',#16556,(#16560,#16566),.PCURVE_S1.);
#16556 = LINE('',#16557,#16558);
#16557 = CARTESIAN_POINT('',(2.089972112563,1.248145821059,12.3204));
#16558 = VECTOR('',#16559,1.);
#16559 = DIRECTION('',(-0.475139212543,0.879910636772,0.));
#16560 = PCURVE('',#14934,#16561);
#16561 = DEFINITIONAL_REPRESENTATION('',(#16562),#16565);
#16562 = B_SPLINE_CURVE_WITH_KNOTS('',1,(#16563,#16564),.UNSPECIFIED.,
  .F.,.F.,(2,2),(-0.315588433502,0.105229080392),
  .PIECEWISE_BEZIER_KNOTS.);
#16563 = CARTESIAN_POINT('',(0.420817513894,-5.E-02));
#16564 = CARTESIAN_POINT('',(0.,-5.E-02));
#16565 = ( GEOMETRIC_REPRESENTATION_CONTEXT(2) 
PARAMETRIC_REPRESENTATION_CONTEXT() REPRESENTATION_CONTEXT('2D SPACE',''
  ) );
#16566 = PCURVE('',#15132,#16567);
#16567 = DEFINITIONAL_REPRESENTATION('',(#16568),#16571);
#16568 = B_SPLINE_CURVE_WITH_KNOTS('',1,(#16569,#16570),.UNSPECIFIED.,
  .F.,.F.,(2,2),(-0.315588433502,0.105229080392),
  .PIECEWISE_BEZIER_KNOTS.);
#16569 = CARTESIAN_POINT('',(2.239920552345,0.970456201579));
#16570 = CARTESIAN_POINT('',(2.039973650169,1.340738008194));
#16571 = ( GEOMETRIC_REPRESENTATION_CONTEXT(2) 
PARAMETRIC_REPRESENTATION_CONTEXT() REPRESENTATION_CONTEXT('2D SPACE',''
  ) );
#16572 = ORIENTED_EDGE('',*,*,#16528,.T.);
#16573 = ORIENTED_EDGE('',*,*,#14918,.T.);
#16574 = ORIENTED_EDGE('',*,*,#16575,.F.);
#16575 = EDGE_CURVE('',#16553,#14919,#16576,.T.);
#16576 = SURFACE_CURVE('',#16577,(#16581,#16588),.PCURVE_S1.);
#16577 = LINE('',#16578,#16579);
#16578 = CARTESIAN_POINT('',(2.239920552345,0.970456201579,12.2704));
#16579 = VECTOR('',#16580,1.);
#16580 = DIRECTION('',(0.,0.,1.));
#16581 = PCURVE('',#14934,#16582);
#16582 = DEFINITIONAL_REPRESENTATION('',(#16583),#16587);
#16583 = LINE('',#16584,#16585);
#16584 = CARTESIAN_POINT('',(0.420817513894,0.));
#16585 = VECTOR('',#16586,1.);
#16586 = DIRECTION('',(0.,-1.));
#16587 = ( GEOMETRIC_REPRESENTATION_CONTEXT(2) 
PARAMETRIC_REPRESENTATION_CONTEXT() REPRESENTATION_CONTEXT('2D SPACE',''
  ) );
#16588 = PCURVE('',#14962,#16589);
#16589 = DEFINITIONAL_REPRESENTATION('',(#16590),#16594);
#16590 = LINE('',#16591,#16592);
#16591 = CARTESIAN_POINT('',(0.,0.));
#16592 = VECTOR('',#16593,1.);
#16593 = DIRECTION('',(0.,-1.));
#16594 = ( GEOMETRIC_REPRESENTATION_CONTEXT(2) 
PARAMETRIC_REPRESENTATION_CONTEXT() REPRESENTATION_CONTEXT('2D SPACE',''
  ) );
#16595 = ADVANCED_FACE('',(#16596),#14962,.F.);
#16596 = FACE_BOUND('',#16597,.F.);
#16597 = EDGE_LOOP('',(#16598,#16619,#16620,#16621));
#16598 = ORIENTED_EDGE('',*,*,#16599,.T.);
#16599 = EDGE_CURVE('',#16600,#16553,#16602,.T.);
#16600 = VERTEX_POINT('',#16601);
#16601 = CARTESIAN_POINT('',(2.373305157077,0.571285113923,12.3204));
#16602 = SURFACE_CURVE('',#16603,(#16607,#16613),.PCURVE_S1.);
#16603 = LINE('',#16604,#16605);
#16604 = CARTESIAN_POINT('',(2.273282756383,0.870615389371,12.3204));
#16605 = VECTOR('',#16606,1.);
#16606 = DIRECTION('',(-0.316928181347,0.948449538915,0.));
#16607 = PCURVE('',#14962,#16608);
#16608 = DEFINITIONAL_REPRESENTATION('',(#16609),#16612);
#16609 = B_SPLINE_CURVE_WITH_KNOTS('',1,(#16610,#16611),.UNSPECIFIED.,
  .F.,.F.,(2,2),(-0.315599579278,0.105267394955),
  .PIECEWISE_BEZIER_KNOTS.);
#16610 = CARTESIAN_POINT('',(0.420866974233,-5.E-02));
#16611 = CARTESIAN_POINT('',(0.,-5.E-02));
#16612 = ( GEOMETRIC_REPRESENTATION_CONTEXT(2) 
PARAMETRIC_REPRESENTATION_CONTEXT() REPRESENTATION_CONTEXT('2D SPACE',''
  ) );
#16613 = PCURVE('',#15132,#16614);
#16614 = DEFINITIONAL_REPRESENTATION('',(#16615),#16618);
#16615 = B_SPLINE_CURVE_WITH_KNOTS('',1,(#16616,#16617),.UNSPECIFIED.,
  .F.,.F.,(2,2),(-0.315599579278,0.105267394955),
  .PIECEWISE_BEZIER_KNOTS.);
#16616 = CARTESIAN_POINT('',(2.373305157077,0.571285113923));
#16617 = CARTESIAN_POINT('',(2.239920552345,0.970456201579));
#16618 = ( GEOMETRIC_REPRESENTATION_CONTEXT(2) 
PARAMETRIC_REPRESENTATION_CONTEXT() REPRESENTATION_CONTEXT('2D SPACE',''
  ) );
#16619 = ORIENTED_EDGE('',*,*,#16575,.T.);
#16620 = ORIENTED_EDGE('',*,*,#14946,.T.);
#16621 = ORIENTED_EDGE('',*,*,#16622,.F.);
#16622 = EDGE_CURVE('',#16600,#14947,#16623,.T.);
#16623 = SURFACE_CURVE('',#16624,(#16628,#16635),.PCURVE_S1.);
#16624 = LINE('',#16625,#16626);
#16625 = CARTESIAN_POINT('',(2.373305157077,0.571285113923,12.2704));
#16626 = VECTOR('',#16627,1.);
#16627 = DIRECTION('',(0.,0.,1.));
#16628 = PCURVE('',#14962,#16629);
#16629 = DEFINITIONAL_REPRESENTATION('',(#16630),#16634);
#16630 = LINE('',#16631,#16632);
#16631 = CARTESIAN_POINT('',(0.420866974233,0.));
#16632 = VECTOR('',#16633,1.);
#16633 = DIRECTION('',(0.,-1.));
#16634 = ( GEOMETRIC_REPRESENTATION_CONTEXT(2) 
PARAMETRIC_REPRESENTATION_CONTEXT() REPRESENTATION_CONTEXT('2D SPACE',''
  ) );
#16635 = PCURVE('',#14990,#16636);
#16636 = DEFINITIONAL_REPRESENTATION('',(#16637),#16641);
#16637 = LINE('',#16638,#16639);
#16638 = CARTESIAN_POINT('',(0.,0.));
#16639 = VECTOR('',#16640,1.);
#16640 = DIRECTION('',(0.,-1.));
#16641 = ( GEOMETRIC_REPRESENTATION_CONTEXT(2) 
PARAMETRIC_REPRESENTATION_CONTEXT() REPRESENTATION_CONTEXT('2D SPACE',''
  ) );
#16642 = ADVANCED_FACE('',(#16643),#14990,.F.);
#16643 = FACE_BOUND('',#16644,.F.);
#16644 = EDGE_LOOP('',(#16645,#16666,#16667,#16668));
#16645 = ORIENTED_EDGE('',*,*,#16646,.T.);
#16646 = EDGE_CURVE('',#16647,#16600,#16649,.T.);
#16647 = VERTEX_POINT('',#16648);
#16648 = CARTESIAN_POINT('',(2.436186825571,0.155199358618,12.3204));
#16649 = SURFACE_CURVE('',#16650,(#16654,#16660),.PCURVE_S1.);
#16650 = LINE('',#16651,#16652);
#16651 = CARTESIAN_POINT('',(2.389012343166,0.467351224382,12.3204));
#16652 = VECTOR('',#16653,1.);
#16653 = DIRECTION('',(-0.149429901335,0.988772321916,0.));
#16654 = PCURVE('',#14990,#16655);
#16655 = DEFINITIONAL_REPRESENTATION('',(#16656),#16659);
#16656 = B_SPLINE_CURVE_WITH_KNOTS('',1,(#16657,#16658),.UNSPECIFIED.,
  .F.,.F.,(2,2),(-0.315696403353,0.105114076555),
  .PIECEWISE_BEZIER_KNOTS.);
#16657 = CARTESIAN_POINT('',(0.420810479908,-5.E-02));
#16658 = CARTESIAN_POINT('',(0.,-5.E-02));
#16659 = ( GEOMETRIC_REPRESENTATION_CONTEXT(2) 
PARAMETRIC_REPRESENTATION_CONTEXT() REPRESENTATION_CONTEXT('2D SPACE',''
  ) );
#16660 = PCURVE('',#15132,#16661);
#16661 = DEFINITIONAL_REPRESENTATION('',(#16662),#16665);
#16662 = B_SPLINE_CURVE_WITH_KNOTS('',1,(#16663,#16664),.UNSPECIFIED.,
  .F.,.F.,(2,2),(-0.315696403353,0.105114076555),
  .PIECEWISE_BEZIER_KNOTS.);
#16663 = CARTESIAN_POINT('',(2.436186825571,0.155199358618));
#16664 = CARTESIAN_POINT('',(2.373305157077,0.571285113923));
#16665 = ( GEOMETRIC_REPRESENTATION_CONTEXT(2) 
PARAMETRIC_REPRESENTATION_CONTEXT() REPRESENTATION_CONTEXT('2D SPACE',''
  ) );
#16666 = ORIENTED_EDGE('',*,*,#16622,.T.);
#16667 = ORIENTED_EDGE('',*,*,#14974,.T.);
#16668 = ORIENTED_EDGE('',*,*,#16669,.F.);
#16669 = EDGE_CURVE('',#16647,#14975,#16670,.T.);
#16670 = SURFACE_CURVE('',#16671,(#16675,#16682),.PCURVE_S1.);
#16671 = LINE('',#16672,#16673);
#16672 = CARTESIAN_POINT('',(2.436186825571,0.155199358618,12.2704));
#16673 = VECTOR('',#16674,1.);
#16674 = DIRECTION('',(0.,0.,1.));
#16675 = PCURVE('',#14990,#16676);
#16676 = DEFINITIONAL_REPRESENTATION('',(#16677),#16681);
#16677 = LINE('',#16678,#16679);
#16678 = CARTESIAN_POINT('',(0.420810479908,0.));
#16679 = VECTOR('',#16680,1.);
#16680 = DIRECTION('',(0.,-1.));
#16681 = ( GEOMETRIC_REPRESENTATION_CONTEXT(2) 
PARAMETRIC_REPRESENTATION_CONTEXT() REPRESENTATION_CONTEXT('2D SPACE',''
  ) );
#16682 = PCURVE('',#15018,#16683);
#16683 = DEFINITIONAL_REPRESENTATION('',(#16684),#16688);
#16684 = LINE('',#16685,#16686);
#16685 = CARTESIAN_POINT('',(0.,0.));
#16686 = VECTOR('',#16687,1.);
#16687 = DIRECTION('',(0.,-1.));
#16688 = ( GEOMETRIC_REPRESENTATION_CONTEXT(2) 
PARAMETRIC_REPRESENTATION_CONTEXT() REPRESENTATION_CONTEXT('2D SPACE',''
  ) );
#16689 = ADVANCED_FACE('',(#16690),#15018,.F.);
#16690 = FACE_BOUND('',#16691,.F.);
#16691 = EDGE_LOOP('',(#16692,#16713,#16714,#16715));
#16692 = ORIENTED_EDGE('',*,*,#16693,.T.);
#16693 = EDGE_CURVE('',#16694,#16647,#16696,.T.);
#16694 = VERTEX_POINT('',#16695);
#16695 = CARTESIAN_POINT('',(2.426660559676,-0.265500617918,12.3204));
#16696 = SURFACE_CURVE('',#16697,(#16701,#16707),.PCURVE_S1.);
#16697 = LINE('',#16698,#16699);
#16698 = CARTESIAN_POINT('',(2.433806321042,5.007126223733E-02,12.3204)
  );
#16699 = VECTOR('',#16700,1.);
#16700 = DIRECTION('',(2.263804397005E-02,0.999743726645,-0.));
#16701 = PCURVE('',#15018,#16702);
#16702 = DEFINITIONAL_REPRESENTATION('',(#16703),#16706);
#16703 = B_SPLINE_CURVE_WITH_KNOTS('',1,(#16704,#16705),.UNSPECIFIED.,
  .F.,.F.,(2,2),(-0.315652773551,0.105155044817),
  .PIECEWISE_BEZIER_KNOTS.);
#16704 = CARTESIAN_POINT('',(0.420807818368,-5.E-02));
#16705 = CARTESIAN_POINT('',(0.,-5.E-02));
#16706 = ( GEOMETRIC_REPRESENTATION_CONTEXT(2) 
PARAMETRIC_REPRESENTATION_CONTEXT() REPRESENTATION_CONTEXT('2D SPACE',''
  ) );
#16707 = PCURVE('',#15132,#16708);
#16708 = DEFINITIONAL_REPRESENTATION('',(#16709),#16712);
#16709 = B_SPLINE_CURVE_WITH_KNOTS('',1,(#16710,#16711),.UNSPECIFIED.,
  .F.,.F.,(2,2),(-0.315652773551,0.105155044817),
  .PIECEWISE_BEZIER_KNOTS.);
#16710 = CARTESIAN_POINT('',(2.426660559676,-0.265500617918));
#16711 = CARTESIAN_POINT('',(2.436186825571,0.155199358618));
#16712 = ( GEOMETRIC_REPRESENTATION_CONTEXT(2) 
PARAMETRIC_REPRESENTATION_CONTEXT() REPRESENTATION_CONTEXT('2D SPACE',''
  ) );
#16713 = ORIENTED_EDGE('',*,*,#16669,.T.);
#16714 = ORIENTED_EDGE('',*,*,#15002,.T.);
#16715 = ORIENTED_EDGE('',*,*,#16716,.F.);
#16716 = EDGE_CURVE('',#16694,#15003,#16717,.T.);
#16717 = SURFACE_CURVE('',#16718,(#16722,#16729),.PCURVE_S1.);
#16718 = LINE('',#16719,#16720);
#16719 = CARTESIAN_POINT('',(2.426660559676,-0.265500617918,12.2704));
#16720 = VECTOR('',#16721,1.);
#16721 = DIRECTION('',(0.,0.,1.));
#16722 = PCURVE('',#15018,#16723);
#16723 = DEFINITIONAL_REPRESENTATION('',(#16724),#16728);
#16724 = LINE('',#16725,#16726);
#16725 = CARTESIAN_POINT('',(0.420807818368,0.));
#16726 = VECTOR('',#16727,1.);
#16727 = DIRECTION('',(0.,-1.));
#16728 = ( GEOMETRIC_REPRESENTATION_CONTEXT(2) 
PARAMETRIC_REPRESENTATION_CONTEXT() REPRESENTATION_CONTEXT('2D SPACE',''
  ) );
#16729 = PCURVE('',#15046,#16730);
#16730 = DEFINITIONAL_REPRESENTATION('',(#16731),#16735);
#16731 = LINE('',#16732,#16733);
#16732 = CARTESIAN_POINT('',(0.,0.));
#16733 = VECTOR('',#16734,1.);
#16734 = DIRECTION('',(0.,-1.));
#16735 = ( GEOMETRIC_REPRESENTATION_CONTEXT(2) 
PARAMETRIC_REPRESENTATION_CONTEXT() REPRESENTATION_CONTEXT('2D SPACE',''
  ) );
#16736 = ADVANCED_FACE('',(#16737),#15046,.F.);
#16737 = FACE_BOUND('',#16738,.F.);
#16738 = EDGE_LOOP('',(#16739,#16760,#16761,#16762));
#16739 = ORIENTED_EDGE('',*,*,#16740,.T.);
#16740 = EDGE_CURVE('',#16741,#16694,#16743,.T.);
#16741 = VERTEX_POINT('',#16742);
#16742 = CARTESIAN_POINT('',(2.344980206969,-0.678375138786,12.3204));
#16743 = SURFACE_CURVE('',#16744,(#16748,#16754),.PCURVE_S1.);
#16744 = LINE('',#16745,#16746);
#16745 = CARTESIAN_POINT('',(2.406235047647,-0.368746664402,12.3204));
#16746 = VECTOR('',#16747,1.);
#16747 = DIRECTION('',(0.194072008516,0.98098728611,-0.));
#16748 = PCURVE('',#15046,#16749);
#16749 = DEFINITIONAL_REPRESENTATION('',(#16750),#16753);
#16750 = B_SPLINE_CURVE_WITH_KNOTS('',1,(#16751,#16752),.UNSPECIFIED.,
  .F.,.F.,(2,2),(-0.315629446751,0.105247079086),
  .PIECEWISE_BEZIER_KNOTS.);
#16751 = CARTESIAN_POINT('',(0.420876525836,-5.E-02));
#16752 = CARTESIAN_POINT('',(0.,-5.E-02));
#16753 = ( GEOMETRIC_REPRESENTATION_CONTEXT(2) 
PARAMETRIC_REPRESENTATION_CONTEXT() REPRESENTATION_CONTEXT('2D SPACE',''
  ) );
#16754 = PCURVE('',#15132,#16755);
#16755 = DEFINITIONAL_REPRESENTATION('',(#16756),#16759);
#16756 = B_SPLINE_CURVE_WITH_KNOTS('',1,(#16757,#16758),.UNSPECIFIED.,
  .F.,.F.,(2,2),(-0.315629446751,0.105247079086),
  .PIECEWISE_BEZIER_KNOTS.);
#16757 = CARTESIAN_POINT('',(2.344980206969,-0.678375138786));
#16758 = CARTESIAN_POINT('',(2.426660559676,-0.265500617918));
#16759 = ( GEOMETRIC_REPRESENTATION_CONTEXT(2) 
PARAMETRIC_REPRESENTATION_CONTEXT() REPRESENTATION_CONTEXT('2D SPACE',''
  ) );
#16760 = ORIENTED_EDGE('',*,*,#16716,.T.);
#16761 = ORIENTED_EDGE('',*,*,#15030,.T.);
#16762 = ORIENTED_EDGE('',*,*,#16763,.F.);
#16763 = EDGE_CURVE('',#16741,#15031,#16764,.T.);
#16764 = SURFACE_CURVE('',#16765,(#16769,#16776),.PCURVE_S1.);
#16765 = LINE('',#16766,#16767);
#16766 = CARTESIAN_POINT('',(2.344980206969,-0.678375138786,12.2704));
#16767 = VECTOR('',#16768,1.);
#16768 = DIRECTION('',(0.,0.,1.));
#16769 = PCURVE('',#15046,#16770);
#16770 = DEFINITIONAL_REPRESENTATION('',(#16771),#16775);
#16771 = LINE('',#16772,#16773);
#16772 = CARTESIAN_POINT('',(0.420876525836,0.));
#16773 = VECTOR('',#16774,1.);
#16774 = DIRECTION('',(0.,-1.));
#16775 = ( GEOMETRIC_REPRESENTATION_CONTEXT(2) 
PARAMETRIC_REPRESENTATION_CONTEXT() REPRESENTATION_CONTEXT('2D SPACE',''
  ) );
#16776 = PCURVE('',#15074,#16777);
#16777 = DEFINITIONAL_REPRESENTATION('',(#16778),#16782);
#16778 = LINE('',#16779,#16780);
#16779 = CARTESIAN_POINT('',(0.,0.));
#16780 = VECTOR('',#16781,1.);
#16781 = DIRECTION('',(0.,-1.));
#16782 = ( GEOMETRIC_REPRESENTATION_CONTEXT(2) 
PARAMETRIC_REPRESENTATION_CONTEXT() REPRESENTATION_CONTEXT('2D SPACE',''
  ) );
#16783 = ADVANCED_FACE('',(#16784),#15074,.F.);
#16784 = FACE_BOUND('',#16785,.F.);
#16785 = EDGE_LOOP('',(#16786,#16807,#16808,#16809));
#16786 = ORIENTED_EDGE('',*,*,#16787,.T.);
#16787 = EDGE_CURVE('',#16788,#16741,#16790,.T.);
#16788 = VERTEX_POINT('',#16789);
#16789 = CARTESIAN_POINT('',(2.245989360991,-0.956432313505,12.3204));
#16790 = SURFACE_CURVE('',#16791,(#16795,#16801),.PCURVE_S1.);
#16791 = LINE('',#16792,#16793);
#16792 = CARTESIAN_POINT('',(2.32026260238,-0.747804864635,12.3204));
#16793 = VECTOR('',#16794,1.);
#16794 = DIRECTION('',(0.335388845938,0.942079785379,-0.));
#16795 = PCURVE('',#15074,#16796);
#16796 = DEFINITIONAL_REPRESENTATION('',(#16797),#16800);
#16797 = B_SPLINE_CURVE_WITH_KNOTS('',1,(#16798,#16799),.UNSPECIFIED.,
  .F.,.F.,(2,2),(-0.221454118969,7.369835010462E-02),
  .PIECEWISE_BEZIER_KNOTS.);
#16798 = CARTESIAN_POINT('',(0.295152469073,-5.E-02));
#16799 = CARTESIAN_POINT('',(0.,-5.E-02));
#16800 = ( GEOMETRIC_REPRESENTATION_CONTEXT(2) 
PARAMETRIC_REPRESENTATION_CONTEXT() REPRESENTATION_CONTEXT('2D SPACE',''
  ) );
#16801 = PCURVE('',#15132,#16802);
#16802 = DEFINITIONAL_REPRESENTATION('',(#16803),#16806);
#16803 = B_SPLINE_CURVE_WITH_KNOTS('',1,(#16804,#16805),.UNSPECIFIED.,
  .F.,.F.,(2,2),(-0.221454118969,7.369835010462E-02),
  .PIECEWISE_BEZIER_KNOTS.);
#16804 = CARTESIAN_POINT('',(2.245989360991,-0.956432313505));
#16805 = CARTESIAN_POINT('',(2.344980206969,-0.678375138786));
#16806 = ( GEOMETRIC_REPRESENTATION_CONTEXT(2) 
PARAMETRIC_REPRESENTATION_CONTEXT() REPRESENTATION_CONTEXT('2D SPACE',''
  ) );
#16807 = ORIENTED_EDGE('',*,*,#16763,.T.);
#16808 = ORIENTED_EDGE('',*,*,#15058,.T.);
#16809 = ORIENTED_EDGE('',*,*,#16810,.F.);
#16810 = EDGE_CURVE('',#16788,#15059,#16811,.T.);
#16811 = SURFACE_CURVE('',#16812,(#16816,#16823),.PCURVE_S1.);
#16812 = LINE('',#16813,#16814);
#16813 = CARTESIAN_POINT('',(2.245989360991,-0.956432313505,12.2704));
#16814 = VECTOR('',#16815,1.);
#16815 = DIRECTION('',(0.,0.,1.));
#16816 = PCURVE('',#15074,#16817);
#16817 = DEFINITIONAL_REPRESENTATION('',(#16818),#16822);
#16818 = LINE('',#16819,#16820);
#16819 = CARTESIAN_POINT('',(0.295152469073,0.));
#16820 = VECTOR('',#16821,1.);
#16821 = DIRECTION('',(0.,-1.));
#16822 = ( GEOMETRIC_REPRESENTATION_CONTEXT(2) 
PARAMETRIC_REPRESENTATION_CONTEXT() REPRESENTATION_CONTEXT('2D SPACE',''
  ) );
#16823 = PCURVE('',#15100,#16824);
#16824 = DEFINITIONAL_REPRESENTATION('',(#16825),#16829);
#16825 = LINE('',#16826,#16827);
#16826 = CARTESIAN_POINT('',(0.,0.));
#16827 = VECTOR('',#16828,1.);
#16828 = DIRECTION('',(0.,-1.));
#16829 = ( GEOMETRIC_REPRESENTATION_CONTEXT(2) 
PARAMETRIC_REPRESENTATION_CONTEXT() REPRESENTATION_CONTEXT('2D SPACE',''
  ) );
#16830 = ADVANCED_FACE('',(#16831),#15100,.F.);
#16831 = FACE_BOUND('',#16832,.F.);
#16832 = EDGE_LOOP('',(#16833,#16852,#16853,#16854));
#16833 = ORIENTED_EDGE('',*,*,#16834,.T.);
#16834 = EDGE_CURVE('',#15118,#16788,#16835,.T.);
#16835 = SURFACE_CURVE('',#16836,(#16840,#16846),.PCURVE_S1.);
#16836 = LINE('',#16837,#16838);
#16837 = CARTESIAN_POINT('',(2.212906618836,-1.022660031871,12.3204));
#16838 = VECTOR('',#16839,1.);
#16839 = DIRECTION('',(0.446877304135,0.894595257672,-0.));
#16840 = PCURVE('',#15100,#16841);
#16841 = DEFINITIONAL_REPRESENTATION('',(#16842),#16845);
#16842 = B_SPLINE_CURVE_WITH_KNOTS('',1,(#16843,#16844),.UNSPECIFIED.,
  .F.,.F.,(2,2),(-0.221206144825,7.403092940475E-02),
  .PIECEWISE_BEZIER_KNOTS.);
#16843 = CARTESIAN_POINT('',(0.29523707423,-5.E-02));
#16844 = CARTESIAN_POINT('',(0.,-5.E-02));
#16845 = ( GEOMETRIC_REPRESENTATION_CONTEXT(2) 
PARAMETRIC_REPRESENTATION_CONTEXT() REPRESENTATION_CONTEXT('2D SPACE',''
  ) );
#16846 = PCURVE('',#15132,#16847);
#16847 = DEFINITIONAL_REPRESENTATION('',(#16848),#16851);
#16848 = B_SPLINE_CURVE_WITH_KNOTS('',1,(#16849,#16850),.UNSPECIFIED.,
  .F.,.F.,(2,2),(-0.221206144825,7.403092940475E-02),
  .PIECEWISE_BEZIER_KNOTS.);
#16849 = CARTESIAN_POINT('',(2.114054613178,-1.22055));
#16850 = CARTESIAN_POINT('',(2.245989360991,-0.956432313505));
#16851 = ( GEOMETRIC_REPRESENTATION_CONTEXT(2) 
PARAMETRIC_REPRESENTATION_CONTEXT() REPRESENTATION_CONTEXT('2D SPACE',''
  ) );
#16852 = ORIENTED_EDGE('',*,*,#16810,.T.);
#16853 = ORIENTED_EDGE('',*,*,#15086,.T.);
#16854 = ORIENTED_EDGE('',*,*,#15143,.F.);
#16855 = ADVANCED_FACE('',(#16856),#15132,.T.);
#16856 = FACE_BOUND('',#16857,.T.);
#16857 = EDGE_LOOP('',(#16858,#16859,#16860,#16861,#16862,#16863,#16864,
    #16865,#16866,#16867,#16868,#16869,#16870,#16871,#16872,#16873,
    #16874,#16875,#16876,#16877,#16878,#16879,#16880,#16881,#16882,
    #16883,#16884,#16885,#16886,#16887,#16888,#16889,#16890,#16891,
    #16892,#16893,#16894));
#16858 = ORIENTED_EDGE('',*,*,#15189,.T.);
#16859 = ORIENTED_EDGE('',*,*,#15115,.T.);
#16860 = ORIENTED_EDGE('',*,*,#16834,.T.);
#16861 = ORIENTED_EDGE('',*,*,#16787,.T.);
#16862 = ORIENTED_EDGE('',*,*,#16740,.T.);
#16863 = ORIENTED_EDGE('',*,*,#16693,.T.);
#16864 = ORIENTED_EDGE('',*,*,#16646,.T.);
#16865 = ORIENTED_EDGE('',*,*,#16599,.T.);
#16866 = ORIENTED_EDGE('',*,*,#16552,.T.);
#16867 = ORIENTED_EDGE('',*,*,#16505,.T.);
#16868 = ORIENTED_EDGE('',*,*,#16458,.T.);
#16869 = ORIENTED_EDGE('',*,*,#16411,.T.);
#16870 = ORIENTED_EDGE('',*,*,#16364,.T.);
#16871 = ORIENTED_EDGE('',*,*,#16317,.T.);
#16872 = ORIENTED_EDGE('',*,*,#16270,.T.);
#16873 = ORIENTED_EDGE('',*,*,#16223,.T.);
#16874 = ORIENTED_EDGE('',*,*,#16176,.T.);
#16875 = ORIENTED_EDGE('',*,*,#16129,.T.);
#16876 = ORIENTED_EDGE('',*,*,#16082,.T.);
#16877 = ORIENTED_EDGE('',*,*,#16035,.T.);
#16878 = ORIENTED_EDGE('',*,*,#15988,.T.);
#16879 = ORIENTED_EDGE('',*,*,#15941,.T.);
#16880 = ORIENTED_EDGE('',*,*,#15894,.T.);
#16881 = ORIENTED_EDGE('',*,*,#15847,.T.);
#16882 = ORIENTED_EDGE('',*,*,#15800,.T.);
#16883 = ORIENTED_EDGE('',*,*,#15753,.T.);
#16884 = ORIENTED_EDGE('',*,*,#15706,.T.);
#16885 = ORIENTED_EDGE('',*,*,#15659,.T.);
#16886 = ORIENTED_EDGE('',*,*,#15612,.T.);
#16887 = ORIENTED_EDGE('',*,*,#15565,.T.);
#16888 = ORIENTED_EDGE('',*,*,#15518,.T.);
#16889 = ORIENTED_EDGE('',*,*,#15471,.T.);
#16890 = ORIENTED_EDGE('',*,*,#15424,.T.);
#16891 = ORIENTED_EDGE('',*,*,#15377,.T.);
#16892 = ORIENTED_EDGE('',*,*,#15330,.T.);
#16893 = ORIENTED_EDGE('',*,*,#15283,.T.);
#16894 = ORIENTED_EDGE('',*,*,#15236,.T.);
#16895 = ADVANCED_FACE('',(#16896),#7582,.F.);
#16896 = FACE_BOUND('',#16897,.T.);
#16897 = EDGE_LOOP('',(#16898,#16899,#16900,#16901));
#16898 = ORIENTED_EDGE('',*,*,#7567,.F.);
#16899 = ORIENTED_EDGE('',*,*,#12346,.T.);
#16900 = ORIENTED_EDGE('',*,*,#13222,.T.);
#16901 = ORIENTED_EDGE('',*,*,#16902,.F.);
#16902 = EDGE_CURVE('',#7541,#13223,#16903,.T.);
#16903 = SURFACE_CURVE('',#16904,(#16908,#16915),.PCURVE_S1.);
#16904 = LINE('',#16905,#16906);
#16905 = CARTESIAN_POINT('',(0.2746,10.9,10.6104));
#16906 = VECTOR('',#16907,1.);
#16907 = DIRECTION('',(0.,0.,1.));
#16908 = PCURVE('',#7582,#16909);
#16909 = DEFINITIONAL_REPRESENTATION('',(#16910),#16914);
#16910 = LINE('',#16911,#16912);
#16911 = CARTESIAN_POINT('',(0.,-3.807));
#16912 = VECTOR('',#16913,1.);
#16913 = DIRECTION('',(1.,0.));
#16914 = ( GEOMETRIC_REPRESENTATION_CONTEXT(2) 
PARAMETRIC_REPRESENTATION_CONTEXT() REPRESENTATION_CONTEXT('2D SPACE',''
  ) );
#16915 = PCURVE('',#7555,#16916);
#16916 = DEFINITIONAL_REPRESENTATION('',(#16917),#16921);
#16917 = LINE('',#16918,#16919);
#16918 = CARTESIAN_POINT('',(0.,0.6));
#16919 = VECTOR('',#16920,1.);
#16920 = DIRECTION('',(1.,0.));
#16921 = ( GEOMETRIC_REPRESENTATION_CONTEXT(2) 
PARAMETRIC_REPRESENTATION_CONTEXT() REPRESENTATION_CONTEXT('2D SPACE',''
  ) );
#16922 = ADVANCED_FACE('',(#16923),#7555,.F.);
#16923 = FACE_BOUND('',#16924,.T.);
#16924 = EDGE_LOOP('',(#16925,#16926,#16927,#16948));
#16925 = ORIENTED_EDGE('',*,*,#16902,.T.);
#16926 = ORIENTED_EDGE('',*,*,#13245,.F.);
#16927 = ORIENTED_EDGE('',*,*,#16928,.F.);
#16928 = EDGE_CURVE('',#7514,#13198,#16929,.T.);
#16929 = SURFACE_CURVE('',#16930,(#16934,#16941),.PCURVE_S1.);
#16930 = LINE('',#16931,#16932);
#16931 = CARTESIAN_POINT('',(-0.3254,10.9,10.6104));
#16932 = VECTOR('',#16933,1.);
#16933 = DIRECTION('',(0.,0.,1.));
#16934 = PCURVE('',#7555,#16935);
#16935 = DEFINITIONAL_REPRESENTATION('',(#16936),#16940);
#16936 = LINE('',#16937,#16938);
#16937 = CARTESIAN_POINT('',(0.,0.));
#16938 = VECTOR('',#16939,1.);
#16939 = DIRECTION('',(1.,0.));
#16940 = ( GEOMETRIC_REPRESENTATION_CONTEXT(2) 
PARAMETRIC_REPRESENTATION_CONTEXT() REPRESENTATION_CONTEXT('2D SPACE',''
  ) );
#16941 = PCURVE('',#7528,#16942);
#16942 = DEFINITIONAL_REPRESENTATION('',(#16943),#16947);
#16943 = LINE('',#16944,#16945);
#16944 = CARTESIAN_POINT('',(0.,-3.807));
#16945 = VECTOR('',#16946,1.);
#16946 = DIRECTION('',(1.,0.));
#16947 = ( GEOMETRIC_REPRESENTATION_CONTEXT(2) 
PARAMETRIC_REPRESENTATION_CONTEXT() REPRESENTATION_CONTEXT('2D SPACE',''
  ) );
#16948 = ORIENTED_EDGE('',*,*,#7540,.F.);
#16949 = ADVANCED_FACE('',(#16950),#7528,.T.);
#16950 = FACE_BOUND('',#16951,.T.);
#16951 = EDGE_LOOP('',(#16952,#16953,#16954,#16955));
#16952 = ORIENTED_EDGE('',*,*,#7513,.T.);
#16953 = ORIENTED_EDGE('',*,*,#16928,.T.);
#16954 = ORIENTED_EDGE('',*,*,#13197,.F.);
#16955 = ORIENTED_EDGE('',*,*,#12371,.T.);
#16956 = ADVANCED_FACE('',(#16957),#103,.F.);
#16957 = FACE_BOUND('',#16958,.F.);
#16958 = EDGE_LOOP('',(#16959,#16960,#16961,#16962,#16963,#16964,#16965,
    #16966,#16967,#16968));
#16959 = ORIENTED_EDGE('',*,*,#8481,.F.);
#16960 = ORIENTED_EDGE('',*,*,#6417,.F.);
#16961 = ORIENTED_EDGE('',*,*,#3190,.F.);
#16962 = ORIENTED_EDGE('',*,*,#7207,.T.);
#16963 = ORIENTED_EDGE('',*,*,#7231,.T.);
#16964 = ORIENTED_EDGE('',*,*,#3240,.T.);
#16965 = ORIENTED_EDGE('',*,*,#86,.F.);
#16966 = ORIENTED_EDGE('',*,*,#3020,.T.);
#16967 = ORIENTED_EDGE('',*,*,#3519,.F.);
#16968 = ORIENTED_EDGE('',*,*,#3543,.F.);
#16969 = ( GEOMETRIC_REPRESENTATION_CONTEXT(3) 
GLOBAL_UNCERTAINTY_ASSIGNED_CONTEXT((#16973)) 
GLOBAL_UNIT_ASSIGNED_CONTEXT((#16970,#16971,#16972)) 
REPRESENTATION_CONTEXT('Context #1',
  '3D Context with UNIT and UNCERTAINTY') );
#16970 = ( LENGTH_UNIT() NAMED_UNIT(*) SI_UNIT(.MILLI.,.METRE.) );
#16971 = ( NAMED_UNIT(*) PLANE_ANGLE_UNIT() SI_UNIT($,.RADIAN.) );
#16972 = ( NAMED_UNIT(*) SI_UNIT($,.STERADIAN.) SOLID_ANGLE_UNIT() );
#16973 = UNCERTAINTY_MEASURE_WITH_UNIT(LENGTH_MEASURE(2.E-07),#16970,
  'distance_accuracy_value','confusion accuracy');
#16974 = PRODUCT_RELATED_PRODUCT_CATEGORY('part',$,(#7));
ENDSEC;
END-ISO-10303-21;
