ISO-10303-21;
HEADER;
FILE_DESCRIPTION(('FreeCAD Model'),'2;1');
FILE_NAME('Open CASCADE Shape Model','2026-10-10T14:24:17',('FreeCAD'),(
    'FreeCAD'),'Open CASCADE STEP processor 7.5','FreeCAD','Unknown');
FILE_SCHEMA(('AUTOMOTIVE_DESIGN { 1 0 10303 214 1 1 1 1 }'));
ENDSEC;
DATA;
#1 = APPLICATION_PROTOCOL_DEFINITION('international standard',
  'automotive_design',2000,#2);
#2 = APPLICATION_CONTEXT(
  'core data for automotive mechanical design processes');
#3 = SHAPE_DEFINITION_REPRESENTATION(#4,#10);
#4 = PRODUCT_DEFINITION_SHAPE('','',#5);
#5 = PRODUCT_DEFINITION('design','',#6,#9);
#6 = PRODUCT_DEFINITION_FORMATION('','',#7);
#7 = PRODUCT('Open CASCADE STEP translator 7.5 5',
  'Open CASCADE STEP translator 7.5 5','',(#8));
#8 = PRODUCT_CONTEXT('',#2,'mechanical');
#9 = PRODUCT_DEFINITION_CONTEXT('part definition',#2,'design');
#10 = ADVANCED_BREP_SHAPE_REPRESENTATION('',(#11,#15),#14891);
#11 = AXIS2_PLACEMENT_3D('',#12,#13,#14);
#12 = CARTESIAN_POINT('',(0.,0.,0.));
#13 = DIRECTION('',(0.,0.,1.));
#14 = DIRECTION('',(1.,0.,-0.));
#15 = MANIFOLD_SOLID_BREP('',#16);
#16 = CLOSED_SHELL('',(#17,#1568,#1746,#1795,#1844,#1893,#1942,#1991,
    #2040,#2089,#2138,#2187,#2236,#2285,#2334,#2383,#2432,#2481,#2530,
    #2579,#2628,#2677,#2726,#2775,#2824,#2873,#2922,#2971,#3020,#3069,
    #3118,#3167,#3216,#3265,#3314,#3363,#3412,#3461,#3510,#3559,#3608,
    #3657,#3706,#3755,#3804,#3853,#3902,#3951,#4000,#4049,#4098,#4147,
    #4196,#4245,#4294,#4343,#4392,#4441,#4488,#4683,#7992,#8039,#9264,
    #9270,#9320,#9739,#9766,#9793,#9820,#9847,#9874,#9901,#9928,#9955,
    #9982,#10009,#10036,#10063,#10090,#10117,#10144,#10171,#10198,#10225
    ,#10252,#10279,#10306,#10333,#10360,#10387,#10414,#10441,#10468,
    #10495,#10522,#10549,#10576,#10603,#10630,#10657,#10684,#10711,
    #10738,#10765,#10792,#10819,#10846,#10873,#10900,#10927,#10954,
    #10981,#11008,#11035,#11062,#11089,#11116,#11143,#11170,#11197,
    #11224,#11251,#11276,#11350,#11397,#11444,#11491,#11516,#11590,
    #11637,#11684,#11731,#11778,#11803,#11877,#11924,#11971,#12018,
    #12065,#12112,#12159,#12206,#12253,#12300,#12347,#12394,#12441,
    #12488,#12513,#12587,#12634,#12681,#12728,#12753,#12827,#12874,
    #12921,#12946,#13020,#13067,#13092,#13166,#13213,#13260,#13307,
    #13354,#13401,#13448,#13495,#13542,#13589,#13636,#13683,#13708,
    #13782,#13829,#13876,#13923,#13948,#14003,#14058,#14134,#14183,
    #14232,#14330,#14421,#14470,#14519,#14568,#14617,#14644,#14652,
    #14661,#14679,#14687,#14694,#14700,#14716,#14724,#14728,#14732,
    #14745,#14817,#14844,#14871,#14878));
#17 = ADVANCED_FACE('',(#18),#33,.T.);
#18 = FACE_BOUND('',#19,.T.);
#19 = EDGE_LOOP('',(#20,#56,#85,#114,#140,#166,#192,#218,#244,#270,#296,
    #322,#348,#374,#400,#426,#452,#478,#504,#530,#556,#582,#608,#634,
    #660,#686,#712,#738,#764,#790,#816,#842,#868,#894,#920,#946,#972,
    #998,#1024,#1050,#1076,#1102,#1128,#1154,#1180,#1206,#1232,#1258,
    #1284,#1310,#1336,#1362,#1388,#1414,#1440,#1466,#1492,#1518,#1544));
#20 = ORIENTED_EDGE('',*,*,#21,.F.);
#21 = EDGE_CURVE('',#22,#24,#26,.T.);
#22 = VERTEX_POINT('',#23);
#23 = CARTESIAN_POINT('',(11.670433789954,0.831249152957,12.3204));
#24 = VERTEX_POINT('',#25);
#25 = CARTESIAN_POINT('',(9.986445971397,0.530625700436,12.3204));
#26 = SURFACE_CURVE('',#27,(#32,#44),.PCURVE_S1.);
#27 = CIRCLE('',#28,1.1);
#28 = AXIS2_PLACEMENT_3D('',#29,#30,#31);
#29 = CARTESIAN_POINT('',(10.95,0.,12.3204));
#30 = DIRECTION('',(0.,0.,1.));
#31 = DIRECTION('',(1.,0.,-0.));
#32 = PCURVE('',#33,#38);
#33 = PLANE('',#34);
#34 = AXIS2_PLACEMENT_3D('',#35,#36,#37);
#35 = CARTESIAN_POINT('',(0.,0.,12.3204));
#36 = DIRECTION('',(0.,0.,1.));
#37 = DIRECTION('',(1.,0.,-0.));
#38 = DEFINITIONAL_REPRESENTATION('',(#39),#43);
#39 = CIRCLE('',#40,1.1);
#40 = AXIS2_PLACEMENT_2D('',#41,#42);
#41 = CARTESIAN_POINT('',(10.95,0.));
#42 = DIRECTION('',(1.,0.));
#43 = ( GEOMETRIC_REPRESENTATION_CONTEXT(2) 
PARAMETRIC_REPRESENTATION_CONTEXT() REPRESENTATION_CONTEXT('2D SPACE',''
  ) );
#44 = PCURVE('',#45,#50);
#45 = CYLINDRICAL_SURFACE('',#46,1.1);
#46 = AXIS2_PLACEMENT_3D('',#47,#48,#49);
#47 = CARTESIAN_POINT('',(10.95,0.,11.2204));
#48 = DIRECTION('',(0.,0.,1.));
#49 = DIRECTION('',(1.,0.,-0.));
#50 = DEFINITIONAL_REPRESENTATION('',(#51),#55);
#51 = LINE('',#52,#53);
#52 = CARTESIAN_POINT('',(0.,1.1));
#53 = VECTOR('',#54,1.);
#54 = DIRECTION('',(1.,0.));
#55 = ( GEOMETRIC_REPRESENTATION_CONTEXT(2) 
PARAMETRIC_REPRESENTATION_CONTEXT() REPRESENTATION_CONTEXT('2D SPACE',''
  ) );
#56 = ORIENTED_EDGE('',*,*,#57,.T.);
#57 = EDGE_CURVE('',#22,#58,#60,.T.);
#58 = VERTEX_POINT('',#59);
#59 = CARTESIAN_POINT('',(-11.67043378995,0.831249152957,12.3204));
#60 = SURFACE_CURVE('',#61,(#66,#73),.PCURVE_S1.);
#61 = CIRCLE('',#62,11.7);
#62 = AXIS2_PLACEMENT_3D('',#63,#64,#65);
#63 = CARTESIAN_POINT('',(0.,0.,12.3204));
#64 = DIRECTION('',(0.,0.,1.));
#65 = DIRECTION('',(1.,0.,-0.));
#66 = PCURVE('',#33,#67);
#67 = DEFINITIONAL_REPRESENTATION('',(#68),#72);
#68 = CIRCLE('',#69,11.7);
#69 = AXIS2_PLACEMENT_2D('',#70,#71);
#70 = CARTESIAN_POINT('',(0.,0.));
#71 = DIRECTION('',(1.,0.));
#72 = ( GEOMETRIC_REPRESENTATION_CONTEXT(2) 
PARAMETRIC_REPRESENTATION_CONTEXT() REPRESENTATION_CONTEXT('2D SPACE',''
  ) );
#73 = PCURVE('',#74,#79);
#74 = CYLINDRICAL_SURFACE('',#75,11.7);
#75 = AXIS2_PLACEMENT_3D('',#76,#77,#78);
#76 = CARTESIAN_POINT('',(0.,0.,10.6204));
#77 = DIRECTION('',(0.,0.,1.));
#78 = DIRECTION('',(1.,0.,-0.));
#79 = DEFINITIONAL_REPRESENTATION('',(#80),#84);
#80 = LINE('',#81,#82);
#81 = CARTESIAN_POINT('',(0.,1.7));
#82 = VECTOR('',#83,1.);
#83 = DIRECTION('',(1.,0.));
#84 = ( GEOMETRIC_REPRESENTATION_CONTEXT(2) 
PARAMETRIC_REPRESENTATION_CONTEXT() REPRESENTATION_CONTEXT('2D SPACE',''
  ) );
#85 = ORIENTED_EDGE('',*,*,#86,.F.);
#86 = EDGE_CURVE('',#87,#58,#89,.T.);
#87 = VERTEX_POINT('',#88);
#88 = CARTESIAN_POINT('',(-10.6550625644,1.059722562316,12.3204));
#89 = SURFACE_CURVE('',#90,(#95,#102),.PCURVE_S1.);
#90 = CIRCLE('',#91,1.1);
#91 = AXIS2_PLACEMENT_3D('',#92,#93,#94);
#92 = CARTESIAN_POINT('',(-10.95,1.340988245066E-15,12.3204));
#93 = DIRECTION('',(0.,0.,1.));
#94 = DIRECTION('',(1.,0.,-0.));
#95 = PCURVE('',#33,#96);
#96 = DEFINITIONAL_REPRESENTATION('',(#97),#101);
#97 = CIRCLE('',#98,1.1);
#98 = AXIS2_PLACEMENT_2D('',#99,#100);
#99 = CARTESIAN_POINT('',(-10.95,1.340988245066E-15));
#100 = DIRECTION('',(1.,0.));
#101 = ( GEOMETRIC_REPRESENTATION_CONTEXT(2) 
PARAMETRIC_REPRESENTATION_CONTEXT() REPRESENTATION_CONTEXT('2D SPACE',''
  ) );
#102 = PCURVE('',#103,#108);
#103 = CYLINDRICAL_SURFACE('',#104,1.1);
#104 = AXIS2_PLACEMENT_3D('',#105,#106,#107);
#105 = CARTESIAN_POINT('',(-10.95,1.340988245066E-15,11.2204));
#106 = DIRECTION('',(0.,0.,1.));
#107 = DIRECTION('',(1.,0.,-0.));
#108 = DEFINITIONAL_REPRESENTATION('',(#109),#113);
#109 = LINE('',#110,#111);
#110 = CARTESIAN_POINT('',(6.28318530718,1.1));
#111 = VECTOR('',#112,1.);
#112 = DIRECTION('',(1.,0.));
#113 = ( GEOMETRIC_REPRESENTATION_CONTEXT(2) 
PARAMETRIC_REPRESENTATION_CONTEXT() REPRESENTATION_CONTEXT('2D SPACE',''
  ) );
#114 = ORIENTED_EDGE('',*,*,#115,.T.);
#115 = EDGE_CURVE('',#87,#116,#118,.T.);
#116 = VERTEX_POINT('',#117);
#117 = CARTESIAN_POINT('',(-10.62618224107,1.610912467973,12.3204));
#118 = SURFACE_CURVE('',#119,(#123,#129),.PCURVE_S1.);
#119 = LINE('',#120,#121);
#120 = CARTESIAN_POINT('',(-10.65372314976,1.085285705066,12.3204));
#121 = VECTOR('',#122,1.);
#122 = DIRECTION('',(5.232454516874E-02,0.998630132718,-0.));
#123 = PCURVE('',#33,#124);
#124 = DEFINITIONAL_REPRESENTATION('',(#125),#128);
#125 = B_SPLINE_CURVE_WITH_KNOTS('',1,(#126,#127),.UNSPECIFIED.,.F.,.F.,
  (2,2),(-1.473649210475,0.526347789522),.PIECEWISE_BEZIER_KNOTS.);
#126 = CARTESIAN_POINT('',(-10.73083117443,-0.386344801571));
#127 = CARTESIAN_POINT('',(-10.62618224107,1.610912467973));
#128 = ( GEOMETRIC_REPRESENTATION_CONTEXT(2) 
PARAMETRIC_REPRESENTATION_CONTEXT() REPRESENTATION_CONTEXT('2D SPACE',''
  ) );
#129 = PCURVE('',#130,#135);
#130 = PLANE('',#131);
#131 = AXIS2_PLACEMENT_3D('',#132,#133,#134);
#132 = CARTESIAN_POINT('',(-10.62618224107,1.610912467973,12.2704));
#133 = DIRECTION('',(0.998630132718,-5.232454516874E-02,0.));
#134 = DIRECTION('',(-5.232454516874E-02,-0.998630132718,0.));
#135 = DEFINITIONAL_REPRESENTATION('',(#136),#139);
#136 = B_SPLINE_CURVE_WITH_KNOTS('',1,(#137,#138),.UNSPECIFIED.,.F.,.F.,
  (2,2),(-1.473649210475,0.526347789522),.PIECEWISE_BEZIER_KNOTS.);
#137 = CARTESIAN_POINT('',(1.999996999998,-5.E-02));
#138 = CARTESIAN_POINT('',(0.,-5.E-02));
#139 = ( GEOMETRIC_REPRESENTATION_CONTEXT(2) 
PARAMETRIC_REPRESENTATION_CONTEXT() REPRESENTATION_CONTEXT('2D SPACE',''
  ) );
#140 = ORIENTED_EDGE('',*,*,#141,.T.);
#141 = EDGE_CURVE('',#116,#142,#144,.T.);
#142 = VERTEX_POINT('',#143);
#143 = CARTESIAN_POINT('',(-10.47196714551,1.602820848778,12.3204));
#144 = SURFACE_CURVE('',#145,(#149,#155),.PCURVE_S1.);
#145 = LINE('',#146,#147);
#146 = CARTESIAN_POINT('',(-5.208424706908,1.326644376731,12.3204));
#147 = VECTOR('',#148,1.);
#148 = DIRECTION('',(0.998626301262,-5.239761852273E-02,0.));
#149 = PCURVE('',#33,#150);
#150 = DEFINITIONAL_REPRESENTATION('',(#151),#154);
#151 = B_SPLINE_CURVE_WITH_KNOTS('',1,(#152,#153),.UNSPECIFIED.,.F.,.F.,
  (2,2),(-5.425210138485,-5.270782906431),.PIECEWISE_BEZIER_KNOTS.);
#152 = CARTESIAN_POINT('',(-10.62618224107,1.610912467973));
#153 = CARTESIAN_POINT('',(-10.47196714551,1.602820848778));
#154 = ( GEOMETRIC_REPRESENTATION_CONTEXT(2) 
PARAMETRIC_REPRESENTATION_CONTEXT() REPRESENTATION_CONTEXT('2D SPACE',''
  ) );
#155 = PCURVE('',#156,#161);
#156 = PLANE('',#157);
#157 = AXIS2_PLACEMENT_3D('',#158,#159,#160);
#158 = CARTESIAN_POINT('',(-10.47196714551,1.602820848778,12.2704));
#159 = DIRECTION('',(-5.239761852273E-02,-0.998626301262,0.));
#160 = DIRECTION('',(-0.998626301262,5.239761852273E-02,0.));
#161 = DEFINITIONAL_REPRESENTATION('',(#162),#165);
#162 = B_SPLINE_CURVE_WITH_KNOTS('',1,(#163,#164),.UNSPECIFIED.,.F.,.F.,
  (2,2),(-5.425210138485,-5.270782906431),.PIECEWISE_BEZIER_KNOTS.);
#163 = CARTESIAN_POINT('',(0.154427232054,-5.E-02));
#164 = CARTESIAN_POINT('',(0.,-5.E-02));
#165 = ( GEOMETRIC_REPRESENTATION_CONTEXT(2) 
PARAMETRIC_REPRESENTATION_CONTEXT() REPRESENTATION_CONTEXT('2D SPACE',''
  ) );
#166 = ORIENTED_EDGE('',*,*,#167,.T.);
#167 = EDGE_CURVE('',#142,#168,#170,.T.);
#168 = VERTEX_POINT('',#169);
#169 = CARTESIAN_POINT('',(-10.2236187881,2.776372821794,12.3204));
#170 = SURFACE_CURVE('',#171,(#175,#181),.PCURVE_S1.);
#171 = LINE('',#172,#173);
#172 = CARTESIAN_POINT('',(-10.28568415626,2.483087470418,12.3204));
#173 = VECTOR('',#174,1.);
#174 = DIRECTION('',(0.207035973875,0.978333330477,-0.));
#175 = PCURVE('',#33,#176);
#176 = DEFINITIONAL_REPRESENTATION('',(#177),#180);
#177 = B_SPLINE_CURVE_WITH_KNOTS('',1,(#178,#179),.UNSPECIFIED.,.F.,.F.,
  (2,2),(-0.899761455752,0.299780598534),.PIECEWISE_BEZIER_KNOTS.);
#178 = CARTESIAN_POINT('',(-10.47196714551,1.602820848778));
#179 = CARTESIAN_POINT('',(-10.2236187881,2.776372821794));
#180 = ( GEOMETRIC_REPRESENTATION_CONTEXT(2) 
PARAMETRIC_REPRESENTATION_CONTEXT() REPRESENTATION_CONTEXT('2D SPACE',''
  ) );
#181 = PCURVE('',#182,#187);
#182 = PLANE('',#183);
#183 = AXIS2_PLACEMENT_3D('',#184,#185,#186);
#184 = CARTESIAN_POINT('',(-10.2236187881,2.776372821794,12.2704));
#185 = DIRECTION('',(0.978333330477,-0.207035973875,0.));
#186 = DIRECTION('',(-0.207035973875,-0.978333330477,0.));
#187 = DEFINITIONAL_REPRESENTATION('',(#188),#191);
#188 = B_SPLINE_CURVE_WITH_KNOTS('',1,(#189,#190),.UNSPECIFIED.,.F.,.F.,
  (2,2),(-0.899761455752,0.299780598534),.PIECEWISE_BEZIER_KNOTS.);
#189 = CARTESIAN_POINT('',(1.199542054286,-5.E-02));
#190 = CARTESIAN_POINT('',(0.,-5.E-02));
#191 = ( GEOMETRIC_REPRESENTATION_CONTEXT(2) 
PARAMETRIC_REPRESENTATION_CONTEXT() REPRESENTATION_CONTEXT('2D SPACE',''
  ) );
#192 = ORIENTED_EDGE('',*,*,#193,.T.);
#193 = EDGE_CURVE('',#168,#194,#196,.T.);
#194 = VERTEX_POINT('',#195);
#195 = CARTESIAN_POINT('',(-9.958760986875,3.612919990297,12.3204));
#196 = SURFACE_CURVE('',#197,(#201,#207),.PCURVE_S1.);
#197 = LINE('',#198,#199);
#198 = CARTESIAN_POINT('',(-10.02493106952,3.403923332384,12.3204));
#199 = VECTOR('',#200,1.);
#200 = DIRECTION('',(0.301841156482,0.95335823081,-0.));
#201 = PCURVE('',#33,#202);
#202 = DEFINITIONAL_REPRESENTATION('',(#203),#206);
#203 = B_SPLINE_CURVE_WITH_KNOTS('',1,(#204,#205),.UNSPECIFIED.,.F.,.F.,
  (2,2),(-0.658252575275,0.219221538303),.PIECEWISE_BEZIER_KNOTS.);
#204 = CARTESIAN_POINT('',(-10.2236187881,2.776372821794));
#205 = CARTESIAN_POINT('',(-9.958760986875,3.612919990297));
#206 = ( GEOMETRIC_REPRESENTATION_CONTEXT(2) 
PARAMETRIC_REPRESENTATION_CONTEXT() REPRESENTATION_CONTEXT('2D SPACE',''
  ) );
#207 = PCURVE('',#208,#213);
#208 = PLANE('',#209);
#209 = AXIS2_PLACEMENT_3D('',#210,#211,#212);
#210 = CARTESIAN_POINT('',(-9.958760986875,3.612919990297,12.2704));
#211 = DIRECTION('',(0.95335823081,-0.301841156482,0.));
#212 = DIRECTION('',(-0.301841156482,-0.95335823081,0.));
#213 = DEFINITIONAL_REPRESENTATION('',(#214),#217);
#214 = B_SPLINE_CURVE_WITH_KNOTS('',1,(#215,#216),.UNSPECIFIED.,.F.,.F.,
  (2,2),(-0.658252575275,0.219221538303),.PIECEWISE_BEZIER_KNOTS.);
#215 = CARTESIAN_POINT('',(0.877474113578,-5.E-02));
#216 = CARTESIAN_POINT('',(0.,-5.E-02));
#217 = ( GEOMETRIC_REPRESENTATION_CONTEXT(2) 
PARAMETRIC_REPRESENTATION_CONTEXT() REPRESENTATION_CONTEXT('2D SPACE',''
  ) );
#218 = ORIENTED_EDGE('',*,*,#219,.T.);
#219 = EDGE_CURVE('',#194,#220,#222,.T.);
#220 = VERTEX_POINT('',#221);
#221 = CARTESIAN_POINT('',(-9.62558236928,4.424802283968,12.3204));
#222 = SURFACE_CURVE('',#223,(#227,#233),.PCURVE_S1.);
#223 = LINE('',#224,#225);
#224 = CARTESIAN_POINT('',(-9.708941909641,4.221673597871,12.3204));
#225 = VECTOR('',#226,1.);
#226 = DIRECTION('',(0.379652621346,0.925129119153,-0.));
#227 = PCURVE('',#33,#228);
#228 = DEFINITIONAL_REPRESENTATION('',(#229),#232);
#229 = B_SPLINE_CURVE_WITH_KNOTS('',1,(#230,#231),.UNSPECIFIED.,.F.,.F.,
  (2,2),(-0.658020156291,0.219567930456),.PIECEWISE_BEZIER_KNOTS.);
#230 = CARTESIAN_POINT('',(-9.958760986875,3.612919990297));
#231 = CARTESIAN_POINT('',(-9.62558236928,4.424802283968));
#232 = ( GEOMETRIC_REPRESENTATION_CONTEXT(2) 
PARAMETRIC_REPRESENTATION_CONTEXT() REPRESENTATION_CONTEXT('2D SPACE',''
  ) );
#233 = PCURVE('',#234,#239);
#234 = PLANE('',#235);
#235 = AXIS2_PLACEMENT_3D('',#236,#237,#238);
#236 = CARTESIAN_POINT('',(-9.62558236928,4.424802283968,12.2704));
#237 = DIRECTION('',(0.925129119153,-0.379652621346,0.));
#238 = DIRECTION('',(-0.379652621346,-0.925129119153,0.));
#239 = DEFINITIONAL_REPRESENTATION('',(#240),#243);
#240 = B_SPLINE_CURVE_WITH_KNOTS('',1,(#241,#242),.UNSPECIFIED.,.F.,.F.,
  (2,2),(-0.658020156291,0.219567930456),.PIECEWISE_BEZIER_KNOTS.);
#241 = CARTESIAN_POINT('',(0.877588086747,-5.E-02));
#242 = CARTESIAN_POINT('',(0.,-5.E-02));
#243 = ( GEOMETRIC_REPRESENTATION_CONTEXT(2) 
PARAMETRIC_REPRESENTATION_CONTEXT() REPRESENTATION_CONTEXT('2D SPACE',''
  ) );
#244 = ORIENTED_EDGE('',*,*,#245,.T.);
#245 = EDGE_CURVE('',#220,#246,#248,.T.);
#246 = VERTEX_POINT('',#247);
#247 = CARTESIAN_POINT('',(-9.22640351245,5.206200345305,12.3204));
#248 = SURFACE_CURVE('',#249,(#253,#259),.PCURVE_S1.);
#249 = LINE('',#250,#251);
#250 = CARTESIAN_POINT('',(-9.32624133819,5.010766438556,12.3204));
#251 = VECTOR('',#252,1.);
#252 = DIRECTION('',(0.454928183218,0.890528128761,-0.));
#253 = PCURVE('',#33,#254);
#254 = DEFINITIONAL_REPRESENTATION('',(#255),#258);
#255 = B_SPLINE_CURVE_WITH_KNOTS('',1,(#256,#257),.UNSPECIFIED.,.F.,.F.,
  (2,2),(-0.657996233542,0.219458431954),.PIECEWISE_BEZIER_KNOTS.);
#256 = CARTESIAN_POINT('',(-9.62558236928,4.424802283968));
#257 = CARTESIAN_POINT('',(-9.22640351245,5.206200345305));
#258 = ( GEOMETRIC_REPRESENTATION_CONTEXT(2) 
PARAMETRIC_REPRESENTATION_CONTEXT() REPRESENTATION_CONTEXT('2D SPACE',''
  ) );
#259 = PCURVE('',#260,#265);
#260 = PLANE('',#261);
#261 = AXIS2_PLACEMENT_3D('',#262,#263,#264);
#262 = CARTESIAN_POINT('',(-9.22640351245,5.206200345305,12.2704));
#263 = DIRECTION('',(0.890528128761,-0.454928183218,0.));
#264 = DIRECTION('',(-0.454928183218,-0.890528128761,0.));
#265 = DEFINITIONAL_REPRESENTATION('',(#266),#269);
#266 = B_SPLINE_CURVE_WITH_KNOTS('',1,(#267,#268),.UNSPECIFIED.,.F.,.F.,
  (2,2),(-0.657996233542,0.219458431954),.PIECEWISE_BEZIER_KNOTS.);
#267 = CARTESIAN_POINT('',(0.877454665496,-5.E-02));
#268 = CARTESIAN_POINT('',(0.,-5.E-02));
#269 = ( GEOMETRIC_REPRESENTATION_CONTEXT(2) 
PARAMETRIC_REPRESENTATION_CONTEXT() REPRESENTATION_CONTEXT('2D SPACE',''
  ) );
#270 = ORIENTED_EDGE('',*,*,#271,.T.);
#271 = EDGE_CURVE('',#246,#272,#274,.T.);
#272 = VERTEX_POINT('',#273);
#273 = CARTESIAN_POINT('',(-8.763864608765,5.951941226964,12.3204));
#274 = SURFACE_CURVE('',#275,(#279,#285),.PCURVE_S1.);
#275 = LINE('',#276,#277);
#276 = CARTESIAN_POINT('',(-8.879481831922,5.765534225855,12.3204));
#277 = VECTOR('',#278,1.);
#278 = DIRECTION('',(0.52708746119,0.849811042677,-0.));
#279 = PCURVE('',#33,#280);
#280 = DEFINITIONAL_REPRESENTATION('',(#281),#284);
#281 = B_SPLINE_CURVE_WITH_KNOTS('',1,(#282,#283),.UNSPECIFIED.,.F.,.F.,
  (2,2),(-0.658186176057,0.219351116598),.PIECEWISE_BEZIER_KNOTS.);
#282 = CARTESIAN_POINT('',(-9.22640351245,5.206200345305));
#283 = CARTESIAN_POINT('',(-8.763864608765,5.951941226964));
#284 = ( GEOMETRIC_REPRESENTATION_CONTEXT(2) 
PARAMETRIC_REPRESENTATION_CONTEXT() REPRESENTATION_CONTEXT('2D SPACE',''
  ) );
#285 = PCURVE('',#286,#291);
#286 = PLANE('',#287);
#287 = AXIS2_PLACEMENT_3D('',#288,#289,#290);
#288 = CARTESIAN_POINT('',(-8.763864608765,5.951941226964,12.2704));
#289 = DIRECTION('',(0.849811042677,-0.52708746119,0.));
#290 = DIRECTION('',(-0.52708746119,-0.849811042677,0.));
#291 = DEFINITIONAL_REPRESENTATION('',(#292),#295);
#292 = B_SPLINE_CURVE_WITH_KNOTS('',1,(#293,#294),.UNSPECIFIED.,.F.,.F.,
  (2,2),(-0.658186176057,0.219351116598),.PIECEWISE_BEZIER_KNOTS.);
#293 = CARTESIAN_POINT('',(0.877537292655,-5.E-02));
#294 = CARTESIAN_POINT('',(0.,-5.E-02));
#295 = ( GEOMETRIC_REPRESENTATION_CONTEXT(2) 
PARAMETRIC_REPRESENTATION_CONTEXT() REPRESENTATION_CONTEXT('2D SPACE',''
  ) );
#296 = ORIENTED_EDGE('',*,*,#297,.T.);
#297 = EDGE_CURVE('',#272,#298,#300,.T.);
#298 = VERTEX_POINT('',#299);
#299 = CARTESIAN_POINT('',(-8.241188863306,6.656842173983,12.3204));
#300 = SURFACE_CURVE('',#301,(#305,#311),.PCURVE_S1.);
#301 = LINE('',#302,#303);
#302 = CARTESIAN_POINT('',(-8.371826299658,6.480659419378,12.3204));
#303 = VECTOR('',#304,1.);
#304 = DIRECTION('',(0.595615177725,0.803269917315,-0.));
#305 = PCURVE('',#33,#306);
#306 = DEFINITIONAL_REPRESENTATION('',(#307),#310);
#307 = B_SPLINE_CURVE_WITH_KNOTS('',1,(#308,#309),.UNSPECIFIED.,.F.,.F.,
  (2,2),(-0.658207385857,0.219331946595),.PIECEWISE_BEZIER_KNOTS.);
#308 = CARTESIAN_POINT('',(-8.763864608765,5.951941226964));
#309 = CARTESIAN_POINT('',(-8.241188863306,6.656842173983));
#310 = ( GEOMETRIC_REPRESENTATION_CONTEXT(2) 
PARAMETRIC_REPRESENTATION_CONTEXT() REPRESENTATION_CONTEXT('2D SPACE',''
  ) );
#311 = PCURVE('',#312,#317);
#312 = PLANE('',#313);
#313 = AXIS2_PLACEMENT_3D('',#314,#315,#316);
#314 = CARTESIAN_POINT('',(-8.241188863306,6.656842173983,12.2704));
#315 = DIRECTION('',(0.803269917315,-0.595615177725,0.));
#316 = DIRECTION('',(-0.595615177725,-0.803269917315,0.));
#317 = DEFINITIONAL_REPRESENTATION('',(#318),#321);
#318 = B_SPLINE_CURVE_WITH_KNOTS('',1,(#319,#320),.UNSPECIFIED.,.F.,.F.,
  (2,2),(-0.658207385857,0.219331946595),.PIECEWISE_BEZIER_KNOTS.);
#319 = CARTESIAN_POINT('',(0.877539332452,-5.E-02));
#320 = CARTESIAN_POINT('',(0.,-5.E-02));
#321 = ( GEOMETRIC_REPRESENTATION_CONTEXT(2) 
PARAMETRIC_REPRESENTATION_CONTEXT() REPRESENTATION_CONTEXT('2D SPACE',''
  ) );
#322 = ORIENTED_EDGE('',*,*,#323,.T.);
#323 = EDGE_CURVE('',#298,#324,#326,.T.);
#324 = VERTEX_POINT('',#325);
#325 = CARTESIAN_POINT('',(-7.661982493855,7.31605703394,12.3204));
#326 = SURFACE_CURVE('',#327,(#331,#337),.PCURVE_S1.);
#327 = LINE('',#328,#329);
#328 = CARTESIAN_POINT('',(-7.806769917162,7.151269445244,12.3204));
#329 = VECTOR('',#330,1.);
#330 = DIRECTION('',(0.660047952126,0.751223469345,-0.));
#331 = PCURVE('',#33,#332);
#332 = DEFINITIONAL_REPRESENTATION('',(#333),#336);
#333 = B_SPLINE_CURVE_WITH_KNOTS('',1,(#334,#335),.UNSPECIFIED.,.F.,.F.,
  (2,2),(-0.658162705823,0.219358946332),.PIECEWISE_BEZIER_KNOTS.);
#334 = CARTESIAN_POINT('',(-8.241188863306,6.656842173983));
#335 = CARTESIAN_POINT('',(-7.661982493855,7.31605703394));
#336 = ( GEOMETRIC_REPRESENTATION_CONTEXT(2) 
PARAMETRIC_REPRESENTATION_CONTEXT() REPRESENTATION_CONTEXT('2D SPACE',''
  ) );
#337 = PCURVE('',#338,#343);
#338 = PLANE('',#339);
#339 = AXIS2_PLACEMENT_3D('',#340,#341,#342);
#340 = CARTESIAN_POINT('',(-7.661982493855,7.31605703394,12.2704));
#341 = DIRECTION('',(0.751223469345,-0.660047952126,0.));
#342 = DIRECTION('',(-0.660047952126,-0.751223469345,0.));
#343 = DEFINITIONAL_REPRESENTATION('',(#344),#347);
#344 = B_SPLINE_CURVE_WITH_KNOTS('',1,(#345,#346),.UNSPECIFIED.,.F.,.F.,
  (2,2),(-0.658162705823,0.219358946332),.PIECEWISE_BEZIER_KNOTS.);
#345 = CARTESIAN_POINT('',(0.877521652155,-5.E-02));
#346 = CARTESIAN_POINT('',(0.,-5.E-02));
#347 = ( GEOMETRIC_REPRESENTATION_CONTEXT(2) 
PARAMETRIC_REPRESENTATION_CONTEXT() REPRESENTATION_CONTEXT('2D SPACE',''
  ) );
#348 = ORIENTED_EDGE('',*,*,#349,.T.);
#349 = EDGE_CURVE('',#324,#350,#352,.T.);
#350 = VERTEX_POINT('',#351);
#351 = CARTESIAN_POINT('',(-7.030234730897,7.925076256951,12.3204));
#352 = SURFACE_CURVE('',#353,(#357,#363),.PCURVE_S1.);
#353 = LINE('',#354,#355);
#354 = CARTESIAN_POINT('',(-7.188247109168,7.772748727701,12.3204));
#355 = VECTOR('',#356,1.);
#356 = DIRECTION('',(0.719938881147,0.694037468306,-0.));
#357 = PCURVE('',#33,#358);
#358 = DEFINITIONAL_REPRESENTATION('',(#359),#362);
#359 = B_SPLINE_CURVE_WITH_KNOTS('',1,(#360,#361),.UNSPECIFIED.,.F.,.F.,
  (2,2),(-0.658021669745,0.219480267574),.PIECEWISE_BEZIER_KNOTS.);
#360 = CARTESIAN_POINT('',(-7.661982493855,7.31605703394));
#361 = CARTESIAN_POINT('',(-7.030234730897,7.925076256951));
#362 = ( GEOMETRIC_REPRESENTATION_CONTEXT(2) 
PARAMETRIC_REPRESENTATION_CONTEXT() REPRESENTATION_CONTEXT('2D SPACE',''
  ) );
#363 = PCURVE('',#364,#369);
#364 = PLANE('',#365);
#365 = AXIS2_PLACEMENT_3D('',#366,#367,#368);
#366 = CARTESIAN_POINT('',(-7.030234730897,7.925076256951,12.2704));
#367 = DIRECTION('',(0.694037468306,-0.719938881147,0.));
#368 = DIRECTION('',(-0.719938881147,-0.694037468306,0.));
#369 = DEFINITIONAL_REPRESENTATION('',(#370),#373);
#370 = B_SPLINE_CURVE_WITH_KNOTS('',1,(#371,#372),.UNSPECIFIED.,.F.,.F.,
  (2,2),(-0.658021669745,0.219480267574),.PIECEWISE_BEZIER_KNOTS.);
#371 = CARTESIAN_POINT('',(0.87750193732,-5.E-02));
#372 = CARTESIAN_POINT('',(0.,-5.E-02));
#373 = ( GEOMETRIC_REPRESENTATION_CONTEXT(2) 
PARAMETRIC_REPRESENTATION_CONTEXT() REPRESENTATION_CONTEXT('2D SPACE',''
  ) );
#374 = ORIENTED_EDGE('',*,*,#375,.T.);
#375 = EDGE_CURVE('',#350,#376,#378,.T.);
#376 = VERTEX_POINT('',#377);
#377 = CARTESIAN_POINT('',(-6.350231215078,8.479676895675,12.3204));
#378 = SURFACE_CURVE('',#379,(#383,#389),.PCURVE_S1.);
#379 = LINE('',#380,#381);
#380 = CARTESIAN_POINT('',(-6.520082554693,8.341148698031,12.3204));
#381 = VECTOR('',#382,1.);
#382 = DIRECTION('',(0.774942644449,0.632031563938,-0.));
#383 = PCURVE('',#33,#384);
#384 = DEFINITIONAL_REPRESENTATION('',(#385),#388);
#385 = B_SPLINE_CURVE_WITH_KNOTS('',1,(#386,#387),.UNSPECIFIED.,.F.,.F.,
  (2,2),(-0.658309592146,0.219179239692),.PIECEWISE_BEZIER_KNOTS.);
#386 = CARTESIAN_POINT('',(-7.030234730897,7.925076256951));
#387 = CARTESIAN_POINT('',(-6.350231215078,8.479676895675));
#388 = ( GEOMETRIC_REPRESENTATION_CONTEXT(2) 
PARAMETRIC_REPRESENTATION_CONTEXT() REPRESENTATION_CONTEXT('2D SPACE',''
  ) );
#389 = PCURVE('',#390,#395);
#390 = PLANE('',#391);
#391 = AXIS2_PLACEMENT_3D('',#392,#393,#394);
#392 = CARTESIAN_POINT('',(-6.350231215078,8.479676895675,12.2704));
#393 = DIRECTION('',(0.632031563938,-0.774942644449,0.));
#394 = DIRECTION('',(-0.774942644449,-0.632031563938,0.));
#395 = DEFINITIONAL_REPRESENTATION('',(#396),#399);
#396 = B_SPLINE_CURVE_WITH_KNOTS('',1,(#397,#398),.UNSPECIFIED.,.F.,.F.,
  (2,2),(-0.658309592146,0.219179239692),.PIECEWISE_BEZIER_KNOTS.);
#397 = CARTESIAN_POINT('',(0.877488831838,-5.E-02));
#398 = CARTESIAN_POINT('',(0.,-5.E-02));
#399 = ( GEOMETRIC_REPRESENTATION_CONTEXT(2) 
PARAMETRIC_REPRESENTATION_CONTEXT() REPRESENTATION_CONTEXT('2D SPACE',''
  ) );
#400 = ORIENTED_EDGE('',*,*,#401,.T.);
#401 = EDGE_CURVE('',#376,#402,#404,.T.);
#402 = VERTEX_POINT('',#403);
#403 = CARTESIAN_POINT('',(-5.626677202286,8.976109207852,12.3204));
#404 = SURFACE_CURVE('',#405,(#409,#415),.PCURVE_S1.);
#405 = LINE('',#406,#407);
#406 = CARTESIAN_POINT('',(-5.807489614776,8.852053335843,12.3204));
#407 = VECTOR('',#408,1.);
#408 = DIRECTION('',(0.824579469161,0.565746143635,-0.));
#409 = PCURVE('',#33,#410);
#410 = DEFINITIONAL_REPRESENTATION('',(#411),#414);
#411 = B_SPLINE_CURVE_WITH_KNOTS('',1,(#412,#413),.UNSPECIFIED.,.F.,.F.,
  (2,2),(-0.658204115674,0.219278334293),.PIECEWISE_BEZIER_KNOTS.);
#412 = CARTESIAN_POINT('',(-6.350231215078,8.479676895675));
#413 = CARTESIAN_POINT('',(-5.626677202286,8.976109207852));
#414 = ( GEOMETRIC_REPRESENTATION_CONTEXT(2) 
PARAMETRIC_REPRESENTATION_CONTEXT() REPRESENTATION_CONTEXT('2D SPACE',''
  ) );
#415 = PCURVE('',#416,#421);
#416 = PLANE('',#417);
#417 = AXIS2_PLACEMENT_3D('',#418,#419,#420);
#418 = CARTESIAN_POINT('',(-5.626677202286,8.976109207852,12.2704));
#419 = DIRECTION('',(0.565746143635,-0.824579469161,0.));
#420 = DIRECTION('',(-0.824579469161,-0.565746143635,0.));
#421 = DEFINITIONAL_REPRESENTATION('',(#422),#425);
#422 = B_SPLINE_CURVE_WITH_KNOTS('',1,(#423,#424),.UNSPECIFIED.,.F.,.F.,
  (2,2),(-0.658204115674,0.219278334293),.PIECEWISE_BEZIER_KNOTS.);
#423 = CARTESIAN_POINT('',(0.877482449967,-5.E-02));
#424 = CARTESIAN_POINT('',(0.,-5.E-02));
#425 = ( GEOMETRIC_REPRESENTATION_CONTEXT(2) 
PARAMETRIC_REPRESENTATION_CONTEXT() REPRESENTATION_CONTEXT('2D SPACE',''
  ) );
#426 = ORIENTED_EDGE('',*,*,#427,.T.);
#427 = EDGE_CURVE('',#402,#428,#430,.T.);
#428 = VERTEX_POINT('',#429);
#429 = CARTESIAN_POINT('',(-4.864524358571,9.410996656299,12.3204));
#430 = SURFACE_CURVE('',#431,(#435,#441),.PCURVE_S1.);
#431 = LINE('',#432,#433);
#432 = CARTESIAN_POINT('',(-5.055167105141,9.302215145734,12.3204));
#433 = VECTOR('',#434,1.);
#434 = DIRECTION('',(0.868551490027,0.495598939842,-0.));
#435 = PCURVE('',#33,#436);
#436 = DEFINITIONAL_REPRESENTATION('',(#437),#440);
#437 = B_SPLINE_CURVE_WITH_KNOTS('',1,(#438,#439),.UNSPECIFIED.,.F.,.F.,
  (2,2),(-0.658003703531,0.219495042907),.PIECEWISE_BEZIER_KNOTS.);
#438 = CARTESIAN_POINT('',(-5.626677202286,8.976109207852));
#439 = CARTESIAN_POINT('',(-4.864524358571,9.410996656299));
#440 = ( GEOMETRIC_REPRESENTATION_CONTEXT(2) 
PARAMETRIC_REPRESENTATION_CONTEXT() REPRESENTATION_CONTEXT('2D SPACE',''
  ) );
#441 = PCURVE('',#442,#447);
#442 = PLANE('',#443);
#443 = AXIS2_PLACEMENT_3D('',#444,#445,#446);
#444 = CARTESIAN_POINT('',(-4.864524358571,9.410996656299,12.2704));
#445 = DIRECTION('',(0.495598939842,-0.868551490027,0.));
#446 = DIRECTION('',(-0.868551490027,-0.495598939842,0.));
#447 = DEFINITIONAL_REPRESENTATION('',(#448),#451);
#448 = B_SPLINE_CURVE_WITH_KNOTS('',1,(#449,#450),.UNSPECIFIED.,.F.,.F.,
  (2,2),(-0.658003703531,0.219495042907),.PIECEWISE_BEZIER_KNOTS.);
#449 = CARTESIAN_POINT('',(0.877498746438,-5.E-02));
#450 = CARTESIAN_POINT('',(0.,-5.E-02));
#451 = ( GEOMETRIC_REPRESENTATION_CONTEXT(2) 
PARAMETRIC_REPRESENTATION_CONTEXT() REPRESENTATION_CONTEXT('2D SPACE',''
  ) );
#452 = ORIENTED_EDGE('',*,*,#453,.T.);
#453 = EDGE_CURVE('',#428,#454,#456,.T.);
#454 = VERTEX_POINT('',#455);
#455 = CARTESIAN_POINT('',(-4.89417461631,9.348440903438,12.3204));
#456 = SURFACE_CURVE('',#457,(#461,#467),.PCURVE_S1.);
#457 = LINE('',#458,#459);
#458 = CARTESIAN_POINT('',(-6.254337468948,6.478785873452,12.3204));
#459 = VECTOR('',#460,1.);
#460 = DIRECTION('',(-0.428305602793,-0.903633947246,0.));
#461 = PCURVE('',#33,#462);
#462 = DEFINITIONAL_REPRESENTATION('',(#463),#466);
#463 = B_SPLINE_CURVE_WITH_KNOTS('',1,(#464,#465),.UNSPECIFIED.,.F.,.F.,
  (2,2),(-3.244909945873,-3.175683072478),.PIECEWISE_BEZIER_KNOTS.);
#464 = CARTESIAN_POINT('',(-4.864524358571,9.410996656299));
#465 = CARTESIAN_POINT('',(-4.89417461631,9.348440903438));
#466 = ( GEOMETRIC_REPRESENTATION_CONTEXT(2) 
PARAMETRIC_REPRESENTATION_CONTEXT() REPRESENTATION_CONTEXT('2D SPACE',''
  ) );
#467 = PCURVE('',#468,#473);
#468 = PLANE('',#469);
#469 = AXIS2_PLACEMENT_3D('',#470,#471,#472);
#470 = CARTESIAN_POINT('',(-4.89417461631,9.348440903438,12.2704));
#471 = DIRECTION('',(-0.903633947246,0.428305602793,0.));
#472 = DIRECTION('',(0.428305602793,0.903633947246,0.));
#473 = DEFINITIONAL_REPRESENTATION('',(#474),#477);
#474 = B_SPLINE_CURVE_WITH_KNOTS('',1,(#475,#476),.UNSPECIFIED.,.F.,.F.,
  (2,2),(-3.244909945873,-3.175683072478),.PIECEWISE_BEZIER_KNOTS.);
#475 = CARTESIAN_POINT('',(6.922687339466E-02,-5.E-02));
#476 = CARTESIAN_POINT('',(0.,-5.E-02));
#477 = ( GEOMETRIC_REPRESENTATION_CONTEXT(2) 
PARAMETRIC_REPRESENTATION_CONTEXT() REPRESENTATION_CONTEXT('2D SPACE',''
  ) );
#478 = ORIENTED_EDGE('',*,*,#479,.T.);
#479 = EDGE_CURVE('',#454,#480,#482,.T.);
#480 = VERTEX_POINT('',#481);
#481 = CARTESIAN_POINT('',(-4.486492809694,9.613166505817,12.3204));
#482 = SURFACE_CURVE('',#483,(#487,#493),.PCURVE_S1.);
#483 = LINE('',#484,#485);
#484 = CARTESIAN_POINT('',(-5.104000460063,9.212191819027,12.3204));
#485 = VECTOR('',#486,1.);
#486 = DIRECTION('',(0.838695053863,0.544601328152,-0.));
#487 = PCURVE('',#33,#488);
#488 = DEFINITIONAL_REPRESENTATION('',(#489),#492);
#489 = B_SPLINE_CURVE_WITH_KNOTS('',1,(#490,#491),.UNSPECIFIED.,.F.,.F.,
  (2,2),(0.250181329658,0.736271959068),.PIECEWISE_BEZIER_KNOTS.);
#490 = CARTESIAN_POINT('',(-4.89417461631,9.348440903438));
#491 = CARTESIAN_POINT('',(-4.486492809694,9.613166505817));
#492 = ( GEOMETRIC_REPRESENTATION_CONTEXT(2) 
PARAMETRIC_REPRESENTATION_CONTEXT() REPRESENTATION_CONTEXT('2D SPACE',''
  ) );
#493 = PCURVE('',#494,#499);
#494 = PLANE('',#495);
#495 = AXIS2_PLACEMENT_3D('',#496,#497,#498);
#496 = CARTESIAN_POINT('',(-4.486492809694,9.613166505817,12.2704));
#497 = DIRECTION('',(0.544601328152,-0.838695053863,0.));
#498 = DIRECTION('',(-0.838695053863,-0.544601328152,0.));
#499 = DEFINITIONAL_REPRESENTATION('',(#500),#503);
#500 = B_SPLINE_CURVE_WITH_KNOTS('',1,(#501,#502),.UNSPECIFIED.,.F.,.F.,
  (2,2),(0.250181329658,0.736271959068),.PIECEWISE_BEZIER_KNOTS.);
#501 = CARTESIAN_POINT('',(0.48609062941,-5.E-02));
#502 = CARTESIAN_POINT('',(0.,-5.E-02));
#503 = ( GEOMETRIC_REPRESENTATION_CONTEXT(2) 
PARAMETRIC_REPRESENTATION_CONTEXT() REPRESENTATION_CONTEXT('2D SPACE',''
  ) );
#504 = ORIENTED_EDGE('',*,*,#505,.T.);
#505 = EDGE_CURVE('',#480,#506,#508,.T.);
#506 = VERTEX_POINT('',#507);
#507 = CARTESIAN_POINT('',(-0.81762173364,3.963637615963,12.3204));
#508 = SURFACE_CURVE('',#509,(#513,#519),.PCURVE_S1.);
#509 = LINE('',#510,#511);
#510 = CARTESIAN_POINT('',(0.208888846561,2.382960329035,12.3204));
#511 = VECTOR('',#512,1.);
#512 = DIRECTION('',(0.544641553178,-0.838668932626,0.));
#513 = PCURVE('',#33,#514);
#514 = DEFINITIONAL_REPRESENTATION('',(#515),#518);
#515 = B_SPLINE_CURVE_WITH_KNOTS('',1,(#516,#517),.UNSPECIFIED.,.F.,.F.,
  (2,2),(-8.621049254973,-1.884745249808),.PIECEWISE_BEZIER_KNOTS.);
#516 = CARTESIAN_POINT('',(-4.486492809694,9.613166505817));
#517 = CARTESIAN_POINT('',(-0.81762173364,3.963637615963));
#518 = ( GEOMETRIC_REPRESENTATION_CONTEXT(2) 
PARAMETRIC_REPRESENTATION_CONTEXT() REPRESENTATION_CONTEXT('2D SPACE',''
  ) );
#519 = PCURVE('',#520,#525);
#520 = PLANE('',#521);
#521 = AXIS2_PLACEMENT_3D('',#522,#523,#524);
#522 = CARTESIAN_POINT('',(-0.81762173364,3.963637615963,12.2704));
#523 = DIRECTION('',(-0.838668932626,-0.544641553178,0.));
#524 = DIRECTION('',(-0.544641553178,0.838668932626,0.));
#525 = DEFINITIONAL_REPRESENTATION('',(#526),#529);
#526 = B_SPLINE_CURVE_WITH_KNOTS('',1,(#527,#528),.UNSPECIFIED.,.F.,.F.,
  (2,2),(-8.621049254973,-1.884745249808),.PIECEWISE_BEZIER_KNOTS.);
#527 = CARTESIAN_POINT('',(6.736304005165,-5.E-02));
#528 = CARTESIAN_POINT('',(0.,-5.E-02));
#529 = ( GEOMETRIC_REPRESENTATION_CONTEXT(2) 
PARAMETRIC_REPRESENTATION_CONTEXT() REPRESENTATION_CONTEXT('2D SPACE',''
  ) );
#530 = ORIENTED_EDGE('',*,*,#531,.T.);
#531 = EDGE_CURVE('',#506,#532,#534,.T.);
#532 = VERTEX_POINT('',#533);
#533 = CARTESIAN_POINT('',(-0.62014664178,3.999274508294,12.3204));
#534 = SURFACE_CURVE('',#535,(#539,#545),.PCURVE_S1.);
#535 = LINE('',#536,#537);
#536 = CARTESIAN_POINT('',(-0.669331506674,3.990398473762,12.3204));
#537 = VECTOR('',#538,1.);
#538 = DIRECTION('',(0.984103831759,0.177594054846,-0.));
#539 = PCURVE('',#33,#540);
#540 = DEFINITIONAL_REPRESENTATION('',(#541),#544);
#541 = B_SPLINE_CURVE_WITH_KNOTS('',1,(#542,#543),.UNSPECIFIED.,.F.,.F.,
  (2,2),(-0.150685549817,4.997934497028E-02),.PIECEWISE_BEZIER_KNOTS.);
#542 = CARTESIAN_POINT('',(-0.81762173364,3.963637615963));
#543 = CARTESIAN_POINT('',(-0.62014664178,3.999274508294));
#544 = ( GEOMETRIC_REPRESENTATION_CONTEXT(2) 
PARAMETRIC_REPRESENTATION_CONTEXT() REPRESENTATION_CONTEXT('2D SPACE',''
  ) );
#545 = PCURVE('',#546,#551);
#546 = PLANE('',#547);
#547 = AXIS2_PLACEMENT_3D('',#548,#549,#550);
#548 = CARTESIAN_POINT('',(-0.62014664178,3.999274508294,12.2704));
#549 = DIRECTION('',(0.177594054846,-0.984103831759,0.));
#550 = DIRECTION('',(-0.984103831759,-0.177594054846,0.));
#551 = DEFINITIONAL_REPRESENTATION('',(#552),#555);
#552 = B_SPLINE_CURVE_WITH_KNOTS('',1,(#553,#554),.UNSPECIFIED.,.F.,.F.,
  (2,2),(-0.150685549817,4.997934497028E-02),.PIECEWISE_BEZIER_KNOTS.);
#553 = CARTESIAN_POINT('',(0.200664894787,-5.E-02));
#554 = CARTESIAN_POINT('',(0.,-5.E-02));
#555 = ( GEOMETRIC_REPRESENTATION_CONTEXT(2) 
PARAMETRIC_REPRESENTATION_CONTEXT() REPRESENTATION_CONTEXT('2D SPACE',''
  ) );
#556 = ORIENTED_EDGE('',*,*,#557,.T.);
#557 = EDGE_CURVE('',#532,#558,#560,.T.);
#558 = VERTEX_POINT('',#559);
#559 = CARTESIAN_POINT('',(-7.997155487856E-02,4.04628520379,12.3204));
#560 = SURFACE_CURVE('',#561,(#565,#571),.PCURVE_S1.);
#561 = LINE('',#562,#563);
#562 = CARTESIAN_POINT('',(-0.215034136328,4.034530892932,12.3204));
#563 = VECTOR('',#564,1.);
#564 = DIRECTION('',(0.996234386214,8.670090959178E-02,-0.));
#565 = PCURVE('',#33,#566);
#566 = DEFINITIONAL_REPRESENTATION('',(#567),#570);
#567 = B_SPLINE_CURVE_WITH_KNOTS('',1,(#568,#569),.UNSPECIFIED.,.F.,.F.,
  (2,2),(-0.406643768834,0.135573097374),.PIECEWISE_BEZIER_KNOTS.);
#568 = CARTESIAN_POINT('',(-0.62014664178,3.999274508294));
#569 = CARTESIAN_POINT('',(-7.997155487856E-02,4.04628520379));
#570 = ( GEOMETRIC_REPRESENTATION_CONTEXT(2) 
PARAMETRIC_REPRESENTATION_CONTEXT() REPRESENTATION_CONTEXT('2D SPACE',''
  ) );
#571 = PCURVE('',#572,#577);
#572 = PLANE('',#573);
#573 = AXIS2_PLACEMENT_3D('',#574,#575,#576);
#574 = CARTESIAN_POINT('',(-7.997155487856E-02,4.04628520379,12.2704));
#575 = DIRECTION('',(8.670090959178E-02,-0.996234386214,0.));
#576 = DIRECTION('',(-0.996234386214,-8.670090959178E-02,0.));
#577 = DEFINITIONAL_REPRESENTATION('',(#578),#581);
#578 = B_SPLINE_CURVE_WITH_KNOTS('',1,(#579,#580),.UNSPECIFIED.,.F.,.F.,
  (2,2),(-0.406643768834,0.135573097374),.PIECEWISE_BEZIER_KNOTS.);
#579 = CARTESIAN_POINT('',(0.542216866208,-5.E-02));
#580 = CARTESIAN_POINT('',(0.,-5.E-02));
#581 = ( GEOMETRIC_REPRESENTATION_CONTEXT(2) 
PARAMETRIC_REPRESENTATION_CONTEXT() REPRESENTATION_CONTEXT('2D SPACE',''
  ) );
#582 = ORIENTED_EDGE('',*,*,#583,.T.);
#583 = EDGE_CURVE('',#558,#584,#586,.T.);
#584 = VERTEX_POINT('',#585);
#585 = CARTESIAN_POINT('',(0.461492882124,4.020729119171,12.3204));
#586 = SURFACE_CURVE('',#587,(#591,#597),.PCURVE_S1.);
#587 = LINE('',#588,#589);
#588 = CARTESIAN_POINT('',(0.325933778278,4.027127249301,12.3204));
#589 = VECTOR('',#590,1.);
#590 = DIRECTION('',(0.998888027854,-4.714560222319E-02,0.));
#591 = PCURVE('',#33,#592);
#592 = DEFINITIONAL_REPRESENTATION('',(#593),#596);
#593 = B_SPLINE_CURVE_WITH_KNOTS('',1,(#594,#595),.UNSPECIFIED.,.F.,.F.,
  (2,2),(-0.406357191034,0.135710009597),.PIECEWISE_BEZIER_KNOTS.);
#594 = CARTESIAN_POINT('',(-7.997155487856E-02,4.04628520379));
#595 = CARTESIAN_POINT('',(0.461492882124,4.020729119171));
#596 = ( GEOMETRIC_REPRESENTATION_CONTEXT(2) 
PARAMETRIC_REPRESENTATION_CONTEXT() REPRESENTATION_CONTEXT('2D SPACE',''
  ) );
#597 = PCURVE('',#598,#603);
#598 = PLANE('',#599);
#599 = AXIS2_PLACEMENT_3D('',#600,#601,#602);
#600 = CARTESIAN_POINT('',(0.461492882124,4.020729119171,12.2704));
#601 = DIRECTION('',(-4.714560222319E-02,-0.998888027854,0.));
#602 = DIRECTION('',(-0.998888027854,4.714560222319E-02,0.));
#603 = DEFINITIONAL_REPRESENTATION('',(#604),#607);
#604 = B_SPLINE_CURVE_WITH_KNOTS('',1,(#605,#606),.UNSPECIFIED.,.F.,.F.,
  (2,2),(-0.406357191034,0.135710009597),.PIECEWISE_BEZIER_KNOTS.);
#605 = CARTESIAN_POINT('',(0.542067200631,-5.E-02));
#606 = CARTESIAN_POINT('',(0.,-5.E-02));
#607 = ( GEOMETRIC_REPRESENTATION_CONTEXT(2) 
PARAMETRIC_REPRESENTATION_CONTEXT() REPRESENTATION_CONTEXT('2D SPACE',''
  ) );
#608 = ORIENTED_EDGE('',*,*,#609,.T.);
#609 = EDGE_CURVE('',#584,#610,#612,.T.);
#610 = VERTEX_POINT('',#611);
#611 = CARTESIAN_POINT('',(0.994722055837,3.922909140119,12.3204));
#612 = SURFACE_CURVE('',#613,(#617,#623),.PCURVE_S1.);
#613 = LINE('',#614,#615);
#614 = CARTESIAN_POINT('',(0.861664338731,3.947318350533,12.3204));
#615 = VECTOR('',#616,1.);
#616 = DIRECTION('',(0.983586496252,-0.180437258879,0.));
#617 = PCURVE('',#33,#618);
#618 = DEFINITIONAL_REPRESENTATION('',(#619),#622);
#619 = B_SPLINE_CURVE_WITH_KNOTS('',1,(#620,#621),.UNSPECIFIED.,.F.,.F.,
  (2,2),(-0.406849278769,0.135278104786),.PIECEWISE_BEZIER_KNOTS.);
#620 = CARTESIAN_POINT('',(0.461492882124,4.020729119171));
#621 = CARTESIAN_POINT('',(0.994722055837,3.922909140119));
#622 = ( GEOMETRIC_REPRESENTATION_CONTEXT(2) 
PARAMETRIC_REPRESENTATION_CONTEXT() REPRESENTATION_CONTEXT('2D SPACE',''
  ) );
#623 = PCURVE('',#624,#629);
#624 = PLANE('',#625);
#625 = AXIS2_PLACEMENT_3D('',#626,#627,#628);
#626 = CARTESIAN_POINT('',(0.994722055837,3.922909140119,12.2704));
#627 = DIRECTION('',(-0.180437258879,-0.983586496252,0.));
#628 = DIRECTION('',(-0.983586496252,0.180437258879,0.));
#629 = DEFINITIONAL_REPRESENTATION('',(#630),#633);
#630 = B_SPLINE_CURVE_WITH_KNOTS('',1,(#631,#632),.UNSPECIFIED.,.F.,.F.,
  (2,2),(-0.406849278769,0.135278104786),.PIECEWISE_BEZIER_KNOTS.);
#631 = CARTESIAN_POINT('',(0.542127383555,-5.E-02));
#632 = CARTESIAN_POINT('',(0.,-5.E-02));
#633 = ( GEOMETRIC_REPRESENTATION_CONTEXT(2) 
PARAMETRIC_REPRESENTATION_CONTEXT() REPRESENTATION_CONTEXT('2D SPACE',''
  ) );
#634 = ORIENTED_EDGE('',*,*,#635,.T.);
#635 = EDGE_CURVE('',#610,#636,#638,.T.);
#636 = VERTEX_POINT('',#637);
#637 = CARTESIAN_POINT('',(2.898072055837,7.219608044705,12.3204));
#638 = SURFACE_CURVE('',#639,(#643,#649),.PCURVE_S1.);
#639 = LINE('',#640,#641);
#640 = CARTESIAN_POINT('',(0.972722055837,3.884804022353,12.3204));
#641 = VECTOR('',#642,1.);
#642 = DIRECTION('',(0.5,0.866025403784,-0.));
#643 = PCURVE('',#33,#644);
#644 = DEFINITIONAL_REPRESENTATION('',(#645),#648);
#645 = B_SPLINE_CURVE_WITH_KNOTS('',1,(#646,#647),.UNSPECIFIED.,.F.,.F.,
  (2,2),(4.4E-02,3.8507),.PIECEWISE_BEZIER_KNOTS.);
#646 = CARTESIAN_POINT('',(0.994722055837,3.922909140119));
#647 = CARTESIAN_POINT('',(2.898072055837,7.219608044705));
#648 = ( GEOMETRIC_REPRESENTATION_CONTEXT(2) 
PARAMETRIC_REPRESENTATION_CONTEXT() REPRESENTATION_CONTEXT('2D SPACE',''
  ) );
#649 = PCURVE('',#650,#655);
#650 = PLANE('',#651);
#651 = AXIS2_PLACEMENT_3D('',#652,#653,#654);
#652 = CARTESIAN_POINT('',(2.898072055837,7.219608044705,12.2704));
#653 = DIRECTION('',(0.866025403784,-0.5,0.));
#654 = DIRECTION('',(-0.5,-0.866025403784,0.));
#655 = DEFINITIONAL_REPRESENTATION('',(#656),#659);
#656 = B_SPLINE_CURVE_WITH_KNOTS('',1,(#657,#658),.UNSPECIFIED.,.F.,.F.,
  (2,2),(4.4E-02,3.8507),.PIECEWISE_BEZIER_KNOTS.);
#657 = CARTESIAN_POINT('',(3.8067,-5.E-02));
#658 = CARTESIAN_POINT('',(0.,-5.E-02));
#659 = ( GEOMETRIC_REPRESENTATION_CONTEXT(2) 
PARAMETRIC_REPRESENTATION_CONTEXT() REPRESENTATION_CONTEXT('2D SPACE',''
  ) );
#660 = ORIENTED_EDGE('',*,*,#661,.T.);
#661 = EDGE_CURVE('',#636,#662,#664,.T.);
#662 = VERTEX_POINT('',#663);
#663 = CARTESIAN_POINT('',(2.425133263181,7.391854026955,12.3204));
#664 = SURFACE_CURVE('',#665,(#669,#675),.PCURVE_S1.);
#665 = LINE('',#666,#667);
#666 = CARTESIAN_POINT('',(2.543001757355,7.348925904182,12.3204));
#667 = VECTOR('',#668,1.);
#668 = DIRECTION('',(-0.939622145297,0.342213711105,0.));
#669 = PCURVE('',#33,#670);
#670 = DEFINITIONAL_REPRESENTATION('',(#671),#674);
#671 = B_SPLINE_CURVE_WITH_KNOTS('',1,(#672,#673),.UNSPECIFIED.,.F.,.F.,
  (2,2),(-0.377886260194,0.125442439564),.PIECEWISE_BEZIER_KNOTS.);
#672 = CARTESIAN_POINT('',(2.898072055837,7.219608044705));
#673 = CARTESIAN_POINT('',(2.425133263181,7.391854026955));
#674 = ( GEOMETRIC_REPRESENTATION_CONTEXT(2) 
PARAMETRIC_REPRESENTATION_CONTEXT() REPRESENTATION_CONTEXT('2D SPACE',''
  ) );
#675 = PCURVE('',#676,#681);
#676 = PLANE('',#677);
#677 = AXIS2_PLACEMENT_3D('',#678,#679,#680);
#678 = CARTESIAN_POINT('',(2.425133263181,7.391854026955,12.2704));
#679 = DIRECTION('',(0.342213711105,0.939622145297,-0.));
#680 = DIRECTION('',(0.939622145297,-0.342213711105,0.));
#681 = DEFINITIONAL_REPRESENTATION('',(#682),#685);
#682 = B_SPLINE_CURVE_WITH_KNOTS('',1,(#683,#684),.UNSPECIFIED.,.F.,.F.,
  (2,2),(-0.377886260194,0.125442439564),.PIECEWISE_BEZIER_KNOTS.);
#683 = CARTESIAN_POINT('',(0.503328699758,-5.E-02));
#684 = CARTESIAN_POINT('',(0.,-5.E-02));
#685 = ( GEOMETRIC_REPRESENTATION_CONTEXT(2) 
PARAMETRIC_REPRESENTATION_CONTEXT() REPRESENTATION_CONTEXT('2D SPACE',''
  ) );
#686 = ORIENTED_EDGE('',*,*,#687,.T.);
#687 = EDGE_CURVE('',#662,#688,#690,.T.);
#688 = VERTEX_POINT('',#689);
#689 = CARTESIAN_POINT('',(1.700299781928,7.591405610398,12.3204));
#690 = SURFACE_CURVE('',#691,(#695,#701),.PCURVE_S1.);
#691 = LINE('',#692,#693);
#692 = CARTESIAN_POINT('',(1.881405939591,7.541545854374,12.3204));
#693 = VECTOR('',#694,1.);
#694 = DIRECTION('',(-0.964129730025,0.265431467015,0.));
#695 = PCURVE('',#33,#696);
#696 = DEFINITIONAL_REPRESENTATION('',(#697),#700);
#697 = B_SPLINE_CURVE_WITH_KNOTS('',1,(#698,#699),.UNSPECIFIED.,.F.,.F.,
  (2,2),(-0.563956599052,0.18784417908),.PIECEWISE_BEZIER_KNOTS.);
#698 = CARTESIAN_POINT('',(2.425133263181,7.391854026955));
#699 = CARTESIAN_POINT('',(1.700299781928,7.591405610398));
#700 = ( GEOMETRIC_REPRESENTATION_CONTEXT(2) 
PARAMETRIC_REPRESENTATION_CONTEXT() REPRESENTATION_CONTEXT('2D SPACE',''
  ) );
#701 = PCURVE('',#702,#707);
#702 = PLANE('',#703);
#703 = AXIS2_PLACEMENT_3D('',#704,#705,#706);
#704 = CARTESIAN_POINT('',(1.700299781928,7.591405610398,12.2704));
#705 = DIRECTION('',(0.265431467015,0.964129730025,-0.));
#706 = DIRECTION('',(0.964129730025,-0.265431467015,0.));
#707 = DEFINITIONAL_REPRESENTATION('',(#708),#711);
#708 = B_SPLINE_CURVE_WITH_KNOTS('',1,(#709,#710),.UNSPECIFIED.,.F.,.F.,
  (2,2),(-0.563956599052,0.18784417908),.PIECEWISE_BEZIER_KNOTS.);
#709 = CARTESIAN_POINT('',(0.751800778132,-5.E-02));
#710 = CARTESIAN_POINT('',(0.,-5.E-02));
#711 = ( GEOMETRIC_REPRESENTATION_CONTEXT(2) 
PARAMETRIC_REPRESENTATION_CONTEXT() REPRESENTATION_CONTEXT('2D SPACE',''
  ) );
#712 = ORIENTED_EDGE('',*,*,#713,.T.);
#713 = EDGE_CURVE('',#688,#714,#716,.T.);
#714 = VERTEX_POINT('',#715);
#715 = CARTESIAN_POINT('',(0.959645654477,7.719955030817,12.3204));
#716 = SURFACE_CURVE('',#717,(#721,#727),.PCURVE_S1.);
#717 = LINE('',#718,#719);
#718 = CARTESIAN_POINT('',(1.144208559515,7.687921921713,12.3204));
#719 = VECTOR('',#720,1.);
#720 = DIRECTION('',(-0.985270081499,0.171005457527,0.));
#721 = PCURVE('',#33,#722);
#722 = DEFINITIONAL_REPRESENTATION('',(#723),#726);
#723 = B_SPLINE_CURVE_WITH_KNOTS('',1,(#724,#725),.UNSPECIFIED.,.F.,.F.,
  (2,2),(-0.564404860003,0.187322144966),.PIECEWISE_BEZIER_KNOTS.);
#724 = CARTESIAN_POINT('',(1.700299781928,7.591405610398));
#725 = CARTESIAN_POINT('',(0.959645654477,7.719955030817));
#726 = ( GEOMETRIC_REPRESENTATION_CONTEXT(2) 
PARAMETRIC_REPRESENTATION_CONTEXT() REPRESENTATION_CONTEXT('2D SPACE',''
  ) );
#727 = PCURVE('',#728,#733);
#728 = PLANE('',#729);
#729 = AXIS2_PLACEMENT_3D('',#730,#731,#732);
#730 = CARTESIAN_POINT('',(0.959645654477,7.719955030817,12.2704));
#731 = DIRECTION('',(0.171005457527,0.985270081499,-0.));
#732 = DIRECTION('',(0.985270081499,-0.171005457527,0.));
#733 = DEFINITIONAL_REPRESENTATION('',(#734),#737);
#734 = B_SPLINE_CURVE_WITH_KNOTS('',1,(#735,#736),.UNSPECIFIED.,.F.,.F.,
  (2,2),(-0.564404860003,0.187322144966),.PIECEWISE_BEZIER_KNOTS.);
#735 = CARTESIAN_POINT('',(0.751727004969,-5.E-02));
#736 = CARTESIAN_POINT('',(0.,-5.E-02));
#737 = ( GEOMETRIC_REPRESENTATION_CONTEXT(2) 
PARAMETRIC_REPRESENTATION_CONTEXT() REPRESENTATION_CONTEXT('2D SPACE',''
  ) );
#738 = ORIENTED_EDGE('',*,*,#739,.T.);
#739 = EDGE_CURVE('',#714,#740,#742,.T.);
#740 = VERTEX_POINT('',#741);
#741 = CARTESIAN_POINT('',(-3.103673057659,9.917880574052,12.3204));
#742 = SURFACE_CURVE('',#743,(#747,#753),.PCURVE_S1.);
#743 = LINE('',#744,#745);
#744 = CARTESIAN_POINT('',(0.172083575801,8.145962177251,12.3204));
#745 = VECTOR('',#746,1.);
#746 = DIRECTION('',(-0.87956729484,0.475774498946,0.));
#747 = PCURVE('',#33,#748);
#748 = DEFINITIONAL_REPRESENTATION('',(#749),#752);
#749 = B_SPLINE_CURVE_WITH_KNOTS('',1,(#750,#751),.UNSPECIFIED.,.F.,.F.,
  (2,2),(-0.895397183702,3.724281988059),.PIECEWISE_BEZIER_KNOTS.);
#750 = CARTESIAN_POINT('',(0.959645654477,7.719955030817));
#751 = CARTESIAN_POINT('',(-3.103673057659,9.917880574052));
#752 = ( GEOMETRIC_REPRESENTATION_CONTEXT(2) 
PARAMETRIC_REPRESENTATION_CONTEXT() REPRESENTATION_CONTEXT('2D SPACE',''
  ) );
#753 = PCURVE('',#754,#759);
#754 = PLANE('',#755);
#755 = AXIS2_PLACEMENT_3D('',#756,#757,#758);
#756 = CARTESIAN_POINT('',(-3.103673057659,9.917880574052,12.2704));
#757 = DIRECTION('',(0.475774498946,0.87956729484,-0.));
#758 = DIRECTION('',(0.87956729484,-0.475774498946,0.));
#759 = DEFINITIONAL_REPRESENTATION('',(#760),#763);
#760 = B_SPLINE_CURVE_WITH_KNOTS('',1,(#761,#762),.UNSPECIFIED.,.F.,.F.,
  (2,2),(-0.895397183702,3.724281988059),.PIECEWISE_BEZIER_KNOTS.);
#761 = CARTESIAN_POINT('',(4.619679171761,-5.E-02));
#762 = CARTESIAN_POINT('',(0.,-5.E-02));
#763 = ( GEOMETRIC_REPRESENTATION_CONTEXT(2) 
PARAMETRIC_REPRESENTATION_CONTEXT() REPRESENTATION_CONTEXT('2D SPACE',''
  ) );
#764 = ORIENTED_EDGE('',*,*,#765,.T.);
#765 = EDGE_CURVE('',#740,#766,#768,.T.);
#766 = VERTEX_POINT('',#767);
#767 = CARTESIAN_POINT('',(-2.459973168688,10.096801486577,12.3204));
#768 = SURFACE_CURVE('',#769,(#773,#779),.PCURVE_S1.);
#769 = LINE('',#770,#771);
#770 = CARTESIAN_POINT('',(-2.62079961652,10.052098643998,12.3204));
#771 = VECTOR('',#772,1.);
#772 = DIRECTION('',(0.963473358025,0.267804197832,-0.));
#773 = PCURVE('',#33,#774);
#774 = DEFINITIONAL_REPRESENTATION('',(#775),#778);
#775 = B_SPLINE_CURVE_WITH_KNOTS('',1,(#776,#777),.UNSPECIFIED.,.F.,.F.,
  (2,2),(-0.501179858391,0.16692360665),.PIECEWISE_BEZIER_KNOTS.);
#776 = CARTESIAN_POINT('',(-3.103673057659,9.917880574052));
#777 = CARTESIAN_POINT('',(-2.459973168688,10.096801486577));
#778 = ( GEOMETRIC_REPRESENTATION_CONTEXT(2) 
PARAMETRIC_REPRESENTATION_CONTEXT() REPRESENTATION_CONTEXT('2D SPACE',''
  ) );
#779 = PCURVE('',#780,#785);
#780 = PLANE('',#781);
#781 = AXIS2_PLACEMENT_3D('',#782,#783,#784);
#782 = CARTESIAN_POINT('',(-2.459973168688,10.096801486577,12.2704));
#783 = DIRECTION('',(0.267804197832,-0.963473358025,0.));
#784 = DIRECTION('',(-0.963473358025,-0.267804197832,0.));
#785 = DEFINITIONAL_REPRESENTATION('',(#786),#789);
#786 = B_SPLINE_CURVE_WITH_KNOTS('',1,(#787,#788),.UNSPECIFIED.,.F.,.F.,
  (2,2),(-0.501179858391,0.16692360665),.PIECEWISE_BEZIER_KNOTS.);
#787 = CARTESIAN_POINT('',(0.668103465041,-5.E-02));
#788 = CARTESIAN_POINT('',(0.,-5.E-02));
#789 = ( GEOMETRIC_REPRESENTATION_CONTEXT(2) 
PARAMETRIC_REPRESENTATION_CONTEXT() REPRESENTATION_CONTEXT('2D SPACE',''
  ) );
#790 = ORIENTED_EDGE('',*,*,#791,.T.);
#791 = EDGE_CURVE('',#766,#792,#794,.T.);
#792 = VERTEX_POINT('',#793);
#793 = CARTESIAN_POINT('',(-1.607658580016,10.267053658187,12.3204));
#794 = SURFACE_CURVE('',#795,(#799,#805),.PCURVE_S1.);
#795 = LINE('',#796,#797);
#796 = CARTESIAN_POINT('',(-1.820762240641,10.224485618778,12.3204));
#797 = VECTOR('',#798,1.);
#798 = DIRECTION('',(0.980627277424,0.195882982342,-0.));
#799 = PCURVE('',#33,#800);
#800 = DEFINITIONAL_REPRESENTATION('',(#801),#804);
#801 = B_SPLINE_CURVE_WITH_KNOTS('',1,(#802,#803),.UNSPECIFIED.,.F.,.F.,
  (2,2),(-0.651838820684,0.217313617039),.PIECEWISE_BEZIER_KNOTS.);
#802 = CARTESIAN_POINT('',(-2.459973168688,10.096801486577));
#803 = CARTESIAN_POINT('',(-1.607658580016,10.267053658187));
#804 = ( GEOMETRIC_REPRESENTATION_CONTEXT(2) 
PARAMETRIC_REPRESENTATION_CONTEXT() REPRESENTATION_CONTEXT('2D SPACE',''
  ) );
#805 = PCURVE('',#806,#811);
#806 = PLANE('',#807);
#807 = AXIS2_PLACEMENT_3D('',#808,#809,#810);
#808 = CARTESIAN_POINT('',(-1.607658580016,10.267053658187,12.2704));
#809 = DIRECTION('',(0.195882982342,-0.980627277424,0.));
#810 = DIRECTION('',(-0.980627277424,-0.195882982342,0.));
#811 = DEFINITIONAL_REPRESENTATION('',(#812),#815);
#812 = B_SPLINE_CURVE_WITH_KNOTS('',1,(#813,#814),.UNSPECIFIED.,.F.,.F.,
  (2,2),(-0.651838820684,0.217313617039),.PIECEWISE_BEZIER_KNOTS.);
#813 = CARTESIAN_POINT('',(0.869152437723,-5.E-02));
#814 = CARTESIAN_POINT('',(0.,-5.E-02));
#815 = ( GEOMETRIC_REPRESENTATION_CONTEXT(2) 
PARAMETRIC_REPRESENTATION_CONTEXT() REPRESENTATION_CONTEXT('2D SPACE',''
  ) );
#816 = ORIENTED_EDGE('',*,*,#817,.T.);
#817 = EDGE_CURVE('',#792,#818,#820,.T.);
#818 = VERTEX_POINT('',#819);
#819 = CARTESIAN_POINT('',(-0.744153232933,10.365488791944,12.3204));
#820 = SURFACE_CURVE('',#821,(#825,#831),.PCURVE_S1.);
#821 = LINE('',#822,#823);
#822 = CARTESIAN_POINT('',(-0.960076727304,10.340874632783,12.3204));
#823 = VECTOR('',#824,1.);
#824 = DIRECTION('',(0.993565237336,0.113261287105,-0.));
#825 = PCURVE('',#33,#826);
#826 = DEFINITIONAL_REPRESENTATION('',(#827),#830);
#827 = B_SPLINE_CURVE_WITH_KNOTS('',1,(#828,#829),.UNSPECIFIED.,.F.,.F.,
  (2,2),(-0.651775875783,0.217321909279),.PIECEWISE_BEZIER_KNOTS.);
#828 = CARTESIAN_POINT('',(-1.607658580016,10.267053658187));
#829 = CARTESIAN_POINT('',(-0.744153232933,10.365488791944));
#830 = ( GEOMETRIC_REPRESENTATION_CONTEXT(2) 
PARAMETRIC_REPRESENTATION_CONTEXT() REPRESENTATION_CONTEXT('2D SPACE',''
  ) );
#831 = PCURVE('',#832,#837);
#832 = PLANE('',#833);
#833 = AXIS2_PLACEMENT_3D('',#834,#835,#836);
#834 = CARTESIAN_POINT('',(-0.744153232933,10.365488791944,12.2704));
#835 = DIRECTION('',(0.113261287105,-0.993565237336,0.));
#836 = DIRECTION('',(-0.993565237336,-0.113261287105,0.));
#837 = DEFINITIONAL_REPRESENTATION('',(#838),#841);
#838 = B_SPLINE_CURVE_WITH_KNOTS('',1,(#839,#840),.UNSPECIFIED.,.F.,.F.,
  (2,2),(-0.651775875783,0.217321909279),.PIECEWISE_BEZIER_KNOTS.);
#839 = CARTESIAN_POINT('',(0.869097785062,-5.E-02));
#840 = CARTESIAN_POINT('',(0.,-5.E-02));
#841 = ( GEOMETRIC_REPRESENTATION_CONTEXT(2) 
PARAMETRIC_REPRESENTATION_CONTEXT() REPRESENTATION_CONTEXT('2D SPACE',''
  ) );
#842 = ORIENTED_EDGE('',*,*,#843,.T.);
#843 = EDGE_CURVE('',#818,#844,#846,.T.);
#844 = VERTEX_POINT('',#845);
#845 = CARTESIAN_POINT('',(0.124585950626,10.391389196393,12.3204));
#846 = SURFACE_CURVE('',#847,(#851,#857),.PCURVE_S1.);
#847 = LINE('',#848,#849);
#848 = CARTESIAN_POINT('',(-9.241746753286E-02,10.384919502837,12.3204)
  );
#849 = VECTOR('',#850,1.);
#850 = DIRECTION('',(0.999555865129,2.980054504957E-02,-0.));
#851 = PCURVE('',#33,#852);
#852 = DEFINITIONAL_REPRESENTATION('',(#853),#856);
#853 = B_SPLINE_CURVE_WITH_KNOTS('',1,(#854,#855),.UNSPECIFIED.,.F.,.F.,
  (2,2),(-0.652025352595,0.217099839768),.PIECEWISE_BEZIER_KNOTS.);
#854 = CARTESIAN_POINT('',(-0.744153232933,10.365488791944));
#855 = CARTESIAN_POINT('',(0.124585950626,10.391389196393));
#856 = ( GEOMETRIC_REPRESENTATION_CONTEXT(2) 
PARAMETRIC_REPRESENTATION_CONTEXT() REPRESENTATION_CONTEXT('2D SPACE',''
  ) );
#857 = PCURVE('',#858,#863);
#858 = PLANE('',#859);
#859 = AXIS2_PLACEMENT_3D('',#860,#861,#862);
#860 = CARTESIAN_POINT('',(0.124585950626,10.391389196393,12.2704));
#861 = DIRECTION('',(2.980054504957E-02,-0.999555865129,0.));
#862 = DIRECTION('',(-0.999555865129,-2.980054504957E-02,0.));
#863 = DEFINITIONAL_REPRESENTATION('',(#864),#867);
#864 = B_SPLINE_CURVE_WITH_KNOTS('',1,(#865,#866),.UNSPECIFIED.,.F.,.F.,
  (2,2),(-0.652025352595,0.217099839768),.PIECEWISE_BEZIER_KNOTS.);
#865 = CARTESIAN_POINT('',(0.869125192363,-5.E-02));
#866 = CARTESIAN_POINT('',(0.,-5.E-02));
#867 = ( GEOMETRIC_REPRESENTATION_CONTEXT(2) 
PARAMETRIC_REPRESENTATION_CONTEXT() REPRESENTATION_CONTEXT('2D SPACE',''
  ) );
#868 = ORIENTED_EDGE('',*,*,#869,.T.);
#869 = EDGE_CURVE('',#844,#870,#872,.T.);
#870 = VERTEX_POINT('',#871);
#871 = CARTESIAN_POINT('',(0.992419036018,10.344720192782,12.3204));
#872 = SURFACE_CURVE('',#873,(#877,#883),.PCURVE_S1.);
#873 = LINE('',#874,#875);
#874 = CARTESIAN_POINT('',(0.774989593989,10.356412781583,12.3204));
#875 = VECTOR('',#876,1.);
#876 = DIRECTION('',(0.998557174044,-5.369888420422E-02,0.));
#877 = PCURVE('',#33,#878);
#878 = DEFINITIONAL_REPRESENTATION('',(#879),#882);
#879 = B_SPLINE_CURVE_WITH_KNOTS('',1,(#880,#881),.UNSPECIFIED.,.F.,.F.,
  (2,2),(-0.651343418554,0.217743608158),.PIECEWISE_BEZIER_KNOTS.);
#880 = CARTESIAN_POINT('',(0.124585950626,10.391389196393));
#881 = CARTESIAN_POINT('',(0.992419036018,10.344720192782));
#882 = ( GEOMETRIC_REPRESENTATION_CONTEXT(2) 
PARAMETRIC_REPRESENTATION_CONTEXT() REPRESENTATION_CONTEXT('2D SPACE',''
  ) );
#883 = PCURVE('',#884,#889);
#884 = PLANE('',#885);
#885 = AXIS2_PLACEMENT_3D('',#886,#887,#888);
#886 = CARTESIAN_POINT('',(0.992419036018,10.344720192782,12.2704));
#887 = DIRECTION('',(-5.369888420422E-02,-0.998557174044,0.));
#888 = DIRECTION('',(-0.998557174044,5.369888420422E-02,0.));
#889 = DEFINITIONAL_REPRESENTATION('',(#890),#893);
#890 = B_SPLINE_CURVE_WITH_KNOTS('',1,(#891,#892),.UNSPECIFIED.,.F.,.F.,
  (2,2),(-0.651343418554,0.217743608158),.PIECEWISE_BEZIER_KNOTS.);
#891 = CARTESIAN_POINT('',(0.869087026713,-5.E-02));
#892 = CARTESIAN_POINT('',(0.,-5.E-02));
#893 = ( GEOMETRIC_REPRESENTATION_CONTEXT(2) 
PARAMETRIC_REPRESENTATION_CONTEXT() REPRESENTATION_CONTEXT('2D SPACE',''
  ) );
#894 = ORIENTED_EDGE('',*,*,#895,.T.);
#895 = EDGE_CURVE('',#870,#896,#898,.T.);
#896 = VERTEX_POINT('',#897);
#897 = CARTESIAN_POINT('',(1.853306088605,10.225620307441,12.3204));
#898 = SURFACE_CURVE('',#899,(#903,#909),.PCURVE_S1.);
#899 = LINE('',#900,#901);
#900 = CARTESIAN_POINT('',(1.638106345965,10.255392232337,12.3204));
#901 = VECTOR('',#902,1.);
#902 = DIRECTION('',(0.990565470683,-0.137040316296,0.));
#903 = PCURVE('',#33,#904);
#904 = DEFINITIONAL_REPRESENTATION('',(#905),#908);
#905 = B_SPLINE_CURVE_WITH_KNOTS('',1,(#906,#907),.UNSPECIFIED.,.F.,.F.,
  (2,2),(-0.651837086045,0.217249388363),.PIECEWISE_BEZIER_KNOTS.);
#906 = CARTESIAN_POINT('',(0.992419036018,10.344720192782));
#907 = CARTESIAN_POINT('',(1.853306088605,10.225620307441));
#908 = ( GEOMETRIC_REPRESENTATION_CONTEXT(2) 
PARAMETRIC_REPRESENTATION_CONTEXT() REPRESENTATION_CONTEXT('2D SPACE',''
  ) );
#909 = PCURVE('',#910,#915);
#910 = PLANE('',#911);
#911 = AXIS2_PLACEMENT_3D('',#912,#913,#914);
#912 = CARTESIAN_POINT('',(1.853306088605,10.225620307441,12.2704));
#913 = DIRECTION('',(-0.137040316296,-0.990565470683,0.));
#914 = DIRECTION('',(-0.990565470683,0.137040316296,0.));
#915 = DEFINITIONAL_REPRESENTATION('',(#916),#919);
#916 = B_SPLINE_CURVE_WITH_KNOTS('',1,(#917,#918),.UNSPECIFIED.,.F.,.F.,
  (2,2),(-0.651837086045,0.217249388363),.PIECEWISE_BEZIER_KNOTS.);
#917 = CARTESIAN_POINT('',(0.869086474409,-5.E-02));
#918 = CARTESIAN_POINT('',(0.,-5.E-02));
#919 = ( GEOMETRIC_REPRESENTATION_CONTEXT(2) 
PARAMETRIC_REPRESENTATION_CONTEXT() REPRESENTATION_CONTEXT('2D SPACE',''
  ) );
#920 = ORIENTED_EDGE('',*,*,#921,.T.);
#921 = EDGE_CURVE('',#896,#922,#924,.T.);
#922 = VERTEX_POINT('',#923);
#923 = CARTESIAN_POINT('',(2.701297366125,10.03498428448,12.3204));
#924 = SURFACE_CURVE('',#925,(#929,#935),.PCURVE_S1.);
#925 = LINE('',#926,#927);
#926 = CARTESIAN_POINT('',(2.489338015711,10.082634642053,12.3204));
#927 = VECTOR('',#928,1.);
#928 = DIRECTION('',(0.97564966002,-0.219334769023,0.));
#929 = PCURVE('',#33,#930);
#930 = DEFINITIONAL_REPRESENTATION('',(#931),#934);
#931 = B_SPLINE_CURVE_WITH_KNOTS('',1,(#932,#933),.UNSPECIFIED.,.F.,.F.,
  (2,2),(-0.651906061334,0.217249448341),.PIECEWISE_BEZIER_KNOTS.);
#932 = CARTESIAN_POINT('',(1.853306088605,10.225620307441));
#933 = CARTESIAN_POINT('',(2.701297366125,10.03498428448));
#934 = ( GEOMETRIC_REPRESENTATION_CONTEXT(2) 
PARAMETRIC_REPRESENTATION_CONTEXT() REPRESENTATION_CONTEXT('2D SPACE',''
  ) );
#935 = PCURVE('',#936,#941);
#936 = PLANE('',#937);
#937 = AXIS2_PLACEMENT_3D('',#938,#939,#940);
#938 = CARTESIAN_POINT('',(2.701297366125,10.03498428448,12.2704));
#939 = DIRECTION('',(-0.219334769023,-0.97564966002,0.));
#940 = DIRECTION('',(-0.97564966002,0.219334769023,0.));
#941 = DEFINITIONAL_REPRESENTATION('',(#942),#945);
#942 = B_SPLINE_CURVE_WITH_KNOTS('',1,(#943,#944),.UNSPECIFIED.,.F.,.F.,
  (2,2),(-0.651906061334,0.217249448341),.PIECEWISE_BEZIER_KNOTS.);
#943 = CARTESIAN_POINT('',(0.869155509676,-5.E-02));
#944 = CARTESIAN_POINT('',(0.,-5.E-02));
#945 = ( GEOMETRIC_REPRESENTATION_CONTEXT(2) 
PARAMETRIC_REPRESENTATION_CONTEXT() REPRESENTATION_CONTEXT('2D SPACE',''
  ) );
#946 = ORIENTED_EDGE('',*,*,#947,.T.);
#947 = EDGE_CURVE('',#922,#948,#950,.T.);
#948 = VERTEX_POINT('',#949);
#949 = CARTESIAN_POINT('',(3.530333318696,9.774116675634,12.3204));
#950 = SURFACE_CURVE('',#951,(#955,#961),.PCURVE_S1.);
#951 = LINE('',#952,#953);
#952 = CARTESIAN_POINT('',(3.323432932543,9.839220738778,12.3204));
#953 = VECTOR('',#954,1.);
#954 = DIRECTION('',(0.953890500199,-0.300154816105,0.));
#955 = PCURVE('',#33,#956);
#956 = DEFINITIONAL_REPRESENTATION('',(#957),#960);
#957 = B_SPLINE_CURVE_WITH_KNOTS('',1,(#958,#959),.UNSPECIFIED.,.F.,.F.,
  (2,2),(-0.652208577702,0.216901610939),.PIECEWISE_BEZIER_KNOTS.);
#958 = CARTESIAN_POINT('',(2.701297366125,10.03498428448));
#959 = CARTESIAN_POINT('',(3.530333318696,9.774116675634));
#960 = ( GEOMETRIC_REPRESENTATION_CONTEXT(2) 
PARAMETRIC_REPRESENTATION_CONTEXT() REPRESENTATION_CONTEXT('2D SPACE',''
  ) );
#961 = PCURVE('',#962,#967);
#962 = PLANE('',#963);
#963 = AXIS2_PLACEMENT_3D('',#964,#965,#966);
#964 = CARTESIAN_POINT('',(3.530333318696,9.774116675634,12.2704));
#965 = DIRECTION('',(-0.300154816105,-0.953890500199,0.));
#966 = DIRECTION('',(-0.953890500199,0.300154816105,0.));
#967 = DEFINITIONAL_REPRESENTATION('',(#968),#971);
#968 = B_SPLINE_CURVE_WITH_KNOTS('',1,(#969,#970),.UNSPECIFIED.,.F.,.F.,
  (2,2),(-0.652208577702,0.216901610939),.PIECEWISE_BEZIER_KNOTS.);
#969 = CARTESIAN_POINT('',(0.869110188641,-5.E-02));
#970 = CARTESIAN_POINT('',(0.,-5.E-02));
#971 = ( GEOMETRIC_REPRESENTATION_CONTEXT(2) 
PARAMETRIC_REPRESENTATION_CONTEXT() REPRESENTATION_CONTEXT('2D SPACE',''
  ) );
#972 = ORIENTED_EDGE('',*,*,#973,.T.);
#973 = EDGE_CURVE('',#948,#974,#976,.T.);
#974 = VERTEX_POINT('',#975);
#975 = CARTESIAN_POINT('',(4.334704396435,9.444928250417,12.3204));
#976 = SURFACE_CURVE('',#977,(#981,#987),.PCURVE_S1.);
#977 = LINE('',#978,#979);
#978 = CARTESIAN_POINT('',(4.133685706595,9.527195039688,12.3204));
#979 = VECTOR('',#980,1.);
#980 = DIRECTION('',(0.925495525995,-0.378758539658,0.));
#981 = PCURVE('',#33,#982);
#982 = DEFINITIONAL_REPRESENTATION('',(#983),#986);
#983 = B_SPLINE_CURVE_WITH_KNOTS('',1,(#984,#985),.UNSPECIFIED.,.F.,.F.,
  (2,2),(-0.65192361384,0.217201147055),.PIECEWISE_BEZIER_KNOTS.);
#984 = CARTESIAN_POINT('',(3.530333318696,9.774116675634));
#985 = CARTESIAN_POINT('',(4.334704396435,9.444928250417));
#986 = ( GEOMETRIC_REPRESENTATION_CONTEXT(2) 
PARAMETRIC_REPRESENTATION_CONTEXT() REPRESENTATION_CONTEXT('2D SPACE',''
  ) );
#987 = PCURVE('',#988,#993);
#988 = PLANE('',#989);
#989 = AXIS2_PLACEMENT_3D('',#990,#991,#992);
#990 = CARTESIAN_POINT('',(4.334704396435,9.444928250417,12.2704));
#991 = DIRECTION('',(-0.378758539658,-0.925495525995,0.));
#992 = DIRECTION('',(-0.925495525995,0.378758539658,0.));
#993 = DEFINITIONAL_REPRESENTATION('',(#994),#997);
#994 = B_SPLINE_CURVE_WITH_KNOTS('',1,(#995,#996),.UNSPECIFIED.,.F.,.F.,
  (2,2),(-0.65192361384,0.217201147055),.PIECEWISE_BEZIER_KNOTS.);
#995 = CARTESIAN_POINT('',(0.869124760895,-5.E-02));
#996 = CARTESIAN_POINT('',(0.,-5.E-02));
#997 = ( GEOMETRIC_REPRESENTATION_CONTEXT(2) 
PARAMETRIC_REPRESENTATION_CONTEXT() REPRESENTATION_CONTEXT('2D SPACE',''
  ) );
#998 = ORIENTED_EDGE('',*,*,#999,.T.);
#999 = EDGE_CURVE('',#974,#1000,#1002,.T.);
#1000 = VERTEX_POINT('',#1001);
#1001 = CARTESIAN_POINT('',(5.108727844379,9.049776188507,12.3204));
#1002 = SURFACE_CURVE('',#1003,(#1007,#1013),.PCURVE_S1.);
#1003 = LINE('',#1004,#1005);
#1004 = CARTESIAN_POINT('',(4.914910072724,9.148723439146,12.3204));
#1005 = VECTOR('',#1006,1.);
#1006 = DIRECTION('',(0.890649048461,-0.454691403565,0.));
#1007 = PCURVE('',#33,#1008);
#1008 = DEFINITIONAL_REPRESENTATION('',(#1009),#1012);
#1009 = B_SPLINE_CURVE_WITH_KNOTS('',1,(#1010,#1011),.UNSPECIFIED.,.F.,
  .F.,(2,2),(-0.651441414878,0.217614078172),.PIECEWISE_BEZIER_KNOTS.);
#1010 = CARTESIAN_POINT('',(4.334704396435,9.444928250417));
#1011 = CARTESIAN_POINT('',(5.108727844379,9.049776188507));
#1012 = ( GEOMETRIC_REPRESENTATION_CONTEXT(2) 
PARAMETRIC_REPRESENTATION_CONTEXT() REPRESENTATION_CONTEXT('2D SPACE',''
  ) );
#1013 = PCURVE('',#1014,#1019);
#1014 = PLANE('',#1015);
#1015 = AXIS2_PLACEMENT_3D('',#1016,#1017,#1018);
#1016 = CARTESIAN_POINT('',(5.108727844379,9.049776188507,12.2704));
#1017 = DIRECTION('',(-0.454691403565,-0.890649048461,0.));
#1018 = DIRECTION('',(-0.890649048461,0.454691403565,0.));
#1019 = DEFINITIONAL_REPRESENTATION('',(#1020),#1023);
#1020 = B_SPLINE_CURVE_WITH_KNOTS('',1,(#1021,#1022),.UNSPECIFIED.,.F.,
  .F.,(2,2),(-0.651441414878,0.217614078172),.PIECEWISE_BEZIER_KNOTS.);
#1021 = CARTESIAN_POINT('',(0.86905549305,-5.E-02));
#1022 = CARTESIAN_POINT('',(0.,-5.E-02));
#1023 = ( GEOMETRIC_REPRESENTATION_CONTEXT(2) 
PARAMETRIC_REPRESENTATION_CONTEXT() REPRESENTATION_CONTEXT('2D SPACE',''
  ) );
#1024 = ORIENTED_EDGE('',*,*,#1025,.T.);
#1025 = EDGE_CURVE('',#1000,#1026,#1028,.T.);
#1026 = VERTEX_POINT('',#1027);
#1027 = CARTESIAN_POINT('',(5.847044112647,8.591177477201,12.3204));
#1028 = SURFACE_CURVE('',#1029,(#1033,#1039),.PCURVE_S1.);
#1029 = LINE('',#1030,#1031);
#1030 = CARTESIAN_POINT('',(5.662781207341,8.705630773907,12.3204));
#1031 = VECTOR('',#1032,1.);
#1032 = DIRECTION('',(0.849468223891,-0.527639779205,0.));
#1033 = PCURVE('',#33,#1034);
#1034 = DEFINITIONAL_REPRESENTATION('',(#1035),#1038);
#1035 = B_SPLINE_CURVE_WITH_KNOTS('',1,(#1036,#1037),.UNSPECIFIED.,.F.,
  .F.,(2,2),(-0.652235536749,0.216915595103),.PIECEWISE_BEZIER_KNOTS.);
#1036 = CARTESIAN_POINT('',(5.108727844379,9.049776188507));
#1037 = CARTESIAN_POINT('',(5.847044112647,8.591177477201));
#1038 = ( GEOMETRIC_REPRESENTATION_CONTEXT(2) 
PARAMETRIC_REPRESENTATION_CONTEXT() REPRESENTATION_CONTEXT('2D SPACE',''
  ) );
#1039 = PCURVE('',#1040,#1045);
#1040 = PLANE('',#1041);
#1041 = AXIS2_PLACEMENT_3D('',#1042,#1043,#1044);
#1042 = CARTESIAN_POINT('',(5.847044112647,8.591177477201,12.2704));
#1043 = DIRECTION('',(-0.527639779205,-0.849468223891,0.));
#1044 = DIRECTION('',(-0.849468223891,0.527639779205,0.));
#1045 = DEFINITIONAL_REPRESENTATION('',(#1046),#1049);
#1046 = B_SPLINE_CURVE_WITH_KNOTS('',1,(#1047,#1048),.UNSPECIFIED.,.F.,
  .F.,(2,2),(-0.652235536749,0.216915595103),.PIECEWISE_BEZIER_KNOTS.);
#1047 = CARTESIAN_POINT('',(0.869151131852,-5.E-02));
#1048 = CARTESIAN_POINT('',(0.,-5.E-02));
#1049 = ( GEOMETRIC_REPRESENTATION_CONTEXT(2) 
PARAMETRIC_REPRESENTATION_CONTEXT() REPRESENTATION_CONTEXT('2D SPACE',''
  ) );
#1050 = ORIENTED_EDGE('',*,*,#1051,.T.);
#1051 = EDGE_CURVE('',#1026,#1052,#1054,.T.);
#1052 = VERTEX_POINT('',#1053);
#1053 = CARTESIAN_POINT('',(6.544483843734,8.072578526661,12.3204));
#1054 = SURFACE_CURVE('',#1055,(#1059,#1065),.PCURVE_S1.);
#1055 = LINE('',#1056,#1057);
#1056 = CARTESIAN_POINT('',(6.369999829323,8.202320528337,12.3204));
#1057 = VECTOR('',#1058,1.);
#1058 = DIRECTION('',(0.802467894527,-0.596695297664,0.));
#1059 = PCURVE('',#33,#1060);
#1060 = DEFINITIONAL_REPRESENTATION('',(#1061),#1064);
#1061 = B_SPLINE_CURVE_WITH_KNOTS('',1,(#1062,#1063),.UNSPECIFIED.,.F.,
  .F.,(2,2),(-0.651684285743,0.217434261983),.PIECEWISE_BEZIER_KNOTS.);
#1062 = CARTESIAN_POINT('',(5.847044112647,8.591177477201));
#1063 = CARTESIAN_POINT('',(6.544483843734,8.072578526661));
#1064 = ( GEOMETRIC_REPRESENTATION_CONTEXT(2) 
PARAMETRIC_REPRESENTATION_CONTEXT() REPRESENTATION_CONTEXT('2D SPACE',''
  ) );
#1065 = PCURVE('',#1066,#1071);
#1066 = PLANE('',#1067);
#1067 = AXIS2_PLACEMENT_3D('',#1068,#1069,#1070);
#1068 = CARTESIAN_POINT('',(6.544483843734,8.072578526661,12.2704));
#1069 = DIRECTION('',(-0.596695297664,-0.802467894527,0.));
#1070 = DIRECTION('',(-0.802467894527,0.596695297664,0.));
#1071 = DEFINITIONAL_REPRESENTATION('',(#1072),#1075);
#1072 = B_SPLINE_CURVE_WITH_KNOTS('',1,(#1073,#1074),.UNSPECIFIED.,.F.,
  .F.,(2,2),(-0.651684285743,0.217434261983),.PIECEWISE_BEZIER_KNOTS.);
#1073 = CARTESIAN_POINT('',(0.869118547725,-5.E-02));
#1074 = CARTESIAN_POINT('',(0.,-5.E-02));
#1075 = ( GEOMETRIC_REPRESENTATION_CONTEXT(2) 
PARAMETRIC_REPRESENTATION_CONTEXT() REPRESENTATION_CONTEXT('2D SPACE',''
  ) );
#1076 = ORIENTED_EDGE('',*,*,#1077,.T.);
#1077 = EDGE_CURVE('',#1052,#1078,#1080,.T.);
#1078 = VERTEX_POINT('',#1079);
#1079 = CARTESIAN_POINT('',(7.196150885218,7.497498952129,12.3204));
#1080 = SURFACE_CURVE('',#1081,(#1085,#1091),.PCURVE_S1.);
#1081 = LINE('',#1082,#1083);
#1082 = CARTESIAN_POINT('',(7.033172604011,7.641323136334,12.3204));
#1083 = VECTOR('',#1084,1.);
#1084 = DIRECTION('',(0.74979262036,-0.661672899893,0.));
#1085 = PCURVE('',#33,#1086);
#1086 = DEFINITIONAL_REPRESENTATION('',(#1087),#1090);
#1087 = B_SPLINE_CURVE_WITH_KNOTS('',1,(#1088,#1089),.UNSPECIFIED.,.F.,
  .F.,(2,2),(-0.651765230821,0.217364477565),.PIECEWISE_BEZIER_KNOTS.);
#1088 = CARTESIAN_POINT('',(6.544483843734,8.072578526661));
#1089 = CARTESIAN_POINT('',(7.196150885218,7.497498952129));
#1090 = ( GEOMETRIC_REPRESENTATION_CONTEXT(2) 
PARAMETRIC_REPRESENTATION_CONTEXT() REPRESENTATION_CONTEXT('2D SPACE',''
  ) );
#1091 = PCURVE('',#1092,#1097);
#1092 = PLANE('',#1093);
#1093 = AXIS2_PLACEMENT_3D('',#1094,#1095,#1096);
#1094 = CARTESIAN_POINT('',(7.196150885218,7.497498952129,12.2704));
#1095 = DIRECTION('',(-0.661672899893,-0.74979262036,0.));
#1096 = DIRECTION('',(-0.74979262036,0.661672899893,0.));
#1097 = DEFINITIONAL_REPRESENTATION('',(#1098),#1101);
#1098 = B_SPLINE_CURVE_WITH_KNOTS('',1,(#1099,#1100),.UNSPECIFIED.,.F.,
  .F.,(2,2),(-0.651765230821,0.217364477565),.PIECEWISE_BEZIER_KNOTS.);
#1099 = CARTESIAN_POINT('',(0.869129708386,-5.E-02));
#1100 = CARTESIAN_POINT('',(0.,-5.E-02));
#1101 = ( GEOMETRIC_REPRESENTATION_CONTEXT(2) 
PARAMETRIC_REPRESENTATION_CONTEXT() REPRESENTATION_CONTEXT('2D SPACE',''
  ) );
#1102 = ORIENTED_EDGE('',*,*,#1103,.T.);
#1103 = EDGE_CURVE('',#1078,#1104,#1106,.T.);
#1104 = VERTEX_POINT('',#1105);
#1105 = CARTESIAN_POINT('',(7.797449084676,6.86997798409,12.3204));
#1106 = SURFACE_CURVE('',#1107,(#1111,#1117),.PCURVE_S1.);
#1107 = LINE('',#1108,#1109);
#1108 = CARTESIAN_POINT('',(7.647177944518,7.026802487182,12.3204));
#1109 = VECTOR('',#1110,1.);
#1110 = DIRECTION('',(0.69185974202,-0.722031922682,0.));
#1111 = PCURVE('',#33,#1112);
#1112 = DEFINITIONAL_REPRESENTATION('',(#1113),#1116);
#1113 = B_SPLINE_CURVE_WITH_KNOTS('',1,(#1114,#1115),.UNSPECIFIED.,.F.,
  .F.,(2,2),(-0.651905338477,0.217198849754),.PIECEWISE_BEZIER_KNOTS.);
#1114 = CARTESIAN_POINT('',(7.196150885218,7.497498952129));
#1115 = CARTESIAN_POINT('',(7.797449084676,6.86997798409));
#1116 = ( GEOMETRIC_REPRESENTATION_CONTEXT(2) 
PARAMETRIC_REPRESENTATION_CONTEXT() REPRESENTATION_CONTEXT('2D SPACE',''
  ) );
#1117 = PCURVE('',#1118,#1123);
#1118 = PLANE('',#1119);
#1119 = AXIS2_PLACEMENT_3D('',#1120,#1121,#1122);
#1120 = CARTESIAN_POINT('',(7.797449084676,6.86997798409,12.2704));
#1121 = DIRECTION('',(-0.722031922682,-0.69185974202,0.));
#1122 = DIRECTION('',(-0.69185974202,0.722031922682,0.));
#1123 = DEFINITIONAL_REPRESENTATION('',(#1124),#1127);
#1124 = B_SPLINE_CURVE_WITH_KNOTS('',1,(#1125,#1126),.UNSPECIFIED.,.F.,
  .F.,(2,2),(-0.651905338477,0.217198849754),.PIECEWISE_BEZIER_KNOTS.);
#1125 = CARTESIAN_POINT('',(0.869104188231,-5.E-02));
#1126 = CARTESIAN_POINT('',(0.,-5.E-02));
#1127 = ( GEOMETRIC_REPRESENTATION_CONTEXT(2) 
PARAMETRIC_REPRESENTATION_CONTEXT() REPRESENTATION_CONTEXT('2D SPACE',''
  ) );
#1128 = ORIENTED_EDGE('',*,*,#1129,.T.);
#1129 = EDGE_CURVE('',#1104,#1130,#1132,.T.);
#1130 = VERTEX_POINT('',#1131);
#1131 = CARTESIAN_POINT('',(8.344255494766,6.194474468271,12.3204));
#1132 = SURFACE_CURVE('',#1133,(#1137,#1143),.PCURVE_S1.);
#1133 = LINE('',#1134,#1135);
#1134 = CARTESIAN_POINT('',(8.207317887666,6.363641898164,12.3204));
#1135 = VECTOR('',#1136,1.);
#1136 = DIRECTION('',(0.629177535364,-0.777261621974,0.));
#1137 = PCURVE('',#33,#1138);
#1138 = DEFINITIONAL_REPRESENTATION('',(#1139),#1142);
#1139 = B_SPLINE_CURVE_WITH_KNOTS('',1,(#1140,#1141),.UNSPECIFIED.,.F.,
  .F.,(2,2),(-0.651435850698,0.217645417078),.PIECEWISE_BEZIER_KNOTS.);
#1140 = CARTESIAN_POINT('',(7.797449084676,6.86997798409));
#1141 = CARTESIAN_POINT('',(8.344255494766,6.194474468271));
#1142 = ( GEOMETRIC_REPRESENTATION_CONTEXT(2) 
PARAMETRIC_REPRESENTATION_CONTEXT() REPRESENTATION_CONTEXT('2D SPACE',''
  ) );
#1143 = PCURVE('',#1144,#1149);
#1144 = PLANE('',#1145);
#1145 = AXIS2_PLACEMENT_3D('',#1146,#1147,#1148);
#1146 = CARTESIAN_POINT('',(8.344255494766,6.194474468271,12.2704));
#1147 = DIRECTION('',(-0.777261621974,-0.629177535364,0.));
#1148 = DIRECTION('',(-0.629177535364,0.777261621974,0.));
#1149 = DEFINITIONAL_REPRESENTATION('',(#1150),#1153);
#1150 = B_SPLINE_CURVE_WITH_KNOTS('',1,(#1151,#1152),.UNSPECIFIED.,.F.,
  .F.,(2,2),(-0.651435850698,0.217645417078),.PIECEWISE_BEZIER_KNOTS.);
#1151 = CARTESIAN_POINT('',(0.869081267776,-5.E-02));
#1152 = CARTESIAN_POINT('',(0.,-5.E-02));
#1153 = ( GEOMETRIC_REPRESENTATION_CONTEXT(2) 
PARAMETRIC_REPRESENTATION_CONTEXT() REPRESENTATION_CONTEXT('2D SPACE',''
  ) );
#1154 = ORIENTED_EDGE('',*,*,#1155,.T.);
#1155 = EDGE_CURVE('',#1130,#1156,#1158,.T.);
#1156 = VERTEX_POINT('',#1157);
#1157 = CARTESIAN_POINT('',(8.832633770687,5.475570455479,12.3204));
#1158 = SURFACE_CURVE('',#1159,(#1163,#1169),.PCURVE_S1.);
#1159 = LINE('',#1160,#1161);
#1160 = CARTESIAN_POINT('',(8.71067216249,5.655100737358,12.3204));
#1161 = VECTOR('',#1162,1.);
#1162 = DIRECTION('',(0.561935091198,-0.827181330351,0.));
#1163 = PCURVE('',#33,#1164);
#1164 = DEFINITIONAL_REPRESENTATION('',(#1165),#1168);
#1165 = B_SPLINE_CURVE_WITH_KNOTS('',1,(#1166,#1167),.UNSPECIFIED.,.F.,
  .F.,(2,2),(-0.652062263887,0.217038604827),.PIECEWISE_BEZIER_KNOTS.);
#1166 = CARTESIAN_POINT('',(8.344255494766,6.194474468271));
#1167 = CARTESIAN_POINT('',(8.832633770687,5.475570455479));
#1168 = ( GEOMETRIC_REPRESENTATION_CONTEXT(2) 
PARAMETRIC_REPRESENTATION_CONTEXT() REPRESENTATION_CONTEXT('2D SPACE',''
  ) );
#1169 = PCURVE('',#1170,#1175);
#1170 = PLANE('',#1171);
#1171 = AXIS2_PLACEMENT_3D('',#1172,#1173,#1174);
#1172 = CARTESIAN_POINT('',(8.832633770687,5.475570455479,12.2704));
#1173 = DIRECTION('',(-0.827181330351,-0.561935091198,0.));
#1174 = DIRECTION('',(-0.561935091198,0.827181330351,0.));
#1175 = DEFINITIONAL_REPRESENTATION('',(#1176),#1179);
#1176 = B_SPLINE_CURVE_WITH_KNOTS('',1,(#1177,#1178),.UNSPECIFIED.,.F.,
  .F.,(2,2),(-0.652062263887,0.217038604827),.PIECEWISE_BEZIER_KNOTS.);
#1177 = CARTESIAN_POINT('',(0.869100868714,-5.E-02));
#1178 = CARTESIAN_POINT('',(0.,-5.E-02));
#1179 = ( GEOMETRIC_REPRESENTATION_CONTEXT(2) 
PARAMETRIC_REPRESENTATION_CONTEXT() REPRESENTATION_CONTEXT('2D SPACE',''
  ) );
#1180 = ORIENTED_EDGE('',*,*,#1181,.T.);
#1181 = EDGE_CURVE('',#1156,#1182,#1184,.T.);
#1182 = VERTEX_POINT('',#1183);
#1183 = CARTESIAN_POINT('',(9.259307375258,4.718390816845,12.3204));
#1184 = SURFACE_CURVE('',#1185,(#1189,#1195),.PCURVE_S1.);
#1185 = LINE('',#1186,#1187);
#1186 = CARTESIAN_POINT('',(9.152540996168,4.90785959924,12.3204));
#1187 = VECTOR('',#1188,1.);
#1188 = DIRECTION('',(0.490925415876,-0.871201604709,0.));
#1189 = PCURVE('',#33,#1190);
#1190 = DEFINITIONAL_REPRESENTATION('',(#1191),#1194);
#1191 = B_SPLINE_CURVE_WITH_KNOTS('',1,(#1192,#1193),.UNSPECIFIED.,.F.,
  .F.,(2,2),(-0.651641196677,0.217479836321),.PIECEWISE_BEZIER_KNOTS.);
#1192 = CARTESIAN_POINT('',(8.832633770687,5.475570455479));
#1193 = CARTESIAN_POINT('',(9.259307375258,4.718390816845));
#1194 = ( GEOMETRIC_REPRESENTATION_CONTEXT(2) 
PARAMETRIC_REPRESENTATION_CONTEXT() REPRESENTATION_CONTEXT('2D SPACE',''
  ) );
#1195 = PCURVE('',#1196,#1201);
#1196 = PLANE('',#1197);
#1197 = AXIS2_PLACEMENT_3D('',#1198,#1199,#1200);
#1198 = CARTESIAN_POINT('',(9.259307375258,4.718390816845,12.2704));
#1199 = DIRECTION('',(-0.871201604709,-0.490925415876,0.));
#1200 = DIRECTION('',(-0.490925415876,0.871201604709,0.));
#1201 = DEFINITIONAL_REPRESENTATION('',(#1202),#1205);
#1202 = B_SPLINE_CURVE_WITH_KNOTS('',1,(#1203,#1204),.UNSPECIFIED.,.F.,
  .F.,(2,2),(-0.651641196677,0.217479836321),.PIECEWISE_BEZIER_KNOTS.);
#1203 = CARTESIAN_POINT('',(0.869121032998,-5.E-02));
#1204 = CARTESIAN_POINT('',(0.,-5.E-02));
#1205 = ( GEOMETRIC_REPRESENTATION_CONTEXT(2) 
PARAMETRIC_REPRESENTATION_CONTEXT() REPRESENTATION_CONTEXT('2D SPACE',''
  ) );
#1206 = ORIENTED_EDGE('',*,*,#1207,.T.);
#1207 = EDGE_CURVE('',#1182,#1208,#1210,.T.);
#1208 = VERTEX_POINT('',#1209);
#1209 = CARTESIAN_POINT('',(9.62118637384,3.92818362858,12.3204));
#1210 = SURFACE_CURVE('',#1211,(#1215,#1221),.PCURVE_S1.);
#1211 = LINE('',#1212,#1213);
#1212 = CARTESIAN_POINT('',(9.530732326793,4.125701137095,12.3204));
#1213 = VECTOR('',#1214,1.);
#1214 = DIRECTION('',(0.416370108462,-0.909195211591,0.));
#1215 = PCURVE('',#33,#1216);
#1216 = DEFINITIONAL_REPRESENTATION('',(#1217),#1220);
#1217 = B_SPLINE_CURVE_WITH_KNOTS('',1,(#1218,#1219),.UNSPECIFIED.,.F.,
  .F.,(2,2),(-0.651883855297,0.217244334327),.PIECEWISE_BEZIER_KNOTS.);
#1218 = CARTESIAN_POINT('',(9.259307375258,4.718390816845));
#1219 = CARTESIAN_POINT('',(9.62118637384,3.92818362858));
#1220 = ( GEOMETRIC_REPRESENTATION_CONTEXT(2) 
PARAMETRIC_REPRESENTATION_CONTEXT() REPRESENTATION_CONTEXT('2D SPACE',''
  ) );
#1221 = PCURVE('',#1222,#1227);
#1222 = PLANE('',#1223);
#1223 = AXIS2_PLACEMENT_3D('',#1224,#1225,#1226);
#1224 = CARTESIAN_POINT('',(9.62118637384,3.92818362858,12.2704));
#1225 = DIRECTION('',(-0.909195211591,-0.416370108462,0.));
#1226 = DIRECTION('',(-0.416370108462,0.909195211591,0.));
#1227 = DEFINITIONAL_REPRESENTATION('',(#1228),#1231);
#1228 = B_SPLINE_CURVE_WITH_KNOTS('',1,(#1229,#1230),.UNSPECIFIED.,.F.,
  .F.,(2,2),(-0.651883855297,0.217244334327),.PIECEWISE_BEZIER_KNOTS.);
#1229 = CARTESIAN_POINT('',(0.869128189625,-5.E-02));
#1230 = CARTESIAN_POINT('',(0.,-5.E-02));
#1231 = ( GEOMETRIC_REPRESENTATION_CONTEXT(2) 
PARAMETRIC_REPRESENTATION_CONTEXT() REPRESENTATION_CONTEXT('2D SPACE',''
  ) );
#1232 = ORIENTED_EDGE('',*,*,#1233,.T.);
#1233 = EDGE_CURVE('',#1208,#1234,#1236,.T.);
#1234 = VERTEX_POINT('',#1235);
#1235 = CARTESIAN_POINT('',(9.915740639412,3.110566582137,12.3204));
#1236 = SURFACE_CURVE('',#1237,(#1241,#1247),.PCURVE_S1.);
#1237 = LINE('',#1238,#1239);
#1238 = CARTESIAN_POINT('',(9.842132977901,3.314885058678,12.3204));
#1239 = VECTOR('',#1240,1.);
#1240 = DIRECTION('',(0.338935545455,-0.940809596054,0.));
#1241 = PCURVE('',#33,#1242);
#1242 = DEFINITIONAL_REPRESENTATION('',(#1243),#1246);
#1243 = B_SPLINE_CURVE_WITH_KNOTS('',1,(#1244,#1245),.UNSPECIFIED.,.F.,
  .F.,(2,2),(-0.651883837573,0.217173036285),.PIECEWISE_BEZIER_KNOTS.);
#1244 = CARTESIAN_POINT('',(9.62118637384,3.92818362858));
#1245 = CARTESIAN_POINT('',(9.915740639412,3.110566582137));
#1246 = ( GEOMETRIC_REPRESENTATION_CONTEXT(2) 
PARAMETRIC_REPRESENTATION_CONTEXT() REPRESENTATION_CONTEXT('2D SPACE',''
  ) );
#1247 = PCURVE('',#1248,#1253);
#1248 = PLANE('',#1249);
#1249 = AXIS2_PLACEMENT_3D('',#1250,#1251,#1252);
#1250 = CARTESIAN_POINT('',(9.915740639412,3.110566582137,12.2704));
#1251 = DIRECTION('',(-0.940809596054,-0.338935545455,0.));
#1252 = DIRECTION('',(-0.338935545455,0.940809596054,0.));
#1253 = DEFINITIONAL_REPRESENTATION('',(#1254),#1257);
#1254 = B_SPLINE_CURVE_WITH_KNOTS('',1,(#1255,#1256),.UNSPECIFIED.,.F.,
  .F.,(2,2),(-0.651883837573,0.217173036285),.PIECEWISE_BEZIER_KNOTS.);
#1255 = CARTESIAN_POINT('',(0.869056873858,-5.E-02));
#1256 = CARTESIAN_POINT('',(0.,-5.E-02));
#1257 = ( GEOMETRIC_REPRESENTATION_CONTEXT(2) 
PARAMETRIC_REPRESENTATION_CONTEXT() REPRESENTATION_CONTEXT('2D SPACE',''
  ) );
#1258 = ORIENTED_EDGE('',*,*,#1259,.T.);
#1259 = EDGE_CURVE('',#1234,#1260,#1262,.T.);
#1260 = VERTEX_POINT('',#1261);
#1261 = CARTESIAN_POINT('',(10.140973057659,2.271080574052,12.3204));
#1262 = SURFACE_CURVE('',#1263,(#1267,#1273),.PCURVE_S1.);
#1263 = LINE('',#1264,#1265);
#1264 = CARTESIAN_POINT('',(10.084694420949,2.480842243529,12.3204));
#1265 = VECTOR('',#1266,1.);
#1266 = DIRECTION('',(0.259133358042,-0.965841551576,0.));
#1267 = PCURVE('',#33,#1268);
#1268 = DEFINITIONAL_REPRESENTATION('',(#1269),#1272);
#1269 = B_SPLINE_CURVE_WITH_KNOTS('',1,(#1270,#1271),.UNSPECIFIED.,.F.,
  .F.,(2,2),(-0.65199549303,0.217180208425),.PIECEWISE_BEZIER_KNOTS.);
#1270 = CARTESIAN_POINT('',(9.915740639412,3.110566582137));
#1271 = CARTESIAN_POINT('',(10.140973057659,2.271080574052));
#1272 = ( GEOMETRIC_REPRESENTATION_CONTEXT(2) 
PARAMETRIC_REPRESENTATION_CONTEXT() REPRESENTATION_CONTEXT('2D SPACE',''
  ) );
#1273 = PCURVE('',#1274,#1279);
#1274 = PLANE('',#1275);
#1275 = AXIS2_PLACEMENT_3D('',#1276,#1277,#1278);
#1276 = CARTESIAN_POINT('',(10.140973057659,2.271080574052,12.2704));
#1277 = DIRECTION('',(-0.965841551576,-0.259133358042,0.));
#1278 = DIRECTION('',(-0.259133358042,0.965841551576,0.));
#1279 = DEFINITIONAL_REPRESENTATION('',(#1280),#1283);
#1280 = B_SPLINE_CURVE_WITH_KNOTS('',1,(#1281,#1282),.UNSPECIFIED.,.F.,
  .F.,(2,2),(-0.65199549303,0.217180208425),.PIECEWISE_BEZIER_KNOTS.);
#1281 = CARTESIAN_POINT('',(0.869175701455,-5.E-02));
#1282 = CARTESIAN_POINT('',(0.,-5.E-02));
#1283 = ( GEOMETRIC_REPRESENTATION_CONTEXT(2) 
PARAMETRIC_REPRESENTATION_CONTEXT() REPRESENTATION_CONTEXT('2D SPACE',''
  ) );
#1284 = ORIENTED_EDGE('',*,*,#1285,.T.);
#1285 = EDGE_CURVE('',#1260,#1286,#1288,.T.);
#1286 = VERTEX_POINT('',#1287);
#1287 = CARTESIAN_POINT('',(6.205854345523,4.691055030817,12.3204));
#1288 = SURFACE_CURVE('',#1289,(#1293,#1299),.PCURVE_S1.);
#1289 = LINE('',#1290,#1291);
#1290 = CARTESIAN_POINT('',(5.001009039798,5.431997065226,12.3204));
#1291 = VECTOR('',#1292,1.);
#1292 = DIRECTION('',(-0.85181644998,0.523840372197,0.));
#1293 = PCURVE('',#33,#1294);
#1294 = DEFINITIONAL_REPRESENTATION('',(#1295),#1298);
#1295 = B_SPLINE_CURVE_WITH_KNOTS('',1,(#1296,#1297),.UNSPECIFIED.,.F.,
  .F.,(2,2),(-6.034121573939,-1.414442402179),.PIECEWISE_BEZIER_KNOTS.);
#1296 = CARTESIAN_POINT('',(10.140973057659,2.271080574052));
#1297 = CARTESIAN_POINT('',(6.205854345523,4.691055030817));
#1298 = ( GEOMETRIC_REPRESENTATION_CONTEXT(2) 
PARAMETRIC_REPRESENTATION_CONTEXT() REPRESENTATION_CONTEXT('2D SPACE',''
  ) );
#1299 = PCURVE('',#1300,#1305);
#1300 = PLANE('',#1301);
#1301 = AXIS2_PLACEMENT_3D('',#1302,#1303,#1304);
#1302 = CARTESIAN_POINT('',(6.205854345523,4.691055030817,12.2704));
#1303 = DIRECTION('',(0.523840372197,0.85181644998,-0.));
#1304 = DIRECTION('',(0.85181644998,-0.523840372197,0.));
#1305 = DEFINITIONAL_REPRESENTATION('',(#1306),#1309);
#1306 = B_SPLINE_CURVE_WITH_KNOTS('',1,(#1307,#1308),.UNSPECIFIED.,.F.,
  .F.,(2,2),(-6.034121573939,-1.414442402179),.PIECEWISE_BEZIER_KNOTS.);
#1307 = CARTESIAN_POINT('',(4.619679171761,-5.E-02));
#1308 = CARTESIAN_POINT('',(0.,-5.E-02));
#1309 = ( GEOMETRIC_REPRESENTATION_CONTEXT(2) 
PARAMETRIC_REPRESENTATION_CONTEXT() REPRESENTATION_CONTEXT('2D SPACE',''
  ) );
#1310 = ORIENTED_EDGE('',*,*,#1311,.T.);
#1311 = EDGE_CURVE('',#1286,#1312,#1314,.T.);
#1312 = VERTEX_POINT('',#1313);
#1313 = CARTESIAN_POINT('',(5.755898156162,5.233508049664,12.3204));
#1314 = SURFACE_CURVE('',#1315,(#1319,#1325),.PCURVE_S1.);
#1315 = LINE('',#1316,#1317);
#1316 = CARTESIAN_POINT('',(5.868691715926,5.097527684358,12.3204));
#1317 = VECTOR('',#1318,1.);
#1318 = DIRECTION('',(-0.638434313836,0.769676313081,0.));
#1319 = PCURVE('',#33,#1320);
#1320 = DEFINITIONAL_REPRESENTATION('',(#1321),#1324);
#1321 = B_SPLINE_CURVE_WITH_KNOTS('',1,(#1322,#1323),.UNSPECIFIED.,.F.,
  .F.,(2,2),(-0.528108565423,0.176672145153),.PIECEWISE_BEZIER_KNOTS.);
#1322 = CARTESIAN_POINT('',(6.205854345523,4.691055030817));
#1323 = CARTESIAN_POINT('',(5.755898156162,5.233508049664));
#1324 = ( GEOMETRIC_REPRESENTATION_CONTEXT(2) 
PARAMETRIC_REPRESENTATION_CONTEXT() REPRESENTATION_CONTEXT('2D SPACE',''
  ) );
#1325 = PCURVE('',#1326,#1331);
#1326 = PLANE('',#1327);
#1327 = AXIS2_PLACEMENT_3D('',#1328,#1329,#1330);
#1328 = CARTESIAN_POINT('',(5.755898156162,5.233508049664,12.2704));
#1329 = DIRECTION('',(0.769676313081,0.638434313836,-0.));
#1330 = DIRECTION('',(0.638434313836,-0.769676313081,0.));
#1331 = DEFINITIONAL_REPRESENTATION('',(#1332),#1335);
#1332 = B_SPLINE_CURVE_WITH_KNOTS('',1,(#1333,#1334),.UNSPECIFIED.,.F.,
  .F.,(2,2),(-0.528108565423,0.176672145153),.PIECEWISE_BEZIER_KNOTS.);
#1333 = CARTESIAN_POINT('',(0.704780710576,-5.E-02));
#1334 = CARTESIAN_POINT('',(0.,-5.E-02));
#1335 = ( GEOMETRIC_REPRESENTATION_CONTEXT(2) 
PARAMETRIC_REPRESENTATION_CONTEXT() REPRESENTATION_CONTEXT('2D SPACE',''
  ) );
#1336 = ORIENTED_EDGE('',*,*,#1337,.T.);
#1337 = EDGE_CURVE('',#1312,#1338,#1340,.T.);
#1338 = VERTEX_POINT('',#1339);
#1339 = CARTESIAN_POINT('',(5.223903905393,5.764666977998,12.3204));
#1340 = SURFACE_CURVE('',#1341,(#1345,#1351),.PCURVE_S1.);
#1341 = LINE('',#1342,#1343);
#1342 = CARTESIAN_POINT('',(5.35704067749,5.631739253522,12.3204));
#1343 = VECTOR('',#1344,1.);
#1344 = DIRECTION('',(-0.707662138538,0.706550987318,0.));
#1345 = PCURVE('',#33,#1346);
#1346 = DEFINITIONAL_REPRESENTATION('',(#1347),#1350);
#1347 = B_SPLINE_CURVE_WITH_KNOTS('',1,(#1348,#1349),.UNSPECIFIED.,.F.,
  .F.,(2,2),(-0.563626986596,0.188136067831),.PIECEWISE_BEZIER_KNOTS.);
#1348 = CARTESIAN_POINT('',(5.755898156162,5.233508049664));
#1349 = CARTESIAN_POINT('',(5.223903905393,5.764666977998));
#1350 = ( GEOMETRIC_REPRESENTATION_CONTEXT(2) 
PARAMETRIC_REPRESENTATION_CONTEXT() REPRESENTATION_CONTEXT('2D SPACE',''
  ) );
#1351 = PCURVE('',#1352,#1357);
#1352 = PLANE('',#1353);
#1353 = AXIS2_PLACEMENT_3D('',#1354,#1355,#1356);
#1354 = CARTESIAN_POINT('',(5.223903905393,5.764666977998,12.2704));
#1355 = DIRECTION('',(0.706550987318,0.707662138538,-0.));
#1356 = DIRECTION('',(0.707662138538,-0.706550987318,0.));
#1357 = DEFINITIONAL_REPRESENTATION('',(#1358),#1361);
#1358 = B_SPLINE_CURVE_WITH_KNOTS('',1,(#1359,#1360),.UNSPECIFIED.,.F.,
  .F.,(2,2),(-0.563626986596,0.188136067831),.PIECEWISE_BEZIER_KNOTS.);
#1359 = CARTESIAN_POINT('',(0.751763054426,-5.E-02));
#1360 = CARTESIAN_POINT('',(0.,-5.E-02));
#1361 = ( GEOMETRIC_REPRESENTATION_CONTEXT(2) 
PARAMETRIC_REPRESENTATION_CONTEXT() REPRESENTATION_CONTEXT('2D SPACE',''
  ) );
#1362 = ORIENTED_EDGE('',*,*,#1363,.T.);
#1363 = EDGE_CURVE('',#1338,#1364,#1366,.T.);
#1364 = VERTEX_POINT('',#1365);
#1365 = CARTESIAN_POINT('',(4.643072863406,6.242038102663,12.3204));
#1366 = SURFACE_CURVE('',#1367,(#1371,#1377),.PCURVE_S1.);
#1367 = LINE('',#1368,#1369);
#1368 = CARTESIAN_POINT('',(4.788436791225,6.122566971314,12.3204));
#1369 = VECTOR('',#1370,1.);
#1370 = DIRECTION('',(-0.77255666542,0.634945823449,0.));
#1371 = PCURVE('',#33,#1372);
#1372 = DEFINITIONAL_REPRESENTATION('',(#1373),#1376);
#1373 = B_SPLINE_CURVE_WITH_KNOTS('',1,(#1374,#1375),.UNSPECIFIED.,.F.,
  .F.,(2,2),(-0.56367012759,0.188159567222),.PIECEWISE_BEZIER_KNOTS.);
#1374 = CARTESIAN_POINT('',(5.223903905393,5.764666977998));
#1375 = CARTESIAN_POINT('',(4.643072863406,6.242038102663));
#1376 = ( GEOMETRIC_REPRESENTATION_CONTEXT(2) 
PARAMETRIC_REPRESENTATION_CONTEXT() REPRESENTATION_CONTEXT('2D SPACE',''
  ) );
#1377 = PCURVE('',#1378,#1383);
#1378 = PLANE('',#1379);
#1379 = AXIS2_PLACEMENT_3D('',#1380,#1381,#1382);
#1380 = CARTESIAN_POINT('',(4.643072863406,6.242038102663,12.2704));
#1381 = DIRECTION('',(0.634945823449,0.77255666542,-0.));
#1382 = DIRECTION('',(0.77255666542,-0.634945823449,0.));
#1383 = DEFINITIONAL_REPRESENTATION('',(#1384),#1387);
#1384 = B_SPLINE_CURVE_WITH_KNOTS('',1,(#1385,#1386),.UNSPECIFIED.,.F.,
  .F.,(2,2),(-0.56367012759,0.188159567222),.PIECEWISE_BEZIER_KNOTS.);
#1385 = CARTESIAN_POINT('',(0.751829694811,-5.E-02));
#1386 = CARTESIAN_POINT('',(0.,-5.E-02));
#1387 = ( GEOMETRIC_REPRESENTATION_CONTEXT(2) 
PARAMETRIC_REPRESENTATION_CONTEXT() REPRESENTATION_CONTEXT('2D SPACE',''
  ) );
#1388 = ORIENTED_EDGE('',*,*,#1389,.T.);
#1389 = EDGE_CURVE('',#1364,#1390,#1392,.T.);
#1390 = VERTEX_POINT('',#1391);
#1391 = CARTESIAN_POINT('',(2.752272863406,2.967076435712,12.3204));
#1392 = SURFACE_CURVE('',#1393,(#1397,#1403),.PCURVE_S1.);
#1393 = LINE('',#1394,#1395);
#1394 = CARTESIAN_POINT('',(1.765847863406,1.258538217856,12.3204));
#1395 = VECTOR('',#1396,1.);
#1396 = DIRECTION('',(-0.5,-0.866025403784,0.));
#1397 = PCURVE('',#33,#1398);
#1398 = DEFINITIONAL_REPRESENTATION('',(#1399),#1402);
#1399 = B_SPLINE_CURVE_WITH_KNOTS('',1,(#1400,#1401),.UNSPECIFIED.,.F.,
  .F.,(2,2),(-5.75445,-1.97285),.PIECEWISE_BEZIER_KNOTS.);
#1400 = CARTESIAN_POINT('',(4.643072863406,6.242038102663));
#1401 = CARTESIAN_POINT('',(2.752272863406,2.967076435712));
#1402 = ( GEOMETRIC_REPRESENTATION_CONTEXT(2) 
PARAMETRIC_REPRESENTATION_CONTEXT() REPRESENTATION_CONTEXT('2D SPACE',''
  ) );
#1403 = PCURVE('',#1404,#1409);
#1404 = PLANE('',#1405);
#1405 = AXIS2_PLACEMENT_3D('',#1406,#1407,#1408);
#1406 = CARTESIAN_POINT('',(2.752272863406,2.967076435712,12.2704));
#1407 = DIRECTION('',(-0.866025403784,0.5,0.));
#1408 = DIRECTION('',(0.5,0.866025403784,0.));
#1409 = DEFINITIONAL_REPRESENTATION('',(#1410),#1413);
#1410 = B_SPLINE_CURVE_WITH_KNOTS('',1,(#1411,#1412),.UNSPECIFIED.,.F.,
  .F.,(2,2),(-5.75445,-1.97285),.PIECEWISE_BEZIER_KNOTS.);
#1411 = CARTESIAN_POINT('',(3.7816,-5.E-02));
#1412 = CARTESIAN_POINT('',(0.,-5.E-02));
#1413 = ( GEOMETRIC_REPRESENTATION_CONTEXT(2) 
PARAMETRIC_REPRESENTATION_CONTEXT() REPRESENTATION_CONTEXT('2D SPACE',''
  ) );
#1414 = ORIENTED_EDGE('',*,*,#1415,.T.);
#1415 = EDGE_CURVE('',#1390,#1416,#1418,.T.);
#1416 = VERTEX_POINT('',#1417);
#1417 = CARTESIAN_POINT('',(2.96954580579,2.749604211031,12.3204));
#1418 = SURFACE_CURVE('',#1419,(#1423,#1429),.PCURVE_S1.);
#1419 = LINE('',#1420,#1421);
#1420 = CARTESIAN_POINT('',(2.915240721293,2.80395910404,12.3204));
#1421 = VECTOR('',#1422,1.);
#1422 = DIRECTION('',(0.706782577131,-0.707430836664,0.));
#1423 = PCURVE('',#33,#1424);
#1424 = DEFINITIONAL_REPRESENTATION('',(#1425),#1428);
#1425 = B_SPLINE_CURVE_WITH_KNOTS('',1,(#1426,#1427),.UNSPECIFIED.,.F.,
  .F.,(2,2),(-0.230577073006,7.683421501011E-02),
  .PIECEWISE_BEZIER_KNOTS.);
#1426 = CARTESIAN_POINT('',(2.752272863406,2.967076435712));
#1427 = CARTESIAN_POINT('',(2.96954580579,2.749604211031));
#1428 = ( GEOMETRIC_REPRESENTATION_CONTEXT(2) 
PARAMETRIC_REPRESENTATION_CONTEXT() REPRESENTATION_CONTEXT('2D SPACE',''
  ) );
#1429 = PCURVE('',#1430,#1435);
#1430 = PLANE('',#1431);
#1431 = AXIS2_PLACEMENT_3D('',#1432,#1433,#1434);
#1432 = CARTESIAN_POINT('',(2.96954580579,2.749604211031,12.2704));
#1433 = DIRECTION('',(-0.707430836664,-0.706782577131,0.));
#1434 = DIRECTION('',(-0.706782577131,0.707430836664,0.));
#1435 = DEFINITIONAL_REPRESENTATION('',(#1436),#1439);
#1436 = B_SPLINE_CURVE_WITH_KNOTS('',1,(#1437,#1438),.UNSPECIFIED.,.F.,
  .F.,(2,2),(-0.230577073006,7.683421501011E-02),
  .PIECEWISE_BEZIER_KNOTS.);
#1437 = CARTESIAN_POINT('',(0.307411288017,-5.E-02));
#1438 = CARTESIAN_POINT('',(0.,-5.E-02));
#1439 = ( GEOMETRIC_REPRESENTATION_CONTEXT(2) 
PARAMETRIC_REPRESENTATION_CONTEXT() REPRESENTATION_CONTEXT('2D SPACE',''
  ) );
#1440 = ORIENTED_EDGE('',*,*,#1441,.T.);
#1441 = EDGE_CURVE('',#1416,#1442,#1444,.T.);
#1442 = VERTEX_POINT('',#1443);
#1443 = CARTESIAN_POINT('',(3.310454660105,2.328075667454,12.3204));
#1444 = SURFACE_CURVE('',#1445,(#1449,#1455),.PCURVE_S1.);
#1445 = LINE('',#1446,#1447);
#1446 = CARTESIAN_POINT('',(3.225076435486,2.433644526171,12.3204));
#1447 = VECTOR('',#1448,1.);
#1448 = DIRECTION('',(0.628832060437,-0.777541149886,0.));
#1449 = PCURVE('',#33,#1450);
#1450 = DEFINITIONAL_REPRESENTATION('',(#1451),#1454);
#1451 = B_SPLINE_CURVE_WITH_KNOTS('',1,(#1452,#1453),.UNSPECIFIED.,.F.,
  .F.,(2,2),(-0.40635750906,0.135772696702),.PIECEWISE_BEZIER_KNOTS.);
#1452 = CARTESIAN_POINT('',(2.96954580579,2.749604211031));
#1453 = CARTESIAN_POINT('',(3.310454660105,2.328075667454));
#1454 = ( GEOMETRIC_REPRESENTATION_CONTEXT(2) 
PARAMETRIC_REPRESENTATION_CONTEXT() REPRESENTATION_CONTEXT('2D SPACE',''
  ) );
#1455 = PCURVE('',#1456,#1461);
#1456 = PLANE('',#1457);
#1457 = AXIS2_PLACEMENT_3D('',#1458,#1459,#1460);
#1458 = CARTESIAN_POINT('',(3.310454660105,2.328075667454,12.2704));
#1459 = DIRECTION('',(-0.777541149886,-0.628832060437,0.));
#1460 = DIRECTION('',(-0.628832060437,0.777541149886,0.));
#1461 = DEFINITIONAL_REPRESENTATION('',(#1462),#1465);
#1462 = B_SPLINE_CURVE_WITH_KNOTS('',1,(#1463,#1464),.UNSPECIFIED.,.F.,
  .F.,(2,2),(-0.40635750906,0.135772696702),.PIECEWISE_BEZIER_KNOTS.);
#1463 = CARTESIAN_POINT('',(0.542130205762,-5.E-02));
#1464 = CARTESIAN_POINT('',(0.,-5.E-02));
#1465 = ( GEOMETRIC_REPRESENTATION_CONTEXT(2) 
PARAMETRIC_REPRESENTATION_CONTEXT() REPRESENTATION_CONTEXT('2D SPACE',''
  ) );
#1466 = ORIENTED_EDGE('',*,*,#1467,.T.);
#1467 = EDGE_CURVE('',#1442,#1468,#1470,.T.);
#1468 = VERTEX_POINT('',#1469);
#1469 = CARTESIAN_POINT('',(3.591913137064,1.864776049768,12.3204));
#1470 = SURFACE_CURVE('',#1471,(#1475,#1481),.PCURVE_S1.);
#1471 = LINE('',#1472,#1473);
#1472 = CARTESIAN_POINT('',(3.521504620362,1.98067321237,12.3204));
#1473 = VECTOR('',#1474,1.);
#1474 = DIRECTION('',(0.519206473289,-0.854648839053,0.));
#1475 = PCURVE('',#33,#1476);
#1476 = DEFINITIONAL_REPRESENTATION('',(#1477),#1480);
#1477 = B_SPLINE_CURVE_WITH_KNOTS('',1,(#1478,#1479),.UNSPECIFIED.,.F.,
  .F.,(2,2),(-0.406485610475,0.135607933113),.PIECEWISE_BEZIER_KNOTS.);
#1478 = CARTESIAN_POINT('',(3.310454660105,2.328075667454));
#1479 = CARTESIAN_POINT('',(3.591913137064,1.864776049768));
#1480 = ( GEOMETRIC_REPRESENTATION_CONTEXT(2) 
PARAMETRIC_REPRESENTATION_CONTEXT() REPRESENTATION_CONTEXT('2D SPACE',''
  ) );
#1481 = PCURVE('',#1482,#1487);
#1482 = PLANE('',#1483);
#1483 = AXIS2_PLACEMENT_3D('',#1484,#1485,#1486);
#1484 = CARTESIAN_POINT('',(3.591913137064,1.864776049768,12.2704));
#1485 = DIRECTION('',(-0.854648839053,-0.519206473289,0.));
#1486 = DIRECTION('',(-0.519206473289,0.854648839053,0.));
#1487 = DEFINITIONAL_REPRESENTATION('',(#1488),#1491);
#1488 = B_SPLINE_CURVE_WITH_KNOTS('',1,(#1489,#1490),.UNSPECIFIED.,.F.,
  .F.,(2,2),(-0.406485610475,0.135607933113),.PIECEWISE_BEZIER_KNOTS.);
#1489 = CARTESIAN_POINT('',(0.542093543588,-5.E-02));
#1490 = CARTESIAN_POINT('',(0.,-5.E-02));
#1491 = ( GEOMETRIC_REPRESENTATION_CONTEXT(2) 
PARAMETRIC_REPRESENTATION_CONTEXT() REPRESENTATION_CONTEXT('2D SPACE',''
  ) );
#1492 = ORIENTED_EDGE('',*,*,#1493,.T.);
#1493 = EDGE_CURVE('',#1468,#1494,#1496,.T.);
#1494 = VERTEX_POINT('',#1495);
#1495 = CARTESIAN_POINT('',(3.808860020735,1.367939074831,12.3204));
#1496 = SURFACE_CURVE('',#1497,(#1501,#1507),.PCURVE_S1.);
#1497 = LINE('',#1498,#1499);
#1498 = CARTESIAN_POINT('',(3.754726219571,1.491912618756,12.3204));
#1499 = VECTOR('',#1500,1.);
#1500 = DIRECTION('',(0.400169578634,-0.91644111013,0.));
#1501 = PCURVE('',#33,#1502);
#1502 = DEFINITIONAL_REPRESENTATION('',(#1503),#1506);
#1503 = B_SPLINE_CURVE_WITH_KNOTS('',1,(#1504,#1505),.UNSPECIFIED.,.F.,
  .F.,(2,2),(-0.406860219267,0.135277152623),.PIECEWISE_BEZIER_KNOTS.);
#1504 = CARTESIAN_POINT('',(3.591913137064,1.864776049768));
#1505 = CARTESIAN_POINT('',(3.808860020735,1.367939074831));
#1506 = ( GEOMETRIC_REPRESENTATION_CONTEXT(2) 
PARAMETRIC_REPRESENTATION_CONTEXT() REPRESENTATION_CONTEXT('2D SPACE',''
  ) );
#1507 = PCURVE('',#1508,#1513);
#1508 = PLANE('',#1509);
#1509 = AXIS2_PLACEMENT_3D('',#1510,#1511,#1512);
#1510 = CARTESIAN_POINT('',(3.808860020735,1.367939074831,12.2704));
#1511 = DIRECTION('',(-0.91644111013,-0.400169578634,0.));
#1512 = DIRECTION('',(-0.400169578634,0.91644111013,0.));
#1513 = DEFINITIONAL_REPRESENTATION('',(#1514),#1517);
#1514 = B_SPLINE_CURVE_WITH_KNOTS('',1,(#1515,#1516),.UNSPECIFIED.,.F.,
  .F.,(2,2),(-0.406860219267,0.135277152623),.PIECEWISE_BEZIER_KNOTS.);
#1515 = CARTESIAN_POINT('',(0.54213737189,-5.E-02));
#1516 = CARTESIAN_POINT('',(0.,-5.E-02));
#1517 = ( GEOMETRIC_REPRESENTATION_CONTEXT(2) 
PARAMETRIC_REPRESENTATION_CONTEXT() REPRESENTATION_CONTEXT('2D SPACE',''
  ) );
#1518 = ORIENTED_EDGE('',*,*,#1519,.T.);
#1519 = EDGE_CURVE('',#1494,#1520,#1522,.T.);
#1520 = VERTEX_POINT('',#1521);
#1521 = CARTESIAN_POINT('',(3.957540312968,0.846660895063,12.3204));
#1522 = SURFACE_CURVE('',#1523,(#1527,#1533),.PCURVE_S1.);
#1523 = LINE('',#1524,#1525);
#1524 = CARTESIAN_POINT('',(3.920333804388,0.97710818419,12.3204));
#1525 = VECTOR('',#1526,1.);
#1526 = DIRECTION('',(0.274283912217,-0.961648758903,0.));
#1527 = PCURVE('',#33,#1528);
#1528 = DEFINITIONAL_REPRESENTATION('',(#1529),#1532);
#1529 = B_SPLINE_CURVE_WITH_KNOTS('',1,(#1530,#1531),.UNSPECIFIED.,.F.,
  .F.,(2,2),(-0.406417506416,0.135649620424),.PIECEWISE_BEZIER_KNOTS.);
#1530 = CARTESIAN_POINT('',(3.808860020735,1.367939074831));
#1531 = CARTESIAN_POINT('',(3.957540312968,0.846660895063));
#1532 = ( GEOMETRIC_REPRESENTATION_CONTEXT(2) 
PARAMETRIC_REPRESENTATION_CONTEXT() REPRESENTATION_CONTEXT('2D SPACE',''
  ) );
#1533 = PCURVE('',#1534,#1539);
#1534 = PLANE('',#1535);
#1535 = AXIS2_PLACEMENT_3D('',#1536,#1537,#1538);
#1536 = CARTESIAN_POINT('',(3.957540312968,0.846660895063,12.2704));
#1537 = DIRECTION('',(-0.961648758903,-0.274283912217,0.));
#1538 = DIRECTION('',(-0.274283912217,0.961648758903,0.));
#1539 = DEFINITIONAL_REPRESENTATION('',(#1540),#1543);
#1540 = B_SPLINE_CURVE_WITH_KNOTS('',1,(#1541,#1542),.UNSPECIFIED.,.F.,
  .F.,(2,2),(-0.406417506416,0.135649620424),.PIECEWISE_BEZIER_KNOTS.);
#1541 = CARTESIAN_POINT('',(0.542067126839,-5.E-02));
#1542 = CARTESIAN_POINT('',(0.,-5.E-02));
#1543 = ( GEOMETRIC_REPRESENTATION_CONTEXT(2) 
PARAMETRIC_REPRESENTATION_CONTEXT() REPRESENTATION_CONTEXT('2D SPACE',''
  ) );
#1544 = ORIENTED_EDGE('',*,*,#1545,.T.);
#1545 = EDGE_CURVE('',#1520,#24,#1546,.T.);
#1546 = SURFACE_CURVE('',#1547,(#1551,#1557),.PCURVE_S1.);
#1547 = LINE('',#1548,#1549);
#1548 = CARTESIAN_POINT('',(5.200098790534,0.781525987911,12.3204));
#1549 = VECTOR('',#1550,1.);
#1550 = DIRECTION('',(0.998628897196,-5.234812016748E-02,0.));
#1551 = PCURVE('',#33,#1552);
#1552 = DEFINITIONAL_REPRESENTATION('',(#1553),#1556);
#1553 = B_SPLINE_CURVE_WITH_KNOTS('',1,(#1554,#1555),.UNSPECIFIED.,.F.,
  .F.,(2,2),(-1.2442644921,5.152057504173),.PIECEWISE_BEZIER_KNOTS.);
#1554 = CARTESIAN_POINT('',(3.957540312968,0.846660895063));
#1555 = CARTESIAN_POINT('',(10.345092294217,0.511825462573));
#1556 = ( GEOMETRIC_REPRESENTATION_CONTEXT(2) 
PARAMETRIC_REPRESENTATION_CONTEXT() REPRESENTATION_CONTEXT('2D SPACE',''
  ) );
#1557 = PCURVE('',#1558,#1563);
#1558 = PLANE('',#1559);
#1559 = AXIS2_PLACEMENT_3D('',#1560,#1561,#1562);
#1560 = CARTESIAN_POINT('',(10.345092294217,0.511825462573,12.2704));
#1561 = DIRECTION('',(-5.234812016748E-02,-0.998628897196,0.));
#1562 = DIRECTION('',(-0.998628897196,5.234812016748E-02,0.));
#1563 = DEFINITIONAL_REPRESENTATION('',(#1564),#1567);
#1564 = B_SPLINE_CURVE_WITH_KNOTS('',1,(#1565,#1566),.UNSPECIFIED.,.F.,
  .F.,(2,2),(-1.2442644921,5.152057504173),.PIECEWISE_BEZIER_KNOTS.);
#1565 = CARTESIAN_POINT('',(6.396321996273,-5.E-02));
#1566 = CARTESIAN_POINT('',(0.,-5.E-02));
#1567 = ( GEOMETRIC_REPRESENTATION_CONTEXT(2) 
PARAMETRIC_REPRESENTATION_CONTEXT() REPRESENTATION_CONTEXT('2D SPACE',''
  ) );
#1568 = ADVANCED_FACE('',(#1569),#45,.F.);
#1569 = FACE_BOUND('',#1570,.F.);
#1570 = EDGE_LOOP('',(#1571,#1592,#1621,#1642,#1671,#1697,#1726,#1745));
#1571 = ORIENTED_EDGE('',*,*,#1572,.F.);
#1572 = EDGE_CURVE('',#1573,#22,#1575,.T.);
#1573 = VERTEX_POINT('',#1574);
#1574 = CARTESIAN_POINT('',(11.670433789954,0.831249152957,11.2204));
#1575 = SURFACE_CURVE('',#1576,(#1580,#1586),.PCURVE_S1.);
#1576 = LINE('',#1577,#1578);
#1577 = CARTESIAN_POINT('',(11.670433789954,0.831249152957,10.6204));
#1578 = VECTOR('',#1579,1.);
#1579 = DIRECTION('',(0.,0.,1.));
#1580 = PCURVE('',#45,#1581);
#1581 = DEFINITIONAL_REPRESENTATION('',(#1582),#1585);
#1582 = B_SPLINE_CURVE_WITH_KNOTS('',1,(#1583,#1584),.UNSPECIFIED.,.F.,
  .F.,(2,2),(0.5999994,1.7),.PIECEWISE_BEZIER_KNOTS.);
#1583 = CARTESIAN_POINT('',(0.856693360332,-5.999999999062E-07));
#1584 = CARTESIAN_POINT('',(0.856693360332,1.1));
#1585 = ( GEOMETRIC_REPRESENTATION_CONTEXT(2) 
PARAMETRIC_REPRESENTATION_CONTEXT() REPRESENTATION_CONTEXT('2D SPACE',''
  ) );
#1586 = PCURVE('',#74,#1587);
#1587 = DEFINITIONAL_REPRESENTATION('',(#1588),#1591);
#1588 = B_SPLINE_CURVE_WITH_KNOTS('',1,(#1589,#1590),.UNSPECIFIED.,.F.,
  .F.,(2,2),(0.5999994,1.7),.PIECEWISE_BEZIER_KNOTS.);
#1589 = CARTESIAN_POINT('',(7.11068425387E-02,0.5999994));
#1590 = CARTESIAN_POINT('',(7.11068425387E-02,1.7));
#1591 = ( GEOMETRIC_REPRESENTATION_CONTEXT(2) 
PARAMETRIC_REPRESENTATION_CONTEXT() REPRESENTATION_CONTEXT('2D SPACE',''
  ) );
#1592 = ORIENTED_EDGE('',*,*,#1593,.T.);
#1593 = EDGE_CURVE('',#1573,#1594,#1596,.T.);
#1594 = VERTEX_POINT('',#1595);
#1595 = CARTESIAN_POINT('',(11.670433789954,-0.831249152957,11.2204));
#1596 = SURFACE_CURVE('',#1597,(#1602,#1609),.PCURVE_S1.);
#1597 = CIRCLE('',#1598,1.1);
#1598 = AXIS2_PLACEMENT_3D('',#1599,#1600,#1601);
#1599 = CARTESIAN_POINT('',(10.95,0.,11.2204));
#1600 = DIRECTION('',(0.,0.,1.));
#1601 = DIRECTION('',(1.,0.,-0.));
#1602 = PCURVE('',#45,#1603);
#1603 = DEFINITIONAL_REPRESENTATION('',(#1604),#1608);
#1604 = LINE('',#1605,#1606);
#1605 = CARTESIAN_POINT('',(0.,0.));
#1606 = VECTOR('',#1607,1.);
#1607 = DIRECTION('',(1.,0.));
#1608 = ( GEOMETRIC_REPRESENTATION_CONTEXT(2) 
PARAMETRIC_REPRESENTATION_CONTEXT() REPRESENTATION_CONTEXT('2D SPACE',''
  ) );
#1609 = PCURVE('',#1610,#1615);
#1610 = PLANE('',#1611);
#1611 = AXIS2_PLACEMENT_3D('',#1612,#1613,#1614);
#1612 = CARTESIAN_POINT('',(10.95,0.,11.2204));
#1613 = DIRECTION('',(0.,0.,1.));
#1614 = DIRECTION('',(1.,0.,-0.));
#1615 = DEFINITIONAL_REPRESENTATION('',(#1616),#1620);
#1616 = CIRCLE('',#1617,1.1);
#1617 = AXIS2_PLACEMENT_2D('',#1618,#1619);
#1618 = CARTESIAN_POINT('',(0.,0.));
#1619 = DIRECTION('',(1.,0.));
#1620 = ( GEOMETRIC_REPRESENTATION_CONTEXT(2) 
PARAMETRIC_REPRESENTATION_CONTEXT() REPRESENTATION_CONTEXT('2D SPACE',''
  ) );
#1621 = ORIENTED_EDGE('',*,*,#1622,.T.);
#1622 = EDGE_CURVE('',#1594,#1623,#1625,.T.);
#1623 = VERTEX_POINT('',#1624);
#1624 = CARTESIAN_POINT('',(11.670433789954,-0.831249152957,12.3204));
#1625 = SURFACE_CURVE('',#1626,(#1630,#1636),.PCURVE_S1.);
#1626 = LINE('',#1627,#1628);
#1627 = CARTESIAN_POINT('',(11.670433789954,-0.831249152957,10.6204));
#1628 = VECTOR('',#1629,1.);
#1629 = DIRECTION('',(0.,0.,1.));
#1630 = PCURVE('',#45,#1631);
#1631 = DEFINITIONAL_REPRESENTATION('',(#1632),#1635);
#1632 = B_SPLINE_CURVE_WITH_KNOTS('',1,(#1633,#1634),.UNSPECIFIED.,.F.,
  .F.,(2,2),(0.5999994,1.7),.PIECEWISE_BEZIER_KNOTS.);
#1633 = CARTESIAN_POINT('',(5.426491946848,-5.999999999062E-07));
#1634 = CARTESIAN_POINT('',(5.426491946848,1.1));
#1635 = ( GEOMETRIC_REPRESENTATION_CONTEXT(2) 
PARAMETRIC_REPRESENTATION_CONTEXT() REPRESENTATION_CONTEXT('2D SPACE',''
  ) );
#1636 = PCURVE('',#74,#1637);
#1637 = DEFINITIONAL_REPRESENTATION('',(#1638),#1641);
#1638 = B_SPLINE_CURVE_WITH_KNOTS('',1,(#1639,#1640),.UNSPECIFIED.,.F.,
  .F.,(2,2),(0.5999994,1.7),.PIECEWISE_BEZIER_KNOTS.);
#1639 = CARTESIAN_POINT('',(6.212078464641,0.5999994));
#1640 = CARTESIAN_POINT('',(6.212078464641,1.7));
#1641 = ( GEOMETRIC_REPRESENTATION_CONTEXT(2) 
PARAMETRIC_REPRESENTATION_CONTEXT() REPRESENTATION_CONTEXT('2D SPACE',''
  ) );
#1642 = ORIENTED_EDGE('',*,*,#1643,.F.);
#1643 = EDGE_CURVE('',#1644,#1623,#1646,.T.);
#1644 = VERTEX_POINT('',#1645);
#1645 = CARTESIAN_POINT('',(10.539743064378,-1.020631788048,12.3204));
#1646 = SURFACE_CURVE('',#1647,(#1652,#1659),.PCURVE_S1.);
#1647 = CIRCLE('',#1648,1.1);
#1648 = AXIS2_PLACEMENT_3D('',#1649,#1650,#1651);
#1649 = CARTESIAN_POINT('',(10.95,0.,12.3204));
#1650 = DIRECTION('',(0.,0.,1.));
#1651 = DIRECTION('',(1.,0.,-0.));
#1652 = PCURVE('',#45,#1653);
#1653 = DEFINITIONAL_REPRESENTATION('',(#1654),#1658);
#1654 = LINE('',#1655,#1656);
#1655 = CARTESIAN_POINT('',(0.,1.1));
#1656 = VECTOR('',#1657,1.);
#1657 = DIRECTION('',(1.,0.));
#1658 = ( GEOMETRIC_REPRESENTATION_CONTEXT(2) 
PARAMETRIC_REPRESENTATION_CONTEXT() REPRESENTATION_CONTEXT('2D SPACE',''
  ) );
#1659 = PCURVE('',#1660,#1665);
#1660 = PLANE('',#1661);
#1661 = AXIS2_PLACEMENT_3D('',#1662,#1663,#1664);
#1662 = CARTESIAN_POINT('',(0.,0.,12.3204));
#1663 = DIRECTION('',(0.,0.,1.));
#1664 = DIRECTION('',(1.,0.,-0.));
#1665 = DEFINITIONAL_REPRESENTATION('',(#1666),#1670);
#1666 = CIRCLE('',#1667,1.1);
#1667 = AXIS2_PLACEMENT_2D('',#1668,#1669);
#1668 = CARTESIAN_POINT('',(10.95,0.));
#1669 = DIRECTION('',(1.,0.));
#1670 = ( GEOMETRIC_REPRESENTATION_CONTEXT(2) 
PARAMETRIC_REPRESENTATION_CONTEXT() REPRESENTATION_CONTEXT('2D SPACE',''
  ) );
#1671 = ORIENTED_EDGE('',*,*,#1672,.T.);
#1672 = EDGE_CURVE('',#1644,#1673,#1675,.T.);
#1673 = VERTEX_POINT('',#1674);
#1674 = CARTESIAN_POINT('',(10.539743064378,-1.020631788048,12.9204));
#1675 = SURFACE_CURVE('',#1676,(#1680,#1686),.PCURVE_S1.);
#1676 = LINE('',#1677,#1678);
#1677 = CARTESIAN_POINT('',(10.539743064378,-1.020631788048,11.2204));
#1678 = VECTOR('',#1679,1.);
#1679 = DIRECTION('',(0.,0.,1.));
#1680 = PCURVE('',#45,#1681);
#1681 = DEFINITIONAL_REPRESENTATION('',(#1682),#1685);
#1682 = B_SPLINE_CURVE_WITH_KNOTS('',1,(#1683,#1684),.UNSPECIFIED.,.F.,
  .F.,(2,2),(1.04,1.76),.PIECEWISE_BEZIER_KNOTS.);
#1683 = CARTESIAN_POINT('',(4.330190900714,1.04));
#1684 = CARTESIAN_POINT('',(4.330190900714,1.76));
#1685 = ( GEOMETRIC_REPRESENTATION_CONTEXT(2) 
PARAMETRIC_REPRESENTATION_CONTEXT() REPRESENTATION_CONTEXT('2D SPACE',''
  ) );
#1686 = PCURVE('',#1687,#1692);
#1687 = PLANE('',#1688);
#1688 = AXIS2_PLACEMENT_3D('',#1689,#1690,#1691);
#1689 = CARTESIAN_POINT('',(10.530266993846,-1.159242549394,12.2704));
#1690 = DIRECTION('',(-0.997671299701,6.820540853174E-02,0.));
#1691 = DIRECTION('',(6.820540853174E-02,0.997671299701,0.));
#1692 = DEFINITIONAL_REPRESENTATION('',(#1693),#1696);
#1693 = B_SPLINE_CURVE_WITH_KNOTS('',1,(#1694,#1695),.UNSPECIFIED.,.F.,
  .F.,(2,2),(1.04,1.76),.PIECEWISE_BEZIER_KNOTS.);
#1694 = CARTESIAN_POINT('',(0.138934297686,1.E-02));
#1695 = CARTESIAN_POINT('',(0.138934297686,-0.71));
#1696 = ( GEOMETRIC_REPRESENTATION_CONTEXT(2) 
PARAMETRIC_REPRESENTATION_CONTEXT() REPRESENTATION_CONTEXT('2D SPACE',''
  ) );
#1697 = ORIENTED_EDGE('',*,*,#1698,.F.);
#1698 = EDGE_CURVE('',#1699,#1673,#1701,.T.);
#1699 = VERTEX_POINT('',#1700);
#1700 = CARTESIAN_POINT('',(9.986445971397,0.530625700436,12.9204));
#1701 = SURFACE_CURVE('',#1702,(#1707,#1714),.PCURVE_S1.);
#1702 = CIRCLE('',#1703,1.1);
#1703 = AXIS2_PLACEMENT_3D('',#1704,#1705,#1706);
#1704 = CARTESIAN_POINT('',(10.95,0.,12.9204));
#1705 = DIRECTION('',(0.,0.,1.));
#1706 = DIRECTION('',(1.,0.,-0.));
#1707 = PCURVE('',#45,#1708);
#1708 = DEFINITIONAL_REPRESENTATION('',(#1709),#1713);
#1709 = LINE('',#1710,#1711);
#1710 = CARTESIAN_POINT('',(0.,1.7));
#1711 = VECTOR('',#1712,1.);
#1712 = DIRECTION('',(1.,0.));
#1713 = ( GEOMETRIC_REPRESENTATION_CONTEXT(2) 
PARAMETRIC_REPRESENTATION_CONTEXT() REPRESENTATION_CONTEXT('2D SPACE',''
  ) );
#1714 = PCURVE('',#1715,#1720);
#1715 = PLANE('',#1716);
#1716 = AXIS2_PLACEMENT_3D('',#1717,#1718,#1719);
#1717 = CARTESIAN_POINT('',(-2.641426307067E-02,7.18340436705E-02,
    12.9204));
#1718 = DIRECTION('',(0.,0.,1.));
#1719 = DIRECTION('',(0.866025403784,-0.5,0.));
#1720 = DEFINITIONAL_REPRESENTATION('',(#1721),#1725);
#1721 = CIRCLE('',#1722,1.1);
#1722 = AXIS2_PLACEMENT_2D('',#1723,#1724);
#1723 = CARTESIAN_POINT('',(9.541770616116,5.42599702486));
#1724 = DIRECTION('',(0.866025403784,0.5));
#1725 = ( GEOMETRIC_REPRESENTATION_CONTEXT(2) 
PARAMETRIC_REPRESENTATION_CONTEXT() REPRESENTATION_CONTEXT('2D SPACE',''
  ) );
#1726 = ORIENTED_EDGE('',*,*,#1727,.F.);
#1727 = EDGE_CURVE('',#24,#1699,#1728,.T.);
#1728 = SURFACE_CURVE('',#1729,(#1733,#1739),.PCURVE_S1.);
#1729 = LINE('',#1730,#1731);
#1730 = CARTESIAN_POINT('',(9.986445971397,0.530625700436,11.2204));
#1731 = VECTOR('',#1732,1.);
#1732 = DIRECTION('',(0.,0.,1.));
#1733 = PCURVE('',#45,#1734);
#1734 = DEFINITIONAL_REPRESENTATION('',(#1735),#1738);
#1735 = B_SPLINE_CURVE_WITH_KNOTS('',1,(#1736,#1737),.UNSPECIFIED.,.F.,
  .F.,(2,2),(1.04,1.76),.PIECEWISE_BEZIER_KNOTS.);
#1736 = CARTESIAN_POINT('',(2.638214963116,1.04));
#1737 = CARTESIAN_POINT('',(2.638214963116,1.76));
#1738 = ( GEOMETRIC_REPRESENTATION_CONTEXT(2) 
PARAMETRIC_REPRESENTATION_CONTEXT() REPRESENTATION_CONTEXT('2D SPACE',''
  ) );
#1739 = PCURVE('',#1558,#1740);
#1740 = DEFINITIONAL_REPRESENTATION('',(#1741),#1744);
#1741 = B_SPLINE_CURVE_WITH_KNOTS('',1,(#1742,#1743),.UNSPECIFIED.,.F.,
  .F.,(2,2),(1.04,1.76),.PIECEWISE_BEZIER_KNOTS.);
#1742 = CARTESIAN_POINT('',(0.359138738952,1.E-02));
#1743 = CARTESIAN_POINT('',(0.359138738952,-0.71));
#1744 = ( GEOMETRIC_REPRESENTATION_CONTEXT(2) 
PARAMETRIC_REPRESENTATION_CONTEXT() REPRESENTATION_CONTEXT('2D SPACE',''
  ) );
#1745 = ORIENTED_EDGE('',*,*,#21,.F.);
#1746 = ADVANCED_FACE('',(#1747),#1558,.F.);
#1747 = FACE_BOUND('',#1748,.F.);
#1748 = EDGE_LOOP('',(#1749,#1772,#1773,#1774));
#1749 = ORIENTED_EDGE('',*,*,#1750,.F.);
#1750 = EDGE_CURVE('',#1520,#1751,#1753,.T.);
#1751 = VERTEX_POINT('',#1752);
#1752 = CARTESIAN_POINT('',(3.957540312968,0.846660895063,12.9204));
#1753 = SURFACE_CURVE('',#1754,(#1758,#1765),.PCURVE_S1.);
#1754 = LINE('',#1755,#1756);
#1755 = CARTESIAN_POINT('',(3.957540312968,0.846660895063,12.2704));
#1756 = VECTOR('',#1757,1.);
#1757 = DIRECTION('',(0.,0.,1.));
#1758 = PCURVE('',#1558,#1759);
#1759 = DEFINITIONAL_REPRESENTATION('',(#1760),#1764);
#1760 = LINE('',#1761,#1762);
#1761 = CARTESIAN_POINT('',(6.396321996273,0.));
#1762 = VECTOR('',#1763,1.);
#1763 = DIRECTION('',(0.,-1.));
#1764 = ( GEOMETRIC_REPRESENTATION_CONTEXT(2) 
PARAMETRIC_REPRESENTATION_CONTEXT() REPRESENTATION_CONTEXT('2D SPACE',''
  ) );
#1765 = PCURVE('',#1534,#1766);
#1766 = DEFINITIONAL_REPRESENTATION('',(#1767),#1771);
#1767 = LINE('',#1768,#1769);
#1768 = CARTESIAN_POINT('',(0.,0.));
#1769 = VECTOR('',#1770,1.);
#1770 = DIRECTION('',(0.,-1.));
#1771 = ( GEOMETRIC_REPRESENTATION_CONTEXT(2) 
PARAMETRIC_REPRESENTATION_CONTEXT() REPRESENTATION_CONTEXT('2D SPACE',''
  ) );
#1772 = ORIENTED_EDGE('',*,*,#1545,.T.);
#1773 = ORIENTED_EDGE('',*,*,#1727,.T.);
#1774 = ORIENTED_EDGE('',*,*,#1775,.T.);
#1775 = EDGE_CURVE('',#1699,#1751,#1776,.T.);
#1776 = SURFACE_CURVE('',#1777,(#1781,#1788),.PCURVE_S1.);
#1777 = LINE('',#1778,#1779);
#1778 = CARTESIAN_POINT('',(10.345092294217,0.511825462573,12.9204));
#1779 = VECTOR('',#1780,1.);
#1780 = DIRECTION('',(-0.998628897196,5.234812016748E-02,0.));
#1781 = PCURVE('',#1558,#1782);
#1782 = DEFINITIONAL_REPRESENTATION('',(#1783),#1787);
#1783 = LINE('',#1784,#1785);
#1784 = CARTESIAN_POINT('',(0.,-0.65));
#1785 = VECTOR('',#1786,1.);
#1786 = DIRECTION('',(1.,0.));
#1787 = ( GEOMETRIC_REPRESENTATION_CONTEXT(2) 
PARAMETRIC_REPRESENTATION_CONTEXT() REPRESENTATION_CONTEXT('2D SPACE',''
  ) );
#1788 = PCURVE('',#1715,#1789);
#1789 = DEFINITIONAL_REPRESENTATION('',(#1790),#1794);
#1790 = LINE('',#1791,#1792);
#1791 = CARTESIAN_POINT('',(8.761992444677,5.56679702486));
#1792 = VECTOR('',#1793,1.);
#1793 = DIRECTION('',(-0.891012054009,-0.453979646693));
#1794 = ( GEOMETRIC_REPRESENTATION_CONTEXT(2) 
PARAMETRIC_REPRESENTATION_CONTEXT() REPRESENTATION_CONTEXT('2D SPACE',''
  ) );
#1795 = ADVANCED_FACE('',(#1796),#1534,.F.);
#1796 = FACE_BOUND('',#1797,.F.);
#1797 = EDGE_LOOP('',(#1798,#1799,#1800,#1823));
#1798 = ORIENTED_EDGE('',*,*,#1519,.T.);
#1799 = ORIENTED_EDGE('',*,*,#1750,.T.);
#1800 = ORIENTED_EDGE('',*,*,#1801,.T.);
#1801 = EDGE_CURVE('',#1751,#1802,#1804,.T.);
#1802 = VERTEX_POINT('',#1803);
#1803 = CARTESIAN_POINT('',(3.808860020735,1.367939074831,12.9204));
#1804 = SURFACE_CURVE('',#1805,(#1809,#1816),.PCURVE_S1.);
#1805 = LINE('',#1806,#1807);
#1806 = CARTESIAN_POINT('',(3.957540312968,0.846660895063,12.9204));
#1807 = VECTOR('',#1808,1.);
#1808 = DIRECTION('',(-0.274283912217,0.961648758903,0.));
#1809 = PCURVE('',#1534,#1810);
#1810 = DEFINITIONAL_REPRESENTATION('',(#1811),#1815);
#1811 = LINE('',#1812,#1813);
#1812 = CARTESIAN_POINT('',(0.,-0.65));
#1813 = VECTOR('',#1814,1.);
#1814 = DIRECTION('',(1.,0.));
#1815 = ( GEOMETRIC_REPRESENTATION_CONTEXT(2) 
PARAMETRIC_REPRESENTATION_CONTEXT() REPRESENTATION_CONTEXT('2D SPACE',''
  ) );
#1816 = PCURVE('',#1715,#1817);
#1817 = DEFINITIONAL_REPRESENTATION('',(#1818),#1822);
#1818 = LINE('',#1819,#1820);
#1819 = CARTESIAN_POINT('',(3.062792444677,2.66299702486));
#1820 = VECTOR('',#1821,1.);
#1821 = DIRECTION('',(-0.71836121528,0.695670298619));
#1822 = ( GEOMETRIC_REPRESENTATION_CONTEXT(2) 
PARAMETRIC_REPRESENTATION_CONTEXT() REPRESENTATION_CONTEXT('2D SPACE',''
  ) );
#1823 = ORIENTED_EDGE('',*,*,#1824,.F.);
#1824 = EDGE_CURVE('',#1494,#1802,#1825,.T.);
#1825 = SURFACE_CURVE('',#1826,(#1830,#1837),.PCURVE_S1.);
#1826 = LINE('',#1827,#1828);
#1827 = CARTESIAN_POINT('',(3.808860020735,1.367939074831,12.2704));
#1828 = VECTOR('',#1829,1.);
#1829 = DIRECTION('',(0.,0.,1.));
#1830 = PCURVE('',#1534,#1831);
#1831 = DEFINITIONAL_REPRESENTATION('',(#1832),#1836);
#1832 = LINE('',#1833,#1834);
#1833 = CARTESIAN_POINT('',(0.542067126839,0.));
#1834 = VECTOR('',#1835,1.);
#1835 = DIRECTION('',(0.,-1.));
#1836 = ( GEOMETRIC_REPRESENTATION_CONTEXT(2) 
PARAMETRIC_REPRESENTATION_CONTEXT() REPRESENTATION_CONTEXT('2D SPACE',''
  ) );
#1837 = PCURVE('',#1508,#1838);
#1838 = DEFINITIONAL_REPRESENTATION('',(#1839),#1843);
#1839 = LINE('',#1840,#1841);
#1840 = CARTESIAN_POINT('',(0.,0.));
#1841 = VECTOR('',#1842,1.);
#1842 = DIRECTION('',(0.,-1.));
#1843 = ( GEOMETRIC_REPRESENTATION_CONTEXT(2) 
PARAMETRIC_REPRESENTATION_CONTEXT() REPRESENTATION_CONTEXT('2D SPACE',''
  ) );
#1844 = ADVANCED_FACE('',(#1845),#1508,.F.);
#1845 = FACE_BOUND('',#1846,.F.);
#1846 = EDGE_LOOP('',(#1847,#1848,#1849,#1872));
#1847 = ORIENTED_EDGE('',*,*,#1493,.T.);
#1848 = ORIENTED_EDGE('',*,*,#1824,.T.);
#1849 = ORIENTED_EDGE('',*,*,#1850,.T.);
#1850 = EDGE_CURVE('',#1802,#1851,#1853,.T.);
#1851 = VERTEX_POINT('',#1852);
#1852 = CARTESIAN_POINT('',(3.591913137064,1.864776049768,12.9204));
#1853 = SURFACE_CURVE('',#1854,(#1858,#1865),.PCURVE_S1.);
#1854 = LINE('',#1855,#1856);
#1855 = CARTESIAN_POINT('',(3.808860020735,1.367939074831,12.9204));
#1856 = VECTOR('',#1857,1.);
#1857 = DIRECTION('',(-0.400169578634,0.91644111013,0.));
#1858 = PCURVE('',#1508,#1859);
#1859 = DEFINITIONAL_REPRESENTATION('',(#1860),#1864);
#1860 = LINE('',#1861,#1862);
#1861 = CARTESIAN_POINT('',(0.,-0.65));
#1862 = VECTOR('',#1863,1.);
#1863 = DIRECTION('',(1.,0.));
#1864 = ( GEOMETRIC_REPRESENTATION_CONTEXT(2) 
PARAMETRIC_REPRESENTATION_CONTEXT() REPRESENTATION_CONTEXT('2D SPACE',''
  ) );
#1865 = PCURVE('',#1715,#1866);
#1866 = DEFINITIONAL_REPRESENTATION('',(#1867),#1871);
#1867 = LINE('',#1868,#1869);
#1868 = CARTESIAN_POINT('',(2.673392444677,3.04009702486));
#1869 = VECTOR('',#1870,1.);
#1870 = DIRECTION('',(-0.804777575984,0.593576493128));
#1871 = ( GEOMETRIC_REPRESENTATION_CONTEXT(2) 
PARAMETRIC_REPRESENTATION_CONTEXT() REPRESENTATION_CONTEXT('2D SPACE',''
  ) );
#1872 = ORIENTED_EDGE('',*,*,#1873,.F.);
#1873 = EDGE_CURVE('',#1468,#1851,#1874,.T.);
#1874 = SURFACE_CURVE('',#1875,(#1879,#1886),.PCURVE_S1.);
#1875 = LINE('',#1876,#1877);
#1876 = CARTESIAN_POINT('',(3.591913137064,1.864776049768,12.2704));
#1877 = VECTOR('',#1878,1.);
#1878 = DIRECTION('',(0.,0.,1.));
#1879 = PCURVE('',#1508,#1880);
#1880 = DEFINITIONAL_REPRESENTATION('',(#1881),#1885);
#1881 = LINE('',#1882,#1883);
#1882 = CARTESIAN_POINT('',(0.54213737189,0.));
#1883 = VECTOR('',#1884,1.);
#1884 = DIRECTION('',(0.,-1.));
#1885 = ( GEOMETRIC_REPRESENTATION_CONTEXT(2) 
PARAMETRIC_REPRESENTATION_CONTEXT() REPRESENTATION_CONTEXT('2D SPACE',''
  ) );
#1886 = PCURVE('',#1482,#1887);
#1887 = DEFINITIONAL_REPRESENTATION('',(#1888),#1892);
#1888 = LINE('',#1889,#1890);
#1889 = CARTESIAN_POINT('',(0.,0.));
#1890 = VECTOR('',#1891,1.);
#1891 = DIRECTION('',(0.,-1.));
#1892 = ( GEOMETRIC_REPRESENTATION_CONTEXT(2) 
PARAMETRIC_REPRESENTATION_CONTEXT() REPRESENTATION_CONTEXT('2D SPACE',''
  ) );
#1893 = ADVANCED_FACE('',(#1894),#1482,.F.);
#1894 = FACE_BOUND('',#1895,.F.);
#1895 = EDGE_LOOP('',(#1896,#1897,#1898,#1921));
#1896 = ORIENTED_EDGE('',*,*,#1467,.T.);
#1897 = ORIENTED_EDGE('',*,*,#1873,.T.);
#1898 = ORIENTED_EDGE('',*,*,#1899,.T.);
#1899 = EDGE_CURVE('',#1851,#1900,#1902,.T.);
#1900 = VERTEX_POINT('',#1901);
#1901 = CARTESIAN_POINT('',(3.310454660105,2.328075667454,12.9204));
#1902 = SURFACE_CURVE('',#1903,(#1907,#1914),.PCURVE_S1.);
#1903 = LINE('',#1904,#1905);
#1904 = CARTESIAN_POINT('',(3.591913137064,1.864776049768,12.9204));
#1905 = VECTOR('',#1906,1.);
#1906 = DIRECTION('',(-0.519206473289,0.854648839053,0.));
#1907 = PCURVE('',#1482,#1908);
#1908 = DEFINITIONAL_REPRESENTATION('',(#1909),#1913);
#1909 = LINE('',#1910,#1911);
#1910 = CARTESIAN_POINT('',(0.,-0.65));
#1911 = VECTOR('',#1912,1.);
#1912 = DIRECTION('',(1.,0.));
#1913 = ( GEOMETRIC_REPRESENTATION_CONTEXT(2) 
PARAMETRIC_REPRESENTATION_CONTEXT() REPRESENTATION_CONTEXT('2D SPACE',''
  ) );
#1914 = PCURVE('',#1715,#1915);
#1915 = DEFINITIONAL_REPRESENTATION('',(#1916),#1920);
#1916 = LINE('',#1917,#1918);
#1917 = CARTESIAN_POINT('',(2.237092444677,3.36189702486));
#1918 = VECTOR('',#1919,1.);
#1919 = DIRECTION('',(-0.876970415204,0.48054436929));
#1920 = ( GEOMETRIC_REPRESENTATION_CONTEXT(2) 
PARAMETRIC_REPRESENTATION_CONTEXT() REPRESENTATION_CONTEXT('2D SPACE',''
  ) );
#1921 = ORIENTED_EDGE('',*,*,#1922,.F.);
#1922 = EDGE_CURVE('',#1442,#1900,#1923,.T.);
#1923 = SURFACE_CURVE('',#1924,(#1928,#1935),.PCURVE_S1.);
#1924 = LINE('',#1925,#1926);
#1925 = CARTESIAN_POINT('',(3.310454660105,2.328075667454,12.2704));
#1926 = VECTOR('',#1927,1.);
#1927 = DIRECTION('',(0.,0.,1.));
#1928 = PCURVE('',#1482,#1929);
#1929 = DEFINITIONAL_REPRESENTATION('',(#1930),#1934);
#1930 = LINE('',#1931,#1932);
#1931 = CARTESIAN_POINT('',(0.542093543588,0.));
#1932 = VECTOR('',#1933,1.);
#1933 = DIRECTION('',(0.,-1.));
#1934 = ( GEOMETRIC_REPRESENTATION_CONTEXT(2) 
PARAMETRIC_REPRESENTATION_CONTEXT() REPRESENTATION_CONTEXT('2D SPACE',''
  ) );
#1935 = PCURVE('',#1456,#1936);
#1936 = DEFINITIONAL_REPRESENTATION('',(#1937),#1941);
#1937 = LINE('',#1938,#1939);
#1938 = CARTESIAN_POINT('',(0.,0.));
#1939 = VECTOR('',#1940,1.);
#1940 = DIRECTION('',(0.,-1.));
#1941 = ( GEOMETRIC_REPRESENTATION_CONTEXT(2) 
PARAMETRIC_REPRESENTATION_CONTEXT() REPRESENTATION_CONTEXT('2D SPACE',''
  ) );
#1942 = ADVANCED_FACE('',(#1943),#1456,.F.);
#1943 = FACE_BOUND('',#1944,.F.);
#1944 = EDGE_LOOP('',(#1945,#1946,#1947,#1970));
#1945 = ORIENTED_EDGE('',*,*,#1441,.T.);
#1946 = ORIENTED_EDGE('',*,*,#1922,.T.);
#1947 = ORIENTED_EDGE('',*,*,#1948,.T.);
#1948 = EDGE_CURVE('',#1900,#1949,#1951,.T.);
#1949 = VERTEX_POINT('',#1950);
#1950 = CARTESIAN_POINT('',(2.96954580579,2.749604211031,12.9204));
#1951 = SURFACE_CURVE('',#1952,(#1956,#1963),.PCURVE_S1.);
#1952 = LINE('',#1953,#1954);
#1953 = CARTESIAN_POINT('',(3.310454660105,2.328075667454,12.9204));
#1954 = VECTOR('',#1955,1.);
#1955 = DIRECTION('',(-0.628832060437,0.777541149886,0.));
#1956 = PCURVE('',#1456,#1957);
#1957 = DEFINITIONAL_REPRESENTATION('',(#1958),#1962);
#1958 = LINE('',#1959,#1960);
#1959 = CARTESIAN_POINT('',(0.,-0.65));
#1960 = VECTOR('',#1961,1.);
#1961 = DIRECTION('',(1.,0.));
#1962 = ( GEOMETRIC_REPRESENTATION_CONTEXT(2) 
PARAMETRIC_REPRESENTATION_CONTEXT() REPRESENTATION_CONTEXT('2D SPACE',''
  ) );
#1963 = PCURVE('',#1715,#1964);
#1964 = DEFINITIONAL_REPRESENTATION('',(#1965),#1969);
#1965 = LINE('',#1966,#1967);
#1966 = CARTESIAN_POINT('',(1.761692444677,3.62239702486));
#1967 = VECTOR('',#1968,1.);
#1968 = DIRECTION('',(-0.933355113996,0.35895435807));
#1969 = ( GEOMETRIC_REPRESENTATION_CONTEXT(2) 
PARAMETRIC_REPRESENTATION_CONTEXT() REPRESENTATION_CONTEXT('2D SPACE',''
  ) );
#1970 = ORIENTED_EDGE('',*,*,#1971,.F.);
#1971 = EDGE_CURVE('',#1416,#1949,#1972,.T.);
#1972 = SURFACE_CURVE('',#1973,(#1977,#1984),.PCURVE_S1.);
#1973 = LINE('',#1974,#1975);
#1974 = CARTESIAN_POINT('',(2.96954580579,2.749604211031,12.2704));
#1975 = VECTOR('',#1976,1.);
#1976 = DIRECTION('',(0.,0.,1.));
#1977 = PCURVE('',#1456,#1978);
#1978 = DEFINITIONAL_REPRESENTATION('',(#1979),#1983);
#1979 = LINE('',#1980,#1981);
#1980 = CARTESIAN_POINT('',(0.542130205762,0.));
#1981 = VECTOR('',#1982,1.);
#1982 = DIRECTION('',(0.,-1.));
#1983 = ( GEOMETRIC_REPRESENTATION_CONTEXT(2) 
PARAMETRIC_REPRESENTATION_CONTEXT() REPRESENTATION_CONTEXT('2D SPACE',''
  ) );
#1984 = PCURVE('',#1430,#1985);
#1985 = DEFINITIONAL_REPRESENTATION('',(#1986),#1990);
#1986 = LINE('',#1987,#1988);
#1987 = CARTESIAN_POINT('',(0.,0.));
#1988 = VECTOR('',#1989,1.);
#1989 = DIRECTION('',(0.,-1.));
#1990 = ( GEOMETRIC_REPRESENTATION_CONTEXT(2) 
PARAMETRIC_REPRESENTATION_CONTEXT() REPRESENTATION_CONTEXT('2D SPACE',''
  ) );
#1991 = ADVANCED_FACE('',(#1992),#1430,.F.);
#1992 = FACE_BOUND('',#1993,.F.);
#1993 = EDGE_LOOP('',(#1994,#1995,#1996,#2019));
#1994 = ORIENTED_EDGE('',*,*,#1415,.T.);
#1995 = ORIENTED_EDGE('',*,*,#1971,.T.);
#1996 = ORIENTED_EDGE('',*,*,#1997,.T.);
#1997 = EDGE_CURVE('',#1949,#1998,#2000,.T.);
#1998 = VERTEX_POINT('',#1999);
#1999 = CARTESIAN_POINT('',(2.752272863406,2.967076435712,12.9204));
#2000 = SURFACE_CURVE('',#2001,(#2005,#2012),.PCURVE_S1.);
#2001 = LINE('',#2002,#2003);
#2002 = CARTESIAN_POINT('',(2.96954580579,2.749604211031,12.9204));
#2003 = VECTOR('',#2004,1.);
#2004 = DIRECTION('',(-0.706782577131,0.707430836664,0.));
#2005 = PCURVE('',#1430,#2006);
#2006 = DEFINITIONAL_REPRESENTATION('',(#2007),#2011);
#2007 = LINE('',#2008,#2009);
#2008 = CARTESIAN_POINT('',(0.,-0.65));
#2009 = VECTOR('',#2010,1.);
#2010 = DIRECTION('',(1.,0.));
#2011 = ( GEOMETRIC_REPRESENTATION_CONTEXT(2) 
PARAMETRIC_REPRESENTATION_CONTEXT() REPRESENTATION_CONTEXT('2D SPACE',''
  ) );
#2012 = PCURVE('',#1715,#2013);
#2013 = DEFINITIONAL_REPRESENTATION('',(#2014),#2018);
#2014 = LINE('',#2015,#2016);
#2015 = CARTESIAN_POINT('',(1.255692444677,3.81699702486));
#2016 = VECTOR('',#2017,1.);
#2017 = DIRECTION('',(-0.96580708508,0.259261787406));
#2018 = ( GEOMETRIC_REPRESENTATION_CONTEXT(2) 
PARAMETRIC_REPRESENTATION_CONTEXT() REPRESENTATION_CONTEXT('2D SPACE',''
  ) );
#2019 = ORIENTED_EDGE('',*,*,#2020,.F.);
#2020 = EDGE_CURVE('',#1390,#1998,#2021,.T.);
#2021 = SURFACE_CURVE('',#2022,(#2026,#2033),.PCURVE_S1.);
#2022 = LINE('',#2023,#2024);
#2023 = CARTESIAN_POINT('',(2.752272863406,2.967076435712,12.2704));
#2024 = VECTOR('',#2025,1.);
#2025 = DIRECTION('',(0.,0.,1.));
#2026 = PCURVE('',#1430,#2027);
#2027 = DEFINITIONAL_REPRESENTATION('',(#2028),#2032);
#2028 = LINE('',#2029,#2030);
#2029 = CARTESIAN_POINT('',(0.307411288017,0.));
#2030 = VECTOR('',#2031,1.);
#2031 = DIRECTION('',(0.,-1.));
#2032 = ( GEOMETRIC_REPRESENTATION_CONTEXT(2) 
PARAMETRIC_REPRESENTATION_CONTEXT() REPRESENTATION_CONTEXT('2D SPACE',''
  ) );
#2033 = PCURVE('',#1404,#2034);
#2034 = DEFINITIONAL_REPRESENTATION('',(#2035),#2039);
#2035 = LINE('',#2036,#2037);
#2036 = CARTESIAN_POINT('',(0.,0.));
#2037 = VECTOR('',#2038,1.);
#2038 = DIRECTION('',(0.,-1.));
#2039 = ( GEOMETRIC_REPRESENTATION_CONTEXT(2) 
PARAMETRIC_REPRESENTATION_CONTEXT() REPRESENTATION_CONTEXT('2D SPACE',''
  ) );
#2040 = ADVANCED_FACE('',(#2041),#1404,.F.);
#2041 = FACE_BOUND('',#2042,.F.);
#2042 = EDGE_LOOP('',(#2043,#2044,#2045,#2068));
#2043 = ORIENTED_EDGE('',*,*,#1389,.T.);
#2044 = ORIENTED_EDGE('',*,*,#2020,.T.);
#2045 = ORIENTED_EDGE('',*,*,#2046,.T.);
#2046 = EDGE_CURVE('',#1998,#2047,#2049,.T.);
#2047 = VERTEX_POINT('',#2048);
#2048 = CARTESIAN_POINT('',(4.643072863406,6.242038102663,12.9204));
#2049 = SURFACE_CURVE('',#2050,(#2054,#2061),.PCURVE_S1.);
#2050 = LINE('',#2051,#2052);
#2051 = CARTESIAN_POINT('',(2.752272863406,2.967076435712,12.9204));
#2052 = VECTOR('',#2053,1.);
#2053 = DIRECTION('',(0.5,0.866025403784,0.));
#2054 = PCURVE('',#1404,#2055);
#2055 = DEFINITIONAL_REPRESENTATION('',(#2056),#2060);
#2056 = LINE('',#2057,#2058);
#2057 = CARTESIAN_POINT('',(0.,-0.65));
#2058 = VECTOR('',#2059,1.);
#2059 = DIRECTION('',(1.,0.));
#2060 = ( GEOMETRIC_REPRESENTATION_CONTEXT(2) 
PARAMETRIC_REPRESENTATION_CONTEXT() REPRESENTATION_CONTEXT('2D SPACE',''
  ) );
#2061 = PCURVE('',#1715,#2062);
#2062 = DEFINITIONAL_REPRESENTATION('',(#2063),#2067);
#2063 = LINE('',#2064,#2065);
#2064 = CARTESIAN_POINT('',(0.958792444677,3.89669702486));
#2065 = VECTOR('',#2066,1.);
#2066 = DIRECTION('',(0.,1.));
#2067 = ( GEOMETRIC_REPRESENTATION_CONTEXT(2) 
PARAMETRIC_REPRESENTATION_CONTEXT() REPRESENTATION_CONTEXT('2D SPACE',''
  ) );
#2068 = ORIENTED_EDGE('',*,*,#2069,.F.);
#2069 = EDGE_CURVE('',#1364,#2047,#2070,.T.);
#2070 = SURFACE_CURVE('',#2071,(#2075,#2082),.PCURVE_S1.);
#2071 = LINE('',#2072,#2073);
#2072 = CARTESIAN_POINT('',(4.643072863406,6.242038102663,12.2704));
#2073 = VECTOR('',#2074,1.);
#2074 = DIRECTION('',(0.,0.,1.));
#2075 = PCURVE('',#1404,#2076);
#2076 = DEFINITIONAL_REPRESENTATION('',(#2077),#2081);
#2077 = LINE('',#2078,#2079);
#2078 = CARTESIAN_POINT('',(3.7816,0.));
#2079 = VECTOR('',#2080,1.);
#2080 = DIRECTION('',(0.,-1.));
#2081 = ( GEOMETRIC_REPRESENTATION_CONTEXT(2) 
PARAMETRIC_REPRESENTATION_CONTEXT() REPRESENTATION_CONTEXT('2D SPACE',''
  ) );
#2082 = PCURVE('',#1378,#2083);
#2083 = DEFINITIONAL_REPRESENTATION('',(#2084),#2088);
#2084 = LINE('',#2085,#2086);
#2085 = CARTESIAN_POINT('',(0.,0.));
#2086 = VECTOR('',#2087,1.);
#2087 = DIRECTION('',(0.,-1.));
#2088 = ( GEOMETRIC_REPRESENTATION_CONTEXT(2) 
PARAMETRIC_REPRESENTATION_CONTEXT() REPRESENTATION_CONTEXT('2D SPACE',''
  ) );
#2089 = ADVANCED_FACE('',(#2090),#1378,.F.);
#2090 = FACE_BOUND('',#2091,.F.);
#2091 = EDGE_LOOP('',(#2092,#2093,#2094,#2117));
#2092 = ORIENTED_EDGE('',*,*,#1363,.T.);
#2093 = ORIENTED_EDGE('',*,*,#2069,.T.);
#2094 = ORIENTED_EDGE('',*,*,#2095,.T.);
#2095 = EDGE_CURVE('',#2047,#2096,#2098,.T.);
#2096 = VERTEX_POINT('',#2097);
#2097 = CARTESIAN_POINT('',(5.223903905393,5.764666977998,12.9204));
#2098 = SURFACE_CURVE('',#2099,(#2103,#2110),.PCURVE_S1.);
#2099 = LINE('',#2100,#2101);
#2100 = CARTESIAN_POINT('',(4.643072863406,6.242038102663,12.9204));
#2101 = VECTOR('',#2102,1.);
#2102 = DIRECTION('',(0.77255666542,-0.634945823449,0.));
#2103 = PCURVE('',#1378,#2104);
#2104 = DEFINITIONAL_REPRESENTATION('',(#2105),#2109);
#2105 = LINE('',#2106,#2107);
#2106 = CARTESIAN_POINT('',(0.,-0.65));
#2107 = VECTOR('',#2108,1.);
#2108 = DIRECTION('',(1.,0.));
#2109 = ( GEOMETRIC_REPRESENTATION_CONTEXT(2) 
PARAMETRIC_REPRESENTATION_CONTEXT() REPRESENTATION_CONTEXT('2D SPACE',''
  ) );
#2110 = PCURVE('',#1715,#2111);
#2111 = DEFINITIONAL_REPRESENTATION('',(#2112),#2116);
#2112 = LINE('',#2113,#2114);
#2113 = CARTESIAN_POINT('',(0.958792444677,7.67829702486));
#2114 = VECTOR('',#2115,1.);
#2115 = DIRECTION('',(0.986526609841,-0.163600880424));
#2116 = ( GEOMETRIC_REPRESENTATION_CONTEXT(2) 
PARAMETRIC_REPRESENTATION_CONTEXT() REPRESENTATION_CONTEXT('2D SPACE',''
  ) );
#2117 = ORIENTED_EDGE('',*,*,#2118,.F.);
#2118 = EDGE_CURVE('',#1338,#2096,#2119,.T.);
#2119 = SURFACE_CURVE('',#2120,(#2124,#2131),.PCURVE_S1.);
#2120 = LINE('',#2121,#2122);
#2121 = CARTESIAN_POINT('',(5.223903905393,5.764666977998,12.2704));
#2122 = VECTOR('',#2123,1.);
#2123 = DIRECTION('',(0.,0.,1.));
#2124 = PCURVE('',#1378,#2125);
#2125 = DEFINITIONAL_REPRESENTATION('',(#2126),#2130);
#2126 = LINE('',#2127,#2128);
#2127 = CARTESIAN_POINT('',(0.751829694811,0.));
#2128 = VECTOR('',#2129,1.);
#2129 = DIRECTION('',(0.,-1.));
#2130 = ( GEOMETRIC_REPRESENTATION_CONTEXT(2) 
PARAMETRIC_REPRESENTATION_CONTEXT() REPRESENTATION_CONTEXT('2D SPACE',''
  ) );
#2131 = PCURVE('',#1352,#2132);
#2132 = DEFINITIONAL_REPRESENTATION('',(#2133),#2137);
#2133 = LINE('',#2134,#2135);
#2134 = CARTESIAN_POINT('',(0.,0.));
#2135 = VECTOR('',#2136,1.);
#2136 = DIRECTION('',(0.,-1.));
#2137 = ( GEOMETRIC_REPRESENTATION_CONTEXT(2) 
PARAMETRIC_REPRESENTATION_CONTEXT() REPRESENTATION_CONTEXT('2D SPACE',''
  ) );
#2138 = ADVANCED_FACE('',(#2139),#1352,.F.);
#2139 = FACE_BOUND('',#2140,.F.);
#2140 = EDGE_LOOP('',(#2141,#2142,#2143,#2166));
#2141 = ORIENTED_EDGE('',*,*,#1337,.T.);
#2142 = ORIENTED_EDGE('',*,*,#2118,.T.);
#2143 = ORIENTED_EDGE('',*,*,#2144,.T.);
#2144 = EDGE_CURVE('',#2096,#2145,#2147,.T.);
#2145 = VERTEX_POINT('',#2146);
#2146 = CARTESIAN_POINT('',(5.755898156162,5.233508049664,12.9204));
#2147 = SURFACE_CURVE('',#2148,(#2152,#2159),.PCURVE_S1.);
#2148 = LINE('',#2149,#2150);
#2149 = CARTESIAN_POINT('',(5.223903905393,5.764666977998,12.9204));
#2150 = VECTOR('',#2151,1.);
#2151 = DIRECTION('',(0.707662138538,-0.706550987318,0.));
#2152 = PCURVE('',#1352,#2153);
#2153 = DEFINITIONAL_REPRESENTATION('',(#2154),#2158);
#2154 = LINE('',#2155,#2156);
#2155 = CARTESIAN_POINT('',(0.,-0.65));
#2156 = VECTOR('',#2157,1.);
#2157 = DIRECTION('',(1.,0.));
#2158 = ( GEOMETRIC_REPRESENTATION_CONTEXT(2) 
PARAMETRIC_REPRESENTATION_CONTEXT() REPRESENTATION_CONTEXT('2D SPACE',''
  ) );
#2159 = PCURVE('',#1715,#2160);
#2160 = DEFINITIONAL_REPRESENTATION('',(#2161),#2165);
#2161 = LINE('',#2162,#2163);
#2162 = CARTESIAN_POINT('',(1.700492444677,7.55529702486));
#2163 = VECTOR('',#2164,1.);
#2164 = DIRECTION('',(0.966128882929,-0.258060034818));
#2165 = ( GEOMETRIC_REPRESENTATION_CONTEXT(2) 
PARAMETRIC_REPRESENTATION_CONTEXT() REPRESENTATION_CONTEXT('2D SPACE',''
  ) );
#2166 = ORIENTED_EDGE('',*,*,#2167,.F.);
#2167 = EDGE_CURVE('',#1312,#2145,#2168,.T.);
#2168 = SURFACE_CURVE('',#2169,(#2173,#2180),.PCURVE_S1.);
#2169 = LINE('',#2170,#2171);
#2170 = CARTESIAN_POINT('',(5.755898156162,5.233508049664,12.2704));
#2171 = VECTOR('',#2172,1.);
#2172 = DIRECTION('',(0.,0.,1.));
#2173 = PCURVE('',#1352,#2174);
#2174 = DEFINITIONAL_REPRESENTATION('',(#2175),#2179);
#2175 = LINE('',#2176,#2177);
#2176 = CARTESIAN_POINT('',(0.751763054426,0.));
#2177 = VECTOR('',#2178,1.);
#2178 = DIRECTION('',(0.,-1.));
#2179 = ( GEOMETRIC_REPRESENTATION_CONTEXT(2) 
PARAMETRIC_REPRESENTATION_CONTEXT() REPRESENTATION_CONTEXT('2D SPACE',''
  ) );
#2180 = PCURVE('',#1326,#2181);
#2181 = DEFINITIONAL_REPRESENTATION('',(#2182),#2186);
#2182 = LINE('',#2183,#2184);
#2183 = CARTESIAN_POINT('',(0.,0.));
#2184 = VECTOR('',#2185,1.);
#2185 = DIRECTION('',(0.,-1.));
#2186 = ( GEOMETRIC_REPRESENTATION_CONTEXT(2) 
PARAMETRIC_REPRESENTATION_CONTEXT() REPRESENTATION_CONTEXT('2D SPACE',''
  ) );
#2187 = ADVANCED_FACE('',(#2188),#1326,.F.);
#2188 = FACE_BOUND('',#2189,.F.);
#2189 = EDGE_LOOP('',(#2190,#2191,#2192,#2215));
#2190 = ORIENTED_EDGE('',*,*,#1311,.T.);
#2191 = ORIENTED_EDGE('',*,*,#2167,.T.);
#2192 = ORIENTED_EDGE('',*,*,#2193,.T.);
#2193 = EDGE_CURVE('',#2145,#2194,#2196,.T.);
#2194 = VERTEX_POINT('',#2195);
#2195 = CARTESIAN_POINT('',(6.205854345523,4.691055030817,12.9204));
#2196 = SURFACE_CURVE('',#2197,(#2201,#2208),.PCURVE_S1.);
#2197 = LINE('',#2198,#2199);
#2198 = CARTESIAN_POINT('',(5.755898156162,5.233508049664,12.9204));
#2199 = VECTOR('',#2200,1.);
#2200 = DIRECTION('',(0.638434313836,-0.769676313081,0.));
#2201 = PCURVE('',#1326,#2202);
#2202 = DEFINITIONAL_REPRESENTATION('',(#2203),#2207);
#2203 = LINE('',#2204,#2205);
#2204 = CARTESIAN_POINT('',(0.,-0.65));
#2205 = VECTOR('',#2206,1.);
#2206 = DIRECTION('',(1.,0.));
#2207 = ( GEOMETRIC_REPRESENTATION_CONTEXT(2) 
PARAMETRIC_REPRESENTATION_CONTEXT() REPRESENTATION_CONTEXT('2D SPACE',''
  ) );
#2208 = PCURVE('',#1715,#2209);
#2209 = DEFINITIONAL_REPRESENTATION('',(#2210),#2214);
#2210 = LINE('',#2211,#2212);
#2211 = CARTESIAN_POINT('',(2.426792444677,7.36129702486));
#2212 = VECTOR('',#2213,1.);
#2213 = DIRECTION('',(0.93773849097,-0.347342082901));
#2214 = ( GEOMETRIC_REPRESENTATION_CONTEXT(2) 
PARAMETRIC_REPRESENTATION_CONTEXT() REPRESENTATION_CONTEXT('2D SPACE',''
  ) );
#2215 = ORIENTED_EDGE('',*,*,#2216,.F.);
#2216 = EDGE_CURVE('',#1286,#2194,#2217,.T.);
#2217 = SURFACE_CURVE('',#2218,(#2222,#2229),.PCURVE_S1.);
#2218 = LINE('',#2219,#2220);
#2219 = CARTESIAN_POINT('',(6.205854345523,4.691055030817,12.2704));
#2220 = VECTOR('',#2221,1.);
#2221 = DIRECTION('',(0.,0.,1.));
#2222 = PCURVE('',#1326,#2223);
#2223 = DEFINITIONAL_REPRESENTATION('',(#2224),#2228);
#2224 = LINE('',#2225,#2226);
#2225 = CARTESIAN_POINT('',(0.704780710576,0.));
#2226 = VECTOR('',#2227,1.);
#2227 = DIRECTION('',(0.,-1.));
#2228 = ( GEOMETRIC_REPRESENTATION_CONTEXT(2) 
PARAMETRIC_REPRESENTATION_CONTEXT() REPRESENTATION_CONTEXT('2D SPACE',''
  ) );
#2229 = PCURVE('',#1300,#2230);
#2230 = DEFINITIONAL_REPRESENTATION('',(#2231),#2235);
#2231 = LINE('',#2232,#2233);
#2232 = CARTESIAN_POINT('',(0.,0.));
#2233 = VECTOR('',#2234,1.);
#2234 = DIRECTION('',(0.,-1.));
#2235 = ( GEOMETRIC_REPRESENTATION_CONTEXT(2) 
PARAMETRIC_REPRESENTATION_CONTEXT() REPRESENTATION_CONTEXT('2D SPACE',''
  ) );
#2236 = ADVANCED_FACE('',(#2237),#1300,.F.);
#2237 = FACE_BOUND('',#2238,.F.);
#2238 = EDGE_LOOP('',(#2239,#2240,#2241,#2264));
#2239 = ORIENTED_EDGE('',*,*,#1285,.T.);
#2240 = ORIENTED_EDGE('',*,*,#2216,.T.);
#2241 = ORIENTED_EDGE('',*,*,#2242,.T.);
#2242 = EDGE_CURVE('',#2194,#2243,#2245,.T.);
#2243 = VERTEX_POINT('',#2244);
#2244 = CARTESIAN_POINT('',(10.140973057659,2.271080574052,12.9204));
#2245 = SURFACE_CURVE('',#2246,(#2250,#2257),.PCURVE_S1.);
#2246 = LINE('',#2247,#2248);
#2247 = CARTESIAN_POINT('',(6.205854345523,4.691055030817,12.9204));
#2248 = VECTOR('',#2249,1.);
#2249 = DIRECTION('',(0.85181644998,-0.523840372197,0.));
#2250 = PCURVE('',#1300,#2251);
#2251 = DEFINITIONAL_REPRESENTATION('',(#2252),#2256);
#2252 = LINE('',#2253,#2254);
#2253 = CARTESIAN_POINT('',(0.,-0.65));
#2254 = VECTOR('',#2255,1.);
#2255 = DIRECTION('',(1.,0.));
#2256 = ( GEOMETRIC_REPRESENTATION_CONTEXT(2) 
PARAMETRIC_REPRESENTATION_CONTEXT() REPRESENTATION_CONTEXT('2D SPACE',''
  ) );
#2257 = PCURVE('',#1715,#2258);
#2258 = DEFINITIONAL_REPRESENTATION('',(#2259),#2263);
#2259 = LINE('',#2260,#2261);
#2260 = CARTESIAN_POINT('',(3.087692444677,7.11649702486));
#2261 = VECTOR('',#2262,1.);
#2262 = DIRECTION('',(0.999614871143,-2.775084486032E-02));
#2263 = ( GEOMETRIC_REPRESENTATION_CONTEXT(2) 
PARAMETRIC_REPRESENTATION_CONTEXT() REPRESENTATION_CONTEXT('2D SPACE',''
  ) );
#2264 = ORIENTED_EDGE('',*,*,#2265,.F.);
#2265 = EDGE_CURVE('',#1260,#2243,#2266,.T.);
#2266 = SURFACE_CURVE('',#2267,(#2271,#2278),.PCURVE_S1.);
#2267 = LINE('',#2268,#2269);
#2268 = CARTESIAN_POINT('',(10.140973057659,2.271080574052,12.2704));
#2269 = VECTOR('',#2270,1.);
#2270 = DIRECTION('',(0.,0.,1.));
#2271 = PCURVE('',#1300,#2272);
#2272 = DEFINITIONAL_REPRESENTATION('',(#2273),#2277);
#2273 = LINE('',#2274,#2275);
#2274 = CARTESIAN_POINT('',(4.619679171761,0.));
#2275 = VECTOR('',#2276,1.);
#2276 = DIRECTION('',(0.,-1.));
#2277 = ( GEOMETRIC_REPRESENTATION_CONTEXT(2) 
PARAMETRIC_REPRESENTATION_CONTEXT() REPRESENTATION_CONTEXT('2D SPACE',''
  ) );
#2278 = PCURVE('',#1274,#2279);
#2279 = DEFINITIONAL_REPRESENTATION('',(#2280),#2284);
#2280 = LINE('',#2281,#2282);
#2281 = CARTESIAN_POINT('',(0.,0.));
#2282 = VECTOR('',#2283,1.);
#2283 = DIRECTION('',(0.,-1.));
#2284 = ( GEOMETRIC_REPRESENTATION_CONTEXT(2) 
PARAMETRIC_REPRESENTATION_CONTEXT() REPRESENTATION_CONTEXT('2D SPACE',''
  ) );
#2285 = ADVANCED_FACE('',(#2286),#1274,.F.);
#2286 = FACE_BOUND('',#2287,.F.);
#2287 = EDGE_LOOP('',(#2288,#2289,#2290,#2313));
#2288 = ORIENTED_EDGE('',*,*,#1259,.T.);
#2289 = ORIENTED_EDGE('',*,*,#2265,.T.);
#2290 = ORIENTED_EDGE('',*,*,#2291,.T.);
#2291 = EDGE_CURVE('',#2243,#2292,#2294,.T.);
#2292 = VERTEX_POINT('',#2293);
#2293 = CARTESIAN_POINT('',(9.915740639412,3.110566582137,12.9204));
#2294 = SURFACE_CURVE('',#2295,(#2299,#2306),.PCURVE_S1.);
#2295 = LINE('',#2296,#2297);
#2296 = CARTESIAN_POINT('',(10.140973057659,2.271080574052,12.9204));
#2297 = VECTOR('',#2298,1.);
#2298 = DIRECTION('',(-0.259133358042,0.965841551576,0.));
#2299 = PCURVE('',#1274,#2300);
#2300 = DEFINITIONAL_REPRESENTATION('',(#2301),#2305);
#2301 = LINE('',#2302,#2303);
#2302 = CARTESIAN_POINT('',(0.,-0.65));
#2303 = VECTOR('',#2304,1.);
#2304 = DIRECTION('',(1.,0.));
#2305 = ( GEOMETRIC_REPRESENTATION_CONTEXT(2) 
PARAMETRIC_REPRESENTATION_CONTEXT() REPRESENTATION_CONTEXT('2D SPACE',''
  ) );
#2306 = PCURVE('',#1715,#2307);
#2307 = DEFINITIONAL_REPRESENTATION('',(#2308),#2312);
#2308 = LINE('',#2309,#2310);
#2309 = CARTESIAN_POINT('',(7.705592444677,6.98829702486));
#2310 = VECTOR('',#2311,1.);
#2311 = DIRECTION('',(-0.70733684682,0.706876640674));
#2312 = ( GEOMETRIC_REPRESENTATION_CONTEXT(2) 
PARAMETRIC_REPRESENTATION_CONTEXT() REPRESENTATION_CONTEXT('2D SPACE',''
  ) );
#2313 = ORIENTED_EDGE('',*,*,#2314,.F.);
#2314 = EDGE_CURVE('',#1234,#2292,#2315,.T.);
#2315 = SURFACE_CURVE('',#2316,(#2320,#2327),.PCURVE_S1.);
#2316 = LINE('',#2317,#2318);
#2317 = CARTESIAN_POINT('',(9.915740639412,3.110566582137,12.2704));
#2318 = VECTOR('',#2319,1.);
#2319 = DIRECTION('',(0.,0.,1.));
#2320 = PCURVE('',#1274,#2321);
#2321 = DEFINITIONAL_REPRESENTATION('',(#2322),#2326);
#2322 = LINE('',#2323,#2324);
#2323 = CARTESIAN_POINT('',(0.869175701455,0.));
#2324 = VECTOR('',#2325,1.);
#2325 = DIRECTION('',(0.,-1.));
#2326 = ( GEOMETRIC_REPRESENTATION_CONTEXT(2) 
PARAMETRIC_REPRESENTATION_CONTEXT() REPRESENTATION_CONTEXT('2D SPACE',''
  ) );
#2327 = PCURVE('',#1248,#2328);
#2328 = DEFINITIONAL_REPRESENTATION('',(#2329),#2333);
#2329 = LINE('',#2330,#2331);
#2330 = CARTESIAN_POINT('',(0.,0.));
#2331 = VECTOR('',#2332,1.);
#2332 = DIRECTION('',(0.,-1.));
#2333 = ( GEOMETRIC_REPRESENTATION_CONTEXT(2) 
PARAMETRIC_REPRESENTATION_CONTEXT() REPRESENTATION_CONTEXT('2D SPACE',''
  ) );
#2334 = ADVANCED_FACE('',(#2335),#1248,.F.);
#2335 = FACE_BOUND('',#2336,.F.);
#2336 = EDGE_LOOP('',(#2337,#2338,#2339,#2362));
#2337 = ORIENTED_EDGE('',*,*,#1233,.T.);
#2338 = ORIENTED_EDGE('',*,*,#2314,.T.);
#2339 = ORIENTED_EDGE('',*,*,#2340,.T.);
#2340 = EDGE_CURVE('',#2292,#2341,#2343,.T.);
#2341 = VERTEX_POINT('',#2342);
#2342 = CARTESIAN_POINT('',(9.62118637384,3.92818362858,12.9204));
#2343 = SURFACE_CURVE('',#2344,(#2348,#2355),.PCURVE_S1.);
#2344 = LINE('',#2345,#2346);
#2345 = CARTESIAN_POINT('',(9.915740639412,3.110566582137,12.9204));
#2346 = VECTOR('',#2347,1.);
#2347 = DIRECTION('',(-0.338935545455,0.940809596054,0.));
#2348 = PCURVE('',#1248,#2349);
#2349 = DEFINITIONAL_REPRESENTATION('',(#2350),#2354);
#2350 = LINE('',#2351,#2352);
#2351 = CARTESIAN_POINT('',(0.,-0.65));
#2352 = VECTOR('',#2353,1.);
#2353 = DIRECTION('',(1.,0.));
#2354 = ( GEOMETRIC_REPRESENTATION_CONTEXT(2) 
PARAMETRIC_REPRESENTATION_CONTEXT() REPRESENTATION_CONTEXT('2D SPACE',''
  ) );
#2355 = PCURVE('',#1715,#2356);
#2356 = DEFINITIONAL_REPRESENTATION('',(#2357),#2361);
#2357 = LINE('',#2358,#2359);
#2358 = CARTESIAN_POINT('',(7.090792444677,7.60269702486));
#2359 = VECTOR('',#2360,1.);
#2360 = DIRECTION('',(-0.763931590637,0.645297237579));
#2361 = ( GEOMETRIC_REPRESENTATION_CONTEXT(2) 
PARAMETRIC_REPRESENTATION_CONTEXT() REPRESENTATION_CONTEXT('2D SPACE',''
  ) );
#2362 = ORIENTED_EDGE('',*,*,#2363,.F.);
#2363 = EDGE_CURVE('',#1208,#2341,#2364,.T.);
#2364 = SURFACE_CURVE('',#2365,(#2369,#2376),.PCURVE_S1.);
#2365 = LINE('',#2366,#2367);
#2366 = CARTESIAN_POINT('',(9.62118637384,3.92818362858,12.2704));
#2367 = VECTOR('',#2368,1.);
#2368 = DIRECTION('',(0.,0.,1.));
#2369 = PCURVE('',#1248,#2370);
#2370 = DEFINITIONAL_REPRESENTATION('',(#2371),#2375);
#2371 = LINE('',#2372,#2373);
#2372 = CARTESIAN_POINT('',(0.869056873858,0.));
#2373 = VECTOR('',#2374,1.);
#2374 = DIRECTION('',(0.,-1.));
#2375 = ( GEOMETRIC_REPRESENTATION_CONTEXT(2) 
PARAMETRIC_REPRESENTATION_CONTEXT() REPRESENTATION_CONTEXT('2D SPACE',''
  ) );
#2376 = PCURVE('',#1222,#2377);
#2377 = DEFINITIONAL_REPRESENTATION('',(#2378),#2382);
#2378 = LINE('',#2379,#2380);
#2379 = CARTESIAN_POINT('',(0.,0.));
#2380 = VECTOR('',#2381,1.);
#2381 = DIRECTION('',(0.,-1.));
#2382 = ( GEOMETRIC_REPRESENTATION_CONTEXT(2) 
PARAMETRIC_REPRESENTATION_CONTEXT() REPRESENTATION_CONTEXT('2D SPACE',''
  ) );
#2383 = ADVANCED_FACE('',(#2384),#1222,.F.);
#2384 = FACE_BOUND('',#2385,.F.);
#2385 = EDGE_LOOP('',(#2386,#2387,#2388,#2411));
#2386 = ORIENTED_EDGE('',*,*,#1207,.T.);
#2387 = ORIENTED_EDGE('',*,*,#2363,.T.);
#2388 = ORIENTED_EDGE('',*,*,#2389,.T.);
#2389 = EDGE_CURVE('',#2341,#2390,#2392,.T.);
#2390 = VERTEX_POINT('',#2391);
#2391 = CARTESIAN_POINT('',(9.259307375258,4.718390816845,12.9204));
#2392 = SURFACE_CURVE('',#2393,(#2397,#2404),.PCURVE_S1.);
#2393 = LINE('',#2394,#2395);
#2394 = CARTESIAN_POINT('',(9.62118637384,3.92818362858,12.9204));
#2395 = VECTOR('',#2396,1.);
#2396 = DIRECTION('',(-0.416370108462,0.909195211591,0.));
#2397 = PCURVE('',#1222,#2398);
#2398 = DEFINITIONAL_REPRESENTATION('',(#2399),#2403);
#2399 = LINE('',#2400,#2401);
#2400 = CARTESIAN_POINT('',(0.,-0.65));
#2401 = VECTOR('',#2402,1.);
#2402 = DIRECTION('',(1.,0.));
#2403 = ( GEOMETRIC_REPRESENTATION_CONTEXT(2) 
PARAMETRIC_REPRESENTATION_CONTEXT() REPRESENTATION_CONTEXT('2D SPACE',''
  ) );
#2404 = PCURVE('',#1715,#2405);
#2405 = DEFINITIONAL_REPRESENTATION('',(#2406),#2410);
#2406 = LINE('',#2407,#2408);
#2407 = CARTESIAN_POINT('',(6.426892444677,8.16349702486));
#2408 = VECTOR('',#2409,1.);
#2409 = DIRECTION('',(-0.8151846971,0.579201096006));
#2410 = ( GEOMETRIC_REPRESENTATION_CONTEXT(2) 
PARAMETRIC_REPRESENTATION_CONTEXT() REPRESENTATION_CONTEXT('2D SPACE',''
  ) );
#2411 = ORIENTED_EDGE('',*,*,#2412,.F.);
#2412 = EDGE_CURVE('',#1182,#2390,#2413,.T.);
#2413 = SURFACE_CURVE('',#2414,(#2418,#2425),.PCURVE_S1.);
#2414 = LINE('',#2415,#2416);
#2415 = CARTESIAN_POINT('',(9.259307375258,4.718390816845,12.2704));
#2416 = VECTOR('',#2417,1.);
#2417 = DIRECTION('',(0.,0.,1.));
#2418 = PCURVE('',#1222,#2419);
#2419 = DEFINITIONAL_REPRESENTATION('',(#2420),#2424);
#2420 = LINE('',#2421,#2422);
#2421 = CARTESIAN_POINT('',(0.869128189625,0.));
#2422 = VECTOR('',#2423,1.);
#2423 = DIRECTION('',(0.,-1.));
#2424 = ( GEOMETRIC_REPRESENTATION_CONTEXT(2) 
PARAMETRIC_REPRESENTATION_CONTEXT() REPRESENTATION_CONTEXT('2D SPACE',''
  ) );
#2425 = PCURVE('',#1196,#2426);
#2426 = DEFINITIONAL_REPRESENTATION('',(#2427),#2431);
#2427 = LINE('',#2428,#2429);
#2428 = CARTESIAN_POINT('',(0.,0.));
#2429 = VECTOR('',#2430,1.);
#2430 = DIRECTION('',(0.,-1.));
#2431 = ( GEOMETRIC_REPRESENTATION_CONTEXT(2) 
PARAMETRIC_REPRESENTATION_CONTEXT() REPRESENTATION_CONTEXT('2D SPACE',''
  ) );
#2432 = ADVANCED_FACE('',(#2433),#1196,.F.);
#2433 = FACE_BOUND('',#2434,.F.);
#2434 = EDGE_LOOP('',(#2435,#2436,#2437,#2460));
#2435 = ORIENTED_EDGE('',*,*,#1181,.T.);
#2436 = ORIENTED_EDGE('',*,*,#2412,.T.);
#2437 = ORIENTED_EDGE('',*,*,#2438,.T.);
#2438 = EDGE_CURVE('',#2390,#2439,#2441,.T.);
#2439 = VERTEX_POINT('',#2440);
#2440 = CARTESIAN_POINT('',(8.832633770687,5.475570455479,12.9204));
#2441 = SURFACE_CURVE('',#2442,(#2446,#2453),.PCURVE_S1.);
#2442 = LINE('',#2443,#2444);
#2443 = CARTESIAN_POINT('',(9.259307375258,4.718390816845,12.9204));
#2444 = VECTOR('',#2445,1.);
#2445 = DIRECTION('',(-0.490925415876,0.871201604709,0.));
#2446 = PCURVE('',#1196,#2447);
#2447 = DEFINITIONAL_REPRESENTATION('',(#2448),#2452);
#2448 = LINE('',#2449,#2450);
#2449 = CARTESIAN_POINT('',(0.,-0.65));
#2450 = VECTOR('',#2451,1.);
#2451 = DIRECTION('',(1.,0.));
#2452 = ( GEOMETRIC_REPRESENTATION_CONTEXT(2) 
PARAMETRIC_REPRESENTATION_CONTEXT() REPRESENTATION_CONTEXT('2D SPACE',''
  ) );
#2453 = PCURVE('',#1715,#2454);
#2454 = DEFINITIONAL_REPRESENTATION('',(#2455),#2459);
#2455 = LINE('',#2456,#2457);
#2456 = CARTESIAN_POINT('',(5.718392444677,8.66689702486));
#2457 = VECTOR('',#2458,1.);
#2458 = DIRECTION('',(-0.860754683866,0.509020013558));
#2459 = ( GEOMETRIC_REPRESENTATION_CONTEXT(2) 
PARAMETRIC_REPRESENTATION_CONTEXT() REPRESENTATION_CONTEXT('2D SPACE',''
  ) );
#2460 = ORIENTED_EDGE('',*,*,#2461,.F.);
#2461 = EDGE_CURVE('',#1156,#2439,#2462,.T.);
#2462 = SURFACE_CURVE('',#2463,(#2467,#2474),.PCURVE_S1.);
#2463 = LINE('',#2464,#2465);
#2464 = CARTESIAN_POINT('',(8.832633770687,5.475570455479,12.2704));
#2465 = VECTOR('',#2466,1.);
#2466 = DIRECTION('',(0.,0.,1.));
#2467 = PCURVE('',#1196,#2468);
#2468 = DEFINITIONAL_REPRESENTATION('',(#2469),#2473);
#2469 = LINE('',#2470,#2471);
#2470 = CARTESIAN_POINT('',(0.869121032998,0.));
#2471 = VECTOR('',#2472,1.);
#2472 = DIRECTION('',(0.,-1.));
#2473 = ( GEOMETRIC_REPRESENTATION_CONTEXT(2) 
PARAMETRIC_REPRESENTATION_CONTEXT() REPRESENTATION_CONTEXT('2D SPACE',''
  ) );
#2474 = PCURVE('',#1170,#2475);
#2475 = DEFINITIONAL_REPRESENTATION('',(#2476),#2480);
#2476 = LINE('',#2477,#2478);
#2477 = CARTESIAN_POINT('',(0.,0.));
#2478 = VECTOR('',#2479,1.);
#2479 = DIRECTION('',(0.,-1.));
#2480 = ( GEOMETRIC_REPRESENTATION_CONTEXT(2) 
PARAMETRIC_REPRESENTATION_CONTEXT() REPRESENTATION_CONTEXT('2D SPACE',''
  ) );
#2481 = ADVANCED_FACE('',(#2482),#1170,.F.);
#2482 = FACE_BOUND('',#2483,.F.);
#2483 = EDGE_LOOP('',(#2484,#2485,#2486,#2509));
#2484 = ORIENTED_EDGE('',*,*,#1155,.T.);
#2485 = ORIENTED_EDGE('',*,*,#2461,.T.);
#2486 = ORIENTED_EDGE('',*,*,#2487,.T.);
#2487 = EDGE_CURVE('',#2439,#2488,#2490,.T.);
#2488 = VERTEX_POINT('',#2489);
#2489 = CARTESIAN_POINT('',(8.344255494766,6.194474468271,12.9204));
#2490 = SURFACE_CURVE('',#2491,(#2495,#2502),.PCURVE_S1.);
#2491 = LINE('',#2492,#2493);
#2492 = CARTESIAN_POINT('',(8.832633770687,5.475570455479,12.9204));
#2493 = VECTOR('',#2494,1.);
#2494 = DIRECTION('',(-0.561935091198,0.827181330351,0.));
#2495 = PCURVE('',#1170,#2496);
#2496 = DEFINITIONAL_REPRESENTATION('',(#2497),#2501);
#2497 = LINE('',#2498,#2499);
#2498 = CARTESIAN_POINT('',(0.,-0.65));
#2499 = VECTOR('',#2500,1.);
#2500 = DIRECTION('',(1.,0.));
#2501 = ( GEOMETRIC_REPRESENTATION_CONTEXT(2) 
PARAMETRIC_REPRESENTATION_CONTEXT() REPRESENTATION_CONTEXT('2D SPACE',''
  ) );
#2502 = PCURVE('',#1715,#2503);
#2503 = DEFINITIONAL_REPRESENTATION('',(#2504),#2508);
#2504 = LINE('',#2505,#2506);
#2505 = CARTESIAN_POINT('',(4.970292444677,9.10929702486));
#2506 = VECTOR('',#2507,1.);
#2507 = DIRECTION('',(-0.90024072943,0.435392500021));
#2508 = ( GEOMETRIC_REPRESENTATION_CONTEXT(2) 
PARAMETRIC_REPRESENTATION_CONTEXT() REPRESENTATION_CONTEXT('2D SPACE',''
  ) );
#2509 = ORIENTED_EDGE('',*,*,#2510,.F.);
#2510 = EDGE_CURVE('',#1130,#2488,#2511,.T.);
#2511 = SURFACE_CURVE('',#2512,(#2516,#2523),.PCURVE_S1.);
#2512 = LINE('',#2513,#2514);
#2513 = CARTESIAN_POINT('',(8.344255494766,6.194474468271,12.2704));
#2514 = VECTOR('',#2515,1.);
#2515 = DIRECTION('',(0.,0.,1.));
#2516 = PCURVE('',#1170,#2517);
#2517 = DEFINITIONAL_REPRESENTATION('',(#2518),#2522);
#2518 = LINE('',#2519,#2520);
#2519 = CARTESIAN_POINT('',(0.869100868714,0.));
#2520 = VECTOR('',#2521,1.);
#2521 = DIRECTION('',(0.,-1.));
#2522 = ( GEOMETRIC_REPRESENTATION_CONTEXT(2) 
PARAMETRIC_REPRESENTATION_CONTEXT() REPRESENTATION_CONTEXT('2D SPACE',''
  ) );
#2523 = PCURVE('',#1144,#2524);
#2524 = DEFINITIONAL_REPRESENTATION('',(#2525),#2529);
#2525 = LINE('',#2526,#2527);
#2526 = CARTESIAN_POINT('',(0.,0.));
#2527 = VECTOR('',#2528,1.);
#2528 = DIRECTION('',(0.,-1.));
#2529 = ( GEOMETRIC_REPRESENTATION_CONTEXT(2) 
PARAMETRIC_REPRESENTATION_CONTEXT() REPRESENTATION_CONTEXT('2D SPACE',''
  ) );
#2530 = ADVANCED_FACE('',(#2531),#1144,.F.);
#2531 = FACE_BOUND('',#2532,.F.);
#2532 = EDGE_LOOP('',(#2533,#2534,#2535,#2558));
#2533 = ORIENTED_EDGE('',*,*,#1129,.T.);
#2534 = ORIENTED_EDGE('',*,*,#2510,.T.);
#2535 = ORIENTED_EDGE('',*,*,#2536,.T.);
#2536 = EDGE_CURVE('',#2488,#2537,#2539,.T.);
#2537 = VERTEX_POINT('',#2538);
#2538 = CARTESIAN_POINT('',(7.797449084676,6.86997798409,12.9204));
#2539 = SURFACE_CURVE('',#2540,(#2544,#2551),.PCURVE_S1.);
#2540 = LINE('',#2541,#2542);
#2541 = CARTESIAN_POINT('',(8.344255494766,6.194474468271,12.9204));
#2542 = VECTOR('',#2543,1.);
#2543 = DIRECTION('',(-0.629177535364,0.777261621974,0.));
#2544 = PCURVE('',#1144,#2545);
#2545 = DEFINITIONAL_REPRESENTATION('',(#2546),#2550);
#2546 = LINE('',#2547,#2548);
#2547 = CARTESIAN_POINT('',(0.,-0.65));
#2548 = VECTOR('',#2549,1.);
#2549 = DIRECTION('',(1.,0.));
#2550 = ( GEOMETRIC_REPRESENTATION_CONTEXT(2) 
PARAMETRIC_REPRESENTATION_CONTEXT() REPRESENTATION_CONTEXT('2D SPACE',''
  ) );
#2551 = PCURVE('',#1715,#2552);
#2552 = DEFINITIONAL_REPRESENTATION('',(#2553),#2557);
#2553 = LINE('',#2554,#2555);
#2554 = CARTESIAN_POINT('',(4.187892444677,9.48769702486));
#2555 = VECTOR('',#2556,1.);
#2556 = DIRECTION('',(-0.933514540102,0.358539542334));
#2557 = ( GEOMETRIC_REPRESENTATION_CONTEXT(2) 
PARAMETRIC_REPRESENTATION_CONTEXT() REPRESENTATION_CONTEXT('2D SPACE',''
  ) );
#2558 = ORIENTED_EDGE('',*,*,#2559,.F.);
#2559 = EDGE_CURVE('',#1104,#2537,#2560,.T.);
#2560 = SURFACE_CURVE('',#2561,(#2565,#2572),.PCURVE_S1.);
#2561 = LINE('',#2562,#2563);
#2562 = CARTESIAN_POINT('',(7.797449084676,6.86997798409,12.2704));
#2563 = VECTOR('',#2564,1.);
#2564 = DIRECTION('',(0.,0.,1.));
#2565 = PCURVE('',#1144,#2566);
#2566 = DEFINITIONAL_REPRESENTATION('',(#2567),#2571);
#2567 = LINE('',#2568,#2569);
#2568 = CARTESIAN_POINT('',(0.869081267776,0.));
#2569 = VECTOR('',#2570,1.);
#2570 = DIRECTION('',(0.,-1.));
#2571 = ( GEOMETRIC_REPRESENTATION_CONTEXT(2) 
PARAMETRIC_REPRESENTATION_CONTEXT() REPRESENTATION_CONTEXT('2D SPACE',''
  ) );
#2572 = PCURVE('',#1118,#2573);
#2573 = DEFINITIONAL_REPRESENTATION('',(#2574),#2578);
#2574 = LINE('',#2575,#2576);
#2575 = CARTESIAN_POINT('',(0.,0.));
#2576 = VECTOR('',#2577,1.);
#2577 = DIRECTION('',(0.,-1.));
#2578 = ( GEOMETRIC_REPRESENTATION_CONTEXT(2) 
PARAMETRIC_REPRESENTATION_CONTEXT() REPRESENTATION_CONTEXT('2D SPACE',''
  ) );
#2579 = ADVANCED_FACE('',(#2580),#1118,.F.);
#2580 = FACE_BOUND('',#2581,.F.);
#2581 = EDGE_LOOP('',(#2582,#2583,#2584,#2607));
#2582 = ORIENTED_EDGE('',*,*,#1103,.T.);
#2583 = ORIENTED_EDGE('',*,*,#2559,.T.);
#2584 = ORIENTED_EDGE('',*,*,#2585,.T.);
#2585 = EDGE_CURVE('',#2537,#2586,#2588,.T.);
#2586 = VERTEX_POINT('',#2587);
#2587 = CARTESIAN_POINT('',(7.196150885218,7.497498952129,12.9204));
#2588 = SURFACE_CURVE('',#2589,(#2593,#2600),.PCURVE_S1.);
#2589 = LINE('',#2590,#2591);
#2590 = CARTESIAN_POINT('',(7.797449084676,6.86997798409,12.9204));
#2591 = VECTOR('',#2592,1.);
#2592 = DIRECTION('',(-0.69185974202,0.722031922682,0.));
#2593 = PCURVE('',#1118,#2594);
#2594 = DEFINITIONAL_REPRESENTATION('',(#2595),#2599);
#2595 = LINE('',#2596,#2597);
#2596 = CARTESIAN_POINT('',(0.,-0.65));
#2597 = VECTOR('',#2598,1.);
#2598 = DIRECTION('',(1.,0.));
#2599 = ( GEOMETRIC_REPRESENTATION_CONTEXT(2) 
PARAMETRIC_REPRESENTATION_CONTEXT() REPRESENTATION_CONTEXT('2D SPACE',''
  ) );
#2600 = PCURVE('',#1715,#2601);
#2601 = DEFINITIONAL_REPRESENTATION('',(#2602),#2606);
#2602 = LINE('',#2603,#2604);
#2603 = CARTESIAN_POINT('',(3.376592444677,9.79929702486));
#2604 = VECTOR('',#2605,1.);
#2605 = DIRECTION('',(-0.960184073786,0.279368116375));
#2606 = ( GEOMETRIC_REPRESENTATION_CONTEXT(2) 
PARAMETRIC_REPRESENTATION_CONTEXT() REPRESENTATION_CONTEXT('2D SPACE',''
  ) );
#2607 = ORIENTED_EDGE('',*,*,#2608,.F.);
#2608 = EDGE_CURVE('',#1078,#2586,#2609,.T.);
#2609 = SURFACE_CURVE('',#2610,(#2614,#2621),.PCURVE_S1.);
#2610 = LINE('',#2611,#2612);
#2611 = CARTESIAN_POINT('',(7.196150885218,7.497498952129,12.2704));
#2612 = VECTOR('',#2613,1.);
#2613 = DIRECTION('',(0.,0.,1.));
#2614 = PCURVE('',#1118,#2615);
#2615 = DEFINITIONAL_REPRESENTATION('',(#2616),#2620);
#2616 = LINE('',#2617,#2618);
#2617 = CARTESIAN_POINT('',(0.869104188231,0.));
#2618 = VECTOR('',#2619,1.);
#2619 = DIRECTION('',(0.,-1.));
#2620 = ( GEOMETRIC_REPRESENTATION_CONTEXT(2) 
PARAMETRIC_REPRESENTATION_CONTEXT() REPRESENTATION_CONTEXT('2D SPACE',''
  ) );
#2621 = PCURVE('',#1092,#2622);
#2622 = DEFINITIONAL_REPRESENTATION('',(#2623),#2627);
#2623 = LINE('',#2624,#2625);
#2624 = CARTESIAN_POINT('',(0.,0.));
#2625 = VECTOR('',#2626,1.);
#2626 = DIRECTION('',(0.,-1.));
#2627 = ( GEOMETRIC_REPRESENTATION_CONTEXT(2) 
PARAMETRIC_REPRESENTATION_CONTEXT() REPRESENTATION_CONTEXT('2D SPACE',''
  ) );
#2628 = ADVANCED_FACE('',(#2629),#1092,.F.);
#2629 = FACE_BOUND('',#2630,.F.);
#2630 = EDGE_LOOP('',(#2631,#2632,#2633,#2656));
#2631 = ORIENTED_EDGE('',*,*,#1077,.T.);
#2632 = ORIENTED_EDGE('',*,*,#2608,.T.);
#2633 = ORIENTED_EDGE('',*,*,#2634,.T.);
#2634 = EDGE_CURVE('',#2586,#2635,#2637,.T.);
#2635 = VERTEX_POINT('',#2636);
#2636 = CARTESIAN_POINT('',(6.544483843734,8.072578526661,12.9204));
#2637 = SURFACE_CURVE('',#2638,(#2642,#2649),.PCURVE_S1.);
#2638 = LINE('',#2639,#2640);
#2639 = CARTESIAN_POINT('',(7.196150885218,7.497498952129,12.9204));
#2640 = VECTOR('',#2641,1.);
#2641 = DIRECTION('',(-0.74979262036,0.661672899893,0.));
#2642 = PCURVE('',#1092,#2643);
#2643 = DEFINITIONAL_REPRESENTATION('',(#2644),#2648);
#2644 = LINE('',#2645,#2646);
#2645 = CARTESIAN_POINT('',(0.,-0.65));
#2646 = VECTOR('',#2647,1.);
#2647 = DIRECTION('',(1.,0.));
#2648 = ( GEOMETRIC_REPRESENTATION_CONTEXT(2) 
PARAMETRIC_REPRESENTATION_CONTEXT() REPRESENTATION_CONTEXT('2D SPACE',''
  ) );
#2649 = PCURVE('',#1715,#2650);
#2650 = DEFINITIONAL_REPRESENTATION('',(#2651),#2655);
#2651 = LINE('',#2652,#2653);
#2652 = CARTESIAN_POINT('',(2.542092444677,10.04209702486));
#2653 = VECTOR('',#2654,1.);
#2654 = DIRECTION('',(-0.980175906749,0.198129230123));
#2655 = ( GEOMETRIC_REPRESENTATION_CONTEXT(2) 
PARAMETRIC_REPRESENTATION_CONTEXT() REPRESENTATION_CONTEXT('2D SPACE',''
  ) );
#2656 = ORIENTED_EDGE('',*,*,#2657,.F.);
#2657 = EDGE_CURVE('',#1052,#2635,#2658,.T.);
#2658 = SURFACE_CURVE('',#2659,(#2663,#2670),.PCURVE_S1.);
#2659 = LINE('',#2660,#2661);
#2660 = CARTESIAN_POINT('',(6.544483843734,8.072578526661,12.2704));
#2661 = VECTOR('',#2662,1.);
#2662 = DIRECTION('',(0.,0.,1.));
#2663 = PCURVE('',#1092,#2664);
#2664 = DEFINITIONAL_REPRESENTATION('',(#2665),#2669);
#2665 = LINE('',#2666,#2667);
#2666 = CARTESIAN_POINT('',(0.869129708386,0.));
#2667 = VECTOR('',#2668,1.);
#2668 = DIRECTION('',(0.,-1.));
#2669 = ( GEOMETRIC_REPRESENTATION_CONTEXT(2) 
PARAMETRIC_REPRESENTATION_CONTEXT() REPRESENTATION_CONTEXT('2D SPACE',''
  ) );
#2670 = PCURVE('',#1066,#2671);
#2671 = DEFINITIONAL_REPRESENTATION('',(#2672),#2676);
#2672 = LINE('',#2673,#2674);
#2673 = CARTESIAN_POINT('',(0.,0.));
#2674 = VECTOR('',#2675,1.);
#2675 = DIRECTION('',(0.,-1.));
#2676 = ( GEOMETRIC_REPRESENTATION_CONTEXT(2) 
PARAMETRIC_REPRESENTATION_CONTEXT() REPRESENTATION_CONTEXT('2D SPACE',''
  ) );
#2677 = ADVANCED_FACE('',(#2678),#1066,.F.);
#2678 = FACE_BOUND('',#2679,.F.);
#2679 = EDGE_LOOP('',(#2680,#2681,#2682,#2705));
#2680 = ORIENTED_EDGE('',*,*,#1051,.T.);
#2681 = ORIENTED_EDGE('',*,*,#2657,.T.);
#2682 = ORIENTED_EDGE('',*,*,#2683,.T.);
#2683 = EDGE_CURVE('',#2635,#2684,#2686,.T.);
#2684 = VERTEX_POINT('',#2685);
#2685 = CARTESIAN_POINT('',(5.847044112647,8.591177477201,12.9204));
#2686 = SURFACE_CURVE('',#2687,(#2691,#2698),.PCURVE_S1.);
#2687 = LINE('',#2688,#2689);
#2688 = CARTESIAN_POINT('',(6.544483843734,8.072578526661,12.9204));
#2689 = VECTOR('',#2690,1.);
#2690 = DIRECTION('',(-0.802467894527,0.596695297664,0.));
#2691 = PCURVE('',#1066,#2692);
#2692 = DEFINITIONAL_REPRESENTATION('',(#2693),#2697);
#2693 = LINE('',#2694,#2695);
#2694 = CARTESIAN_POINT('',(0.,-0.65));
#2695 = VECTOR('',#2696,1.);
#2696 = DIRECTION('',(1.,0.));
#2697 = ( GEOMETRIC_REPRESENTATION_CONTEXT(2) 
PARAMETRIC_REPRESENTATION_CONTEXT() REPRESENTATION_CONTEXT('2D SPACE',''
  ) );
#2698 = PCURVE('',#1715,#2699);
#2699 = DEFINITIONAL_REPRESENTATION('',(#2700),#2704);
#2700 = LINE('',#2701,#2702);
#2701 = CARTESIAN_POINT('',(1.690192444677,10.21429702486));
#2702 = VECTOR('',#2703,1.);
#2703 = DIRECTION('',(-0.993305231213,0.115519338832));
#2704 = ( GEOMETRIC_REPRESENTATION_CONTEXT(2) 
PARAMETRIC_REPRESENTATION_CONTEXT() REPRESENTATION_CONTEXT('2D SPACE',''
  ) );
#2705 = ORIENTED_EDGE('',*,*,#2706,.F.);
#2706 = EDGE_CURVE('',#1026,#2684,#2707,.T.);
#2707 = SURFACE_CURVE('',#2708,(#2712,#2719),.PCURVE_S1.);
#2708 = LINE('',#2709,#2710);
#2709 = CARTESIAN_POINT('',(5.847044112647,8.591177477201,12.2704));
#2710 = VECTOR('',#2711,1.);
#2711 = DIRECTION('',(0.,0.,1.));
#2712 = PCURVE('',#1066,#2713);
#2713 = DEFINITIONAL_REPRESENTATION('',(#2714),#2718);
#2714 = LINE('',#2715,#2716);
#2715 = CARTESIAN_POINT('',(0.869118547725,0.));
#2716 = VECTOR('',#2717,1.);
#2717 = DIRECTION('',(0.,-1.));
#2718 = ( GEOMETRIC_REPRESENTATION_CONTEXT(2) 
PARAMETRIC_REPRESENTATION_CONTEXT() REPRESENTATION_CONTEXT('2D SPACE',''
  ) );
#2719 = PCURVE('',#1040,#2720);
#2720 = DEFINITIONAL_REPRESENTATION('',(#2721),#2725);
#2721 = LINE('',#2722,#2723);
#2722 = CARTESIAN_POINT('',(0.,0.));
#2723 = VECTOR('',#2724,1.);
#2724 = DIRECTION('',(0.,-1.));
#2725 = ( GEOMETRIC_REPRESENTATION_CONTEXT(2) 
PARAMETRIC_REPRESENTATION_CONTEXT() REPRESENTATION_CONTEXT('2D SPACE',''
  ) );
#2726 = ADVANCED_FACE('',(#2727),#1040,.F.);
#2727 = FACE_BOUND('',#2728,.F.);
#2728 = EDGE_LOOP('',(#2729,#2730,#2731,#2754));
#2729 = ORIENTED_EDGE('',*,*,#1025,.T.);
#2730 = ORIENTED_EDGE('',*,*,#2706,.T.);
#2731 = ORIENTED_EDGE('',*,*,#2732,.T.);
#2732 = EDGE_CURVE('',#2684,#2733,#2735,.T.);
#2733 = VERTEX_POINT('',#2734);
#2734 = CARTESIAN_POINT('',(5.108727844379,9.049776188507,12.9204));
#2735 = SURFACE_CURVE('',#2736,(#2740,#2747),.PCURVE_S1.);
#2736 = LINE('',#2737,#2738);
#2737 = CARTESIAN_POINT('',(5.847044112647,8.591177477201,12.9204));
#2738 = VECTOR('',#2739,1.);
#2739 = DIRECTION('',(-0.849468223891,0.527639779205,0.));
#2740 = PCURVE('',#1040,#2741);
#2741 = DEFINITIONAL_REPRESENTATION('',(#2742),#2746);
#2742 = LINE('',#2743,#2744);
#2743 = CARTESIAN_POINT('',(0.,-0.65));
#2744 = VECTOR('',#2745,1.);
#2745 = DIRECTION('',(1.,0.));
#2746 = ( GEOMETRIC_REPRESENTATION_CONTEXT(2) 
PARAMETRIC_REPRESENTATION_CONTEXT() REPRESENTATION_CONTEXT('2D SPACE',''
  ) );
#2747 = PCURVE('',#1715,#2748);
#2748 = DEFINITIONAL_REPRESENTATION('',(#2749),#2753);
#2749 = LINE('',#2750,#2751);
#2750 = CARTESIAN_POINT('',(0.826892444677,10.31469702486));
#2751 = VECTOR('',#2752,1.);
#2752 = DIRECTION('',(-0.9994809512,3.221534089282E-02));
#2753 = ( GEOMETRIC_REPRESENTATION_CONTEXT(2) 
PARAMETRIC_REPRESENTATION_CONTEXT() REPRESENTATION_CONTEXT('2D SPACE',''
  ) );
#2754 = ORIENTED_EDGE('',*,*,#2755,.F.);
#2755 = EDGE_CURVE('',#1000,#2733,#2756,.T.);
#2756 = SURFACE_CURVE('',#2757,(#2761,#2768),.PCURVE_S1.);
#2757 = LINE('',#2758,#2759);
#2758 = CARTESIAN_POINT('',(5.108727844379,9.049776188507,12.2704));
#2759 = VECTOR('',#2760,1.);
#2760 = DIRECTION('',(0.,0.,1.));
#2761 = PCURVE('',#1040,#2762);
#2762 = DEFINITIONAL_REPRESENTATION('',(#2763),#2767);
#2763 = LINE('',#2764,#2765);
#2764 = CARTESIAN_POINT('',(0.869151131852,0.));
#2765 = VECTOR('',#2766,1.);
#2766 = DIRECTION('',(0.,-1.));
#2767 = ( GEOMETRIC_REPRESENTATION_CONTEXT(2) 
PARAMETRIC_REPRESENTATION_CONTEXT() REPRESENTATION_CONTEXT('2D SPACE',''
  ) );
#2768 = PCURVE('',#1014,#2769);
#2769 = DEFINITIONAL_REPRESENTATION('',(#2770),#2774);
#2770 = LINE('',#2771,#2772);
#2771 = CARTESIAN_POINT('',(0.,0.));
#2772 = VECTOR('',#2773,1.);
#2773 = DIRECTION('',(0.,-1.));
#2774 = ( GEOMETRIC_REPRESENTATION_CONTEXT(2) 
PARAMETRIC_REPRESENTATION_CONTEXT() REPRESENTATION_CONTEXT('2D SPACE',''
  ) );
#2775 = ADVANCED_FACE('',(#2776),#1014,.F.);
#2776 = FACE_BOUND('',#2777,.F.);
#2777 = EDGE_LOOP('',(#2778,#2779,#2780,#2803));
#2778 = ORIENTED_EDGE('',*,*,#999,.T.);
#2779 = ORIENTED_EDGE('',*,*,#2755,.T.);
#2780 = ORIENTED_EDGE('',*,*,#2781,.T.);
#2781 = EDGE_CURVE('',#2733,#2782,#2784,.T.);
#2782 = VERTEX_POINT('',#2783);
#2783 = CARTESIAN_POINT('',(4.334704396435,9.444928250417,12.9204));
#2784 = SURFACE_CURVE('',#2785,(#2789,#2796),.PCURVE_S1.);
#2785 = LINE('',#2786,#2787);
#2786 = CARTESIAN_POINT('',(5.108727844379,9.049776188507,12.9204));
#2787 = VECTOR('',#2788,1.);
#2788 = DIRECTION('',(-0.890649048461,0.454691403565,0.));
#2789 = PCURVE('',#1014,#2790);
#2790 = DEFINITIONAL_REPRESENTATION('',(#2791),#2795);
#2791 = LINE('',#2792,#2793);
#2792 = CARTESIAN_POINT('',(0.,-0.65));
#2793 = VECTOR('',#2794,1.);
#2794 = DIRECTION('',(1.,0.));
#2795 = ( GEOMETRIC_REPRESENTATION_CONTEXT(2) 
PARAMETRIC_REPRESENTATION_CONTEXT() REPRESENTATION_CONTEXT('2D SPACE',''
  ) );
#2796 = PCURVE('',#1715,#2797);
#2797 = DEFINITIONAL_REPRESENTATION('',(#2798),#2802);
#2798 = LINE('',#2799,#2800);
#2799 = CARTESIAN_POINT('',(-4.180755532331E-02,10.34269702486));
#2800 = VECTOR('',#2801,1.);
#2801 = DIRECTION('',(-0.998670403606,-5.155021786098E-02));
#2802 = ( GEOMETRIC_REPRESENTATION_CONTEXT(2) 
PARAMETRIC_REPRESENTATION_CONTEXT() REPRESENTATION_CONTEXT('2D SPACE',''
  ) );
#2803 = ORIENTED_EDGE('',*,*,#2804,.F.);
#2804 = EDGE_CURVE('',#974,#2782,#2805,.T.);
#2805 = SURFACE_CURVE('',#2806,(#2810,#2817),.PCURVE_S1.);
#2806 = LINE('',#2807,#2808);
#2807 = CARTESIAN_POINT('',(4.334704396435,9.444928250417,12.2704));
#2808 = VECTOR('',#2809,1.);
#2809 = DIRECTION('',(0.,0.,1.));
#2810 = PCURVE('',#1014,#2811);
#2811 = DEFINITIONAL_REPRESENTATION('',(#2812),#2816);
#2812 = LINE('',#2813,#2814);
#2813 = CARTESIAN_POINT('',(0.86905549305,0.));
#2814 = VECTOR('',#2815,1.);
#2815 = DIRECTION('',(0.,-1.));
#2816 = ( GEOMETRIC_REPRESENTATION_CONTEXT(2) 
PARAMETRIC_REPRESENTATION_CONTEXT() REPRESENTATION_CONTEXT('2D SPACE',''
  ) );
#2817 = PCURVE('',#988,#2818);
#2818 = DEFINITIONAL_REPRESENTATION('',(#2819),#2823);
#2819 = LINE('',#2820,#2821);
#2820 = CARTESIAN_POINT('',(0.,0.));
#2821 = VECTOR('',#2822,1.);
#2822 = DIRECTION('',(0.,-1.));
#2823 = ( GEOMETRIC_REPRESENTATION_CONTEXT(2) 
PARAMETRIC_REPRESENTATION_CONTEXT() REPRESENTATION_CONTEXT('2D SPACE',''
  ) );
#2824 = ADVANCED_FACE('',(#2825),#988,.F.);
#2825 = FACE_BOUND('',#2826,.F.);
#2826 = EDGE_LOOP('',(#2827,#2828,#2829,#2852));
#2827 = ORIENTED_EDGE('',*,*,#973,.T.);
#2828 = ORIENTED_EDGE('',*,*,#2804,.T.);
#2829 = ORIENTED_EDGE('',*,*,#2830,.T.);
#2830 = EDGE_CURVE('',#2782,#2831,#2833,.T.);
#2831 = VERTEX_POINT('',#2832);
#2832 = CARTESIAN_POINT('',(3.530333318696,9.774116675634,12.9204));
#2833 = SURFACE_CURVE('',#2834,(#2838,#2845),.PCURVE_S1.);
#2834 = LINE('',#2835,#2836);
#2835 = CARTESIAN_POINT('',(4.334704396435,9.444928250417,12.9204));
#2836 = VECTOR('',#2837,1.);
#2837 = DIRECTION('',(-0.925495525995,0.378758539658,0.));
#2838 = PCURVE('',#988,#2839);
#2839 = DEFINITIONAL_REPRESENTATION('',(#2840),#2844);
#2840 = LINE('',#2841,#2842);
#2841 = CARTESIAN_POINT('',(0.,-0.65));
#2842 = VECTOR('',#2843,1.);
#2843 = DIRECTION('',(1.,0.));
#2844 = ( GEOMETRIC_REPRESENTATION_CONTEXT(2) 
PARAMETRIC_REPRESENTATION_CONTEXT() REPRESENTATION_CONTEXT('2D SPACE',''
  ) );
#2845 = PCURVE('',#1715,#2846);
#2846 = DEFINITIONAL_REPRESENTATION('',(#2847),#2851);
#2847 = LINE('',#2848,#2849);
#2848 = CARTESIAN_POINT('',(-0.909707555323,10.29789702486));
#2849 = VECTOR('',#2850,1.);
#2850 = DIRECTION('',(-0.990881906429,-0.134733245753));
#2851 = ( GEOMETRIC_REPRESENTATION_CONTEXT(2) 
PARAMETRIC_REPRESENTATION_CONTEXT() REPRESENTATION_CONTEXT('2D SPACE',''
  ) );
#2852 = ORIENTED_EDGE('',*,*,#2853,.F.);
#2853 = EDGE_CURVE('',#948,#2831,#2854,.T.);
#2854 = SURFACE_CURVE('',#2855,(#2859,#2866),.PCURVE_S1.);
#2855 = LINE('',#2856,#2857);
#2856 = CARTESIAN_POINT('',(3.530333318696,9.774116675634,12.2704));
#2857 = VECTOR('',#2858,1.);
#2858 = DIRECTION('',(0.,0.,1.));
#2859 = PCURVE('',#988,#2860);
#2860 = DEFINITIONAL_REPRESENTATION('',(#2861),#2865);
#2861 = LINE('',#2862,#2863);
#2862 = CARTESIAN_POINT('',(0.869124760895,0.));
#2863 = VECTOR('',#2864,1.);
#2864 = DIRECTION('',(0.,-1.));
#2865 = ( GEOMETRIC_REPRESENTATION_CONTEXT(2) 
PARAMETRIC_REPRESENTATION_CONTEXT() REPRESENTATION_CONTEXT('2D SPACE',''
  ) );
#2866 = PCURVE('',#962,#2867);
#2867 = DEFINITIONAL_REPRESENTATION('',(#2868),#2872);
#2868 = LINE('',#2869,#2870);
#2869 = CARTESIAN_POINT('',(0.,0.));
#2870 = VECTOR('',#2871,1.);
#2871 = DIRECTION('',(0.,-1.));
#2872 = ( GEOMETRIC_REPRESENTATION_CONTEXT(2) 
PARAMETRIC_REPRESENTATION_CONTEXT() REPRESENTATION_CONTEXT('2D SPACE',''
  ) );
#2873 = ADVANCED_FACE('',(#2874),#962,.F.);
#2874 = FACE_BOUND('',#2875,.F.);
#2875 = EDGE_LOOP('',(#2876,#2877,#2878,#2901));
#2876 = ORIENTED_EDGE('',*,*,#947,.T.);
#2877 = ORIENTED_EDGE('',*,*,#2853,.T.);
#2878 = ORIENTED_EDGE('',*,*,#2879,.T.);
#2879 = EDGE_CURVE('',#2831,#2880,#2882,.T.);
#2880 = VERTEX_POINT('',#2881);
#2881 = CARTESIAN_POINT('',(2.701297366125,10.03498428448,12.9204));
#2882 = SURFACE_CURVE('',#2883,(#2887,#2894),.PCURVE_S1.);
#2883 = LINE('',#2884,#2885);
#2884 = CARTESIAN_POINT('',(3.530333318696,9.774116675634,12.9204));
#2885 = VECTOR('',#2886,1.);
#2886 = DIRECTION('',(-0.953890500199,0.300154816105,0.));
#2887 = PCURVE('',#962,#2888);
#2888 = DEFINITIONAL_REPRESENTATION('',(#2889),#2893);
#2889 = LINE('',#2890,#2891);
#2890 = CARTESIAN_POINT('',(0.,-0.65));
#2891 = VECTOR('',#2892,1.);
#2892 = DIRECTION('',(1.,0.));
#2893 = ( GEOMETRIC_REPRESENTATION_CONTEXT(2) 
PARAMETRIC_REPRESENTATION_CONTEXT() REPRESENTATION_CONTEXT('2D SPACE',''
  ) );
#2894 = PCURVE('',#1715,#2895);
#2895 = DEFINITIONAL_REPRESENTATION('',(#2896),#2900);
#2896 = LINE('',#2897,#2898);
#2897 = CARTESIAN_POINT('',(-1.770907555323,10.18079702486));
#2898 = VECTOR('',#2899,1.);
#2899 = DIRECTION('',(-0.976170813653,-0.217003554284));
#2900 = ( GEOMETRIC_REPRESENTATION_CONTEXT(2) 
PARAMETRIC_REPRESENTATION_CONTEXT() REPRESENTATION_CONTEXT('2D SPACE',''
  ) );
#2901 = ORIENTED_EDGE('',*,*,#2902,.F.);
#2902 = EDGE_CURVE('',#922,#2880,#2903,.T.);
#2903 = SURFACE_CURVE('',#2904,(#2908,#2915),.PCURVE_S1.);
#2904 = LINE('',#2905,#2906);
#2905 = CARTESIAN_POINT('',(2.701297366125,10.03498428448,12.2704));
#2906 = VECTOR('',#2907,1.);
#2907 = DIRECTION('',(0.,0.,1.));
#2908 = PCURVE('',#962,#2909);
#2909 = DEFINITIONAL_REPRESENTATION('',(#2910),#2914);
#2910 = LINE('',#2911,#2912);
#2911 = CARTESIAN_POINT('',(0.869110188641,0.));
#2912 = VECTOR('',#2913,1.);
#2913 = DIRECTION('',(0.,-1.));
#2914 = ( GEOMETRIC_REPRESENTATION_CONTEXT(2) 
PARAMETRIC_REPRESENTATION_CONTEXT() REPRESENTATION_CONTEXT('2D SPACE',''
  ) );
#2915 = PCURVE('',#936,#2916);
#2916 = DEFINITIONAL_REPRESENTATION('',(#2917),#2921);
#2917 = LINE('',#2918,#2919);
#2918 = CARTESIAN_POINT('',(0.,0.));
#2919 = VECTOR('',#2920,1.);
#2920 = DIRECTION('',(0.,-1.));
#2921 = ( GEOMETRIC_REPRESENTATION_CONTEXT(2) 
PARAMETRIC_REPRESENTATION_CONTEXT() REPRESENTATION_CONTEXT('2D SPACE',''
  ) );
#2922 = ADVANCED_FACE('',(#2923),#936,.F.);
#2923 = FACE_BOUND('',#2924,.F.);
#2924 = EDGE_LOOP('',(#2925,#2926,#2927,#2950));
#2925 = ORIENTED_EDGE('',*,*,#921,.T.);
#2926 = ORIENTED_EDGE('',*,*,#2902,.T.);
#2927 = ORIENTED_EDGE('',*,*,#2928,.T.);
#2928 = EDGE_CURVE('',#2880,#2929,#2931,.T.);
#2929 = VERTEX_POINT('',#2930);
#2930 = CARTESIAN_POINT('',(1.853306088605,10.225620307441,12.9204));
#2931 = SURFACE_CURVE('',#2932,(#2936,#2943),.PCURVE_S1.);
#2932 = LINE('',#2933,#2934);
#2933 = CARTESIAN_POINT('',(2.701297366125,10.03498428448,12.9204));
#2934 = VECTOR('',#2935,1.);
#2935 = DIRECTION('',(-0.97564966002,0.219334769023,0.));
#2936 = PCURVE('',#936,#2937);
#2937 = DEFINITIONAL_REPRESENTATION('',(#2938),#2942);
#2938 = LINE('',#2939,#2940);
#2939 = CARTESIAN_POINT('',(0.,-0.65));
#2940 = VECTOR('',#2941,1.);
#2941 = DIRECTION('',(1.,0.));
#2942 = ( GEOMETRIC_REPRESENTATION_CONTEXT(2) 
PARAMETRIC_REPRESENTATION_CONTEXT() REPRESENTATION_CONTEXT('2D SPACE',''
  ) );
#2943 = PCURVE('',#1715,#2944);
#2944 = DEFINITIONAL_REPRESENTATION('',(#2945),#2949);
#2945 = LINE('',#2946,#2947);
#2946 = CARTESIAN_POINT('',(-2.619307555323,9.99219702486));
#2947 = VECTOR('',#2948,1.);
#2948 = DIRECTION('',(-0.954604775283,-0.297875348103));
#2949 = ( GEOMETRIC_REPRESENTATION_CONTEXT(2) 
PARAMETRIC_REPRESENTATION_CONTEXT() REPRESENTATION_CONTEXT('2D SPACE',''
  ) );
#2950 = ORIENTED_EDGE('',*,*,#2951,.F.);
#2951 = EDGE_CURVE('',#896,#2929,#2952,.T.);
#2952 = SURFACE_CURVE('',#2953,(#2957,#2964),.PCURVE_S1.);
#2953 = LINE('',#2954,#2955);
#2954 = CARTESIAN_POINT('',(1.853306088605,10.225620307441,12.2704));
#2955 = VECTOR('',#2956,1.);
#2956 = DIRECTION('',(0.,0.,1.));
#2957 = PCURVE('',#936,#2958);
#2958 = DEFINITIONAL_REPRESENTATION('',(#2959),#2963);
#2959 = LINE('',#2960,#2961);
#2960 = CARTESIAN_POINT('',(0.869155509676,0.));
#2961 = VECTOR('',#2962,1.);
#2962 = DIRECTION('',(0.,-1.));
#2963 = ( GEOMETRIC_REPRESENTATION_CONTEXT(2) 
PARAMETRIC_REPRESENTATION_CONTEXT() REPRESENTATION_CONTEXT('2D SPACE',''
  ) );
#2964 = PCURVE('',#910,#2965);
#2965 = DEFINITIONAL_REPRESENTATION('',(#2966),#2970);
#2966 = LINE('',#2967,#2968);
#2967 = CARTESIAN_POINT('',(0.,0.));
#2968 = VECTOR('',#2969,1.);
#2969 = DIRECTION('',(0.,-1.));
#2970 = ( GEOMETRIC_REPRESENTATION_CONTEXT(2) 
PARAMETRIC_REPRESENTATION_CONTEXT() REPRESENTATION_CONTEXT('2D SPACE',''
  ) );
#2971 = ADVANCED_FACE('',(#2972),#910,.F.);
#2972 = FACE_BOUND('',#2973,.F.);
#2973 = EDGE_LOOP('',(#2974,#2975,#2976,#2999));
#2974 = ORIENTED_EDGE('',*,*,#895,.T.);
#2975 = ORIENTED_EDGE('',*,*,#2951,.T.);
#2976 = ORIENTED_EDGE('',*,*,#2977,.T.);
#2977 = EDGE_CURVE('',#2929,#2978,#2980,.T.);
#2978 = VERTEX_POINT('',#2979);
#2979 = CARTESIAN_POINT('',(0.992419036018,10.344720192782,12.9204));
#2980 = SURFACE_CURVE('',#2981,(#2985,#2992),.PCURVE_S1.);
#2981 = LINE('',#2982,#2983);
#2982 = CARTESIAN_POINT('',(1.853306088605,10.225620307441,12.9204));
#2983 = VECTOR('',#2984,1.);
#2984 = DIRECTION('',(-0.990565470683,0.137040316296,0.));
#2985 = PCURVE('',#910,#2986);
#2986 = DEFINITIONAL_REPRESENTATION('',(#2987),#2991);
#2987 = LINE('',#2988,#2989);
#2988 = CARTESIAN_POINT('',(0.,-0.65));
#2989 = VECTOR('',#2990,1.);
#2990 = DIRECTION('',(1.,0.));
#2991 = ( GEOMETRIC_REPRESENTATION_CONTEXT(2) 
PARAMETRIC_REPRESENTATION_CONTEXT() REPRESENTATION_CONTEXT('2D SPACE',''
  ) );
#2992 = PCURVE('',#1715,#2993);
#2993 = DEFINITIONAL_REPRESENTATION('',(#2994),#2998);
#2994 = LINE('',#2995,#2996);
#2995 = CARTESIAN_POINT('',(-3.449007555323,9.73329702486));
#2996 = VECTOR('',#2997,1.);
#2997 = DIRECTION('',(-0.926375019871,-0.376602340087));
#2998 = ( GEOMETRIC_REPRESENTATION_CONTEXT(2) 
PARAMETRIC_REPRESENTATION_CONTEXT() REPRESENTATION_CONTEXT('2D SPACE',''
  ) );
#2999 = ORIENTED_EDGE('',*,*,#3000,.F.);
#3000 = EDGE_CURVE('',#870,#2978,#3001,.T.);
#3001 = SURFACE_CURVE('',#3002,(#3006,#3013),.PCURVE_S1.);
#3002 = LINE('',#3003,#3004);
#3003 = CARTESIAN_POINT('',(0.992419036018,10.344720192782,12.2704));
#3004 = VECTOR('',#3005,1.);
#3005 = DIRECTION('',(0.,0.,1.));
#3006 = PCURVE('',#910,#3007);
#3007 = DEFINITIONAL_REPRESENTATION('',(#3008),#3012);
#3008 = LINE('',#3009,#3010);
#3009 = CARTESIAN_POINT('',(0.869086474409,0.));
#3010 = VECTOR('',#3011,1.);
#3011 = DIRECTION('',(0.,-1.));
#3012 = ( GEOMETRIC_REPRESENTATION_CONTEXT(2) 
PARAMETRIC_REPRESENTATION_CONTEXT() REPRESENTATION_CONTEXT('2D SPACE',''
  ) );
#3013 = PCURVE('',#884,#3014);
#3014 = DEFINITIONAL_REPRESENTATION('',(#3015),#3019);
#3015 = LINE('',#3016,#3017);
#3016 = CARTESIAN_POINT('',(0.,0.));
#3017 = VECTOR('',#3018,1.);
#3018 = DIRECTION('',(0.,-1.));
#3019 = ( GEOMETRIC_REPRESENTATION_CONTEXT(2) 
PARAMETRIC_REPRESENTATION_CONTEXT() REPRESENTATION_CONTEXT('2D SPACE',''
  ) );
#3020 = ADVANCED_FACE('',(#3021),#884,.F.);
#3021 = FACE_BOUND('',#3022,.F.);
#3022 = EDGE_LOOP('',(#3023,#3024,#3025,#3048));
#3023 = ORIENTED_EDGE('',*,*,#869,.T.);
#3024 = ORIENTED_EDGE('',*,*,#3000,.T.);
#3025 = ORIENTED_EDGE('',*,*,#3026,.T.);
#3026 = EDGE_CURVE('',#2978,#3027,#3029,.T.);
#3027 = VERTEX_POINT('',#3028);
#3028 = CARTESIAN_POINT('',(0.124585950626,10.391389196393,12.9204));
#3029 = SURFACE_CURVE('',#3030,(#3034,#3041),.PCURVE_S1.);
#3030 = LINE('',#3031,#3032);
#3031 = CARTESIAN_POINT('',(0.992419036018,10.344720192782,12.9204));
#3032 = VECTOR('',#3033,1.);
#3033 = DIRECTION('',(-0.998557174044,5.369888420422E-02,0.));
#3034 = PCURVE('',#884,#3035);
#3035 = DEFINITIONAL_REPRESENTATION('',(#3036),#3040);
#3036 = LINE('',#3037,#3038);
#3037 = CARTESIAN_POINT('',(0.,-0.65));
#3038 = VECTOR('',#3039,1.);
#3039 = DIRECTION('',(1.,0.));
#3040 = ( GEOMETRIC_REPRESENTATION_CONTEXT(2) 
PARAMETRIC_REPRESENTATION_CONTEXT() REPRESENTATION_CONTEXT('2D SPACE',''
  ) );
#3041 = PCURVE('',#1715,#3042);
#3042 = DEFINITIONAL_REPRESENTATION('',(#3043),#3047);
#3043 = LINE('',#3044,#3045);
#3044 = CARTESIAN_POINT('',(-4.254107555323,9.40599702486));
#3045 = VECTOR('',#3046,1.);
#3046 = DIRECTION('',(-0.891625321956,-0.452773989146));
#3047 = ( GEOMETRIC_REPRESENTATION_CONTEXT(2) 
PARAMETRIC_REPRESENTATION_CONTEXT() REPRESENTATION_CONTEXT('2D SPACE',''
  ) );
#3048 = ORIENTED_EDGE('',*,*,#3049,.F.);
#3049 = EDGE_CURVE('',#844,#3027,#3050,.T.);
#3050 = SURFACE_CURVE('',#3051,(#3055,#3062),.PCURVE_S1.);
#3051 = LINE('',#3052,#3053);
#3052 = CARTESIAN_POINT('',(0.124585950626,10.391389196393,12.2704));
#3053 = VECTOR('',#3054,1.);
#3054 = DIRECTION('',(0.,0.,1.));
#3055 = PCURVE('',#884,#3056);
#3056 = DEFINITIONAL_REPRESENTATION('',(#3057),#3061);
#3057 = LINE('',#3058,#3059);
#3058 = CARTESIAN_POINT('',(0.869087026713,0.));
#3059 = VECTOR('',#3060,1.);
#3060 = DIRECTION('',(0.,-1.));
#3061 = ( GEOMETRIC_REPRESENTATION_CONTEXT(2) 
PARAMETRIC_REPRESENTATION_CONTEXT() REPRESENTATION_CONTEXT('2D SPACE',''
  ) );
#3062 = PCURVE('',#858,#3063);
#3063 = DEFINITIONAL_REPRESENTATION('',(#3064),#3068);
#3064 = LINE('',#3065,#3066);
#3065 = CARTESIAN_POINT('',(0.,0.));
#3066 = VECTOR('',#3067,1.);
#3067 = DIRECTION('',(0.,-1.));
#3068 = ( GEOMETRIC_REPRESENTATION_CONTEXT(2) 
PARAMETRIC_REPRESENTATION_CONTEXT() REPRESENTATION_CONTEXT('2D SPACE',''
  ) );
#3069 = ADVANCED_FACE('',(#3070),#858,.F.);
#3070 = FACE_BOUND('',#3071,.F.);
#3071 = EDGE_LOOP('',(#3072,#3073,#3074,#3097));
#3072 = ORIENTED_EDGE('',*,*,#843,.T.);
#3073 = ORIENTED_EDGE('',*,*,#3049,.T.);
#3074 = ORIENTED_EDGE('',*,*,#3075,.T.);
#3075 = EDGE_CURVE('',#3027,#3076,#3078,.T.);
#3076 = VERTEX_POINT('',#3077);
#3077 = CARTESIAN_POINT('',(-0.744153232933,10.365488791944,12.9204));
#3078 = SURFACE_CURVE('',#3079,(#3083,#3090),.PCURVE_S1.);
#3079 = LINE('',#3080,#3081);
#3080 = CARTESIAN_POINT('',(0.124585950626,10.391389196393,12.9204));
#3081 = VECTOR('',#3082,1.);
#3082 = DIRECTION('',(-0.999555865129,-2.980054504957E-02,0.));
#3083 = PCURVE('',#858,#3084);
#3084 = DEFINITIONAL_REPRESENTATION('',(#3085),#3089);
#3085 = LINE('',#3086,#3087);
#3086 = CARTESIAN_POINT('',(0.,-0.65));
#3087 = VECTOR('',#3088,1.);
#3088 = DIRECTION('',(1.,0.));
#3089 = ( GEOMETRIC_REPRESENTATION_CONTEXT(2) 
PARAMETRIC_REPRESENTATION_CONTEXT() REPRESENTATION_CONTEXT('2D SPACE',''
  ) );
#3090 = PCURVE('',#1715,#3091);
#3091 = DEFINITIONAL_REPRESENTATION('',(#3092),#3096);
#3092 = LINE('',#3093,#3094);
#3093 = CARTESIAN_POINT('',(-5.029007555323,9.01249702486));
#3094 = VECTOR('',#3095,1.);
#3095 = DIRECTION('',(-0.850740499179,-0.525585961624));
#3096 = ( GEOMETRIC_REPRESENTATION_CONTEXT(2) 
PARAMETRIC_REPRESENTATION_CONTEXT() REPRESENTATION_CONTEXT('2D SPACE',''
  ) );
#3097 = ORIENTED_EDGE('',*,*,#3098,.F.);
#3098 = EDGE_CURVE('',#818,#3076,#3099,.T.);
#3099 = SURFACE_CURVE('',#3100,(#3104,#3111),.PCURVE_S1.);
#3100 = LINE('',#3101,#3102);
#3101 = CARTESIAN_POINT('',(-0.744153232933,10.365488791944,12.2704));
#3102 = VECTOR('',#3103,1.);
#3103 = DIRECTION('',(0.,0.,1.));
#3104 = PCURVE('',#858,#3105);
#3105 = DEFINITIONAL_REPRESENTATION('',(#3106),#3110);
#3106 = LINE('',#3107,#3108);
#3107 = CARTESIAN_POINT('',(0.869125192363,0.));
#3108 = VECTOR('',#3109,1.);
#3109 = DIRECTION('',(0.,-1.));
#3110 = ( GEOMETRIC_REPRESENTATION_CONTEXT(2) 
PARAMETRIC_REPRESENTATION_CONTEXT() REPRESENTATION_CONTEXT('2D SPACE',''
  ) );
#3111 = PCURVE('',#832,#3112);
#3112 = DEFINITIONAL_REPRESENTATION('',(#3113),#3117);
#3113 = LINE('',#3114,#3115);
#3114 = CARTESIAN_POINT('',(0.,0.));
#3115 = VECTOR('',#3116,1.);
#3116 = DIRECTION('',(0.,-1.));
#3117 = ( GEOMETRIC_REPRESENTATION_CONTEXT(2) 
PARAMETRIC_REPRESENTATION_CONTEXT() REPRESENTATION_CONTEXT('2D SPACE',''
  ) );
#3118 = ADVANCED_FACE('',(#3119),#832,.F.);
#3119 = FACE_BOUND('',#3120,.F.);
#3120 = EDGE_LOOP('',(#3121,#3122,#3123,#3146));
#3121 = ORIENTED_EDGE('',*,*,#817,.T.);
#3122 = ORIENTED_EDGE('',*,*,#3098,.T.);
#3123 = ORIENTED_EDGE('',*,*,#3124,.T.);
#3124 = EDGE_CURVE('',#3076,#3125,#3127,.T.);
#3125 = VERTEX_POINT('',#3126);
#3126 = CARTESIAN_POINT('',(-1.607658580016,10.267053658187,12.9204));
#3127 = SURFACE_CURVE('',#3128,(#3132,#3139),.PCURVE_S1.);
#3128 = LINE('',#3129,#3130);
#3129 = CARTESIAN_POINT('',(-0.744153232933,10.365488791944,12.9204));
#3130 = VECTOR('',#3131,1.);
#3131 = DIRECTION('',(-0.993565237336,-0.113261287105,0.));
#3132 = PCURVE('',#832,#3133);
#3133 = DEFINITIONAL_REPRESENTATION('',(#3134),#3138);
#3134 = LINE('',#3135,#3136);
#3135 = CARTESIAN_POINT('',(0.,-0.65));
#3136 = VECTOR('',#3137,1.);
#3137 = DIRECTION('',(1.,0.));
#3138 = ( GEOMETRIC_REPRESENTATION_CONTEXT(2) 
PARAMETRIC_REPRESENTATION_CONTEXT() REPRESENTATION_CONTEXT('2D SPACE',''
  ) );
#3139 = PCURVE('',#1715,#3140);
#3140 = DEFINITIONAL_REPRESENTATION('',(#3141),#3145);
#3141 = LINE('',#3142,#3143);
#3142 = CARTESIAN_POINT('',(-5.768407555323,8.55569702486));
#3143 = VECTOR('',#3144,1.);
#3144 = DIRECTION('',(-0.803822092298,-0.594869770567));
#3145 = ( GEOMETRIC_REPRESENTATION_CONTEXT(2) 
PARAMETRIC_REPRESENTATION_CONTEXT() REPRESENTATION_CONTEXT('2D SPACE',''
  ) );
#3146 = ORIENTED_EDGE('',*,*,#3147,.F.);
#3147 = EDGE_CURVE('',#792,#3125,#3148,.T.);
#3148 = SURFACE_CURVE('',#3149,(#3153,#3160),.PCURVE_S1.);
#3149 = LINE('',#3150,#3151);
#3150 = CARTESIAN_POINT('',(-1.607658580016,10.267053658187,12.2704));
#3151 = VECTOR('',#3152,1.);
#3152 = DIRECTION('',(0.,0.,1.));
#3153 = PCURVE('',#832,#3154);
#3154 = DEFINITIONAL_REPRESENTATION('',(#3155),#3159);
#3155 = LINE('',#3156,#3157);
#3156 = CARTESIAN_POINT('',(0.869097785062,0.));
#3157 = VECTOR('',#3158,1.);
#3158 = DIRECTION('',(0.,-1.));
#3159 = ( GEOMETRIC_REPRESENTATION_CONTEXT(2) 
PARAMETRIC_REPRESENTATION_CONTEXT() REPRESENTATION_CONTEXT('2D SPACE',''
  ) );
#3160 = PCURVE('',#806,#3161);
#3161 = DEFINITIONAL_REPRESENTATION('',(#3162),#3166);
#3162 = LINE('',#3163,#3164);
#3163 = CARTESIAN_POINT('',(0.,0.));
#3164 = VECTOR('',#3165,1.);
#3165 = DIRECTION('',(0.,-1.));
#3166 = ( GEOMETRIC_REPRESENTATION_CONTEXT(2) 
PARAMETRIC_REPRESENTATION_CONTEXT() REPRESENTATION_CONTEXT('2D SPACE',''
  ) );
#3167 = ADVANCED_FACE('',(#3168),#806,.F.);
#3168 = FACE_BOUND('',#3169,.F.);
#3169 = EDGE_LOOP('',(#3170,#3171,#3172,#3195));
#3170 = ORIENTED_EDGE('',*,*,#791,.T.);
#3171 = ORIENTED_EDGE('',*,*,#3147,.T.);
#3172 = ORIENTED_EDGE('',*,*,#3173,.T.);
#3173 = EDGE_CURVE('',#3125,#3174,#3176,.T.);
#3174 = VERTEX_POINT('',#3175);
#3175 = CARTESIAN_POINT('',(-2.459973168688,10.096801486577,12.9204));
#3176 = SURFACE_CURVE('',#3177,(#3181,#3188),.PCURVE_S1.);
#3177 = LINE('',#3178,#3179);
#3178 = CARTESIAN_POINT('',(-1.607658580016,10.267053658187,12.9204));
#3179 = VECTOR('',#3180,1.);
#3180 = DIRECTION('',(-0.980627277424,-0.195882982342,0.));
#3181 = PCURVE('',#806,#3182);
#3182 = DEFINITIONAL_REPRESENTATION('',(#3183),#3187);
#3183 = LINE('',#3184,#3185);
#3184 = CARTESIAN_POINT('',(0.,-0.65));
#3185 = VECTOR('',#3186,1.);
#3186 = DIRECTION('',(1.,0.));
#3187 = ( GEOMETRIC_REPRESENTATION_CONTEXT(2) 
PARAMETRIC_REPRESENTATION_CONTEXT() REPRESENTATION_CONTEXT('2D SPACE',''
  ) );
#3188 = PCURVE('',#1715,#3189);
#3189 = DEFINITIONAL_REPRESENTATION('',(#3190),#3194);
#3190 = LINE('',#3191,#3192);
#3191 = CARTESIAN_POINT('',(-6.467007555323,8.03869702486));
#3192 = VECTOR('',#3193,1.);
#3193 = DIRECTION('',(-0.751306642723,-0.659953277589));
#3194 = ( GEOMETRIC_REPRESENTATION_CONTEXT(2) 
PARAMETRIC_REPRESENTATION_CONTEXT() REPRESENTATION_CONTEXT('2D SPACE',''
  ) );
#3195 = ORIENTED_EDGE('',*,*,#3196,.F.);
#3196 = EDGE_CURVE('',#766,#3174,#3197,.T.);
#3197 = SURFACE_CURVE('',#3198,(#3202,#3209),.PCURVE_S1.);
#3198 = LINE('',#3199,#3200);
#3199 = CARTESIAN_POINT('',(-2.459973168688,10.096801486577,12.2704));
#3200 = VECTOR('',#3201,1.);
#3201 = DIRECTION('',(0.,0.,1.));
#3202 = PCURVE('',#806,#3203);
#3203 = DEFINITIONAL_REPRESENTATION('',(#3204),#3208);
#3204 = LINE('',#3205,#3206);
#3205 = CARTESIAN_POINT('',(0.869152437723,0.));
#3206 = VECTOR('',#3207,1.);
#3207 = DIRECTION('',(0.,-1.));
#3208 = ( GEOMETRIC_REPRESENTATION_CONTEXT(2) 
PARAMETRIC_REPRESENTATION_CONTEXT() REPRESENTATION_CONTEXT('2D SPACE',''
  ) );
#3209 = PCURVE('',#780,#3210);
#3210 = DEFINITIONAL_REPRESENTATION('',(#3211),#3215);
#3211 = LINE('',#3212,#3213);
#3212 = CARTESIAN_POINT('',(0.,0.));
#3213 = VECTOR('',#3214,1.);
#3214 = DIRECTION('',(0.,-1.));
#3215 = ( GEOMETRIC_REPRESENTATION_CONTEXT(2) 
PARAMETRIC_REPRESENTATION_CONTEXT() REPRESENTATION_CONTEXT('2D SPACE',''
  ) );
#3216 = ADVANCED_FACE('',(#3217),#780,.F.);
#3217 = FACE_BOUND('',#3218,.F.);
#3218 = EDGE_LOOP('',(#3219,#3220,#3221,#3244));
#3219 = ORIENTED_EDGE('',*,*,#765,.T.);
#3220 = ORIENTED_EDGE('',*,*,#3196,.T.);
#3221 = ORIENTED_EDGE('',*,*,#3222,.T.);
#3222 = EDGE_CURVE('',#3174,#3223,#3225,.T.);
#3223 = VERTEX_POINT('',#3224);
#3224 = CARTESIAN_POINT('',(-3.103673057659,9.917880574052,12.9204));
#3225 = SURFACE_CURVE('',#3226,(#3230,#3237),.PCURVE_S1.);
#3226 = LINE('',#3227,#3228);
#3227 = CARTESIAN_POINT('',(-2.459973168688,10.096801486577,12.9204));
#3228 = VECTOR('',#3229,1.);
#3229 = DIRECTION('',(-0.963473358025,-0.267804197832,0.));
#3230 = PCURVE('',#780,#3231);
#3231 = DEFINITIONAL_REPRESENTATION('',(#3232),#3236);
#3232 = LINE('',#3233,#3234);
#3233 = CARTESIAN_POINT('',(0.,-0.65));
#3234 = VECTOR('',#3235,1.);
#3235 = DIRECTION('',(1.,0.));
#3236 = ( GEOMETRIC_REPRESENTATION_CONTEXT(2) 
PARAMETRIC_REPRESENTATION_CONTEXT() REPRESENTATION_CONTEXT('2D SPACE',''
  ) );
#3237 = PCURVE('',#1715,#3238);
#3238 = DEFINITIONAL_REPRESENTATION('',(#3239),#3243);
#3239 = LINE('',#3240,#3241);
#3240 = CARTESIAN_POINT('',(-7.120007555323,7.46509702486));
#3241 = VECTOR('',#3242,1.);
#3242 = DIRECTION('',(-0.700490305003,-0.713661917575));
#3243 = ( GEOMETRIC_REPRESENTATION_CONTEXT(2) 
PARAMETRIC_REPRESENTATION_CONTEXT() REPRESENTATION_CONTEXT('2D SPACE',''
  ) );
#3244 = ORIENTED_EDGE('',*,*,#3245,.F.);
#3245 = EDGE_CURVE('',#740,#3223,#3246,.T.);
#3246 = SURFACE_CURVE('',#3247,(#3251,#3258),.PCURVE_S1.);
#3247 = LINE('',#3248,#3249);
#3248 = CARTESIAN_POINT('',(-3.103673057659,9.917880574052,12.2704));
#3249 = VECTOR('',#3250,1.);
#3250 = DIRECTION('',(0.,0.,1.));
#3251 = PCURVE('',#780,#3252);
#3252 = DEFINITIONAL_REPRESENTATION('',(#3253),#3257);
#3253 = LINE('',#3254,#3255);
#3254 = CARTESIAN_POINT('',(0.668103465041,0.));
#3255 = VECTOR('',#3256,1.);
#3256 = DIRECTION('',(0.,-1.));
#3257 = ( GEOMETRIC_REPRESENTATION_CONTEXT(2) 
PARAMETRIC_REPRESENTATION_CONTEXT() REPRESENTATION_CONTEXT('2D SPACE',''
  ) );
#3258 = PCURVE('',#754,#3259);
#3259 = DEFINITIONAL_REPRESENTATION('',(#3260),#3264);
#3260 = LINE('',#3261,#3262);
#3261 = CARTESIAN_POINT('',(0.,0.));
#3262 = VECTOR('',#3263,1.);
#3263 = DIRECTION('',(0.,-1.));
#3264 = ( GEOMETRIC_REPRESENTATION_CONTEXT(2) 
PARAMETRIC_REPRESENTATION_CONTEXT() REPRESENTATION_CONTEXT('2D SPACE',''
  ) );
#3265 = ADVANCED_FACE('',(#3266),#754,.F.);
#3266 = FACE_BOUND('',#3267,.F.);
#3267 = EDGE_LOOP('',(#3268,#3269,#3270,#3293));
#3268 = ORIENTED_EDGE('',*,*,#739,.T.);
#3269 = ORIENTED_EDGE('',*,*,#3245,.T.);
#3270 = ORIENTED_EDGE('',*,*,#3271,.T.);
#3271 = EDGE_CURVE('',#3223,#3272,#3274,.T.);
#3272 = VERTEX_POINT('',#3273);
#3273 = CARTESIAN_POINT('',(0.959645654477,7.719955030817,12.9204));
#3274 = SURFACE_CURVE('',#3275,(#3279,#3286),.PCURVE_S1.);
#3275 = LINE('',#3276,#3277);
#3276 = CARTESIAN_POINT('',(-3.103673057659,9.917880574052,12.9204));
#3277 = VECTOR('',#3278,1.);
#3278 = DIRECTION('',(0.87956729484,-0.475774498946,0.));
#3279 = PCURVE('',#754,#3280);
#3280 = DEFINITIONAL_REPRESENTATION('',(#3281),#3285);
#3281 = LINE('',#3282,#3283);
#3282 = CARTESIAN_POINT('',(0.,-0.65));
#3283 = VECTOR('',#3284,1.);
#3284 = DIRECTION('',(1.,0.));
#3285 = ( GEOMETRIC_REPRESENTATION_CONTEXT(2) 
PARAMETRIC_REPRESENTATION_CONTEXT() REPRESENTATION_CONTEXT('2D SPACE',''
  ) );
#3286 = PCURVE('',#1715,#3287);
#3287 = DEFINITIONAL_REPRESENTATION('',(#3288),#3292);
#3288 = LINE('',#3289,#3290);
#3289 = CARTESIAN_POINT('',(-7.588007555323,6.98829702486));
#3290 = VECTOR('',#3291,1.);
#3291 = DIRECTION('',(0.999614871143,2.775084486032E-02));
#3292 = ( GEOMETRIC_REPRESENTATION_CONTEXT(2) 
PARAMETRIC_REPRESENTATION_CONTEXT() REPRESENTATION_CONTEXT('2D SPACE',''
  ) );
#3293 = ORIENTED_EDGE('',*,*,#3294,.F.);
#3294 = EDGE_CURVE('',#714,#3272,#3295,.T.);
#3295 = SURFACE_CURVE('',#3296,(#3300,#3307),.PCURVE_S1.);
#3296 = LINE('',#3297,#3298);
#3297 = CARTESIAN_POINT('',(0.959645654477,7.719955030817,12.2704));
#3298 = VECTOR('',#3299,1.);
#3299 = DIRECTION('',(0.,0.,1.));
#3300 = PCURVE('',#754,#3301);
#3301 = DEFINITIONAL_REPRESENTATION('',(#3302),#3306);
#3302 = LINE('',#3303,#3304);
#3303 = CARTESIAN_POINT('',(4.619679171761,0.));
#3304 = VECTOR('',#3305,1.);
#3305 = DIRECTION('',(0.,-1.));
#3306 = ( GEOMETRIC_REPRESENTATION_CONTEXT(2) 
PARAMETRIC_REPRESENTATION_CONTEXT() REPRESENTATION_CONTEXT('2D SPACE',''
  ) );
#3307 = PCURVE('',#728,#3308);
#3308 = DEFINITIONAL_REPRESENTATION('',(#3309),#3313);
#3309 = LINE('',#3310,#3311);
#3310 = CARTESIAN_POINT('',(0.,0.));
#3311 = VECTOR('',#3312,1.);
#3312 = DIRECTION('',(0.,-1.));
#3313 = ( GEOMETRIC_REPRESENTATION_CONTEXT(2) 
PARAMETRIC_REPRESENTATION_CONTEXT() REPRESENTATION_CONTEXT('2D SPACE',''
  ) );
#3314 = ADVANCED_FACE('',(#3315),#728,.F.);
#3315 = FACE_BOUND('',#3316,.F.);
#3316 = EDGE_LOOP('',(#3317,#3318,#3319,#3342));
#3317 = ORIENTED_EDGE('',*,*,#713,.T.);
#3318 = ORIENTED_EDGE('',*,*,#3294,.T.);
#3319 = ORIENTED_EDGE('',*,*,#3320,.T.);
#3320 = EDGE_CURVE('',#3272,#3321,#3323,.T.);
#3321 = VERTEX_POINT('',#3322);
#3322 = CARTESIAN_POINT('',(1.700299781928,7.591405610398,12.9204));
#3323 = SURFACE_CURVE('',#3324,(#3328,#3335),.PCURVE_S1.);
#3324 = LINE('',#3325,#3326);
#3325 = CARTESIAN_POINT('',(0.959645654477,7.719955030817,12.9204));
#3326 = VECTOR('',#3327,1.);
#3327 = DIRECTION('',(0.985270081499,-0.171005457527,0.));
#3328 = PCURVE('',#728,#3329);
#3329 = DEFINITIONAL_REPRESENTATION('',(#3330),#3334);
#3330 = LINE('',#3331,#3332);
#3331 = CARTESIAN_POINT('',(0.,-0.65));
#3332 = VECTOR('',#3333,1.);
#3333 = DIRECTION('',(1.,0.));
#3334 = ( GEOMETRIC_REPRESENTATION_CONTEXT(2) 
PARAMETRIC_REPRESENTATION_CONTEXT() REPRESENTATION_CONTEXT('2D SPACE',''
  ) );
#3335 = PCURVE('',#1715,#3336);
#3336 = DEFINITIONAL_REPRESENTATION('',(#3337),#3341);
#3337 = LINE('',#3338,#3339);
#3338 = CARTESIAN_POINT('',(-2.970107555323,7.11649702486));
#3339 = VECTOR('',#3340,1.);
#3340 = DIRECTION('',(0.93877164893,0.344539970345));
#3341 = ( GEOMETRIC_REPRESENTATION_CONTEXT(2) 
PARAMETRIC_REPRESENTATION_CONTEXT() REPRESENTATION_CONTEXT('2D SPACE',''
  ) );
#3342 = ORIENTED_EDGE('',*,*,#3343,.F.);
#3343 = EDGE_CURVE('',#688,#3321,#3344,.T.);
#3344 = SURFACE_CURVE('',#3345,(#3349,#3356),.PCURVE_S1.);
#3345 = LINE('',#3346,#3347);
#3346 = CARTESIAN_POINT('',(1.700299781928,7.591405610398,12.2704));
#3347 = VECTOR('',#3348,1.);
#3348 = DIRECTION('',(0.,0.,1.));
#3349 = PCURVE('',#728,#3350);
#3350 = DEFINITIONAL_REPRESENTATION('',(#3351),#3355);
#3351 = LINE('',#3352,#3353);
#3352 = CARTESIAN_POINT('',(0.751727004969,0.));
#3353 = VECTOR('',#3354,1.);
#3354 = DIRECTION('',(0.,-1.));
#3355 = ( GEOMETRIC_REPRESENTATION_CONTEXT(2) 
PARAMETRIC_REPRESENTATION_CONTEXT() REPRESENTATION_CONTEXT('2D SPACE',''
  ) );
#3356 = PCURVE('',#702,#3357);
#3357 = DEFINITIONAL_REPRESENTATION('',(#3358),#3362);
#3358 = LINE('',#3359,#3360);
#3359 = CARTESIAN_POINT('',(0.,0.));
#3360 = VECTOR('',#3361,1.);
#3361 = DIRECTION('',(0.,-1.));
#3362 = ( GEOMETRIC_REPRESENTATION_CONTEXT(2) 
PARAMETRIC_REPRESENTATION_CONTEXT() REPRESENTATION_CONTEXT('2D SPACE',''
  ) );
#3363 = ADVANCED_FACE('',(#3364),#702,.F.);
#3364 = FACE_BOUND('',#3365,.F.);
#3365 = EDGE_LOOP('',(#3366,#3367,#3368,#3391));
#3366 = ORIENTED_EDGE('',*,*,#687,.T.);
#3367 = ORIENTED_EDGE('',*,*,#3343,.T.);
#3368 = ORIENTED_EDGE('',*,*,#3369,.T.);
#3369 = EDGE_CURVE('',#3321,#3370,#3372,.T.);
#3370 = VERTEX_POINT('',#3371);
#3371 = CARTESIAN_POINT('',(2.425133263181,7.391854026955,12.9204));
#3372 = SURFACE_CURVE('',#3373,(#3377,#3384),.PCURVE_S1.);
#3373 = LINE('',#3374,#3375);
#3374 = CARTESIAN_POINT('',(1.700299781928,7.591405610398,12.9204));
#3375 = VECTOR('',#3376,1.);
#3376 = DIRECTION('',(0.964129730025,-0.265431467015,0.));
#3377 = PCURVE('',#702,#3378);
#3378 = DEFINITIONAL_REPRESENTATION('',(#3379),#3383);
#3379 = LINE('',#3380,#3381);
#3380 = CARTESIAN_POINT('',(0.,-0.65));
#3381 = VECTOR('',#3382,1.);
#3382 = DIRECTION('',(1.,0.));
#3383 = ( GEOMETRIC_REPRESENTATION_CONTEXT(2) 
PARAMETRIC_REPRESENTATION_CONTEXT() REPRESENTATION_CONTEXT('2D SPACE',''
  ) );
#3384 = PCURVE('',#1715,#3385);
#3385 = DEFINITIONAL_REPRESENTATION('',(#3386),#3390);
#3386 = LINE('',#3387,#3388);
#3387 = CARTESIAN_POINT('',(-2.264407555323,7.37549702486));
#3388 = VECTOR('',#3389,1.);
#3389 = DIRECTION('',(0.967676572253,0.252194471614));
#3390 = ( GEOMETRIC_REPRESENTATION_CONTEXT(2) 
PARAMETRIC_REPRESENTATION_CONTEXT() REPRESENTATION_CONTEXT('2D SPACE',''
  ) );
#3391 = ORIENTED_EDGE('',*,*,#3392,.F.);
#3392 = EDGE_CURVE('',#662,#3370,#3393,.T.);
#3393 = SURFACE_CURVE('',#3394,(#3398,#3405),.PCURVE_S1.);
#3394 = LINE('',#3395,#3396);
#3395 = CARTESIAN_POINT('',(2.425133263181,7.391854026955,12.2704));
#3396 = VECTOR('',#3397,1.);
#3397 = DIRECTION('',(0.,0.,1.));
#3398 = PCURVE('',#702,#3399);
#3399 = DEFINITIONAL_REPRESENTATION('',(#3400),#3404);
#3400 = LINE('',#3401,#3402);
#3401 = CARTESIAN_POINT('',(0.751800778132,0.));
#3402 = VECTOR('',#3403,1.);
#3403 = DIRECTION('',(0.,-1.));
#3404 = ( GEOMETRIC_REPRESENTATION_CONTEXT(2) 
PARAMETRIC_REPRESENTATION_CONTEXT() REPRESENTATION_CONTEXT('2D SPACE',''
  ) );
#3405 = PCURVE('',#676,#3406);
#3406 = DEFINITIONAL_REPRESENTATION('',(#3407),#3411);
#3407 = LINE('',#3408,#3409);
#3408 = CARTESIAN_POINT('',(0.,0.));
#3409 = VECTOR('',#3410,1.);
#3410 = DIRECTION('',(0.,-1.));
#3411 = ( GEOMETRIC_REPRESENTATION_CONTEXT(2) 
PARAMETRIC_REPRESENTATION_CONTEXT() REPRESENTATION_CONTEXT('2D SPACE',''
  ) );
#3412 = ADVANCED_FACE('',(#3413),#676,.F.);
#3413 = FACE_BOUND('',#3414,.F.);
#3414 = EDGE_LOOP('',(#3415,#3416,#3417,#3440));
#3415 = ORIENTED_EDGE('',*,*,#661,.T.);
#3416 = ORIENTED_EDGE('',*,*,#3392,.T.);
#3417 = ORIENTED_EDGE('',*,*,#3418,.T.);
#3418 = EDGE_CURVE('',#3370,#3419,#3421,.T.);
#3419 = VERTEX_POINT('',#3420);
#3420 = CARTESIAN_POINT('',(2.898072055837,7.219608044705,12.9204));
#3421 = SURFACE_CURVE('',#3422,(#3426,#3433),.PCURVE_S1.);
#3422 = LINE('',#3423,#3424);
#3423 = CARTESIAN_POINT('',(2.425133263181,7.391854026955,12.9204));
#3424 = VECTOR('',#3425,1.);
#3425 = DIRECTION('',(0.939622145297,-0.342213711105,0.));
#3426 = PCURVE('',#676,#3427);
#3427 = DEFINITIONAL_REPRESENTATION('',(#3428),#3432);
#3428 = LINE('',#3429,#3430);
#3429 = CARTESIAN_POINT('',(0.,-0.65));
#3430 = VECTOR('',#3431,1.);
#3431 = DIRECTION('',(1.,0.));
#3432 = ( GEOMETRIC_REPRESENTATION_CONTEXT(2) 
PARAMETRIC_REPRESENTATION_CONTEXT() REPRESENTATION_CONTEXT('2D SPACE',''
  ) );
#3433 = PCURVE('',#1715,#3434);
#3434 = DEFINITIONAL_REPRESENTATION('',(#3435),#3439);
#3435 = LINE('',#3436,#3437);
#3436 = CARTESIAN_POINT('',(-1.536907555323,7.56509702486));
#3437 = VECTOR('',#3438,1.);
#3438 = DIRECTION('',(0.984843503338,0.173445305308));
#3439 = ( GEOMETRIC_REPRESENTATION_CONTEXT(2) 
PARAMETRIC_REPRESENTATION_CONTEXT() REPRESENTATION_CONTEXT('2D SPACE',''
  ) );
#3440 = ORIENTED_EDGE('',*,*,#3441,.F.);
#3441 = EDGE_CURVE('',#636,#3419,#3442,.T.);
#3442 = SURFACE_CURVE('',#3443,(#3447,#3454),.PCURVE_S1.);
#3443 = LINE('',#3444,#3445);
#3444 = CARTESIAN_POINT('',(2.898072055837,7.219608044705,12.2704));
#3445 = VECTOR('',#3446,1.);
#3446 = DIRECTION('',(0.,0.,1.));
#3447 = PCURVE('',#676,#3448);
#3448 = DEFINITIONAL_REPRESENTATION('',(#3449),#3453);
#3449 = LINE('',#3450,#3451);
#3450 = CARTESIAN_POINT('',(0.503328699758,0.));
#3451 = VECTOR('',#3452,1.);
#3452 = DIRECTION('',(0.,-1.));
#3453 = ( GEOMETRIC_REPRESENTATION_CONTEXT(2) 
PARAMETRIC_REPRESENTATION_CONTEXT() REPRESENTATION_CONTEXT('2D SPACE',''
  ) );
#3454 = PCURVE('',#650,#3455);
#3455 = DEFINITIONAL_REPRESENTATION('',(#3456),#3460);
#3456 = LINE('',#3457,#3458);
#3457 = CARTESIAN_POINT('',(0.,0.));
#3458 = VECTOR('',#3459,1.);
#3459 = DIRECTION('',(0.,-1.));
#3460 = ( GEOMETRIC_REPRESENTATION_CONTEXT(2) 
PARAMETRIC_REPRESENTATION_CONTEXT() REPRESENTATION_CONTEXT('2D SPACE',''
  ) );
#3461 = ADVANCED_FACE('',(#3462),#650,.F.);
#3462 = FACE_BOUND('',#3463,.F.);
#3463 = EDGE_LOOP('',(#3464,#3465,#3466,#3489));
#3464 = ORIENTED_EDGE('',*,*,#635,.T.);
#3465 = ORIENTED_EDGE('',*,*,#3441,.T.);
#3466 = ORIENTED_EDGE('',*,*,#3467,.T.);
#3467 = EDGE_CURVE('',#3419,#3468,#3470,.T.);
#3468 = VERTEX_POINT('',#3469);
#3469 = CARTESIAN_POINT('',(0.994722055837,3.922909140119,12.9204));
#3470 = SURFACE_CURVE('',#3471,(#3475,#3482),.PCURVE_S1.);
#3471 = LINE('',#3472,#3473);
#3472 = CARTESIAN_POINT('',(2.898072055837,7.219608044705,12.9204));
#3473 = VECTOR('',#3474,1.);
#3474 = DIRECTION('',(-0.5,-0.866025403784,0.));
#3475 = PCURVE('',#650,#3476);
#3476 = DEFINITIONAL_REPRESENTATION('',(#3477),#3481);
#3477 = LINE('',#3478,#3479);
#3478 = CARTESIAN_POINT('',(0.,-0.65));
#3479 = VECTOR('',#3480,1.);
#3480 = DIRECTION('',(1.,0.));
#3481 = ( GEOMETRIC_REPRESENTATION_CONTEXT(2) 
PARAMETRIC_REPRESENTATION_CONTEXT() REPRESENTATION_CONTEXT('2D SPACE',''
  ) );
#3482 = PCURVE('',#1715,#3483);
#3483 = DEFINITIONAL_REPRESENTATION('',(#3484),#3488);
#3484 = LINE('',#3485,#3486);
#3485 = CARTESIAN_POINT('',(-1.041207555323,7.65239702486));
#3486 = VECTOR('',#3487,1.);
#3487 = DIRECTION('',(0.,-1.));
#3488 = ( GEOMETRIC_REPRESENTATION_CONTEXT(2) 
PARAMETRIC_REPRESENTATION_CONTEXT() REPRESENTATION_CONTEXT('2D SPACE',''
  ) );
#3489 = ORIENTED_EDGE('',*,*,#3490,.F.);
#3490 = EDGE_CURVE('',#610,#3468,#3491,.T.);
#3491 = SURFACE_CURVE('',#3492,(#3496,#3503),.PCURVE_S1.);
#3492 = LINE('',#3493,#3494);
#3493 = CARTESIAN_POINT('',(0.994722055837,3.922909140119,12.2704));
#3494 = VECTOR('',#3495,1.);
#3495 = DIRECTION('',(0.,0.,1.));
#3496 = PCURVE('',#650,#3497);
#3497 = DEFINITIONAL_REPRESENTATION('',(#3498),#3502);
#3498 = LINE('',#3499,#3500);
#3499 = CARTESIAN_POINT('',(3.8067,0.));
#3500 = VECTOR('',#3501,1.);
#3501 = DIRECTION('',(0.,-1.));
#3502 = ( GEOMETRIC_REPRESENTATION_CONTEXT(2) 
PARAMETRIC_REPRESENTATION_CONTEXT() REPRESENTATION_CONTEXT('2D SPACE',''
  ) );
#3503 = PCURVE('',#624,#3504);
#3504 = DEFINITIONAL_REPRESENTATION('',(#3505),#3509);
#3505 = LINE('',#3506,#3507);
#3506 = CARTESIAN_POINT('',(0.,0.));
#3507 = VECTOR('',#3508,1.);
#3508 = DIRECTION('',(0.,-1.));
#3509 = ( GEOMETRIC_REPRESENTATION_CONTEXT(2) 
PARAMETRIC_REPRESENTATION_CONTEXT() REPRESENTATION_CONTEXT('2D SPACE',''
  ) );
#3510 = ADVANCED_FACE('',(#3511),#624,.F.);
#3511 = FACE_BOUND('',#3512,.F.);
#3512 = EDGE_LOOP('',(#3513,#3514,#3515,#3538));
#3513 = ORIENTED_EDGE('',*,*,#609,.T.);
#3514 = ORIENTED_EDGE('',*,*,#3490,.T.);
#3515 = ORIENTED_EDGE('',*,*,#3516,.T.);
#3516 = EDGE_CURVE('',#3468,#3517,#3519,.T.);
#3517 = VERTEX_POINT('',#3518);
#3518 = CARTESIAN_POINT('',(0.461492882124,4.020729119171,12.9204));
#3519 = SURFACE_CURVE('',#3520,(#3524,#3531),.PCURVE_S1.);
#3520 = LINE('',#3521,#3522);
#3521 = CARTESIAN_POINT('',(0.994722055837,3.922909140119,12.9204));
#3522 = VECTOR('',#3523,1.);
#3523 = DIRECTION('',(-0.983586496252,0.180437258879,0.));
#3524 = PCURVE('',#624,#3525);
#3525 = DEFINITIONAL_REPRESENTATION('',(#3526),#3530);
#3526 = LINE('',#3527,#3528);
#3527 = CARTESIAN_POINT('',(0.,-0.65));
#3528 = VECTOR('',#3529,1.);
#3529 = DIRECTION('',(1.,0.));
#3530 = ( GEOMETRIC_REPRESENTATION_CONTEXT(2) 
PARAMETRIC_REPRESENTATION_CONTEXT() REPRESENTATION_CONTEXT('2D SPACE',''
  ) );
#3531 = PCURVE('',#1715,#3532);
#3532 = DEFINITIONAL_REPRESENTATION('',(#3533),#3537);
#3533 = LINE('',#3534,#3535);
#3534 = CARTESIAN_POINT('',(-1.041207555323,3.84569702486));
#3535 = VECTOR('',#3536,1.);
#3536 = DIRECTION('',(-0.942029522012,-0.335529998148));
#3537 = ( GEOMETRIC_REPRESENTATION_CONTEXT(2) 
PARAMETRIC_REPRESENTATION_CONTEXT() REPRESENTATION_CONTEXT('2D SPACE',''
  ) );
#3538 = ORIENTED_EDGE('',*,*,#3539,.F.);
#3539 = EDGE_CURVE('',#584,#3517,#3540,.T.);
#3540 = SURFACE_CURVE('',#3541,(#3545,#3552),.PCURVE_S1.);
#3541 = LINE('',#3542,#3543);
#3542 = CARTESIAN_POINT('',(0.461492882124,4.020729119171,12.2704));
#3543 = VECTOR('',#3544,1.);
#3544 = DIRECTION('',(0.,0.,1.));
#3545 = PCURVE('',#624,#3546);
#3546 = DEFINITIONAL_REPRESENTATION('',(#3547),#3551);
#3547 = LINE('',#3548,#3549);
#3548 = CARTESIAN_POINT('',(0.542127383555,0.));
#3549 = VECTOR('',#3550,1.);
#3550 = DIRECTION('',(0.,-1.));
#3551 = ( GEOMETRIC_REPRESENTATION_CONTEXT(2) 
PARAMETRIC_REPRESENTATION_CONTEXT() REPRESENTATION_CONTEXT('2D SPACE',''
  ) );
#3552 = PCURVE('',#598,#3553);
#3553 = DEFINITIONAL_REPRESENTATION('',(#3554),#3558);
#3554 = LINE('',#3555,#3556);
#3555 = CARTESIAN_POINT('',(0.,0.));
#3556 = VECTOR('',#3557,1.);
#3557 = DIRECTION('',(0.,-1.));
#3558 = ( GEOMETRIC_REPRESENTATION_CONTEXT(2) 
PARAMETRIC_REPRESENTATION_CONTEXT() REPRESENTATION_CONTEXT('2D SPACE',''
  ) );
#3559 = ADVANCED_FACE('',(#3560),#598,.F.);
#3560 = FACE_BOUND('',#3561,.F.);
#3561 = EDGE_LOOP('',(#3562,#3563,#3564,#3587));
#3562 = ORIENTED_EDGE('',*,*,#583,.T.);
#3563 = ORIENTED_EDGE('',*,*,#3539,.T.);
#3564 = ORIENTED_EDGE('',*,*,#3565,.T.);
#3565 = EDGE_CURVE('',#3517,#3566,#3568,.T.);
#3566 = VERTEX_POINT('',#3567);
#3567 = CARTESIAN_POINT('',(-7.997155487856E-02,4.04628520379,12.9204));
#3568 = SURFACE_CURVE('',#3569,(#3573,#3580),.PCURVE_S1.);
#3569 = LINE('',#3570,#3571);
#3570 = CARTESIAN_POINT('',(0.461492882124,4.020729119171,12.9204));
#3571 = VECTOR('',#3572,1.);
#3572 = DIRECTION('',(-0.998888027854,4.714560222319E-02,0.));
#3573 = PCURVE('',#598,#3574);
#3574 = DEFINITIONAL_REPRESENTATION('',(#3575),#3579);
#3575 = LINE('',#3576,#3577);
#3576 = CARTESIAN_POINT('',(0.,-0.65));
#3577 = VECTOR('',#3578,1.);
#3578 = DIRECTION('',(1.,0.));
#3579 = ( GEOMETRIC_REPRESENTATION_CONTEXT(2) 
PARAMETRIC_REPRESENTATION_CONTEXT() REPRESENTATION_CONTEXT('2D SPACE',''
  ) );
#3580 = PCURVE('',#1715,#3581);
#3581 = DEFINITIONAL_REPRESENTATION('',(#3582),#3586);
#3582 = LINE('',#3583,#3584);
#3583 = CARTESIAN_POINT('',(-1.551907555323,3.66379702486));
#3584 = VECTOR('',#3585,1.);
#3585 = DIRECTION('',(-0.88863520877,-0.458614724725));
#3586 = ( GEOMETRIC_REPRESENTATION_CONTEXT(2) 
PARAMETRIC_REPRESENTATION_CONTEXT() REPRESENTATION_CONTEXT('2D SPACE',''
  ) );
#3587 = ORIENTED_EDGE('',*,*,#3588,.F.);
#3588 = EDGE_CURVE('',#558,#3566,#3589,.T.);
#3589 = SURFACE_CURVE('',#3590,(#3594,#3601),.PCURVE_S1.);
#3590 = LINE('',#3591,#3592);
#3591 = CARTESIAN_POINT('',(-7.997155487856E-02,4.04628520379,12.2704));
#3592 = VECTOR('',#3593,1.);
#3593 = DIRECTION('',(0.,0.,1.));
#3594 = PCURVE('',#598,#3595);
#3595 = DEFINITIONAL_REPRESENTATION('',(#3596),#3600);
#3596 = LINE('',#3597,#3598);
#3597 = CARTESIAN_POINT('',(0.542067200631,0.));
#3598 = VECTOR('',#3599,1.);
#3599 = DIRECTION('',(0.,-1.));
#3600 = ( GEOMETRIC_REPRESENTATION_CONTEXT(2) 
PARAMETRIC_REPRESENTATION_CONTEXT() REPRESENTATION_CONTEXT('2D SPACE',''
  ) );
#3601 = PCURVE('',#572,#3602);
#3602 = DEFINITIONAL_REPRESENTATION('',(#3603),#3607);
#3603 = LINE('',#3604,#3605);
#3604 = CARTESIAN_POINT('',(0.,0.));
#3605 = VECTOR('',#3606,1.);
#3606 = DIRECTION('',(0.,-1.));
#3607 = ( GEOMETRIC_REPRESENTATION_CONTEXT(2) 
PARAMETRIC_REPRESENTATION_CONTEXT() REPRESENTATION_CONTEXT('2D SPACE',''
  ) );
#3608 = ADVANCED_FACE('',(#3609),#572,.F.);
#3609 = FACE_BOUND('',#3610,.F.);
#3610 = EDGE_LOOP('',(#3611,#3612,#3613,#3636));
#3611 = ORIENTED_EDGE('',*,*,#557,.T.);
#3612 = ORIENTED_EDGE('',*,*,#3588,.T.);
#3613 = ORIENTED_EDGE('',*,*,#3614,.T.);
#3614 = EDGE_CURVE('',#3566,#3615,#3617,.T.);
#3615 = VERTEX_POINT('',#3616);
#3616 = CARTESIAN_POINT('',(-0.62014664178,3.999274508294,12.9204));
#3617 = SURFACE_CURVE('',#3618,(#3622,#3629),.PCURVE_S1.);
#3618 = LINE('',#3619,#3620);
#3619 = CARTESIAN_POINT('',(-7.997155487856E-02,4.04628520379,12.9204));
#3620 = VECTOR('',#3621,1.);
#3621 = DIRECTION('',(-0.996234386214,-8.670090959178E-02,0.));
#3622 = PCURVE('',#572,#3623);
#3623 = DEFINITIONAL_REPRESENTATION('',(#3624),#3628);
#3624 = LINE('',#3625,#3626);
#3625 = CARTESIAN_POINT('',(0.,-0.65));
#3626 = VECTOR('',#3627,1.);
#3627 = DIRECTION('',(1.,0.));
#3628 = ( GEOMETRIC_REPRESENTATION_CONTEXT(2) 
PARAMETRIC_REPRESENTATION_CONTEXT() REPRESENTATION_CONTEXT('2D SPACE',''
  ) );
#3629 = PCURVE('',#1715,#3630);
#3630 = DEFINITIONAL_REPRESENTATION('',(#3631),#3635);
#3631 = LINE('',#3632,#3633);
#3632 = CARTESIAN_POINT('',(-2.033607555323,3.41519702486));
#3633 = VECTOR('',#3634,1.);
#3634 = DIRECTION('',(-0.819413831789,-0.573202383345));
#3635 = ( GEOMETRIC_REPRESENTATION_CONTEXT(2) 
PARAMETRIC_REPRESENTATION_CONTEXT() REPRESENTATION_CONTEXT('2D SPACE',''
  ) );
#3636 = ORIENTED_EDGE('',*,*,#3637,.F.);
#3637 = EDGE_CURVE('',#532,#3615,#3638,.T.);
#3638 = SURFACE_CURVE('',#3639,(#3643,#3650),.PCURVE_S1.);
#3639 = LINE('',#3640,#3641);
#3640 = CARTESIAN_POINT('',(-0.62014664178,3.999274508294,12.2704));
#3641 = VECTOR('',#3642,1.);
#3642 = DIRECTION('',(0.,0.,1.));
#3643 = PCURVE('',#572,#3644);
#3644 = DEFINITIONAL_REPRESENTATION('',(#3645),#3649);
#3645 = LINE('',#3646,#3647);
#3646 = CARTESIAN_POINT('',(0.542216866208,0.));
#3647 = VECTOR('',#3648,1.);
#3648 = DIRECTION('',(0.,-1.));
#3649 = ( GEOMETRIC_REPRESENTATION_CONTEXT(2) 
PARAMETRIC_REPRESENTATION_CONTEXT() REPRESENTATION_CONTEXT('2D SPACE',''
  ) );
#3650 = PCURVE('',#546,#3651);
#3651 = DEFINITIONAL_REPRESENTATION('',(#3652),#3656);
#3652 = LINE('',#3653,#3654);
#3653 = CARTESIAN_POINT('',(0.,0.));
#3654 = VECTOR('',#3655,1.);
#3655 = DIRECTION('',(0.,-1.));
#3656 = ( GEOMETRIC_REPRESENTATION_CONTEXT(2) 
PARAMETRIC_REPRESENTATION_CONTEXT() REPRESENTATION_CONTEXT('2D SPACE',''
  ) );
#3657 = ADVANCED_FACE('',(#3658),#546,.F.);
#3658 = FACE_BOUND('',#3659,.F.);
#3659 = EDGE_LOOP('',(#3660,#3661,#3662,#3685));
#3660 = ORIENTED_EDGE('',*,*,#531,.T.);
#3661 = ORIENTED_EDGE('',*,*,#3637,.T.);
#3662 = ORIENTED_EDGE('',*,*,#3663,.T.);
#3663 = EDGE_CURVE('',#3615,#3664,#3666,.T.);
#3664 = VERTEX_POINT('',#3665);
#3665 = CARTESIAN_POINT('',(-0.81762173364,3.963637615963,12.9204));
#3666 = SURFACE_CURVE('',#3667,(#3671,#3678),.PCURVE_S1.);
#3667 = LINE('',#3668,#3669);
#3668 = CARTESIAN_POINT('',(-0.62014664178,3.999274508294,12.9204));
#3669 = VECTOR('',#3670,1.);
#3670 = DIRECTION('',(-0.984103831759,-0.177594054846,0.));
#3671 = PCURVE('',#546,#3672);
#3672 = DEFINITIONAL_REPRESENTATION('',(#3673),#3677);
#3673 = LINE('',#3674,#3675);
#3674 = CARTESIAN_POINT('',(0.,-0.65));
#3675 = VECTOR('',#3676,1.);
#3676 = DIRECTION('',(1.,0.));
#3677 = ( GEOMETRIC_REPRESENTATION_CONTEXT(2) 
PARAMETRIC_REPRESENTATION_CONTEXT() REPRESENTATION_CONTEXT('2D SPACE',''
  ) );
#3678 = PCURVE('',#1715,#3679);
#3679 = DEFINITIONAL_REPRESENTATION('',(#3680),#3684);
#3680 = LINE('',#3681,#3682);
#3681 = CARTESIAN_POINT('',(-2.477907555323,3.10439702486));
#3682 = VECTOR('',#3683,1.);
#3683 = DIRECTION('',(-0.763461890842,-0.645852878937));
#3684 = ( GEOMETRIC_REPRESENTATION_CONTEXT(2) 
PARAMETRIC_REPRESENTATION_CONTEXT() REPRESENTATION_CONTEXT('2D SPACE',''
  ) );
#3685 = ORIENTED_EDGE('',*,*,#3686,.F.);
#3686 = EDGE_CURVE('',#506,#3664,#3687,.T.);
#3687 = SURFACE_CURVE('',#3688,(#3692,#3699),.PCURVE_S1.);
#3688 = LINE('',#3689,#3690);
#3689 = CARTESIAN_POINT('',(-0.81762173364,3.963637615963,12.2704));
#3690 = VECTOR('',#3691,1.);
#3691 = DIRECTION('',(0.,0.,1.));
#3692 = PCURVE('',#546,#3693);
#3693 = DEFINITIONAL_REPRESENTATION('',(#3694),#3698);
#3694 = LINE('',#3695,#3696);
#3695 = CARTESIAN_POINT('',(0.200664894787,0.));
#3696 = VECTOR('',#3697,1.);
#3697 = DIRECTION('',(0.,-1.));
#3698 = ( GEOMETRIC_REPRESENTATION_CONTEXT(2) 
PARAMETRIC_REPRESENTATION_CONTEXT() REPRESENTATION_CONTEXT('2D SPACE',''
  ) );
#3699 = PCURVE('',#520,#3700);
#3700 = DEFINITIONAL_REPRESENTATION('',(#3701),#3705);
#3701 = LINE('',#3702,#3703);
#3702 = CARTESIAN_POINT('',(0.,0.));
#3703 = VECTOR('',#3704,1.);
#3704 = DIRECTION('',(0.,-1.));
#3705 = ( GEOMETRIC_REPRESENTATION_CONTEXT(2) 
PARAMETRIC_REPRESENTATION_CONTEXT() REPRESENTATION_CONTEXT('2D SPACE',''
  ) );
#3706 = ADVANCED_FACE('',(#3707),#520,.F.);
#3707 = FACE_BOUND('',#3708,.F.);
#3708 = EDGE_LOOP('',(#3709,#3710,#3711,#3734));
#3709 = ORIENTED_EDGE('',*,*,#505,.T.);
#3710 = ORIENTED_EDGE('',*,*,#3686,.T.);
#3711 = ORIENTED_EDGE('',*,*,#3712,.T.);
#3712 = EDGE_CURVE('',#3664,#3713,#3715,.T.);
#3713 = VERTEX_POINT('',#3714);
#3714 = CARTESIAN_POINT('',(-4.486492809694,9.613166505817,12.9204));
#3715 = SURFACE_CURVE('',#3716,(#3720,#3727),.PCURVE_S1.);
#3716 = LINE('',#3717,#3718);
#3717 = CARTESIAN_POINT('',(-0.81762173364,3.963637615963,12.9204));
#3718 = VECTOR('',#3719,1.);
#3719 = DIRECTION('',(-0.544641553178,0.838668932626,0.));
#3720 = PCURVE('',#520,#3721);
#3721 = DEFINITIONAL_REPRESENTATION('',(#3722),#3726);
#3722 = LINE('',#3723,#3724);
#3723 = CARTESIAN_POINT('',(0.,-0.65));
#3724 = VECTOR('',#3725,1.);
#3725 = DIRECTION('',(1.,0.));
#3726 = ( GEOMETRIC_REPRESENTATION_CONTEXT(2) 
PARAMETRIC_REPRESENTATION_CONTEXT() REPRESENTATION_CONTEXT('2D SPACE',''
  ) );
#3727 = PCURVE('',#1715,#3728);
#3728 = DEFINITIONAL_REPRESENTATION('',(#3729),#3733);
#3729 = LINE('',#3730,#3731);
#3730 = CARTESIAN_POINT('',(-2.631107555323,2.97479702486));
#3731 = VECTOR('',#3732,1.);
#3732 = DIRECTION('',(-0.891007887322,0.453987824429));
#3733 = ( GEOMETRIC_REPRESENTATION_CONTEXT(2) 
PARAMETRIC_REPRESENTATION_CONTEXT() REPRESENTATION_CONTEXT('2D SPACE',''
  ) );
#3734 = ORIENTED_EDGE('',*,*,#3735,.F.);
#3735 = EDGE_CURVE('',#480,#3713,#3736,.T.);
#3736 = SURFACE_CURVE('',#3737,(#3741,#3748),.PCURVE_S1.);
#3737 = LINE('',#3738,#3739);
#3738 = CARTESIAN_POINT('',(-4.486492809694,9.613166505817,12.2704));
#3739 = VECTOR('',#3740,1.);
#3740 = DIRECTION('',(0.,0.,1.));
#3741 = PCURVE('',#520,#3742);
#3742 = DEFINITIONAL_REPRESENTATION('',(#3743),#3747);
#3743 = LINE('',#3744,#3745);
#3744 = CARTESIAN_POINT('',(6.736304005165,0.));
#3745 = VECTOR('',#3746,1.);
#3746 = DIRECTION('',(0.,-1.));
#3747 = ( GEOMETRIC_REPRESENTATION_CONTEXT(2) 
PARAMETRIC_REPRESENTATION_CONTEXT() REPRESENTATION_CONTEXT('2D SPACE',''
  ) );
#3748 = PCURVE('',#494,#3749);
#3749 = DEFINITIONAL_REPRESENTATION('',(#3750),#3754);
#3750 = LINE('',#3751,#3752);
#3751 = CARTESIAN_POINT('',(0.,0.));
#3752 = VECTOR('',#3753,1.);
#3753 = DIRECTION('',(0.,-1.));
#3754 = ( GEOMETRIC_REPRESENTATION_CONTEXT(2) 
PARAMETRIC_REPRESENTATION_CONTEXT() REPRESENTATION_CONTEXT('2D SPACE',''
  ) );
#3755 = ADVANCED_FACE('',(#3756),#494,.F.);
#3756 = FACE_BOUND('',#3757,.F.);
#3757 = EDGE_LOOP('',(#3758,#3759,#3760,#3783));
#3758 = ORIENTED_EDGE('',*,*,#479,.T.);
#3759 = ORIENTED_EDGE('',*,*,#3735,.T.);
#3760 = ORIENTED_EDGE('',*,*,#3761,.T.);
#3761 = EDGE_CURVE('',#3713,#3762,#3764,.T.);
#3762 = VERTEX_POINT('',#3763);
#3763 = CARTESIAN_POINT('',(-4.89417461631,9.348440903438,12.9204));
#3764 = SURFACE_CURVE('',#3765,(#3769,#3776),.PCURVE_S1.);
#3765 = LINE('',#3766,#3767);
#3766 = CARTESIAN_POINT('',(-4.486492809694,9.613166505817,12.9204));
#3767 = VECTOR('',#3768,1.);
#3768 = DIRECTION('',(-0.838695053863,-0.544601328152,0.));
#3769 = PCURVE('',#494,#3770);
#3770 = DEFINITIONAL_REPRESENTATION('',(#3771),#3775);
#3771 = LINE('',#3772,#3773);
#3772 = CARTESIAN_POINT('',(0.,-0.65));
#3773 = VECTOR('',#3774,1.);
#3774 = DIRECTION('',(1.,0.));
#3775 = ( GEOMETRIC_REPRESENTATION_CONTEXT(2) 
PARAMETRIC_REPRESENTATION_CONTEXT() REPRESENTATION_CONTEXT('2D SPACE',''
  ) );
#3776 = PCURVE('',#1715,#3777);
#3777 = DEFINITIONAL_REPRESENTATION('',(#3778),#3782);
#3778 = LINE('',#3779,#3780);
#3779 = CARTESIAN_POINT('',(-8.633207555323,6.03299702486));
#3780 = VECTOR('',#3781,1.);
#3781 = DIRECTION('',(-0.454030558598,-0.890986112046));
#3782 = ( GEOMETRIC_REPRESENTATION_CONTEXT(2) 
PARAMETRIC_REPRESENTATION_CONTEXT() REPRESENTATION_CONTEXT('2D SPACE',''
  ) );
#3783 = ORIENTED_EDGE('',*,*,#3784,.F.);
#3784 = EDGE_CURVE('',#454,#3762,#3785,.T.);
#3785 = SURFACE_CURVE('',#3786,(#3790,#3797),.PCURVE_S1.);
#3786 = LINE('',#3787,#3788);
#3787 = CARTESIAN_POINT('',(-4.89417461631,9.348440903438,12.2704));
#3788 = VECTOR('',#3789,1.);
#3789 = DIRECTION('',(0.,0.,1.));
#3790 = PCURVE('',#494,#3791);
#3791 = DEFINITIONAL_REPRESENTATION('',(#3792),#3796);
#3792 = LINE('',#3793,#3794);
#3793 = CARTESIAN_POINT('',(0.48609062941,0.));
#3794 = VECTOR('',#3795,1.);
#3795 = DIRECTION('',(0.,-1.));
#3796 = ( GEOMETRIC_REPRESENTATION_CONTEXT(2) 
PARAMETRIC_REPRESENTATION_CONTEXT() REPRESENTATION_CONTEXT('2D SPACE',''
  ) );
#3797 = PCURVE('',#468,#3798);
#3798 = DEFINITIONAL_REPRESENTATION('',(#3799),#3803);
#3799 = LINE('',#3800,#3801);
#3800 = CARTESIAN_POINT('',(0.,0.));
#3801 = VECTOR('',#3802,1.);
#3802 = DIRECTION('',(0.,-1.));
#3803 = ( GEOMETRIC_REPRESENTATION_CONTEXT(2) 
PARAMETRIC_REPRESENTATION_CONTEXT() REPRESENTATION_CONTEXT('2D SPACE',''
  ) );
#3804 = ADVANCED_FACE('',(#3805),#468,.F.);
#3805 = FACE_BOUND('',#3806,.F.);
#3806 = EDGE_LOOP('',(#3807,#3808,#3809,#3832));
#3807 = ORIENTED_EDGE('',*,*,#453,.T.);
#3808 = ORIENTED_EDGE('',*,*,#3784,.T.);
#3809 = ORIENTED_EDGE('',*,*,#3810,.T.);
#3810 = EDGE_CURVE('',#3762,#3811,#3813,.T.);
#3811 = VERTEX_POINT('',#3812);
#3812 = CARTESIAN_POINT('',(-4.864524358571,9.410996656299,12.9204));
#3813 = SURFACE_CURVE('',#3814,(#3818,#3825),.PCURVE_S1.);
#3814 = LINE('',#3815,#3816);
#3815 = CARTESIAN_POINT('',(-4.89417461631,9.348440903438,12.9204));
#3816 = VECTOR('',#3817,1.);
#3817 = DIRECTION('',(0.428305602793,0.903633947246,0.));
#3818 = PCURVE('',#468,#3819);
#3819 = DEFINITIONAL_REPRESENTATION('',(#3820),#3824);
#3820 = LINE('',#3821,#3822);
#3821 = CARTESIAN_POINT('',(0.,-0.65));
#3822 = VECTOR('',#3823,1.);
#3823 = DIRECTION('',(1.,0.));
#3824 = ( GEOMETRIC_REPRESENTATION_CONTEXT(2) 
PARAMETRIC_REPRESENTATION_CONTEXT() REPRESENTATION_CONTEXT('2D SPACE',''
  ) );
#3825 = PCURVE('',#1715,#3826);
#3826 = DEFINITIONAL_REPRESENTATION('',(#3827),#3831);
#3827 = LINE('',#3828,#3829);
#3828 = CARTESIAN_POINT('',(-8.853907555323,5.59989702486));
#3829 = VECTOR('',#3830,1.);
#3830 = DIRECTION('',(-8.089344102074E-02,0.996722755434));
#3831 = ( GEOMETRIC_REPRESENTATION_CONTEXT(2) 
PARAMETRIC_REPRESENTATION_CONTEXT() REPRESENTATION_CONTEXT('2D SPACE',''
  ) );
#3832 = ORIENTED_EDGE('',*,*,#3833,.F.);
#3833 = EDGE_CURVE('',#428,#3811,#3834,.T.);
#3834 = SURFACE_CURVE('',#3835,(#3839,#3846),.PCURVE_S1.);
#3835 = LINE('',#3836,#3837);
#3836 = CARTESIAN_POINT('',(-4.864524358571,9.410996656299,12.2704));
#3837 = VECTOR('',#3838,1.);
#3838 = DIRECTION('',(0.,0.,1.));
#3839 = PCURVE('',#468,#3840);
#3840 = DEFINITIONAL_REPRESENTATION('',(#3841),#3845);
#3841 = LINE('',#3842,#3843);
#3842 = CARTESIAN_POINT('',(6.922687339466E-02,0.));
#3843 = VECTOR('',#3844,1.);
#3844 = DIRECTION('',(0.,-1.));
#3845 = ( GEOMETRIC_REPRESENTATION_CONTEXT(2) 
PARAMETRIC_REPRESENTATION_CONTEXT() REPRESENTATION_CONTEXT('2D SPACE',''
  ) );
#3846 = PCURVE('',#442,#3847);
#3847 = DEFINITIONAL_REPRESENTATION('',(#3848),#3852);
#3848 = LINE('',#3849,#3850);
#3849 = CARTESIAN_POINT('',(0.,0.));
#3850 = VECTOR('',#3851,1.);
#3851 = DIRECTION('',(0.,-1.));
#3852 = ( GEOMETRIC_REPRESENTATION_CONTEXT(2) 
PARAMETRIC_REPRESENTATION_CONTEXT() REPRESENTATION_CONTEXT('2D SPACE',''
  ) );
#3853 = ADVANCED_FACE('',(#3854),#442,.F.);
#3854 = FACE_BOUND('',#3855,.F.);
#3855 = EDGE_LOOP('',(#3856,#3857,#3858,#3881));
#3856 = ORIENTED_EDGE('',*,*,#427,.T.);
#3857 = ORIENTED_EDGE('',*,*,#3833,.T.);
#3858 = ORIENTED_EDGE('',*,*,#3859,.T.);
#3859 = EDGE_CURVE('',#3811,#3860,#3862,.T.);
#3860 = VERTEX_POINT('',#3861);
#3861 = CARTESIAN_POINT('',(-5.626677202286,8.976109207852,12.9204));
#3862 = SURFACE_CURVE('',#3863,(#3867,#3874),.PCURVE_S1.);
#3863 = LINE('',#3864,#3865);
#3864 = CARTESIAN_POINT('',(-4.864524358571,9.410996656299,12.9204));
#3865 = VECTOR('',#3866,1.);
#3866 = DIRECTION('',(-0.868551490027,-0.495598939842,0.));
#3867 = PCURVE('',#442,#3868);
#3868 = DEFINITIONAL_REPRESENTATION('',(#3869),#3873);
#3869 = LINE('',#3870,#3871);
#3870 = CARTESIAN_POINT('',(0.,-0.65));
#3871 = VECTOR('',#3872,1.);
#3872 = DIRECTION('',(1.,0.));
#3873 = ( GEOMETRIC_REPRESENTATION_CONTEXT(2) 
PARAMETRIC_REPRESENTATION_CONTEXT() REPRESENTATION_CONTEXT('2D SPACE',''
  ) );
#3874 = PCURVE('',#1715,#3875);
#3875 = DEFINITIONAL_REPRESENTATION('',(#3876),#3880);
#3876 = LINE('',#3877,#3878);
#3877 = CARTESIAN_POINT('',(-8.859507555323,5.66889702486));
#3878 = VECTOR('',#3879,1.);
#3879 = DIRECTION('',(-0.504388184937,-0.863477017005));
#3880 = ( GEOMETRIC_REPRESENTATION_CONTEXT(2) 
PARAMETRIC_REPRESENTATION_CONTEXT() REPRESENTATION_CONTEXT('2D SPACE',''
  ) );
#3881 = ORIENTED_EDGE('',*,*,#3882,.F.);
#3882 = EDGE_CURVE('',#402,#3860,#3883,.T.);
#3883 = SURFACE_CURVE('',#3884,(#3888,#3895),.PCURVE_S1.);
#3884 = LINE('',#3885,#3886);
#3885 = CARTESIAN_POINT('',(-5.626677202286,8.976109207852,12.2704));
#3886 = VECTOR('',#3887,1.);
#3887 = DIRECTION('',(0.,0.,1.));
#3888 = PCURVE('',#442,#3889);
#3889 = DEFINITIONAL_REPRESENTATION('',(#3890),#3894);
#3890 = LINE('',#3891,#3892);
#3891 = CARTESIAN_POINT('',(0.877498746438,0.));
#3892 = VECTOR('',#3893,1.);
#3893 = DIRECTION('',(0.,-1.));
#3894 = ( GEOMETRIC_REPRESENTATION_CONTEXT(2) 
PARAMETRIC_REPRESENTATION_CONTEXT() REPRESENTATION_CONTEXT('2D SPACE',''
  ) );
#3895 = PCURVE('',#416,#3896);
#3896 = DEFINITIONAL_REPRESENTATION('',(#3897),#3901);
#3897 = LINE('',#3898,#3899);
#3898 = CARTESIAN_POINT('',(0.,0.));
#3899 = VECTOR('',#3900,1.);
#3900 = DIRECTION('',(0.,-1.));
#3901 = ( GEOMETRIC_REPRESENTATION_CONTEXT(2) 
PARAMETRIC_REPRESENTATION_CONTEXT() REPRESENTATION_CONTEXT('2D SPACE',''
  ) );
#3902 = ADVANCED_FACE('',(#3903),#416,.F.);
#3903 = FACE_BOUND('',#3904,.F.);
#3904 = EDGE_LOOP('',(#3905,#3906,#3907,#3930));
#3905 = ORIENTED_EDGE('',*,*,#401,.T.);
#3906 = ORIENTED_EDGE('',*,*,#3882,.T.);
#3907 = ORIENTED_EDGE('',*,*,#3908,.T.);
#3908 = EDGE_CURVE('',#3860,#3909,#3911,.T.);
#3909 = VERTEX_POINT('',#3910);
#3910 = CARTESIAN_POINT('',(-6.350231215078,8.479676895675,12.9204));
#3911 = SURFACE_CURVE('',#3912,(#3916,#3923),.PCURVE_S1.);
#3912 = LINE('',#3913,#3914);
#3913 = CARTESIAN_POINT('',(-5.626677202286,8.976109207852,12.9204));
#3914 = VECTOR('',#3915,1.);
#3915 = DIRECTION('',(-0.824579469161,-0.565746143635,0.));
#3916 = PCURVE('',#416,#3917);
#3917 = DEFINITIONAL_REPRESENTATION('',(#3918),#3922);
#3918 = LINE('',#3919,#3920);
#3919 = CARTESIAN_POINT('',(0.,-0.65));
#3920 = VECTOR('',#3921,1.);
#3921 = DIRECTION('',(1.,0.));
#3922 = ( GEOMETRIC_REPRESENTATION_CONTEXT(2) 
PARAMETRIC_REPRESENTATION_CONTEXT() REPRESENTATION_CONTEXT('2D SPACE',''
  ) );
#3923 = PCURVE('',#1715,#3924);
#3924 = DEFINITIONAL_REPRESENTATION('',(#3925),#3929);
#3925 = LINE('',#3926,#3927);
#3926 = CARTESIAN_POINT('',(-9.302107555323,4.91119702486));
#3927 = VECTOR('',#3928,1.);
#3928 = DIRECTION('',(-0.431233695915,-0.902240267062));
#3929 = ( GEOMETRIC_REPRESENTATION_CONTEXT(2) 
PARAMETRIC_REPRESENTATION_CONTEXT() REPRESENTATION_CONTEXT('2D SPACE',''
  ) );
#3930 = ORIENTED_EDGE('',*,*,#3931,.F.);
#3931 = EDGE_CURVE('',#376,#3909,#3932,.T.);
#3932 = SURFACE_CURVE('',#3933,(#3937,#3944),.PCURVE_S1.);
#3933 = LINE('',#3934,#3935);
#3934 = CARTESIAN_POINT('',(-6.350231215078,8.479676895675,12.2704));
#3935 = VECTOR('',#3936,1.);
#3936 = DIRECTION('',(0.,0.,1.));
#3937 = PCURVE('',#416,#3938);
#3938 = DEFINITIONAL_REPRESENTATION('',(#3939),#3943);
#3939 = LINE('',#3940,#3941);
#3940 = CARTESIAN_POINT('',(0.877482449967,0.));
#3941 = VECTOR('',#3942,1.);
#3942 = DIRECTION('',(0.,-1.));
#3943 = ( GEOMETRIC_REPRESENTATION_CONTEXT(2) 
PARAMETRIC_REPRESENTATION_CONTEXT() REPRESENTATION_CONTEXT('2D SPACE',''
  ) );
#3944 = PCURVE('',#390,#3945);
#3945 = DEFINITIONAL_REPRESENTATION('',(#3946),#3950);
#3946 = LINE('',#3947,#3948);
#3947 = CARTESIAN_POINT('',(0.,0.));
#3948 = VECTOR('',#3949,1.);
#3949 = DIRECTION('',(0.,-1.));
#3950 = ( GEOMETRIC_REPRESENTATION_CONTEXT(2) 
PARAMETRIC_REPRESENTATION_CONTEXT() REPRESENTATION_CONTEXT('2D SPACE',''
  ) );
#3951 = ADVANCED_FACE('',(#3952),#390,.F.);
#3952 = FACE_BOUND('',#3953,.F.);
#3953 = EDGE_LOOP('',(#3954,#3955,#3956,#3979));
#3954 = ORIENTED_EDGE('',*,*,#375,.T.);
#3955 = ORIENTED_EDGE('',*,*,#3931,.T.);
#3956 = ORIENTED_EDGE('',*,*,#3957,.T.);
#3957 = EDGE_CURVE('',#3909,#3958,#3960,.T.);
#3958 = VERTEX_POINT('',#3959);
#3959 = CARTESIAN_POINT('',(-7.030234730897,7.925076256951,12.9204));
#3960 = SURFACE_CURVE('',#3961,(#3965,#3972),.PCURVE_S1.);
#3961 = LINE('',#3962,#3963);
#3962 = CARTESIAN_POINT('',(-6.350231215078,8.479676895675,12.9204));
#3963 = VECTOR('',#3964,1.);
#3964 = DIRECTION('',(-0.774942644449,-0.632031563938,0.));
#3965 = PCURVE('',#390,#3966);
#3966 = DEFINITIONAL_REPRESENTATION('',(#3967),#3971);
#3967 = LINE('',#3968,#3969);
#3968 = CARTESIAN_POINT('',(0.,-0.65));
#3969 = VECTOR('',#3970,1.);
#3970 = DIRECTION('',(1.,0.));
#3971 = ( GEOMETRIC_REPRESENTATION_CONTEXT(2) 
PARAMETRIC_REPRESENTATION_CONTEXT() REPRESENTATION_CONTEXT('2D SPACE',''
  ) );
#3972 = PCURVE('',#1715,#3973);
#3973 = DEFINITIONAL_REPRESENTATION('',(#3974),#3978);
#3974 = LINE('',#3975,#3976);
#3975 = CARTESIAN_POINT('',(-9.680507555323,4.11949702486));
#3976 = VECTOR('',#3977,1.);
#3977 = DIRECTION('',(-0.3551042346,-0.934826712588));
#3978 = ( GEOMETRIC_REPRESENTATION_CONTEXT(2) 
PARAMETRIC_REPRESENTATION_CONTEXT() REPRESENTATION_CONTEXT('2D SPACE',''
  ) );
#3979 = ORIENTED_EDGE('',*,*,#3980,.F.);
#3980 = EDGE_CURVE('',#350,#3958,#3981,.T.);
#3981 = SURFACE_CURVE('',#3982,(#3986,#3993),.PCURVE_S1.);
#3982 = LINE('',#3983,#3984);
#3983 = CARTESIAN_POINT('',(-7.030234730897,7.925076256951,12.2704));
#3984 = VECTOR('',#3985,1.);
#3985 = DIRECTION('',(0.,0.,1.));
#3986 = PCURVE('',#390,#3987);
#3987 = DEFINITIONAL_REPRESENTATION('',(#3988),#3992);
#3988 = LINE('',#3989,#3990);
#3989 = CARTESIAN_POINT('',(0.877488831838,0.));
#3990 = VECTOR('',#3991,1.);
#3991 = DIRECTION('',(0.,-1.));
#3992 = ( GEOMETRIC_REPRESENTATION_CONTEXT(2) 
PARAMETRIC_REPRESENTATION_CONTEXT() REPRESENTATION_CONTEXT('2D SPACE',''
  ) );
#3993 = PCURVE('',#364,#3994);
#3994 = DEFINITIONAL_REPRESENTATION('',(#3995),#3999);
#3995 = LINE('',#3996,#3997);
#3996 = CARTESIAN_POINT('',(0.,0.));
#3997 = VECTOR('',#3998,1.);
#3998 = DIRECTION('',(0.,-1.));
#3999 = ( GEOMETRIC_REPRESENTATION_CONTEXT(2) 
PARAMETRIC_REPRESENTATION_CONTEXT() REPRESENTATION_CONTEXT('2D SPACE',''
  ) );
#4000 = ADVANCED_FACE('',(#4001),#364,.F.);
#4001 = FACE_BOUND('',#4002,.F.);
#4002 = EDGE_LOOP('',(#4003,#4004,#4005,#4028));
#4003 = ORIENTED_EDGE('',*,*,#349,.T.);
#4004 = ORIENTED_EDGE('',*,*,#3980,.T.);
#4005 = ORIENTED_EDGE('',*,*,#4006,.T.);
#4006 = EDGE_CURVE('',#3958,#4007,#4009,.T.);
#4007 = VERTEX_POINT('',#4008);
#4008 = CARTESIAN_POINT('',(-7.661982493855,7.31605703394,12.9204));
#4009 = SURFACE_CURVE('',#4010,(#4014,#4021),.PCURVE_S1.);
#4010 = LINE('',#4011,#4012);
#4011 = CARTESIAN_POINT('',(-7.030234730897,7.925076256951,12.9204));
#4012 = VECTOR('',#4013,1.);
#4013 = DIRECTION('',(-0.719938881147,-0.694037468306,0.));
#4014 = PCURVE('',#364,#4015);
#4015 = DEFINITIONAL_REPRESENTATION('',(#4016),#4020);
#4016 = LINE('',#4017,#4018);
#4017 = CARTESIAN_POINT('',(0.,-0.65));
#4018 = VECTOR('',#4019,1.);
#4019 = DIRECTION('',(1.,0.));
#4020 = ( GEOMETRIC_REPRESENTATION_CONTEXT(2) 
PARAMETRIC_REPRESENTATION_CONTEXT() REPRESENTATION_CONTEXT('2D SPACE',''
  ) );
#4021 = PCURVE('',#1715,#4022);
#4022 = DEFINITIONAL_REPRESENTATION('',(#4023),#4027);
#4023 = LINE('',#4024,#4025);
#4024 = CARTESIAN_POINT('',(-9.992107555323,3.29919702486));
#4025 = VECTOR('',#4026,1.);
#4026 = DIRECTION('',(-0.276466626092,-0.961023519305));
#4027 = ( GEOMETRIC_REPRESENTATION_CONTEXT(2) 
PARAMETRIC_REPRESENTATION_CONTEXT() REPRESENTATION_CONTEXT('2D SPACE',''
  ) );
#4028 = ORIENTED_EDGE('',*,*,#4029,.F.);
#4029 = EDGE_CURVE('',#324,#4007,#4030,.T.);
#4030 = SURFACE_CURVE('',#4031,(#4035,#4042),.PCURVE_S1.);
#4031 = LINE('',#4032,#4033);
#4032 = CARTESIAN_POINT('',(-7.661982493855,7.31605703394,12.2704));
#4033 = VECTOR('',#4034,1.);
#4034 = DIRECTION('',(0.,0.,1.));
#4035 = PCURVE('',#364,#4036);
#4036 = DEFINITIONAL_REPRESENTATION('',(#4037),#4041);
#4037 = LINE('',#4038,#4039);
#4038 = CARTESIAN_POINT('',(0.87750193732,0.));
#4039 = VECTOR('',#4040,1.);
#4040 = DIRECTION('',(0.,-1.));
#4041 = ( GEOMETRIC_REPRESENTATION_CONTEXT(2) 
PARAMETRIC_REPRESENTATION_CONTEXT() REPRESENTATION_CONTEXT('2D SPACE',''
  ) );
#4042 = PCURVE('',#338,#4043);
#4043 = DEFINITIONAL_REPRESENTATION('',(#4044),#4048);
#4044 = LINE('',#4045,#4046);
#4045 = CARTESIAN_POINT('',(0.,0.));
#4046 = VECTOR('',#4047,1.);
#4047 = DIRECTION('',(0.,-1.));
#4048 = ( GEOMETRIC_REPRESENTATION_CONTEXT(2) 
PARAMETRIC_REPRESENTATION_CONTEXT() REPRESENTATION_CONTEXT('2D SPACE',''
  ) );
#4049 = ADVANCED_FACE('',(#4050),#338,.F.);
#4050 = FACE_BOUND('',#4051,.F.);
#4051 = EDGE_LOOP('',(#4052,#4053,#4054,#4077));
#4052 = ORIENTED_EDGE('',*,*,#323,.T.);
#4053 = ORIENTED_EDGE('',*,*,#4029,.T.);
#4054 = ORIENTED_EDGE('',*,*,#4055,.T.);
#4055 = EDGE_CURVE('',#4007,#4056,#4058,.T.);
#4056 = VERTEX_POINT('',#4057);
#4057 = CARTESIAN_POINT('',(-8.241188863306,6.656842173983,12.9204));
#4058 = SURFACE_CURVE('',#4059,(#4063,#4070),.PCURVE_S1.);
#4059 = LINE('',#4060,#4061);
#4060 = CARTESIAN_POINT('',(-7.661982493855,7.31605703394,12.9204));
#4061 = VECTOR('',#4062,1.);
#4062 = DIRECTION('',(-0.660047952126,-0.751223469345,0.));
#4063 = PCURVE('',#338,#4064);
#4064 = DEFINITIONAL_REPRESENTATION('',(#4065),#4069);
#4065 = LINE('',#4066,#4067);
#4066 = CARTESIAN_POINT('',(0.,-0.65));
#4067 = VECTOR('',#4068,1.);
#4068 = DIRECTION('',(1.,0.));
#4069 = ( GEOMETRIC_REPRESENTATION_CONTEXT(2) 
PARAMETRIC_REPRESENTATION_CONTEXT() REPRESENTATION_CONTEXT('2D SPACE',''
  ) );
#4070 = PCURVE('',#1715,#4071);
#4071 = DEFINITIONAL_REPRESENTATION('',(#4072),#4076);
#4072 = LINE('',#4073,#4074);
#4073 = CARTESIAN_POINT('',(-10.23470755532,2.45589702486));
#4074 = VECTOR('',#4075,1.);
#4075 = DIRECTION('',(-0.196006559585,-0.980602584435));
#4076 = ( GEOMETRIC_REPRESENTATION_CONTEXT(2) 
PARAMETRIC_REPRESENTATION_CONTEXT() REPRESENTATION_CONTEXT('2D SPACE',''
  ) );
#4077 = ORIENTED_EDGE('',*,*,#4078,.F.);
#4078 = EDGE_CURVE('',#298,#4056,#4079,.T.);
#4079 = SURFACE_CURVE('',#4080,(#4084,#4091),.PCURVE_S1.);
#4080 = LINE('',#4081,#4082);
#4081 = CARTESIAN_POINT('',(-8.241188863306,6.656842173983,12.2704));
#4082 = VECTOR('',#4083,1.);
#4083 = DIRECTION('',(0.,0.,1.));
#4084 = PCURVE('',#338,#4085);
#4085 = DEFINITIONAL_REPRESENTATION('',(#4086),#4090);
#4086 = LINE('',#4087,#4088);
#4087 = CARTESIAN_POINT('',(0.877521652155,0.));
#4088 = VECTOR('',#4089,1.);
#4089 = DIRECTION('',(0.,-1.));
#4090 = ( GEOMETRIC_REPRESENTATION_CONTEXT(2) 
PARAMETRIC_REPRESENTATION_CONTEXT() REPRESENTATION_CONTEXT('2D SPACE',''
  ) );
#4091 = PCURVE('',#312,#4092);
#4092 = DEFINITIONAL_REPRESENTATION('',(#4093),#4097);
#4093 = LINE('',#4094,#4095);
#4094 = CARTESIAN_POINT('',(0.,0.));
#4095 = VECTOR('',#4096,1.);
#4096 = DIRECTION('',(0.,-1.));
#4097 = ( GEOMETRIC_REPRESENTATION_CONTEXT(2) 
PARAMETRIC_REPRESENTATION_CONTEXT() REPRESENTATION_CONTEXT('2D SPACE',''
  ) );
#4098 = ADVANCED_FACE('',(#4099),#312,.F.);
#4099 = FACE_BOUND('',#4100,.F.);
#4100 = EDGE_LOOP('',(#4101,#4102,#4103,#4126));
#4101 = ORIENTED_EDGE('',*,*,#297,.T.);
#4102 = ORIENTED_EDGE('',*,*,#4078,.T.);
#4103 = ORIENTED_EDGE('',*,*,#4104,.T.);
#4104 = EDGE_CURVE('',#4056,#4105,#4107,.T.);
#4105 = VERTEX_POINT('',#4106);
#4106 = CARTESIAN_POINT('',(-8.763864608765,5.951941226964,12.9204));
#4107 = SURFACE_CURVE('',#4108,(#4112,#4119),.PCURVE_S1.);
#4108 = LINE('',#4109,#4110);
#4109 = CARTESIAN_POINT('',(-8.241188863306,6.656842173983,12.9204));
#4110 = VECTOR('',#4111,1.);
#4111 = DIRECTION('',(-0.595615177725,-0.803269917315,0.));
#4112 = PCURVE('',#312,#4113);
#4113 = DEFINITIONAL_REPRESENTATION('',(#4114),#4118);
#4114 = LINE('',#4115,#4116);
#4115 = CARTESIAN_POINT('',(0.,-0.65));
#4116 = VECTOR('',#4117,1.);
#4117 = DIRECTION('',(1.,0.));
#4118 = ( GEOMETRIC_REPRESENTATION_CONTEXT(2) 
PARAMETRIC_REPRESENTATION_CONTEXT() REPRESENTATION_CONTEXT('2D SPACE',''
  ) );
#4119 = PCURVE('',#1715,#4120);
#4120 = DEFINITIONAL_REPRESENTATION('',(#4121),#4125);
#4121 = LINE('',#4122,#4123);
#4122 = CARTESIAN_POINT('',(-10.40670755532,1.59539702486));
#4123 = VECTOR('',#4124,1.);
#4124 = DIRECTION('',(-0.114182916132,-0.993459743353));
#4125 = ( GEOMETRIC_REPRESENTATION_CONTEXT(2) 
PARAMETRIC_REPRESENTATION_CONTEXT() REPRESENTATION_CONTEXT('2D SPACE',''
  ) );
#4126 = ORIENTED_EDGE('',*,*,#4127,.F.);
#4127 = EDGE_CURVE('',#272,#4105,#4128,.T.);
#4128 = SURFACE_CURVE('',#4129,(#4133,#4140),.PCURVE_S1.);
#4129 = LINE('',#4130,#4131);
#4130 = CARTESIAN_POINT('',(-8.763864608765,5.951941226964,12.2704));
#4131 = VECTOR('',#4132,1.);
#4132 = DIRECTION('',(0.,0.,1.));
#4133 = PCURVE('',#312,#4134);
#4134 = DEFINITIONAL_REPRESENTATION('',(#4135),#4139);
#4135 = LINE('',#4136,#4137);
#4136 = CARTESIAN_POINT('',(0.877539332452,0.));
#4137 = VECTOR('',#4138,1.);
#4138 = DIRECTION('',(0.,-1.));
#4139 = ( GEOMETRIC_REPRESENTATION_CONTEXT(2) 
PARAMETRIC_REPRESENTATION_CONTEXT() REPRESENTATION_CONTEXT('2D SPACE',''
  ) );
#4140 = PCURVE('',#286,#4141);
#4141 = DEFINITIONAL_REPRESENTATION('',(#4142),#4146);
#4142 = LINE('',#4143,#4144);
#4143 = CARTESIAN_POINT('',(0.,0.));
#4144 = VECTOR('',#4145,1.);
#4145 = DIRECTION('',(0.,-1.));
#4146 = ( GEOMETRIC_REPRESENTATION_CONTEXT(2) 
PARAMETRIC_REPRESENTATION_CONTEXT() REPRESENTATION_CONTEXT('2D SPACE',''
  ) );
#4147 = ADVANCED_FACE('',(#4148),#286,.F.);
#4148 = FACE_BOUND('',#4149,.F.);
#4149 = EDGE_LOOP('',(#4150,#4151,#4152,#4175));
#4150 = ORIENTED_EDGE('',*,*,#271,.T.);
#4151 = ORIENTED_EDGE('',*,*,#4127,.T.);
#4152 = ORIENTED_EDGE('',*,*,#4153,.T.);
#4153 = EDGE_CURVE('',#4105,#4154,#4156,.T.);
#4154 = VERTEX_POINT('',#4155);
#4155 = CARTESIAN_POINT('',(-9.22640351245,5.206200345305,12.9204));
#4156 = SURFACE_CURVE('',#4157,(#4161,#4168),.PCURVE_S1.);
#4157 = LINE('',#4158,#4159);
#4158 = CARTESIAN_POINT('',(-8.763864608765,5.951941226964,12.9204));
#4159 = VECTOR('',#4160,1.);
#4160 = DIRECTION('',(-0.52708746119,-0.849811042677,0.));
#4161 = PCURVE('',#286,#4162);
#4162 = DEFINITIONAL_REPRESENTATION('',(#4163),#4167);
#4163 = LINE('',#4164,#4165);
#4164 = CARTESIAN_POINT('',(0.,-0.65));
#4165 = VECTOR('',#4166,1.);
#4166 = DIRECTION('',(1.,0.));
#4167 = ( GEOMETRIC_REPRESENTATION_CONTEXT(2) 
PARAMETRIC_REPRESENTATION_CONTEXT() REPRESENTATION_CONTEXT('2D SPACE',''
  ) );
#4168 = PCURVE('',#1715,#4169);
#4169 = DEFINITIONAL_REPRESENTATION('',(#4170),#4174);
#4170 = LINE('',#4171,#4172);
#4171 = CARTESIAN_POINT('',(-10.50690755532,0.72359702486));
#4172 = VECTOR('',#4173,1.);
#4173 = DIRECTION('',(-3.156561006792E-02,-0.99950168197));
#4174 = ( GEOMETRIC_REPRESENTATION_CONTEXT(2) 
PARAMETRIC_REPRESENTATION_CONTEXT() REPRESENTATION_CONTEXT('2D SPACE',''
  ) );
#4175 = ORIENTED_EDGE('',*,*,#4176,.F.);
#4176 = EDGE_CURVE('',#246,#4154,#4177,.T.);
#4177 = SURFACE_CURVE('',#4178,(#4182,#4189),.PCURVE_S1.);
#4178 = LINE('',#4179,#4180);
#4179 = CARTESIAN_POINT('',(-9.22640351245,5.206200345305,12.2704));
#4180 = VECTOR('',#4181,1.);
#4181 = DIRECTION('',(0.,0.,1.));
#4182 = PCURVE('',#286,#4183);
#4183 = DEFINITIONAL_REPRESENTATION('',(#4184),#4188);
#4184 = LINE('',#4185,#4186);
#4185 = CARTESIAN_POINT('',(0.877537292655,0.));
#4186 = VECTOR('',#4187,1.);
#4187 = DIRECTION('',(0.,-1.));
#4188 = ( GEOMETRIC_REPRESENTATION_CONTEXT(2) 
PARAMETRIC_REPRESENTATION_CONTEXT() REPRESENTATION_CONTEXT('2D SPACE',''
  ) );
#4189 = PCURVE('',#260,#4190);
#4190 = DEFINITIONAL_REPRESENTATION('',(#4191),#4195);
#4191 = LINE('',#4192,#4193);
#4192 = CARTESIAN_POINT('',(0.,0.));
#4193 = VECTOR('',#4194,1.);
#4194 = DIRECTION('',(0.,-1.));
#4195 = ( GEOMETRIC_REPRESENTATION_CONTEXT(2) 
PARAMETRIC_REPRESENTATION_CONTEXT() REPRESENTATION_CONTEXT('2D SPACE',''
  ) );
#4196 = ADVANCED_FACE('',(#4197),#260,.F.);
#4197 = FACE_BOUND('',#4198,.F.);
#4198 = EDGE_LOOP('',(#4199,#4200,#4201,#4224));
#4199 = ORIENTED_EDGE('',*,*,#245,.T.);
#4200 = ORIENTED_EDGE('',*,*,#4176,.T.);
#4201 = ORIENTED_EDGE('',*,*,#4202,.T.);
#4202 = EDGE_CURVE('',#4154,#4203,#4205,.T.);
#4203 = VERTEX_POINT('',#4204);
#4204 = CARTESIAN_POINT('',(-9.62558236928,4.424802283968,12.9204));
#4205 = SURFACE_CURVE('',#4206,(#4210,#4217),.PCURVE_S1.);
#4206 = LINE('',#4207,#4208);
#4207 = CARTESIAN_POINT('',(-9.22640351245,5.206200345305,12.9204));
#4208 = VECTOR('',#4209,1.);
#4209 = DIRECTION('',(-0.454928183218,-0.890528128761,0.));
#4210 = PCURVE('',#260,#4211);
#4211 = DEFINITIONAL_REPRESENTATION('',(#4212),#4216);
#4212 = LINE('',#4213,#4214);
#4213 = CARTESIAN_POINT('',(0.,-0.65));
#4214 = VECTOR('',#4215,1.);
#4215 = DIRECTION('',(1.,0.));
#4216 = ( GEOMETRIC_REPRESENTATION_CONTEXT(2) 
PARAMETRIC_REPRESENTATION_CONTEXT() REPRESENTATION_CONTEXT('2D SPACE',''
  ) );
#4217 = PCURVE('',#1715,#4218);
#4218 = DEFINITIONAL_REPRESENTATION('',(#4219),#4223);
#4219 = LINE('',#4220,#4221);
#4220 = CARTESIAN_POINT('',(-10.53460755532,-0.15350297514));
#4221 = VECTOR('',#4222,1.);
#4222 = DIRECTION('',(5.128470081652E-02,-0.9986840739));
#4223 = ( GEOMETRIC_REPRESENTATION_CONTEXT(2) 
PARAMETRIC_REPRESENTATION_CONTEXT() REPRESENTATION_CONTEXT('2D SPACE',''
  ) );
#4224 = ORIENTED_EDGE('',*,*,#4225,.F.);
#4225 = EDGE_CURVE('',#220,#4203,#4226,.T.);
#4226 = SURFACE_CURVE('',#4227,(#4231,#4238),.PCURVE_S1.);
#4227 = LINE('',#4228,#4229);
#4228 = CARTESIAN_POINT('',(-9.62558236928,4.424802283968,12.2704));
#4229 = VECTOR('',#4230,1.);
#4230 = DIRECTION('',(0.,0.,1.));
#4231 = PCURVE('',#260,#4232);
#4232 = DEFINITIONAL_REPRESENTATION('',(#4233),#4237);
#4233 = LINE('',#4234,#4235);
#4234 = CARTESIAN_POINT('',(0.877454665496,0.));
#4235 = VECTOR('',#4236,1.);
#4236 = DIRECTION('',(0.,-1.));
#4237 = ( GEOMETRIC_REPRESENTATION_CONTEXT(2) 
PARAMETRIC_REPRESENTATION_CONTEXT() REPRESENTATION_CONTEXT('2D SPACE',''
  ) );
#4238 = PCURVE('',#234,#4239);
#4239 = DEFINITIONAL_REPRESENTATION('',(#4240),#4244);
#4240 = LINE('',#4241,#4242);
#4241 = CARTESIAN_POINT('',(0.,0.));
#4242 = VECTOR('',#4243,1.);
#4243 = DIRECTION('',(0.,-1.));
#4244 = ( GEOMETRIC_REPRESENTATION_CONTEXT(2) 
PARAMETRIC_REPRESENTATION_CONTEXT() REPRESENTATION_CONTEXT('2D SPACE',''
  ) );
#4245 = ADVANCED_FACE('',(#4246),#234,.F.);
#4246 = FACE_BOUND('',#4247,.F.);
#4247 = EDGE_LOOP('',(#4248,#4249,#4250,#4273));
#4248 = ORIENTED_EDGE('',*,*,#219,.T.);
#4249 = ORIENTED_EDGE('',*,*,#4225,.T.);
#4250 = ORIENTED_EDGE('',*,*,#4251,.T.);
#4251 = EDGE_CURVE('',#4203,#4252,#4254,.T.);
#4252 = VERTEX_POINT('',#4253);
#4253 = CARTESIAN_POINT('',(-9.958760986875,3.612919990297,12.9204));
#4254 = SURFACE_CURVE('',#4255,(#4259,#4266),.PCURVE_S1.);
#4255 = LINE('',#4256,#4257);
#4256 = CARTESIAN_POINT('',(-9.62558236928,4.424802283968,12.9204));
#4257 = VECTOR('',#4258,1.);
#4258 = DIRECTION('',(-0.379652621346,-0.925129119153,0.));
#4259 = PCURVE('',#234,#4260);
#4260 = DEFINITIONAL_REPRESENTATION('',(#4261),#4265);
#4261 = LINE('',#4262,#4263);
#4262 = CARTESIAN_POINT('',(0.,-0.65));
#4263 = VECTOR('',#4264,1.);
#4264 = DIRECTION('',(1.,0.));
#4265 = ( GEOMETRIC_REPRESENTATION_CONTEXT(2) 
PARAMETRIC_REPRESENTATION_CONTEXT() REPRESENTATION_CONTEXT('2D SPACE',''
  ) );
#4266 = PCURVE('',#1715,#4267);
#4267 = DEFINITIONAL_REPRESENTATION('',(#4268),#4272);
#4268 = LINE('',#4269,#4270);
#4269 = CARTESIAN_POINT('',(-10.48960755532,-1.02980297514));
#4270 = VECTOR('',#4271,1.);
#4271 = DIRECTION('',(0.133775744877,-0.99101162964));
#4272 = ( GEOMETRIC_REPRESENTATION_CONTEXT(2) 
PARAMETRIC_REPRESENTATION_CONTEXT() REPRESENTATION_CONTEXT('2D SPACE',''
  ) );
#4273 = ORIENTED_EDGE('',*,*,#4274,.F.);
#4274 = EDGE_CURVE('',#194,#4252,#4275,.T.);
#4275 = SURFACE_CURVE('',#4276,(#4280,#4287),.PCURVE_S1.);
#4276 = LINE('',#4277,#4278);
#4277 = CARTESIAN_POINT('',(-9.958760986875,3.612919990297,12.2704));
#4278 = VECTOR('',#4279,1.);
#4279 = DIRECTION('',(0.,0.,1.));
#4280 = PCURVE('',#234,#4281);
#4281 = DEFINITIONAL_REPRESENTATION('',(#4282),#4286);
#4282 = LINE('',#4283,#4284);
#4283 = CARTESIAN_POINT('',(0.877588086747,0.));
#4284 = VECTOR('',#4285,1.);
#4285 = DIRECTION('',(0.,-1.));
#4286 = ( GEOMETRIC_REPRESENTATION_CONTEXT(2) 
PARAMETRIC_REPRESENTATION_CONTEXT() REPRESENTATION_CONTEXT('2D SPACE',''
  ) );
#4287 = PCURVE('',#208,#4288);
#4288 = DEFINITIONAL_REPRESENTATION('',(#4289),#4293);
#4289 = LINE('',#4290,#4291);
#4290 = CARTESIAN_POINT('',(0.,0.));
#4291 = VECTOR('',#4292,1.);
#4292 = DIRECTION('',(0.,-1.));
#4293 = ( GEOMETRIC_REPRESENTATION_CONTEXT(2) 
PARAMETRIC_REPRESENTATION_CONTEXT() REPRESENTATION_CONTEXT('2D SPACE',''
  ) );
#4294 = ADVANCED_FACE('',(#4295),#208,.F.);
#4295 = FACE_BOUND('',#4296,.F.);
#4296 = EDGE_LOOP('',(#4297,#4298,#4299,#4322));
#4297 = ORIENTED_EDGE('',*,*,#193,.T.);
#4298 = ORIENTED_EDGE('',*,*,#4274,.T.);
#4299 = ORIENTED_EDGE('',*,*,#4300,.T.);
#4300 = EDGE_CURVE('',#4252,#4301,#4303,.T.);
#4301 = VERTEX_POINT('',#4302);
#4302 = CARTESIAN_POINT('',(-10.2236187881,2.776372821794,12.9204));
#4303 = SURFACE_CURVE('',#4304,(#4308,#4315),.PCURVE_S1.);
#4304 = LINE('',#4305,#4306);
#4305 = CARTESIAN_POINT('',(-9.958760986875,3.612919990297,12.9204));
#4306 = VECTOR('',#4307,1.);
#4307 = DIRECTION('',(-0.301841156482,-0.95335823081,0.));
#4308 = PCURVE('',#208,#4309);
#4309 = DEFINITIONAL_REPRESENTATION('',(#4310),#4314);
#4310 = LINE('',#4311,#4312);
#4311 = CARTESIAN_POINT('',(0.,-0.65));
#4312 = VECTOR('',#4313,1.);
#4313 = DIRECTION('',(1.,0.));
#4314 = ( GEOMETRIC_REPRESENTATION_CONTEXT(2) 
PARAMETRIC_REPRESENTATION_CONTEXT() REPRESENTATION_CONTEXT('2D SPACE',''
  ) );
#4315 = PCURVE('',#1715,#4316);
#4316 = DEFINITIONAL_REPRESENTATION('',(#4317),#4321);
#4317 = LINE('',#4318,#4319);
#4318 = CARTESIAN_POINT('',(-10.37220755532,-1.89950297514));
#4319 = VECTOR('',#4320,1.);
#4320 = DIRECTION('',(0.215277005984,-0.97655302503));
#4321 = ( GEOMETRIC_REPRESENTATION_CONTEXT(2) 
PARAMETRIC_REPRESENTATION_CONTEXT() REPRESENTATION_CONTEXT('2D SPACE',''
  ) );
#4322 = ORIENTED_EDGE('',*,*,#4323,.F.);
#4323 = EDGE_CURVE('',#168,#4301,#4324,.T.);
#4324 = SURFACE_CURVE('',#4325,(#4329,#4336),.PCURVE_S1.);
#4325 = LINE('',#4326,#4327);
#4326 = CARTESIAN_POINT('',(-10.2236187881,2.776372821794,12.2704));
#4327 = VECTOR('',#4328,1.);
#4328 = DIRECTION('',(0.,0.,1.));
#4329 = PCURVE('',#208,#4330);
#4330 = DEFINITIONAL_REPRESENTATION('',(#4331),#4335);
#4331 = LINE('',#4332,#4333);
#4332 = CARTESIAN_POINT('',(0.877474113578,0.));
#4333 = VECTOR('',#4334,1.);
#4334 = DIRECTION('',(0.,-1.));
#4335 = ( GEOMETRIC_REPRESENTATION_CONTEXT(2) 
PARAMETRIC_REPRESENTATION_CONTEXT() REPRESENTATION_CONTEXT('2D SPACE',''
  ) );
#4336 = PCURVE('',#182,#4337);
#4337 = DEFINITIONAL_REPRESENTATION('',(#4338),#4342);
#4338 = LINE('',#4339,#4340);
#4339 = CARTESIAN_POINT('',(0.,0.));
#4340 = VECTOR('',#4341,1.);
#4341 = DIRECTION('',(0.,-1.));
#4342 = ( GEOMETRIC_REPRESENTATION_CONTEXT(2) 
PARAMETRIC_REPRESENTATION_CONTEXT() REPRESENTATION_CONTEXT('2D SPACE',''
  ) );
#4343 = ADVANCED_FACE('',(#4344),#182,.F.);
#4344 = FACE_BOUND('',#4345,.F.);
#4345 = EDGE_LOOP('',(#4346,#4347,#4348,#4371));
#4346 = ORIENTED_EDGE('',*,*,#167,.T.);
#4347 = ORIENTED_EDGE('',*,*,#4323,.T.);
#4348 = ORIENTED_EDGE('',*,*,#4349,.T.);
#4349 = EDGE_CURVE('',#4301,#4350,#4352,.T.);
#4350 = VERTEX_POINT('',#4351);
#4351 = CARTESIAN_POINT('',(-10.47196714551,1.602820848778,12.9204));
#4352 = SURFACE_CURVE('',#4353,(#4357,#4364),.PCURVE_S1.);
#4353 = LINE('',#4354,#4355);
#4354 = CARTESIAN_POINT('',(-10.2236187881,2.776372821794,12.9204));
#4355 = VECTOR('',#4356,1.);
#4356 = DIRECTION('',(-0.207035973875,-0.978333330477,0.));
#4357 = PCURVE('',#182,#4358);
#4358 = DEFINITIONAL_REPRESENTATION('',(#4359),#4363);
#4359 = LINE('',#4360,#4361);
#4360 = CARTESIAN_POINT('',(0.,-0.65));
#4361 = VECTOR('',#4362,1.);
#4362 = DIRECTION('',(1.,0.));
#4363 = ( GEOMETRIC_REPRESENTATION_CONTEXT(2) 
PARAMETRIC_REPRESENTATION_CONTEXT() REPRESENTATION_CONTEXT('2D SPACE',''
  ) );
#4364 = PCURVE('',#1715,#4365);
#4365 = DEFINITIONAL_REPRESENTATION('',(#4366),#4370);
#4366 = LINE('',#4367,#4368);
#4367 = CARTESIAN_POINT('',(-10.18330755532,-2.75640297514));
#4368 = VECTOR('',#4369,1.);
#4369 = DIRECTION('',(0.309868252365,-0.950779504499));
#4370 = ( GEOMETRIC_REPRESENTATION_CONTEXT(2) 
PARAMETRIC_REPRESENTATION_CONTEXT() REPRESENTATION_CONTEXT('2D SPACE',''
  ) );
#4371 = ORIENTED_EDGE('',*,*,#4372,.F.);
#4372 = EDGE_CURVE('',#142,#4350,#4373,.T.);
#4373 = SURFACE_CURVE('',#4374,(#4378,#4385),.PCURVE_S1.);
#4374 = LINE('',#4375,#4376);
#4375 = CARTESIAN_POINT('',(-10.47196714551,1.602820848778,12.2704));
#4376 = VECTOR('',#4377,1.);
#4377 = DIRECTION('',(0.,0.,1.));
#4378 = PCURVE('',#182,#4379);
#4379 = DEFINITIONAL_REPRESENTATION('',(#4380),#4384);
#4380 = LINE('',#4381,#4382);
#4381 = CARTESIAN_POINT('',(1.199542054286,0.));
#4382 = VECTOR('',#4383,1.);
#4383 = DIRECTION('',(0.,-1.));
#4384 = ( GEOMETRIC_REPRESENTATION_CONTEXT(2) 
PARAMETRIC_REPRESENTATION_CONTEXT() REPRESENTATION_CONTEXT('2D SPACE',''
  ) );
#4385 = PCURVE('',#156,#4386);
#4386 = DEFINITIONAL_REPRESENTATION('',(#4387),#4391);
#4387 = LINE('',#4388,#4389);
#4388 = CARTESIAN_POINT('',(0.,0.));
#4389 = VECTOR('',#4390,1.);
#4390 = DIRECTION('',(0.,-1.));
#4391 = ( GEOMETRIC_REPRESENTATION_CONTEXT(2) 
PARAMETRIC_REPRESENTATION_CONTEXT() REPRESENTATION_CONTEXT('2D SPACE',''
  ) );
#4392 = ADVANCED_FACE('',(#4393),#156,.F.);
#4393 = FACE_BOUND('',#4394,.F.);
#4394 = EDGE_LOOP('',(#4395,#4396,#4397,#4420));
#4395 = ORIENTED_EDGE('',*,*,#141,.T.);
#4396 = ORIENTED_EDGE('',*,*,#4372,.T.);
#4397 = ORIENTED_EDGE('',*,*,#4398,.T.);
#4398 = EDGE_CURVE('',#4350,#4399,#4401,.T.);
#4399 = VERTEX_POINT('',#4400);
#4400 = CARTESIAN_POINT('',(-10.62618224107,1.610912467973,12.9204));
#4401 = SURFACE_CURVE('',#4402,(#4406,#4413),.PCURVE_S1.);
#4402 = LINE('',#4403,#4404);
#4403 = CARTESIAN_POINT('',(-10.47196714551,1.602820848778,12.9204));
#4404 = VECTOR('',#4405,1.);
#4405 = DIRECTION('',(-0.998626301262,5.239761852273E-02,0.));
#4406 = PCURVE('',#156,#4407);
#4407 = DEFINITIONAL_REPRESENTATION('',(#4408),#4412);
#4408 = LINE('',#4409,#4410);
#4409 = CARTESIAN_POINT('',(0.,-0.65));
#4410 = VECTOR('',#4411,1.);
#4411 = DIRECTION('',(1.,0.));
#4412 = ( GEOMETRIC_REPRESENTATION_CONTEXT(2) 
PARAMETRIC_REPRESENTATION_CONTEXT() REPRESENTATION_CONTEXT('2D SPACE',''
  ) );
#4413 = PCURVE('',#1715,#4414);
#4414 = DEFINITIONAL_REPRESENTATION('',(#4415),#4419);
#4415 = LINE('',#4416,#4417);
#4416 = CARTESIAN_POINT('',(-9.811607555323,-3.89690297514));
#4417 = VECTOR('',#4418,1.);
#4418 = DIRECTION('',(-0.891034555042,-0.453935481893));
#4419 = ( GEOMETRIC_REPRESENTATION_CONTEXT(2) 
PARAMETRIC_REPRESENTATION_CONTEXT() REPRESENTATION_CONTEXT('2D SPACE',''
  ) );
#4420 = ORIENTED_EDGE('',*,*,#4421,.F.);
#4421 = EDGE_CURVE('',#116,#4399,#4422,.T.);
#4422 = SURFACE_CURVE('',#4423,(#4427,#4434),.PCURVE_S1.);
#4423 = LINE('',#4424,#4425);
#4424 = CARTESIAN_POINT('',(-10.62618224107,1.610912467973,12.2704));
#4425 = VECTOR('',#4426,1.);
#4426 = DIRECTION('',(0.,0.,1.));
#4427 = PCURVE('',#156,#4428);
#4428 = DEFINITIONAL_REPRESENTATION('',(#4429),#4433);
#4429 = LINE('',#4430,#4431);
#4430 = CARTESIAN_POINT('',(0.154427232054,0.));
#4431 = VECTOR('',#4432,1.);
#4432 = DIRECTION('',(0.,-1.));
#4433 = ( GEOMETRIC_REPRESENTATION_CONTEXT(2) 
PARAMETRIC_REPRESENTATION_CONTEXT() REPRESENTATION_CONTEXT('2D SPACE',''
  ) );
#4434 = PCURVE('',#130,#4435);
#4435 = DEFINITIONAL_REPRESENTATION('',(#4436),#4440);
#4436 = LINE('',#4437,#4438);
#4437 = CARTESIAN_POINT('',(0.,0.));
#4438 = VECTOR('',#4439,1.);
#4439 = DIRECTION('',(0.,-1.));
#4440 = ( GEOMETRIC_REPRESENTATION_CONTEXT(2) 
PARAMETRIC_REPRESENTATION_CONTEXT() REPRESENTATION_CONTEXT('2D SPACE',''
  ) );
#4441 = ADVANCED_FACE('',(#4442),#130,.F.);
#4442 = FACE_BOUND('',#4443,.F.);
#4443 = EDGE_LOOP('',(#4444,#4465,#4466,#4467));
#4444 = ORIENTED_EDGE('',*,*,#4445,.F.);
#4445 = EDGE_CURVE('',#87,#4446,#4448,.T.);
#4446 = VERTEX_POINT('',#4447);
#4447 = CARTESIAN_POINT('',(-10.6550625644,1.059722562316,12.9204));
#4448 = SURFACE_CURVE('',#4449,(#4453,#4459),.PCURVE_S1.);
#4449 = LINE('',#4450,#4451);
#4450 = CARTESIAN_POINT('',(-10.6550625644,1.059722562316,11.2204));
#4451 = VECTOR('',#4452,1.);
#4452 = DIRECTION('',(0.,0.,1.));
#4453 = PCURVE('',#130,#4454);
#4454 = DEFINITIONAL_REPRESENTATION('',(#4455),#4458);
#4455 = B_SPLINE_CURVE_WITH_KNOTS('',1,(#4456,#4457),.UNSPECIFIED.,.F.,
  .F.,(2,2),(1.04,1.76),.PIECEWISE_BEZIER_KNOTS.);
#4456 = CARTESIAN_POINT('',(0.551945998421,1.E-02));
#4457 = CARTESIAN_POINT('',(0.551945998421,-0.71));
#4458 = ( GEOMETRIC_REPRESENTATION_CONTEXT(2) 
PARAMETRIC_REPRESENTATION_CONTEXT() REPRESENTATION_CONTEXT('2D SPACE',''
  ) );
#4459 = PCURVE('',#103,#4460);
#4460 = DEFINITIONAL_REPRESENTATION('',(#4461),#4464);
#4461 = B_SPLINE_CURVE_WITH_KNOTS('',1,(#4462,#4463),.UNSPECIFIED.,.F.,
  .F.,(2,2),(1.04,1.76),.PIECEWISE_BEZIER_KNOTS.);
#4462 = CARTESIAN_POINT('',(7.582535456068,1.04));
#4463 = CARTESIAN_POINT('',(7.582535456068,1.76));
#4464 = ( GEOMETRIC_REPRESENTATION_CONTEXT(2) 
PARAMETRIC_REPRESENTATION_CONTEXT() REPRESENTATION_CONTEXT('2D SPACE',''
  ) );
#4465 = ORIENTED_EDGE('',*,*,#115,.T.);
#4466 = ORIENTED_EDGE('',*,*,#4421,.T.);
#4467 = ORIENTED_EDGE('',*,*,#4468,.T.);
#4468 = EDGE_CURVE('',#4399,#4446,#4469,.T.);
#4469 = SURFACE_CURVE('',#4470,(#4474,#4481),.PCURVE_S1.);
#4470 = LINE('',#4471,#4472);
#4471 = CARTESIAN_POINT('',(-10.62618224107,1.610912467973,12.9204));
#4472 = VECTOR('',#4473,1.);
#4473 = DIRECTION('',(-5.232454516874E-02,-0.998630132718,0.));
#4474 = PCURVE('',#130,#4475);
#4475 = DEFINITIONAL_REPRESENTATION('',(#4476),#4480);
#4476 = LINE('',#4477,#4478);
#4477 = CARTESIAN_POINT('',(0.,-0.65));
#4478 = VECTOR('',#4479,1.);
#4479 = DIRECTION('',(1.,0.));
#4480 = ( GEOMETRIC_REPRESENTATION_CONTEXT(2) 
PARAMETRIC_REPRESENTATION_CONTEXT() REPRESENTATION_CONTEXT('2D SPACE',''
  ) );
#4481 = PCURVE('',#1715,#4482);
#4482 = DEFINITIONAL_REPRESENTATION('',(#4483),#4487);
#4483 = LINE('',#4484,#4485);
#4484 = CARTESIAN_POINT('',(-9.949207555323,-3.96700297514));
#4485 = VECTOR('',#4486,1.);
#4486 = DIRECTION('',(0.454000681002,-0.891001336503));
#4487 = ( GEOMETRIC_REPRESENTATION_CONTEXT(2) 
PARAMETRIC_REPRESENTATION_CONTEXT() REPRESENTATION_CONTEXT('2D SPACE',''
  ) );
#4488 = ADVANCED_FACE('',(#4489),#74,.T.);
#4489 = FACE_BOUND('',#4490,.T.);
#4490 = EDGE_LOOP('',(#4491,#4492,#4493,#4517,#4539,#4566,#4567,#4589,
    #4590,#4614,#4635,#4664));
#4491 = ORIENTED_EDGE('',*,*,#57,.F.);
#4492 = ORIENTED_EDGE('',*,*,#1572,.F.);
#4493 = ORIENTED_EDGE('',*,*,#4494,.F.);
#4494 = EDGE_CURVE('',#4495,#1573,#4497,.T.);
#4495 = VERTEX_POINT('',#4496);
#4496 = CARTESIAN_POINT('',(11.7,-2.865673510005E-15,11.2204));
#4497 = SURFACE_CURVE('',#4498,(#4503,#4510),.PCURVE_S1.);
#4498 = CIRCLE('',#4499,11.7);
#4499 = AXIS2_PLACEMENT_3D('',#4500,#4501,#4502);
#4500 = CARTESIAN_POINT('',(0.,0.,11.2204));
#4501 = DIRECTION('',(0.,0.,1.));
#4502 = DIRECTION('',(1.,0.,-0.));
#4503 = PCURVE('',#74,#4504);
#4504 = DEFINITIONAL_REPRESENTATION('',(#4505),#4509);
#4505 = LINE('',#4506,#4507);
#4506 = CARTESIAN_POINT('',(0.,0.6));
#4507 = VECTOR('',#4508,1.);
#4508 = DIRECTION('',(1.,0.));
#4509 = ( GEOMETRIC_REPRESENTATION_CONTEXT(2) 
PARAMETRIC_REPRESENTATION_CONTEXT() REPRESENTATION_CONTEXT('2D SPACE',''
  ) );
#4510 = PCURVE('',#1610,#4511);
#4511 = DEFINITIONAL_REPRESENTATION('',(#4512),#4516);
#4512 = CIRCLE('',#4513,11.7);
#4513 = AXIS2_PLACEMENT_2D('',#4514,#4515);
#4514 = CARTESIAN_POINT('',(-10.95,0.));
#4515 = DIRECTION('',(1.,0.));
#4516 = ( GEOMETRIC_REPRESENTATION_CONTEXT(2) 
PARAMETRIC_REPRESENTATION_CONTEXT() REPRESENTATION_CONTEXT('2D SPACE',''
  ) );
#4517 = ORIENTED_EDGE('',*,*,#4518,.F.);
#4518 = EDGE_CURVE('',#4519,#4495,#4521,.T.);
#4519 = VERTEX_POINT('',#4520);
#4520 = CARTESIAN_POINT('',(11.7,-2.865673510005E-15,10.6204));
#4521 = SEAM_CURVE('',#4522,(#4525,#4532),.PCURVE_S1.);
#4522 = B_SPLINE_CURVE_WITH_KNOTS('',1,(#4523,#4524),.UNSPECIFIED.,.F.,
  .F.,(2,2),(0.,1.7),.PIECEWISE_BEZIER_KNOTS.);
#4523 = CARTESIAN_POINT('',(11.7,-2.865673510005E-15,10.6204));
#4524 = CARTESIAN_POINT('',(11.7,-2.865673510005E-15,12.3204));
#4525 = PCURVE('',#74,#4526);
#4526 = DEFINITIONAL_REPRESENTATION('',(#4527),#4531);
#4527 = LINE('',#4528,#4529);
#4528 = CARTESIAN_POINT('',(6.28318530718,0.));
#4529 = VECTOR('',#4530,1.);
#4530 = DIRECTION('',(0.,1.));
#4531 = ( GEOMETRIC_REPRESENTATION_CONTEXT(2) 
PARAMETRIC_REPRESENTATION_CONTEXT() REPRESENTATION_CONTEXT('2D SPACE',''
  ) );
#4532 = PCURVE('',#74,#4533);
#4533 = DEFINITIONAL_REPRESENTATION('',(#4534),#4538);
#4534 = LINE('',#4535,#4536);
#4535 = CARTESIAN_POINT('',(0.,0.));
#4536 = VECTOR('',#4537,1.);
#4537 = DIRECTION('',(0.,1.));
#4538 = ( GEOMETRIC_REPRESENTATION_CONTEXT(2) 
PARAMETRIC_REPRESENTATION_CONTEXT() REPRESENTATION_CONTEXT('2D SPACE',''
  ) );
#4539 = ORIENTED_EDGE('',*,*,#4540,.T.);
#4540 = EDGE_CURVE('',#4519,#4519,#4541,.T.);
#4541 = SURFACE_CURVE('',#4542,(#4547,#4554),.PCURVE_S1.);
#4542 = CIRCLE('',#4543,11.7);
#4543 = AXIS2_PLACEMENT_3D('',#4544,#4545,#4546);
#4544 = CARTESIAN_POINT('',(0.,0.,10.6204));
#4545 = DIRECTION('',(0.,0.,1.));
#4546 = DIRECTION('',(1.,0.,-0.));
#4547 = PCURVE('',#74,#4548);
#4548 = DEFINITIONAL_REPRESENTATION('',(#4549),#4553);
#4549 = LINE('',#4550,#4551);
#4550 = CARTESIAN_POINT('',(0.,0.));
#4551 = VECTOR('',#4552,1.);
#4552 = DIRECTION('',(1.,0.));
#4553 = ( GEOMETRIC_REPRESENTATION_CONTEXT(2) 
PARAMETRIC_REPRESENTATION_CONTEXT() REPRESENTATION_CONTEXT('2D SPACE',''
  ) );
#4554 = PCURVE('',#4555,#4560);
#4555 = PLANE('',#4556);
#4556 = AXIS2_PLACEMENT_3D('',#4557,#4558,#4559);
#4557 = CARTESIAN_POINT('',(0.,0.,10.6204));
#4558 = DIRECTION('',(0.,0.,1.));
#4559 = DIRECTION('',(1.,0.,-0.));
#4560 = DEFINITIONAL_REPRESENTATION('',(#4561),#4565);
#4561 = CIRCLE('',#4562,11.7);
#4562 = AXIS2_PLACEMENT_2D('',#4563,#4564);
#4563 = CARTESIAN_POINT('',(0.,0.));
#4564 = DIRECTION('',(1.,0.));
#4565 = ( GEOMETRIC_REPRESENTATION_CONTEXT(2) 
PARAMETRIC_REPRESENTATION_CONTEXT() REPRESENTATION_CONTEXT('2D SPACE',''
  ) );
#4566 = ORIENTED_EDGE('',*,*,#4518,.T.);
#4567 = ORIENTED_EDGE('',*,*,#4568,.F.);
#4568 = EDGE_CURVE('',#1594,#4495,#4569,.T.);
#4569 = SURFACE_CURVE('',#4570,(#4575,#4582),.PCURVE_S1.);
#4570 = CIRCLE('',#4571,11.7);
#4571 = AXIS2_PLACEMENT_3D('',#4572,#4573,#4574);
#4572 = CARTESIAN_POINT('',(0.,0.,11.2204));
#4573 = DIRECTION('',(0.,0.,1.));
#4574 = DIRECTION('',(1.,0.,-0.));
#4575 = PCURVE('',#74,#4576);
#4576 = DEFINITIONAL_REPRESENTATION('',(#4577),#4581);
#4577 = LINE('',#4578,#4579);
#4578 = CARTESIAN_POINT('',(0.,0.6));
#4579 = VECTOR('',#4580,1.);
#4580 = DIRECTION('',(1.,0.));
#4581 = ( GEOMETRIC_REPRESENTATION_CONTEXT(2) 
PARAMETRIC_REPRESENTATION_CONTEXT() REPRESENTATION_CONTEXT('2D SPACE',''
  ) );
#4582 = PCURVE('',#1610,#4583);
#4583 = DEFINITIONAL_REPRESENTATION('',(#4584),#4588);
#4584 = CIRCLE('',#4585,11.7);
#4585 = AXIS2_PLACEMENT_2D('',#4586,#4587);
#4586 = CARTESIAN_POINT('',(-10.95,0.));
#4587 = DIRECTION('',(1.,0.));
#4588 = ( GEOMETRIC_REPRESENTATION_CONTEXT(2) 
PARAMETRIC_REPRESENTATION_CONTEXT() REPRESENTATION_CONTEXT('2D SPACE',''
  ) );
#4589 = ORIENTED_EDGE('',*,*,#1622,.T.);
#4590 = ORIENTED_EDGE('',*,*,#4591,.F.);
#4591 = EDGE_CURVE('',#4592,#1623,#4594,.T.);
#4592 = VERTEX_POINT('',#4593);
#4593 = CARTESIAN_POINT('',(-11.67043378995,-0.831249152957,12.3204));
#4594 = SURFACE_CURVE('',#4595,(#4600,#4607),.PCURVE_S1.);
#4595 = CIRCLE('',#4596,11.7);
#4596 = AXIS2_PLACEMENT_3D('',#4597,#4598,#4599);
#4597 = CARTESIAN_POINT('',(0.,0.,12.3204));
#4598 = DIRECTION('',(0.,0.,1.));
#4599 = DIRECTION('',(1.,0.,-0.));
#4600 = PCURVE('',#74,#4601);
#4601 = DEFINITIONAL_REPRESENTATION('',(#4602),#4606);
#4602 = LINE('',#4603,#4604);
#4603 = CARTESIAN_POINT('',(0.,1.7));
#4604 = VECTOR('',#4605,1.);
#4605 = DIRECTION('',(1.,0.));
#4606 = ( GEOMETRIC_REPRESENTATION_CONTEXT(2) 
PARAMETRIC_REPRESENTATION_CONTEXT() REPRESENTATION_CONTEXT('2D SPACE',''
  ) );
#4607 = PCURVE('',#1660,#4608);
#4608 = DEFINITIONAL_REPRESENTATION('',(#4609),#4613);
#4609 = CIRCLE('',#4610,11.7);
#4610 = AXIS2_PLACEMENT_2D('',#4611,#4612);
#4611 = CARTESIAN_POINT('',(0.,0.));
#4612 = DIRECTION('',(1.,0.));
#4613 = ( GEOMETRIC_REPRESENTATION_CONTEXT(2) 
PARAMETRIC_REPRESENTATION_CONTEXT() REPRESENTATION_CONTEXT('2D SPACE',''
  ) );
#4614 = ORIENTED_EDGE('',*,*,#4615,.F.);
#4615 = EDGE_CURVE('',#4616,#4592,#4618,.T.);
#4616 = VERTEX_POINT('',#4617);
#4617 = CARTESIAN_POINT('',(-11.67043378995,-0.831249152957,11.2204));
#4618 = SURFACE_CURVE('',#4619,(#4623,#4629),.PCURVE_S1.);
#4619 = LINE('',#4620,#4621);
#4620 = CARTESIAN_POINT('',(-11.67043378995,-0.831249152957,10.6204));
#4621 = VECTOR('',#4622,1.);
#4622 = DIRECTION('',(0.,0.,1.));
#4623 = PCURVE('',#74,#4624);
#4624 = DEFINITIONAL_REPRESENTATION('',(#4625),#4628);
#4625 = B_SPLINE_CURVE_WITH_KNOTS('',1,(#4626,#4627),.UNSPECIFIED.,.F.,
  .F.,(2,2),(0.5999994,1.7),.PIECEWISE_BEZIER_KNOTS.);
#4626 = CARTESIAN_POINT('',(3.212699496128,0.5999994));
#4627 = CARTESIAN_POINT('',(3.212699496128,1.7));
#4628 = ( GEOMETRIC_REPRESENTATION_CONTEXT(2) 
PARAMETRIC_REPRESENTATION_CONTEXT() REPRESENTATION_CONTEXT('2D SPACE',''
  ) );
#4629 = PCURVE('',#103,#4630);
#4630 = DEFINITIONAL_REPRESENTATION('',(#4631),#4634);
#4631 = B_SPLINE_CURVE_WITH_KNOTS('',1,(#4632,#4633),.UNSPECIFIED.,.F.,
  .F.,(2,2),(0.5999994,1.7),.PIECEWISE_BEZIER_KNOTS.);
#4632 = CARTESIAN_POINT('',(3.998286013922,-5.999999999062E-07));
#4633 = CARTESIAN_POINT('',(3.998286013922,1.1));
#4634 = ( GEOMETRIC_REPRESENTATION_CONTEXT(2) 
PARAMETRIC_REPRESENTATION_CONTEXT() REPRESENTATION_CONTEXT('2D SPACE',''
  ) );
#4635 = ORIENTED_EDGE('',*,*,#4636,.F.);
#4636 = EDGE_CURVE('',#4637,#4616,#4639,.T.);
#4637 = VERTEX_POINT('',#4638);
#4638 = CARTESIAN_POINT('',(-11.67043378995,0.831249152957,11.2204));
#4639 = SURFACE_CURVE('',#4640,(#4645,#4652),.PCURVE_S1.);
#4640 = CIRCLE('',#4641,11.7);
#4641 = AXIS2_PLACEMENT_3D('',#4642,#4643,#4644);
#4642 = CARTESIAN_POINT('',(0.,0.,11.2204));
#4643 = DIRECTION('',(0.,0.,1.));
#4644 = DIRECTION('',(1.,0.,-0.));
#4645 = PCURVE('',#74,#4646);
#4646 = DEFINITIONAL_REPRESENTATION('',(#4647),#4651);
#4647 = LINE('',#4648,#4649);
#4648 = CARTESIAN_POINT('',(0.,0.6));
#4649 = VECTOR('',#4650,1.);
#4650 = DIRECTION('',(1.,0.));
#4651 = ( GEOMETRIC_REPRESENTATION_CONTEXT(2) 
PARAMETRIC_REPRESENTATION_CONTEXT() REPRESENTATION_CONTEXT('2D SPACE',''
  ) );
#4652 = PCURVE('',#4653,#4658);
#4653 = PLANE('',#4654);
#4654 = AXIS2_PLACEMENT_3D('',#4655,#4656,#4657);
#4655 = CARTESIAN_POINT('',(-10.95,1.340988245066E-15,11.2204));
#4656 = DIRECTION('',(0.,0.,1.));
#4657 = DIRECTION('',(1.,0.,-0.));
#4658 = DEFINITIONAL_REPRESENTATION('',(#4659),#4663);
#4659 = CIRCLE('',#4660,11.7);
#4660 = AXIS2_PLACEMENT_2D('',#4661,#4662);
#4661 = CARTESIAN_POINT('',(10.95,-1.340988245066E-15));
#4662 = DIRECTION('',(1.,0.));
#4663 = ( GEOMETRIC_REPRESENTATION_CONTEXT(2) 
PARAMETRIC_REPRESENTATION_CONTEXT() REPRESENTATION_CONTEXT('2D SPACE',''
  ) );
#4664 = ORIENTED_EDGE('',*,*,#4665,.T.);
#4665 = EDGE_CURVE('',#4637,#58,#4666,.T.);
#4666 = SURFACE_CURVE('',#4667,(#4671,#4677),.PCURVE_S1.);
#4667 = LINE('',#4668,#4669);
#4668 = CARTESIAN_POINT('',(-11.67043378995,0.831249152957,10.6204));
#4669 = VECTOR('',#4670,1.);
#4670 = DIRECTION('',(0.,0.,1.));
#4671 = PCURVE('',#74,#4672);
#4672 = DEFINITIONAL_REPRESENTATION('',(#4673),#4676);
#4673 = B_SPLINE_CURVE_WITH_KNOTS('',1,(#4674,#4675),.UNSPECIFIED.,.F.,
  .F.,(2,2),(0.5999994,1.7),.PIECEWISE_BEZIER_KNOTS.);
#4674 = CARTESIAN_POINT('',(3.070485811051,0.5999994));
#4675 = CARTESIAN_POINT('',(3.070485811051,1.7));
#4676 = ( GEOMETRIC_REPRESENTATION_CONTEXT(2) 
PARAMETRIC_REPRESENTATION_CONTEXT() REPRESENTATION_CONTEXT('2D SPACE',''
  ) );
#4677 = PCURVE('',#103,#4678);
#4678 = DEFINITIONAL_REPRESENTATION('',(#4679),#4682);
#4679 = B_SPLINE_CURVE_WITH_KNOTS('',1,(#4680,#4681),.UNSPECIFIED.,.F.,
  .F.,(2,2),(0.5999994,1.7),.PIECEWISE_BEZIER_KNOTS.);
#4680 = CARTESIAN_POINT('',(8.568084600437,-5.999999999062E-07));
#4681 = CARTESIAN_POINT('',(8.568084600437,1.1));
#4682 = ( GEOMETRIC_REPRESENTATION_CONTEXT(2) 
PARAMETRIC_REPRESENTATION_CONTEXT() REPRESENTATION_CONTEXT('2D SPACE',''
  ) );
#4683 = ADVANCED_FACE('',(#4684,#6408,#6550,#6720,#7142,#7284,#7398,
    #7484,#7850),#1715,.T.);
#4684 = FACE_BOUND('',#4685,.T.);
#4685 = EDGE_LOOP('',(#4686,#4687,#4688,#4689,#4690,#4714,#4738,#4766,
    #4794,#4822,#4850,#4878,#4906,#4934,#4962,#4990,#5018,#5046,#5074,
    #5102,#5130,#5158,#5186,#5214,#5242,#5270,#5298,#5326,#5354,#5382,
    #5410,#5438,#5466,#5494,#5522,#5550,#5578,#5606,#5634,#5662,#5690,
    #5718,#5746,#5774,#5802,#5830,#5858,#5886,#5914,#5942,#5970,#5998,
    #6026,#6054,#6082,#6110,#6138,#6166,#6194,#6222,#6250,#6278,#6306,
    #6334,#6355,#6356,#6357,#6358,#6359,#6360,#6361,#6362,#6363,#6364,
    #6365,#6366,#6367,#6368,#6369,#6370,#6371,#6372,#6373,#6374,#6375,
    #6376,#6377,#6378,#6379,#6380,#6381,#6382,#6383,#6384,#6385,#6386,
    #6387,#6388,#6389,#6390,#6391,#6392,#6393,#6394,#6395,#6396,#6397,
    #6398,#6399,#6400,#6401,#6402,#6403,#6404,#6405,#6406,#6407));
#4686 = ORIENTED_EDGE('',*,*,#4300,.T.);
#4687 = ORIENTED_EDGE('',*,*,#4349,.T.);
#4688 = ORIENTED_EDGE('',*,*,#4398,.T.);
#4689 = ORIENTED_EDGE('',*,*,#4468,.T.);
#4690 = ORIENTED_EDGE('',*,*,#4691,.F.);
#4691 = EDGE_CURVE('',#4692,#4446,#4694,.T.);
#4692 = VERTEX_POINT('',#4693);
#4693 = CARTESIAN_POINT('',(-9.85,1.071565949254E-15,12.9204));
#4694 = SURFACE_CURVE('',#4695,(#4700,#4707),.PCURVE_S1.);
#4695 = CIRCLE('',#4696,1.1);
#4696 = AXIS2_PLACEMENT_3D('',#4697,#4698,#4699);
#4697 = CARTESIAN_POINT('',(-10.95,1.340988245066E-15,12.9204));
#4698 = DIRECTION('',(0.,0.,1.));
#4699 = DIRECTION('',(1.,0.,-0.));
#4700 = PCURVE('',#1715,#4701);
#4701 = DEFINITIONAL_REPRESENTATION('',(#4702),#4706);
#4702 = CIRCLE('',#4703,1.1);
#4703 = AXIS2_PLACEMENT_2D('',#4704,#4705);
#4704 = CARTESIAN_POINT('',(-9.424185726763,-5.52400297514));
#4705 = DIRECTION('',(0.866025403784,0.5));
#4706 = ( GEOMETRIC_REPRESENTATION_CONTEXT(2) 
PARAMETRIC_REPRESENTATION_CONTEXT() REPRESENTATION_CONTEXT('2D SPACE',''
  ) );
#4707 = PCURVE('',#103,#4708);
#4708 = DEFINITIONAL_REPRESENTATION('',(#4709),#4713);
#4709 = LINE('',#4710,#4711);
#4710 = CARTESIAN_POINT('',(6.28318530718,1.7));
#4711 = VECTOR('',#4712,1.);
#4712 = DIRECTION('',(1.,0.));
#4713 = ( GEOMETRIC_REPRESENTATION_CONTEXT(2) 
PARAMETRIC_REPRESENTATION_CONTEXT() REPRESENTATION_CONTEXT('2D SPACE',''
  ) );
#4714 = ORIENTED_EDGE('',*,*,#4715,.F.);
#4715 = EDGE_CURVE('',#4716,#4692,#4718,.T.);
#4716 = VERTEX_POINT('',#4717);
#4717 = CARTESIAN_POINT('',(-9.936665372905,-0.427963705857,12.9204));
#4718 = SURFACE_CURVE('',#4719,(#4724,#4731),.PCURVE_S1.);
#4719 = CIRCLE('',#4720,1.1);
#4720 = AXIS2_PLACEMENT_3D('',#4721,#4722,#4723);
#4721 = CARTESIAN_POINT('',(-10.95,1.340988245066E-15,12.9204));
#4722 = DIRECTION('',(0.,0.,1.));
#4723 = DIRECTION('',(1.,0.,-0.));
#4724 = PCURVE('',#1715,#4725);
#4725 = DEFINITIONAL_REPRESENTATION('',(#4726),#4730);
#4726 = CIRCLE('',#4727,1.1);
#4727 = AXIS2_PLACEMENT_2D('',#4728,#4729);
#4728 = CARTESIAN_POINT('',(-9.424185726763,-5.52400297514));
#4729 = DIRECTION('',(0.866025403784,0.5));
#4730 = ( GEOMETRIC_REPRESENTATION_CONTEXT(2) 
PARAMETRIC_REPRESENTATION_CONTEXT() REPRESENTATION_CONTEXT('2D SPACE',''
  ) );
#4731 = PCURVE('',#103,#4732);
#4732 = DEFINITIONAL_REPRESENTATION('',(#4733),#4737);
#4733 = LINE('',#4734,#4735);
#4734 = CARTESIAN_POINT('',(0.,1.7));
#4735 = VECTOR('',#4736,1.);
#4736 = DIRECTION('',(1.,0.));
#4737 = ( GEOMETRIC_REPRESENTATION_CONTEXT(2) 
PARAMETRIC_REPRESENTATION_CONTEXT() REPRESENTATION_CONTEXT('2D SPACE',''
  ) );
#4738 = ORIENTED_EDGE('',*,*,#4739,.T.);
#4739 = EDGE_CURVE('',#4716,#4740,#4742,.T.);
#4740 = VERTEX_POINT('',#4741);
#4741 = CARTESIAN_POINT('',(-3.978747731879,-0.740193222115,12.9204));
#4742 = SURFACE_CURVE('',#4743,(#4747,#4754),.PCURVE_S1.);
#4743 = LINE('',#4744,#4745);
#4744 = CARTESIAN_POINT('',(-10.73083117443,-0.386344801571,12.9204));
#4745 = VECTOR('',#4746,1.);
#4746 = DIRECTION('',(0.998629637391,-5.23339977808E-02,0.));
#4747 = PCURVE('',#1715,#4748);
#4748 = DEFINITIONAL_REPRESENTATION('',(#4749),#4753);
#4749 = LINE('',#4750,#4751);
#4750 = CARTESIAN_POINT('',(-9.041207555323,-5.74900297514));
#4751 = VECTOR('',#4752,1.);
#4752 = DIRECTION('',(0.891005633843,0.453992247136));
#4753 = ( GEOMETRIC_REPRESENTATION_CONTEXT(2) 
PARAMETRIC_REPRESENTATION_CONTEXT() REPRESENTATION_CONTEXT('2D SPACE',''
  ) );
#4754 = PCURVE('',#4755,#4760);
#4755 = PLANE('',#4756);
#4756 = AXIS2_PLACEMENT_3D('',#4757,#4758,#4759);
#4757 = CARTESIAN_POINT('',(-10.73083117443,-0.386344801571,12.2704));
#4758 = DIRECTION('',(5.23339977808E-02,0.998629637391,-0.));
#4759 = DIRECTION('',(0.998629637391,-5.23339977808E-02,0.));
#4760 = DEFINITIONAL_REPRESENTATION('',(#4761),#4765);
#4761 = LINE('',#4762,#4763);
#4762 = CARTESIAN_POINT('',(0.,-0.65));
#4763 = VECTOR('',#4764,1.);
#4764 = DIRECTION('',(1.,0.));
#4765 = ( GEOMETRIC_REPRESENTATION_CONTEXT(2) 
PARAMETRIC_REPRESENTATION_CONTEXT() REPRESENTATION_CONTEXT('2D SPACE',''
  ) );
#4766 = ORIENTED_EDGE('',*,*,#4767,.T.);
#4767 = EDGE_CURVE('',#4740,#4768,#4770,.T.);
#4768 = VERTEX_POINT('',#4769);
#4769 = CARTESIAN_POINT('',(-3.844187501305,-1.265328066081,12.9204));
#4770 = SURFACE_CURVE('',#4771,(#4775,#4782),.PCURVE_S1.);
#4771 = LINE('',#4772,#4773);
#4772 = CARTESIAN_POINT('',(-3.978747731879,-0.740193222115,12.9204));
#4773 = VECTOR('',#4774,1.);
#4774 = DIRECTION('',(0.248220036454,-0.968703676829,0.));
#4775 = PCURVE('',#1715,#4776);
#4776 = DEFINITIONAL_REPRESENTATION('',(#4777),#4781);
#4777 = LINE('',#4778,#4779);
#4778 = CARTESIAN_POINT('',(-3.016807555323,-2.67940297514));
#4779 = VECTOR('',#4780,1.);
#4780 = DIRECTION('',(0.699316695712,-0.714811974647));
#4781 = ( GEOMETRIC_REPRESENTATION_CONTEXT(2) 
PARAMETRIC_REPRESENTATION_CONTEXT() REPRESENTATION_CONTEXT('2D SPACE',''
  ) );
#4782 = PCURVE('',#4783,#4788);
#4783 = PLANE('',#4784);
#4784 = AXIS2_PLACEMENT_3D('',#4785,#4786,#4787);
#4785 = CARTESIAN_POINT('',(-3.978747731879,-0.740193222115,12.2704));
#4786 = DIRECTION('',(0.968703676829,0.248220036454,-0.));
#4787 = DIRECTION('',(0.248220036454,-0.968703676829,0.));
#4788 = DEFINITIONAL_REPRESENTATION('',(#4789),#4793);
#4789 = LINE('',#4790,#4791);
#4790 = CARTESIAN_POINT('',(0.,-0.65));
#4791 = VECTOR('',#4792,1.);
#4792 = DIRECTION('',(1.,0.));
#4793 = ( GEOMETRIC_REPRESENTATION_CONTEXT(2) 
PARAMETRIC_REPRESENTATION_CONTEXT() REPRESENTATION_CONTEXT('2D SPACE',''
  ) );
#4794 = ORIENTED_EDGE('',*,*,#4795,.T.);
#4795 = EDGE_CURVE('',#4768,#4796,#4798,.T.);
#4796 = VERTEX_POINT('',#4797);
#4797 = CARTESIAN_POINT('',(-3.640525038647,-1.767774333162,12.9204));
#4798 = SURFACE_CURVE('',#4799,(#4803,#4810),.PCURVE_S1.);
#4799 = LINE('',#4800,#4801);
#4800 = CARTESIAN_POINT('',(-3.844187501305,-1.265328066081,12.9204));
#4801 = VECTOR('',#4802,1.);
#4802 = DIRECTION('',(0.375654463415,-0.9267597985,0.));
#4803 = PCURVE('',#1715,#4804);
#4804 = DEFINITIONAL_REPRESENTATION('',(#4805),#4809);
#4805 = LINE('',#4806,#4807);
#4806 = CARTESIAN_POINT('',(-2.637707555323,-3.06690297514));
#4807 = VECTOR('',#4808,1.);
#4808 = DIRECTION('',(0.788706207612,-0.614770297));
#4809 = ( GEOMETRIC_REPRESENTATION_CONTEXT(2) 
PARAMETRIC_REPRESENTATION_CONTEXT() REPRESENTATION_CONTEXT('2D SPACE',''
  ) );
#4810 = PCURVE('',#4811,#4816);
#4811 = PLANE('',#4812);
#4812 = AXIS2_PLACEMENT_3D('',#4813,#4814,#4815);
#4813 = CARTESIAN_POINT('',(-3.844187501305,-1.265328066081,12.2704));
#4814 = DIRECTION('',(0.9267597985,0.375654463415,-0.));
#4815 = DIRECTION('',(0.375654463415,-0.9267597985,0.));
#4816 = DEFINITIONAL_REPRESENTATION('',(#4817),#4821);
#4817 = LINE('',#4818,#4819);
#4818 = CARTESIAN_POINT('',(0.,-0.65));
#4819 = VECTOR('',#4820,1.);
#4820 = DIRECTION('',(1.,0.));
#4821 = ( GEOMETRIC_REPRESENTATION_CONTEXT(2) 
PARAMETRIC_REPRESENTATION_CONTEXT() REPRESENTATION_CONTEXT('2D SPACE',''
  ) );
#4822 = ORIENTED_EDGE('',*,*,#4823,.T.);
#4823 = EDGE_CURVE('',#4796,#4824,#4826,.T.);
#4824 = VERTEX_POINT('',#4825);
#4825 = CARTESIAN_POINT('',(-3.371651944595,-2.238472473476,12.9204));
#4826 = SURFACE_CURVE('',#4827,(#4831,#4838),.PCURVE_S1.);
#4827 = LINE('',#4828,#4829);
#4828 = CARTESIAN_POINT('',(-3.640525038647,-1.767774333162,12.9204));
#4829 = VECTOR('',#4830,1.);
#4830 = DIRECTION('',(0.496003660495,-0.868320429781,0.));
#4831 = PCURVE('',#1715,#4832);
#4832 = DEFINITIONAL_REPRESENTATION('',(#4833),#4837);
#4833 = LINE('',#4834,#4835);
#4834 = CARTESIAN_POINT('',(-2.210107555323,-3.40020297514));
#4835 = VECTOR('',#4836,1.);
#4836 = DIRECTION('',(0.863711985249,-0.503985720568));
#4837 = ( GEOMETRIC_REPRESENTATION_CONTEXT(2) 
PARAMETRIC_REPRESENTATION_CONTEXT() REPRESENTATION_CONTEXT('2D SPACE',''
  ) );
#4838 = PCURVE('',#4839,#4844);
#4839 = PLANE('',#4840);
#4840 = AXIS2_PLACEMENT_3D('',#4841,#4842,#4843);
#4841 = CARTESIAN_POINT('',(-3.640525038647,-1.767774333162,12.2704));
#4842 = DIRECTION('',(0.868320429781,0.496003660495,-0.));
#4843 = DIRECTION('',(0.496003660495,-0.868320429781,0.));
#4844 = DEFINITIONAL_REPRESENTATION('',(#4845),#4849);
#4845 = LINE('',#4846,#4847);
#4846 = CARTESIAN_POINT('',(0.,-0.65));
#4847 = VECTOR('',#4848,1.);
#4848 = DIRECTION('',(1.,0.));
#4849 = ( GEOMETRIC_REPRESENTATION_CONTEXT(2) 
PARAMETRIC_REPRESENTATION_CONTEXT() REPRESENTATION_CONTEXT('2D SPACE',''
  ) );
#4850 = ORIENTED_EDGE('',*,*,#4851,.T.);
#4851 = EDGE_CURVE('',#4824,#4852,#4854,.T.);
#4852 = VERTEX_POINT('',#4853);
#4853 = CARTESIAN_POINT('',(-3.04221962746,-2.669078962544,12.9204));
#4854 = SURFACE_CURVE('',#4855,(#4859,#4866),.PCURVE_S1.);
#4855 = LINE('',#4856,#4857);
#4856 = CARTESIAN_POINT('',(-3.371651944595,-2.238472473476,12.9204));
#4857 = VECTOR('',#4858,1.);
#4858 = DIRECTION('',(0.607618854552,-0.794228762758,0.));
#4859 = PCURVE('',#1715,#4860);
#4860 = DEFINITIONAL_REPRESENTATION('',(#4861),#4865);
#4861 = LINE('',#4862,#4863);
#4862 = CARTESIAN_POINT('',(-1.741907555323,-3.67340297514));
#4863 = VECTOR('',#4864,1.);
#4864 = DIRECTION('',(0.92332774524,-0.384012857689));
#4865 = ( GEOMETRIC_REPRESENTATION_CONTEXT(2) 
PARAMETRIC_REPRESENTATION_CONTEXT() REPRESENTATION_CONTEXT('2D SPACE',''
  ) );
#4866 = PCURVE('',#4867,#4872);
#4867 = PLANE('',#4868);
#4868 = AXIS2_PLACEMENT_3D('',#4869,#4870,#4871);
#4869 = CARTESIAN_POINT('',(-3.371651944595,-2.238472473476,12.2704));
#4870 = DIRECTION('',(0.794228762758,0.607618854552,-0.));
#4871 = DIRECTION('',(0.607618854552,-0.794228762758,0.));
#4872 = DEFINITIONAL_REPRESENTATION('',(#4873),#4877);
#4873 = LINE('',#4874,#4875);
#4874 = CARTESIAN_POINT('',(0.,-0.65));
#4875 = VECTOR('',#4876,1.);
#4876 = DIRECTION('',(1.,0.));
#4877 = ( GEOMETRIC_REPRESENTATION_CONTEXT(2) 
PARAMETRIC_REPRESENTATION_CONTEXT() REPRESENTATION_CONTEXT('2D SPACE',''
  ) );
#4878 = ORIENTED_EDGE('',*,*,#4879,.T.);
#4879 = EDGE_CURVE('',#4852,#4880,#4882,.T.);
#4880 = VERTEX_POINT('',#4881);
#4881 = CARTESIAN_POINT('',(-2.899977944163,-2.822909140119,12.9204));
#4882 = SURFACE_CURVE('',#4883,(#4887,#4894),.PCURVE_S1.);
#4883 = LINE('',#4884,#4885);
#4884 = CARTESIAN_POINT('',(-3.04221962746,-2.669078962544,12.9204));
#4885 = VECTOR('',#4886,1.);
#4886 = DIRECTION('',(0.678910197286,-0.734221318147,0.));
#4887 = PCURVE('',#1715,#4888);
#4888 = DEFINITIONAL_REPRESENTATION('',(#4889),#4893);
#4889 = LINE('',#4890,#4891);
#4890 = CARTESIAN_POINT('',(-1.241307555323,-3.88160297514));
#4891 = VECTOR('',#4892,1.);
#4892 = DIRECTION('',(0.955064136811,-0.296399214872));
#4893 = ( GEOMETRIC_REPRESENTATION_CONTEXT(2) 
PARAMETRIC_REPRESENTATION_CONTEXT() REPRESENTATION_CONTEXT('2D SPACE',''
  ) );
#4894 = PCURVE('',#4895,#4900);
#4895 = PLANE('',#4896);
#4896 = AXIS2_PLACEMENT_3D('',#4897,#4898,#4899);
#4897 = CARTESIAN_POINT('',(-3.04221962746,-2.669078962544,12.2704));
#4898 = DIRECTION('',(0.734221318147,0.678910197286,-0.));
#4899 = DIRECTION('',(0.678910197286,-0.734221318147,0.));
#4900 = DEFINITIONAL_REPRESENTATION('',(#4901),#4905);
#4901 = LINE('',#4902,#4903);
#4902 = CARTESIAN_POINT('',(0.,-0.65));
#4903 = VECTOR('',#4904,1.);
#4904 = DIRECTION('',(1.,0.));
#4905 = ( GEOMETRIC_REPRESENTATION_CONTEXT(2) 
PARAMETRIC_REPRESENTATION_CONTEXT() REPRESENTATION_CONTEXT('2D SPACE',''
  ) );
#4906 = ORIENTED_EDGE('',*,*,#4907,.T.);
#4907 = EDGE_CURVE('',#4880,#4908,#4910,.T.);
#4908 = VERTEX_POINT('',#4909);
#4909 = CARTESIAN_POINT('',(-4.803327944163,-6.119608044705,12.9204));
#4910 = SURFACE_CURVE('',#4911,(#4915,#4922),.PCURVE_S1.);
#4911 = LINE('',#4912,#4913);
#4912 = CARTESIAN_POINT('',(-2.899977944163,-2.822909140119,12.9204));
#4913 = VECTOR('',#4914,1.);
#4914 = DIRECTION('',(-0.5,-0.866025403784,0.));
#4915 = PCURVE('',#1715,#4916);
#4916 = DEFINITIONAL_REPRESENTATION('',(#4917),#4921);
#4917 = LINE('',#4918,#4919);
#4918 = CARTESIAN_POINT('',(-1.041207555323,-3.94370297514));
#4919 = VECTOR('',#4920,1.);
#4920 = DIRECTION('',(0.,-1.));
#4921 = ( GEOMETRIC_REPRESENTATION_CONTEXT(2) 
PARAMETRIC_REPRESENTATION_CONTEXT() REPRESENTATION_CONTEXT('2D SPACE',''
  ) );
#4922 = PCURVE('',#4923,#4928);
#4923 = PLANE('',#4924);
#4924 = AXIS2_PLACEMENT_3D('',#4925,#4926,#4927);
#4925 = CARTESIAN_POINT('',(-2.899977944163,-2.822909140119,12.2704));
#4926 = DIRECTION('',(0.866025403784,-0.5,0.));
#4927 = DIRECTION('',(-0.5,-0.866025403784,0.));
#4928 = DEFINITIONAL_REPRESENTATION('',(#4929),#4933);
#4929 = LINE('',#4930,#4931);
#4930 = CARTESIAN_POINT('',(0.,-0.65));
#4931 = VECTOR('',#4932,1.);
#4932 = DIRECTION('',(1.,0.));
#4933 = ( GEOMETRIC_REPRESENTATION_CONTEXT(2) 
PARAMETRIC_REPRESENTATION_CONTEXT() REPRESENTATION_CONTEXT('2D SPACE',''
  ) );
#4934 = ORIENTED_EDGE('',*,*,#4935,.T.);
#4935 = EDGE_CURVE('',#4908,#4936,#4938,.T.);
#4936 = VERTEX_POINT('',#4937);
#4937 = CARTESIAN_POINT('',(-5.371527897237,-5.627359232287,12.9204));
#4938 = SURFACE_CURVE('',#4939,(#4943,#4950),.PCURVE_S1.);
#4939 = LINE('',#4940,#4941);
#4940 = CARTESIAN_POINT('',(-4.803327944163,-6.119608044705,12.9204));
#4941 = VECTOR('',#4942,1.);
#4942 = DIRECTION('',(-0.755814909196,0.654785325918,0.));
#4943 = PCURVE('',#1715,#4944);
#4944 = DEFINITIONAL_REPRESENTATION('',(#4945),#4949);
#4945 = LINE('',#4946,#4947);
#4946 = CARTESIAN_POINT('',(-1.041207555323,-7.75040297514));
#4947 = VECTOR('',#4948,1.);
#4948 = DIRECTION('',(-0.981947574882,0.189153271672));
#4949 = ( GEOMETRIC_REPRESENTATION_CONTEXT(2) 
PARAMETRIC_REPRESENTATION_CONTEXT() REPRESENTATION_CONTEXT('2D SPACE',''
  ) );
#4950 = PCURVE('',#4951,#4956);
#4951 = PLANE('',#4952);
#4952 = AXIS2_PLACEMENT_3D('',#4953,#4954,#4955);
#4953 = CARTESIAN_POINT('',(-4.803327944163,-6.119608044705,12.2704));
#4954 = DIRECTION('',(-0.654785325918,-0.755814909196,0.));
#4955 = DIRECTION('',(-0.755814909196,0.654785325918,0.));
#4956 = DEFINITIONAL_REPRESENTATION('',(#4957),#4961);
#4957 = LINE('',#4958,#4959);
#4958 = CARTESIAN_POINT('',(0.,-0.65));
#4959 = VECTOR('',#4960,1.);
#4960 = DIRECTION('',(1.,0.));
#4961 = ( GEOMETRIC_REPRESENTATION_CONTEXT(2) 
PARAMETRIC_REPRESENTATION_CONTEXT() REPRESENTATION_CONTEXT('2D SPACE',''
  ) );
#4962 = ORIENTED_EDGE('',*,*,#4963,.T.);
#4963 = EDGE_CURVE('',#4936,#4964,#4966,.T.);
#4964 = VERTEX_POINT('',#4965);
#4965 = CARTESIAN_POINT('',(-5.889532213365,-5.082569026362,12.9204));
#4966 = SURFACE_CURVE('',#4967,(#4971,#4978),.PCURVE_S1.);
#4967 = LINE('',#4968,#4969);
#4968 = CARTESIAN_POINT('',(-5.371527897237,-5.627359232287,12.9204));
#4969 = VECTOR('',#4970,1.);
#4970 = DIRECTION('',(-0.689066568712,0.724698050145,0.));
#4971 = PCURVE('',#1715,#4972);
#4972 = DEFINITIONAL_REPRESENTATION('',(#4973),#4977);
#4973 = LINE('',#4974,#4975);
#4974 = CARTESIAN_POINT('',(-1.779407555323,-7.60820297514));
#4975 = VECTOR('',#4976,1.);
#4976 = DIRECTION('',(-0.959098178476,0.283073637142));
#4977 = ( GEOMETRIC_REPRESENTATION_CONTEXT(2) 
PARAMETRIC_REPRESENTATION_CONTEXT() REPRESENTATION_CONTEXT('2D SPACE',''
  ) );
#4978 = PCURVE('',#4979,#4984);
#4979 = PLANE('',#4980);
#4980 = AXIS2_PLACEMENT_3D('',#4981,#4982,#4983);
#4981 = CARTESIAN_POINT('',(-5.371527897237,-5.627359232287,12.2704));
#4982 = DIRECTION('',(-0.724698050145,-0.689066568712,0.));
#4983 = DIRECTION('',(-0.689066568712,0.724698050145,0.));
#4984 = DEFINITIONAL_REPRESENTATION('',(#4985),#4989);
#4985 = LINE('',#4986,#4987);
#4986 = CARTESIAN_POINT('',(0.,-0.65));
#4987 = VECTOR('',#4988,1.);
#4988 = DIRECTION('',(1.,0.));
#4989 = ( GEOMETRIC_REPRESENTATION_CONTEXT(2) 
PARAMETRIC_REPRESENTATION_CONTEXT() REPRESENTATION_CONTEXT('2D SPACE',''
  ) );
#4990 = ORIENTED_EDGE('',*,*,#4991,.T.);
#4991 = EDGE_CURVE('',#4964,#4992,#4994,.T.);
#4992 = VERTEX_POINT('',#4993);
#4993 = CARTESIAN_POINT('',(-6.205854345523,-4.691055030817,12.9204));
#4994 = SURFACE_CURVE('',#4995,(#4999,#5006),.PCURVE_S1.);
#4995 = LINE('',#4996,#4997);
#4996 = CARTESIAN_POINT('',(-5.889532213365,-5.082569026362,12.9204));
#4997 = VECTOR('',#4998,1.);
#4998 = DIRECTION('',(-0.628456482809,0.777844746216,0.));
#4999 = PCURVE('',#1715,#5000);
#5000 = DEFINITIONAL_REPRESENTATION('',(#5001),#5005);
#5001 = LINE('',#5002,#5003);
#5002 = CARTESIAN_POINT('',(-2.500407555323,-7.39540297514));
#5003 = VECTOR('',#5004,1.);
#5004 = DIRECTION('',(-0.933181652393,0.359405069018));
#5005 = ( GEOMETRIC_REPRESENTATION_CONTEXT(2) 
PARAMETRIC_REPRESENTATION_CONTEXT() REPRESENTATION_CONTEXT('2D SPACE',''
  ) );
#5006 = PCURVE('',#5007,#5012);
#5007 = PLANE('',#5008);
#5008 = AXIS2_PLACEMENT_3D('',#5009,#5010,#5011);
#5009 = CARTESIAN_POINT('',(-5.889532213365,-5.082569026362,12.2704));
#5010 = DIRECTION('',(-0.777844746216,-0.628456482809,0.));
#5011 = DIRECTION('',(-0.628456482809,0.777844746216,0.));
#5012 = DEFINITIONAL_REPRESENTATION('',(#5013),#5017);
#5013 = LINE('',#5014,#5015);
#5014 = CARTESIAN_POINT('',(0.,-0.65));
#5015 = VECTOR('',#5016,1.);
#5016 = DIRECTION('',(1.,0.));
#5017 = ( GEOMETRIC_REPRESENTATION_CONTEXT(2) 
PARAMETRIC_REPRESENTATION_CONTEXT() REPRESENTATION_CONTEXT('2D SPACE',''
  ) );
#5018 = ORIENTED_EDGE('',*,*,#5019,.T.);
#5019 = EDGE_CURVE('',#4992,#5020,#5022,.T.);
#5020 = VERTEX_POINT('',#5021);
#5021 = CARTESIAN_POINT('',(-10.14097305765,-2.271080574052,12.9204));
#5022 = SURFACE_CURVE('',#5023,(#5027,#5034),.PCURVE_S1.);
#5023 = LINE('',#5024,#5025);
#5024 = CARTESIAN_POINT('',(-6.205854345523,-4.691055030817,12.9204));
#5025 = VECTOR('',#5026,1.);
#5026 = DIRECTION('',(-0.85181644998,0.523840372197,0.));
#5027 = PCURVE('',#1715,#5028);
#5028 = DEFINITIONAL_REPRESENTATION('',(#5029),#5033);
#5029 = LINE('',#5030,#5031);
#5030 = CARTESIAN_POINT('',(-2.970107555323,-7.21450297514));
#5031 = VECTOR('',#5032,1.);
#5032 = DIRECTION('',(-0.999614871143,2.775084486032E-02));
#5033 = ( GEOMETRIC_REPRESENTATION_CONTEXT(2) 
PARAMETRIC_REPRESENTATION_CONTEXT() REPRESENTATION_CONTEXT('2D SPACE',''
  ) );
#5034 = PCURVE('',#5035,#5040);
#5035 = PLANE('',#5036);
#5036 = AXIS2_PLACEMENT_3D('',#5037,#5038,#5039);
#5037 = CARTESIAN_POINT('',(-6.205854345523,-4.691055030817,12.2704));
#5038 = DIRECTION('',(-0.523840372197,-0.85181644998,0.));
#5039 = DIRECTION('',(-0.85181644998,0.523840372197,0.));
#5040 = DEFINITIONAL_REPRESENTATION('',(#5041),#5045);
#5041 = LINE('',#5042,#5043);
#5042 = CARTESIAN_POINT('',(0.,-0.65));
#5043 = VECTOR('',#5044,1.);
#5044 = DIRECTION('',(1.,0.));
#5045 = ( GEOMETRIC_REPRESENTATION_CONTEXT(2) 
PARAMETRIC_REPRESENTATION_CONTEXT() REPRESENTATION_CONTEXT('2D SPACE',''
  ) );
#5046 = ORIENTED_EDGE('',*,*,#5047,.T.);
#5047 = EDGE_CURVE('',#5020,#5048,#5050,.T.);
#5048 = VERTEX_POINT('',#5049);
#5049 = CARTESIAN_POINT('',(-9.915740639412,-3.110566582137,12.9204));
#5050 = SURFACE_CURVE('',#5051,(#5055,#5062),.PCURVE_S1.);
#5051 = LINE('',#5052,#5053);
#5052 = CARTESIAN_POINT('',(-10.14097305765,-2.271080574052,12.9204));
#5053 = VECTOR('',#5054,1.);
#5054 = DIRECTION('',(0.259133358042,-0.965841551576,0.));
#5055 = PCURVE('',#1715,#5056);
#5056 = DEFINITIONAL_REPRESENTATION('',(#5057),#5061);
#5057 = LINE('',#5058,#5059);
#5058 = CARTESIAN_POINT('',(-7.588007555323,-7.08630297514));
#5059 = VECTOR('',#5060,1.);
#5060 = DIRECTION('',(0.70733684682,-0.706876640674));
#5061 = ( GEOMETRIC_REPRESENTATION_CONTEXT(2) 
PARAMETRIC_REPRESENTATION_CONTEXT() REPRESENTATION_CONTEXT('2D SPACE',''
  ) );
#5062 = PCURVE('',#5063,#5068);
#5063 = PLANE('',#5064);
#5064 = AXIS2_PLACEMENT_3D('',#5065,#5066,#5067);
#5065 = CARTESIAN_POINT('',(-10.14097305765,-2.271080574052,12.2704));
#5066 = DIRECTION('',(0.965841551576,0.259133358042,-0.));
#5067 = DIRECTION('',(0.259133358042,-0.965841551576,0.));
#5068 = DEFINITIONAL_REPRESENTATION('',(#5069),#5073);
#5069 = LINE('',#5070,#5071);
#5070 = CARTESIAN_POINT('',(0.,-0.65));
#5071 = VECTOR('',#5072,1.);
#5072 = DIRECTION('',(1.,0.));
#5073 = ( GEOMETRIC_REPRESENTATION_CONTEXT(2) 
PARAMETRIC_REPRESENTATION_CONTEXT() REPRESENTATION_CONTEXT('2D SPACE',''
  ) );
#5074 = ORIENTED_EDGE('',*,*,#5075,.T.);
#5075 = EDGE_CURVE('',#5048,#5076,#5078,.T.);
#5076 = VERTEX_POINT('',#5077);
#5077 = CARTESIAN_POINT('',(-9.62118637384,-3.92818362858,12.9204));
#5078 = SURFACE_CURVE('',#5079,(#5083,#5090),.PCURVE_S1.);
#5079 = LINE('',#5080,#5081);
#5080 = CARTESIAN_POINT('',(-9.915740639412,-3.110566582137,12.9204));
#5081 = VECTOR('',#5082,1.);
#5082 = DIRECTION('',(0.338935545455,-0.940809596054,0.));
#5083 = PCURVE('',#1715,#5084);
#5084 = DEFINITIONAL_REPRESENTATION('',(#5085),#5089);
#5085 = LINE('',#5086,#5087);
#5086 = CARTESIAN_POINT('',(-6.973207555323,-7.70070297514));
#5087 = VECTOR('',#5088,1.);
#5088 = DIRECTION('',(0.763931590637,-0.645297237579));
#5089 = ( GEOMETRIC_REPRESENTATION_CONTEXT(2) 
PARAMETRIC_REPRESENTATION_CONTEXT() REPRESENTATION_CONTEXT('2D SPACE',''
  ) );
#5090 = PCURVE('',#5091,#5096);
#5091 = PLANE('',#5092);
#5092 = AXIS2_PLACEMENT_3D('',#5093,#5094,#5095);
#5093 = CARTESIAN_POINT('',(-9.915740639412,-3.110566582137,12.2704));
#5094 = DIRECTION('',(0.940809596054,0.338935545455,-0.));
#5095 = DIRECTION('',(0.338935545455,-0.940809596054,0.));
#5096 = DEFINITIONAL_REPRESENTATION('',(#5097),#5101);
#5097 = LINE('',#5098,#5099);
#5098 = CARTESIAN_POINT('',(0.,-0.65));
#5099 = VECTOR('',#5100,1.);
#5100 = DIRECTION('',(1.,0.));
#5101 = ( GEOMETRIC_REPRESENTATION_CONTEXT(2) 
PARAMETRIC_REPRESENTATION_CONTEXT() REPRESENTATION_CONTEXT('2D SPACE',''
  ) );
#5102 = ORIENTED_EDGE('',*,*,#5103,.T.);
#5103 = EDGE_CURVE('',#5076,#5104,#5106,.T.);
#5104 = VERTEX_POINT('',#5105);
#5105 = CARTESIAN_POINT('',(-9.259307375258,-4.718390816845,12.9204));
#5106 = SURFACE_CURVE('',#5107,(#5111,#5118),.PCURVE_S1.);
#5107 = LINE('',#5108,#5109);
#5108 = CARTESIAN_POINT('',(-9.62118637384,-3.92818362858,12.9204));
#5109 = VECTOR('',#5110,1.);
#5110 = DIRECTION('',(0.416370108462,-0.909195211591,0.));
#5111 = PCURVE('',#1715,#5112);
#5112 = DEFINITIONAL_REPRESENTATION('',(#5113),#5117);
#5113 = LINE('',#5114,#5115);
#5114 = CARTESIAN_POINT('',(-6.309307555323,-8.26150297514));
#5115 = VECTOR('',#5116,1.);
#5116 = DIRECTION('',(0.8151846971,-0.579201096006));
#5117 = ( GEOMETRIC_REPRESENTATION_CONTEXT(2) 
PARAMETRIC_REPRESENTATION_CONTEXT() REPRESENTATION_CONTEXT('2D SPACE',''
  ) );
#5118 = PCURVE('',#5119,#5124);
#5119 = PLANE('',#5120);
#5120 = AXIS2_PLACEMENT_3D('',#5121,#5122,#5123);
#5121 = CARTESIAN_POINT('',(-9.62118637384,-3.92818362858,12.2704));
#5122 = DIRECTION('',(0.909195211591,0.416370108462,-0.));
#5123 = DIRECTION('',(0.416370108462,-0.909195211591,0.));
#5124 = DEFINITIONAL_REPRESENTATION('',(#5125),#5129);
#5125 = LINE('',#5126,#5127);
#5126 = CARTESIAN_POINT('',(0.,-0.65));
#5127 = VECTOR('',#5128,1.);
#5128 = DIRECTION('',(1.,0.));
#5129 = ( GEOMETRIC_REPRESENTATION_CONTEXT(2) 
PARAMETRIC_REPRESENTATION_CONTEXT() REPRESENTATION_CONTEXT('2D SPACE',''
  ) );
#5130 = ORIENTED_EDGE('',*,*,#5131,.T.);
#5131 = EDGE_CURVE('',#5104,#5132,#5134,.T.);
#5132 = VERTEX_POINT('',#5133);
#5133 = CARTESIAN_POINT('',(-8.832633770687,-5.475570455479,12.9204));
#5134 = SURFACE_CURVE('',#5135,(#5139,#5146),.PCURVE_S1.);
#5135 = LINE('',#5136,#5137);
#5136 = CARTESIAN_POINT('',(-9.259307375258,-4.718390816845,12.9204));
#5137 = VECTOR('',#5138,1.);
#5138 = DIRECTION('',(0.490925415876,-0.871201604709,0.));
#5139 = PCURVE('',#1715,#5140);
#5140 = DEFINITIONAL_REPRESENTATION('',(#5141),#5145);
#5141 = LINE('',#5142,#5143);
#5142 = CARTESIAN_POINT('',(-5.600807555323,-8.76490297514));
#5143 = VECTOR('',#5144,1.);
#5144 = DIRECTION('',(0.860754683866,-0.509020013558));
#5145 = ( GEOMETRIC_REPRESENTATION_CONTEXT(2) 
PARAMETRIC_REPRESENTATION_CONTEXT() REPRESENTATION_CONTEXT('2D SPACE',''
  ) );
#5146 = PCURVE('',#5147,#5152);
#5147 = PLANE('',#5148);
#5148 = AXIS2_PLACEMENT_3D('',#5149,#5150,#5151);
#5149 = CARTESIAN_POINT('',(-9.259307375258,-4.718390816845,12.2704));
#5150 = DIRECTION('',(0.871201604709,0.490925415876,-0.));
#5151 = DIRECTION('',(0.490925415876,-0.871201604709,0.));
#5152 = DEFINITIONAL_REPRESENTATION('',(#5153),#5157);
#5153 = LINE('',#5154,#5155);
#5154 = CARTESIAN_POINT('',(0.,-0.65));
#5155 = VECTOR('',#5156,1.);
#5156 = DIRECTION('',(1.,0.));
#5157 = ( GEOMETRIC_REPRESENTATION_CONTEXT(2) 
PARAMETRIC_REPRESENTATION_CONTEXT() REPRESENTATION_CONTEXT('2D SPACE',''
  ) );
#5158 = ORIENTED_EDGE('',*,*,#5159,.T.);
#5159 = EDGE_CURVE('',#5132,#5160,#5162,.T.);
#5160 = VERTEX_POINT('',#5161);
#5161 = CARTESIAN_POINT('',(-8.344255494766,-6.194474468271,12.9204));
#5162 = SURFACE_CURVE('',#5163,(#5167,#5174),.PCURVE_S1.);
#5163 = LINE('',#5164,#5165);
#5164 = CARTESIAN_POINT('',(-8.832633770687,-5.475570455479,12.9204));
#5165 = VECTOR('',#5166,1.);
#5166 = DIRECTION('',(0.561935091198,-0.827181330351,0.));
#5167 = PCURVE('',#1715,#5168);
#5168 = DEFINITIONAL_REPRESENTATION('',(#5169),#5173);
#5169 = LINE('',#5170,#5171);
#5170 = CARTESIAN_POINT('',(-4.852707555323,-9.20730297514));
#5171 = VECTOR('',#5172,1.);
#5172 = DIRECTION('',(0.90024072943,-0.435392500021));
#5173 = ( GEOMETRIC_REPRESENTATION_CONTEXT(2) 
PARAMETRIC_REPRESENTATION_CONTEXT() REPRESENTATION_CONTEXT('2D SPACE',''
  ) );
#5174 = PCURVE('',#5175,#5180);
#5175 = PLANE('',#5176);
#5176 = AXIS2_PLACEMENT_3D('',#5177,#5178,#5179);
#5177 = CARTESIAN_POINT('',(-8.832633770687,-5.475570455479,12.2704));
#5178 = DIRECTION('',(0.827181330351,0.561935091198,-0.));
#5179 = DIRECTION('',(0.561935091198,-0.827181330351,0.));
#5180 = DEFINITIONAL_REPRESENTATION('',(#5181),#5185);
#5181 = LINE('',#5182,#5183);
#5182 = CARTESIAN_POINT('',(0.,-0.65));
#5183 = VECTOR('',#5184,1.);
#5184 = DIRECTION('',(1.,0.));
#5185 = ( GEOMETRIC_REPRESENTATION_CONTEXT(2) 
PARAMETRIC_REPRESENTATION_CONTEXT() REPRESENTATION_CONTEXT('2D SPACE',''
  ) );
#5186 = ORIENTED_EDGE('',*,*,#5187,.T.);
#5187 = EDGE_CURVE('',#5160,#5188,#5190,.T.);
#5188 = VERTEX_POINT('',#5189);
#5189 = CARTESIAN_POINT('',(-7.797449084676,-6.86997798409,12.9204));
#5190 = SURFACE_CURVE('',#5191,(#5195,#5202),.PCURVE_S1.);
#5191 = LINE('',#5192,#5193);
#5192 = CARTESIAN_POINT('',(-8.344255494766,-6.194474468271,12.9204));
#5193 = VECTOR('',#5194,1.);
#5194 = DIRECTION('',(0.629177535364,-0.777261621974,0.));
#5195 = PCURVE('',#1715,#5196);
#5196 = DEFINITIONAL_REPRESENTATION('',(#5197),#5201);
#5197 = LINE('',#5198,#5199);
#5198 = CARTESIAN_POINT('',(-4.070307555323,-9.58570297514));
#5199 = VECTOR('',#5200,1.);
#5200 = DIRECTION('',(0.933514540102,-0.358539542334));
#5201 = ( GEOMETRIC_REPRESENTATION_CONTEXT(2) 
PARAMETRIC_REPRESENTATION_CONTEXT() REPRESENTATION_CONTEXT('2D SPACE',''
  ) );
#5202 = PCURVE('',#5203,#5208);
#5203 = PLANE('',#5204);
#5204 = AXIS2_PLACEMENT_3D('',#5205,#5206,#5207);
#5205 = CARTESIAN_POINT('',(-8.344255494766,-6.194474468271,12.2704));
#5206 = DIRECTION('',(0.777261621974,0.629177535364,-0.));
#5207 = DIRECTION('',(0.629177535364,-0.777261621974,0.));
#5208 = DEFINITIONAL_REPRESENTATION('',(#5209),#5213);
#5209 = LINE('',#5210,#5211);
#5210 = CARTESIAN_POINT('',(0.,-0.65));
#5211 = VECTOR('',#5212,1.);
#5212 = DIRECTION('',(1.,0.));
#5213 = ( GEOMETRIC_REPRESENTATION_CONTEXT(2) 
PARAMETRIC_REPRESENTATION_CONTEXT() REPRESENTATION_CONTEXT('2D SPACE',''
  ) );
#5214 = ORIENTED_EDGE('',*,*,#5215,.T.);
#5215 = EDGE_CURVE('',#5188,#5216,#5218,.T.);
#5216 = VERTEX_POINT('',#5217);
#5217 = CARTESIAN_POINT('',(-7.196150885218,-7.497498952129,12.9204));
#5218 = SURFACE_CURVE('',#5219,(#5223,#5230),.PCURVE_S1.);
#5219 = LINE('',#5220,#5221);
#5220 = CARTESIAN_POINT('',(-7.797449084676,-6.86997798409,12.9204));
#5221 = VECTOR('',#5222,1.);
#5222 = DIRECTION('',(0.69185974202,-0.722031922682,0.));
#5223 = PCURVE('',#1715,#5224);
#5224 = DEFINITIONAL_REPRESENTATION('',(#5225),#5229);
#5225 = LINE('',#5226,#5227);
#5226 = CARTESIAN_POINT('',(-3.259007555323,-9.89730297514));
#5227 = VECTOR('',#5228,1.);
#5228 = DIRECTION('',(0.960184073786,-0.279368116375));
#5229 = ( GEOMETRIC_REPRESENTATION_CONTEXT(2) 
PARAMETRIC_REPRESENTATION_CONTEXT() REPRESENTATION_CONTEXT('2D SPACE',''
  ) );
#5230 = PCURVE('',#5231,#5236);
#5231 = PLANE('',#5232);
#5232 = AXIS2_PLACEMENT_3D('',#5233,#5234,#5235);
#5233 = CARTESIAN_POINT('',(-7.797449084676,-6.86997798409,12.2704));
#5234 = DIRECTION('',(0.722031922682,0.69185974202,-0.));
#5235 = DIRECTION('',(0.69185974202,-0.722031922682,0.));
#5236 = DEFINITIONAL_REPRESENTATION('',(#5237),#5241);
#5237 = LINE('',#5238,#5239);
#5238 = CARTESIAN_POINT('',(0.,-0.65));
#5239 = VECTOR('',#5240,1.);
#5240 = DIRECTION('',(1.,0.));
#5241 = ( GEOMETRIC_REPRESENTATION_CONTEXT(2) 
PARAMETRIC_REPRESENTATION_CONTEXT() REPRESENTATION_CONTEXT('2D SPACE',''
  ) );
#5242 = ORIENTED_EDGE('',*,*,#5243,.T.);
#5243 = EDGE_CURVE('',#5216,#5244,#5246,.T.);
#5244 = VERTEX_POINT('',#5245);
#5245 = CARTESIAN_POINT('',(-6.544483843734,-8.072578526661,12.9204));
#5246 = SURFACE_CURVE('',#5247,(#5251,#5258),.PCURVE_S1.);
#5247 = LINE('',#5248,#5249);
#5248 = CARTESIAN_POINT('',(-7.196150885218,-7.497498952129,12.9204));
#5249 = VECTOR('',#5250,1.);
#5250 = DIRECTION('',(0.74979262036,-0.661672899893,0.));
#5251 = PCURVE('',#1715,#5252);
#5252 = DEFINITIONAL_REPRESENTATION('',(#5253),#5257);
#5253 = LINE('',#5254,#5255);
#5254 = CARTESIAN_POINT('',(-2.424507555323,-10.14010297514));
#5255 = VECTOR('',#5256,1.);
#5256 = DIRECTION('',(0.980175906749,-0.198129230123));
#5257 = ( GEOMETRIC_REPRESENTATION_CONTEXT(2) 
PARAMETRIC_REPRESENTATION_CONTEXT() REPRESENTATION_CONTEXT('2D SPACE',''
  ) );
#5258 = PCURVE('',#5259,#5264);
#5259 = PLANE('',#5260);
#5260 = AXIS2_PLACEMENT_3D('',#5261,#5262,#5263);
#5261 = CARTESIAN_POINT('',(-7.196150885218,-7.497498952129,12.2704));
#5262 = DIRECTION('',(0.661672899893,0.74979262036,-0.));
#5263 = DIRECTION('',(0.74979262036,-0.661672899893,0.));
#5264 = DEFINITIONAL_REPRESENTATION('',(#5265),#5269);
#5265 = LINE('',#5266,#5267);
#5266 = CARTESIAN_POINT('',(0.,-0.65));
#5267 = VECTOR('',#5268,1.);
#5268 = DIRECTION('',(1.,0.));
#5269 = ( GEOMETRIC_REPRESENTATION_CONTEXT(2) 
PARAMETRIC_REPRESENTATION_CONTEXT() REPRESENTATION_CONTEXT('2D SPACE',''
  ) );
#5270 = ORIENTED_EDGE('',*,*,#5271,.T.);
#5271 = EDGE_CURVE('',#5244,#5272,#5274,.T.);
#5272 = VERTEX_POINT('',#5273);
#5273 = CARTESIAN_POINT('',(-6.119527944163,-8.399333317628,12.9204));
#5274 = SURFACE_CURVE('',#5275,(#5279,#5286),.PCURVE_S1.);
#5275 = LINE('',#5276,#5277);
#5276 = CARTESIAN_POINT('',(-6.544483843734,-8.072578526661,12.9204));
#5277 = VECTOR('',#5278,1.);
#5278 = DIRECTION('',(0.792745105497,-0.609553277171,0.));
#5279 = PCURVE('',#1715,#5280);
#5280 = DEFINITIONAL_REPRESENTATION('',(#5281),#5285);
#5281 = LINE('',#5282,#5283);
#5282 = CARTESIAN_POINT('',(-1.572607555323,-10.31230297514));
#5283 = VECTOR('',#5284,1.);
#5284 = DIRECTION('',(0.991314038672,-0.131516070242));
#5285 = ( GEOMETRIC_REPRESENTATION_CONTEXT(2) 
PARAMETRIC_REPRESENTATION_CONTEXT() REPRESENTATION_CONTEXT('2D SPACE',''
  ) );
#5286 = PCURVE('',#5287,#5292);
#5287 = PLANE('',#5288);
#5288 = AXIS2_PLACEMENT_3D('',#5289,#5290,#5291);
#5289 = CARTESIAN_POINT('',(-6.544483843734,-8.072578526661,12.2704));
#5290 = DIRECTION('',(0.609553277171,0.792745105497,-0.));
#5291 = DIRECTION('',(0.792745105497,-0.609553277171,0.));
#5292 = DEFINITIONAL_REPRESENTATION('',(#5293),#5297);
#5293 = LINE('',#5294,#5295);
#5294 = CARTESIAN_POINT('',(0.,-0.65));
#5295 = VECTOR('',#5296,1.);
#5296 = DIRECTION('',(1.,0.));
#5297 = ( GEOMETRIC_REPRESENTATION_CONTEXT(2) 
PARAMETRIC_REPRESENTATION_CONTEXT() REPRESENTATION_CONTEXT('2D SPACE',''
  ) );
#5298 = ORIENTED_EDGE('',*,*,#5299,.T.);
#5299 = EDGE_CURVE('',#5272,#5300,#5302,.T.);
#5300 = VERTEX_POINT('',#5301);
#5301 = CARTESIAN_POINT('',(-6.302627944163,-8.716471820493,12.9204));
#5302 = SURFACE_CURVE('',#5303,(#5307,#5314),.PCURVE_S1.);
#5303 = LINE('',#5304,#5305);
#5304 = CARTESIAN_POINT('',(-6.119527944163,-8.399333317628,12.9204));
#5305 = VECTOR('',#5306,1.);
#5306 = DIRECTION('',(-0.5,-0.866025403784,0.));
#5307 = PCURVE('',#1715,#5308);
#5308 = DEFINITIONAL_REPRESENTATION('',(#5309),#5313);
#5309 = LINE('',#5310,#5311);
#5310 = CARTESIAN_POINT('',(-1.041207555323,-10.38280297514));
#5311 = VECTOR('',#5312,1.);
#5312 = DIRECTION('',(0.,-1.));
#5313 = ( GEOMETRIC_REPRESENTATION_CONTEXT(2) 
PARAMETRIC_REPRESENTATION_CONTEXT() REPRESENTATION_CONTEXT('2D SPACE',''
  ) );
#5314 = PCURVE('',#5315,#5320);
#5315 = PLANE('',#5316);
#5316 = AXIS2_PLACEMENT_3D('',#5317,#5318,#5319);
#5317 = CARTESIAN_POINT('',(-6.119527944163,-8.399333317628,12.2704));
#5318 = DIRECTION('',(0.866025403784,-0.5,0.));
#5319 = DIRECTION('',(-0.5,-0.866025403784,0.));
#5320 = DEFINITIONAL_REPRESENTATION('',(#5321),#5325);
#5321 = LINE('',#5322,#5323);
#5322 = CARTESIAN_POINT('',(0.,-0.65));
#5323 = VECTOR('',#5324,1.);
#5324 = DIRECTION('',(1.,0.));
#5325 = ( GEOMETRIC_REPRESENTATION_CONTEXT(2) 
PARAMETRIC_REPRESENTATION_CONTEXT() REPRESENTATION_CONTEXT('2D SPACE',''
  ) );
#5326 = ORIENTED_EDGE('',*,*,#5327,.T.);
#5327 = EDGE_CURVE('',#5300,#5328,#5330,.T.);
#5328 = VERTEX_POINT('',#5329);
#5329 = CARTESIAN_POINT('',(-4.570577136594,-9.716471820493,12.9204));
#5330 = SURFACE_CURVE('',#5331,(#5335,#5342),.PCURVE_S1.);
#5331 = LINE('',#5332,#5333);
#5332 = CARTESIAN_POINT('',(-6.302627944163,-8.716471820493,12.9204));
#5333 = VECTOR('',#5334,1.);
#5334 = DIRECTION('',(0.866025403784,-0.5,0.));
#5335 = PCURVE('',#1715,#5336);
#5336 = DEFINITIONAL_REPRESENTATION('',(#5337),#5341);
#5337 = LINE('',#5338,#5339);
#5338 = CARTESIAN_POINT('',(-1.041207555323,-10.74900297514));
#5339 = VECTOR('',#5340,1.);
#5340 = DIRECTION('',(1.,0.));
#5341 = ( GEOMETRIC_REPRESENTATION_CONTEXT(2) 
PARAMETRIC_REPRESENTATION_CONTEXT() REPRESENTATION_CONTEXT('2D SPACE',''
  ) );
#5342 = PCURVE('',#5343,#5348);
#5343 = PLANE('',#5344);
#5344 = AXIS2_PLACEMENT_3D('',#5345,#5346,#5347);
#5345 = CARTESIAN_POINT('',(-6.302627944163,-8.716471820493,12.2704));
#5346 = DIRECTION('',(0.5,0.866025403784,-0.));
#5347 = DIRECTION('',(0.866025403784,-0.5,0.));
#5348 = DEFINITIONAL_REPRESENTATION('',(#5349),#5353);
#5349 = LINE('',#5350,#5351);
#5350 = CARTESIAN_POINT('',(0.,-0.65));
#5351 = VECTOR('',#5352,1.);
#5352 = DIRECTION('',(1.,0.));
#5353 = ( GEOMETRIC_REPRESENTATION_CONTEXT(2) 
PARAMETRIC_REPRESENTATION_CONTEXT() REPRESENTATION_CONTEXT('2D SPACE',''
  ) );
#5354 = ORIENTED_EDGE('',*,*,#5355,.T.);
#5355 = EDGE_CURVE('',#5328,#5356,#5358,.T.);
#5356 = VERTEX_POINT('',#5357);
#5357 = CARTESIAN_POINT('',(-4.397127136594,-9.416047607921,12.9204));
#5358 = SURFACE_CURVE('',#5359,(#5363,#5370),.PCURVE_S1.);
#5359 = LINE('',#5360,#5361);
#5360 = CARTESIAN_POINT('',(-4.570577136594,-9.716471820493,12.9204));
#5361 = VECTOR('',#5362,1.);
#5362 = DIRECTION('',(0.5,0.866025403784,0.));
#5363 = PCURVE('',#1715,#5364);
#5364 = DEFINITIONAL_REPRESENTATION('',(#5365),#5369);
#5365 = LINE('',#5366,#5367);
#5366 = CARTESIAN_POINT('',(0.958792444677,-10.74900297514));
#5367 = VECTOR('',#5368,1.);
#5368 = DIRECTION('',(0.,1.));
#5369 = ( GEOMETRIC_REPRESENTATION_CONTEXT(2) 
PARAMETRIC_REPRESENTATION_CONTEXT() REPRESENTATION_CONTEXT('2D SPACE',''
  ) );
#5370 = PCURVE('',#5371,#5376);
#5371 = PLANE('',#5372);
#5372 = AXIS2_PLACEMENT_3D('',#5373,#5374,#5375);
#5373 = CARTESIAN_POINT('',(-4.570577136594,-9.716471820493,12.2704));
#5374 = DIRECTION('',(-0.866025403784,0.5,0.));
#5375 = DIRECTION('',(0.5,0.866025403784,0.));
#5376 = DEFINITIONAL_REPRESENTATION('',(#5377),#5381);
#5377 = LINE('',#5378,#5379);
#5378 = CARTESIAN_POINT('',(0.,-0.65));
#5379 = VECTOR('',#5380,1.);
#5380 = DIRECTION('',(1.,0.));
#5381 = ( GEOMETRIC_REPRESENTATION_CONTEXT(2) 
PARAMETRIC_REPRESENTATION_CONTEXT() REPRESENTATION_CONTEXT('2D SPACE',''
  ) );
#5382 = ORIENTED_EDGE('',*,*,#5383,.T.);
#5383 = EDGE_CURVE('',#5356,#5384,#5386,.T.);
#5384 = VERTEX_POINT('',#5385);
#5385 = CARTESIAN_POINT('',(-3.594999841072,-9.750522377939,12.9204));
#5386 = SURFACE_CURVE('',#5387,(#5391,#5398),.PCURVE_S1.);
#5387 = LINE('',#5388,#5389);
#5388 = CARTESIAN_POINT('',(-4.397127136594,-9.416047607921,12.9204));
#5389 = VECTOR('',#5390,1.);
#5390 = DIRECTION('',(0.922972691414,-0.384865445195,0.));
#5391 = PCURVE('',#1715,#5392);
#5392 = DEFINITIONAL_REPRESENTATION('',(#5393),#5397);
#5393 = LINE('',#5394,#5395);
#5394 = CARTESIAN_POINT('',(0.958792444677,-10.40210297514));
#5395 = VECTOR('',#5396,1.);
#5396 = DIRECTION('',(0.991750520361,0.128183093129));
#5397 = ( GEOMETRIC_REPRESENTATION_CONTEXT(2) 
PARAMETRIC_REPRESENTATION_CONTEXT() REPRESENTATION_CONTEXT('2D SPACE',''
  ) );
#5398 = PCURVE('',#5399,#5404);
#5399 = PLANE('',#5400);
#5400 = AXIS2_PLACEMENT_3D('',#5401,#5402,#5403);
#5401 = CARTESIAN_POINT('',(-4.397127136594,-9.416047607921,12.2704));
#5402 = DIRECTION('',(0.384865445195,0.922972691414,-0.));
#5403 = DIRECTION('',(0.922972691414,-0.384865445195,0.));
#5404 = DEFINITIONAL_REPRESENTATION('',(#5405),#5409);
#5405 = LINE('',#5406,#5407);
#5406 = CARTESIAN_POINT('',(0.,-0.65));
#5407 = VECTOR('',#5408,1.);
#5408 = DIRECTION('',(1.,0.));
#5409 = ( GEOMETRIC_REPRESENTATION_CONTEXT(2) 
PARAMETRIC_REPRESENTATION_CONTEXT() REPRESENTATION_CONTEXT('2D SPACE',''
  ) );
#5410 = ORIENTED_EDGE('',*,*,#5411,.T.);
#5411 = EDGE_CURVE('',#5384,#5412,#5414,.T.);
#5412 = VERTEX_POINT('',#5413);
#5413 = CARTESIAN_POINT('',(-2.767638055477,-10.01688972904,12.9204));
#5414 = SURFACE_CURVE('',#5415,(#5419,#5426),.PCURVE_S1.);
#5415 = LINE('',#5416,#5417);
#5416 = CARTESIAN_POINT('',(-3.594999841072,-9.750522377939,12.9204));
#5417 = VECTOR('',#5418,1.);
#5418 = DIRECTION('',(0.951884452665,-0.306457156508,0.));
#5419 = PCURVE('',#1715,#5420);
#5420 = DEFINITIONAL_REPRESENTATION('',(#5421),#5425);
#5421 = LINE('',#5422,#5423);
#5422 = CARTESIAN_POINT('',(1.820692444677,-10.29070297514));
#5423 = VECTOR('',#5424,1.);
#5424 = DIRECTION('',(0.977584695729,0.210542543625));
#5425 = ( GEOMETRIC_REPRESENTATION_CONTEXT(2) 
PARAMETRIC_REPRESENTATION_CONTEXT() REPRESENTATION_CONTEXT('2D SPACE',''
  ) );
#5426 = PCURVE('',#5427,#5432);
#5427 = PLANE('',#5428);
#5428 = AXIS2_PLACEMENT_3D('',#5429,#5430,#5431);
#5429 = CARTESIAN_POINT('',(-3.594999841072,-9.750522377939,12.2704));
#5430 = DIRECTION('',(0.306457156508,0.951884452665,-0.));
#5431 = DIRECTION('',(0.951884452665,-0.306457156508,0.));
#5432 = DEFINITIONAL_REPRESENTATION('',(#5433),#5437);
#5433 = LINE('',#5434,#5435);
#5434 = CARTESIAN_POINT('',(0.,-0.65));
#5435 = VECTOR('',#5436,1.);
#5436 = DIRECTION('',(1.,0.));
#5437 = ( GEOMETRIC_REPRESENTATION_CONTEXT(2) 
PARAMETRIC_REPRESENTATION_CONTEXT() REPRESENTATION_CONTEXT('2D SPACE',''
  ) );
#5438 = ORIENTED_EDGE('',*,*,#5439,.T.);
#5439 = EDGE_CURVE('',#5412,#5440,#5442,.T.);
#5440 = VERTEX_POINT('',#5441);
#5441 = CARTESIAN_POINT('',(-1.921011137311,-10.21308889172,12.9204));
#5442 = SURFACE_CURVE('',#5443,(#5447,#5454),.PCURVE_S1.);
#5443 = LINE('',#5444,#5445);
#5444 = CARTESIAN_POINT('',(-2.767638055477,-10.01688972904,12.9204));
#5445 = VECTOR('',#5446,1.);
#5446 = DIRECTION('',(0.974183110624,-0.225759312043,0.));
#5447 = PCURVE('',#1715,#5448);
#5448 = DEFINITIONAL_REPRESENTATION('',(#5449),#5453);
#5449 = LINE('',#5450,#5451);
#5450 = CARTESIAN_POINT('',(2.670392444677,-10.10770297514));
#5451 = VECTOR('',#5452,1.);
#5452 = DIRECTION('',(0.95654697776,0.291578255942));
#5453 = ( GEOMETRIC_REPRESENTATION_CONTEXT(2) 
PARAMETRIC_REPRESENTATION_CONTEXT() REPRESENTATION_CONTEXT('2D SPACE',''
  ) );
#5454 = PCURVE('',#5455,#5460);
#5455 = PLANE('',#5456);
#5456 = AXIS2_PLACEMENT_3D('',#5457,#5458,#5459);
#5457 = CARTESIAN_POINT('',(-2.767638055477,-10.01688972904,12.2704));
#5458 = DIRECTION('',(0.225759312043,0.974183110624,-0.));
#5459 = DIRECTION('',(0.974183110624,-0.225759312043,0.));
#5460 = DEFINITIONAL_REPRESENTATION('',(#5461),#5465);
#5461 = LINE('',#5462,#5463);
#5462 = CARTESIAN_POINT('',(0.,-0.65));
#5463 = VECTOR('',#5464,1.);
#5464 = DIRECTION('',(1.,0.));
#5465 = ( GEOMETRIC_REPRESENTATION_CONTEXT(2) 
PARAMETRIC_REPRESENTATION_CONTEXT() REPRESENTATION_CONTEXT('2D SPACE',''
  ) );
#5466 = ORIENTED_EDGE('',*,*,#5467,.T.);
#5467 = EDGE_CURVE('',#5440,#5468,#5470,.T.);
#5468 = VERTEX_POINT('',#5469);
#5469 = CARTESIAN_POINT('',(-1.060868828835,-10.3378787117,12.9204));
#5470 = SURFACE_CURVE('',#5471,(#5475,#5482),.PCURVE_S1.);
#5471 = LINE('',#5472,#5473);
#5472 = CARTESIAN_POINT('',(-1.921011137311,-10.21308889172,12.9204));
#5473 = VECTOR('',#5474,1.);
#5474 = DIRECTION('',(0.989639109434,-0.143577272151,0.));
#5475 = PCURVE('',#1715,#5476);
#5476 = DEFINITIONAL_REPRESENTATION('',(#5477),#5481);
#5477 = LINE('',#5478,#5479);
#5478 = CARTESIAN_POINT('',(3.501692444677,-9.85430297514));
#5479 = VECTOR('',#5480,1.);
#5480 = DIRECTION('',(0.928841245424,0.370477989628));
#5481 = ( GEOMETRIC_REPRESENTATION_CONTEXT(2) 
PARAMETRIC_REPRESENTATION_CONTEXT() REPRESENTATION_CONTEXT('2D SPACE',''
  ) );
#5482 = PCURVE('',#5483,#5488);
#5483 = PLANE('',#5484);
#5484 = AXIS2_PLACEMENT_3D('',#5485,#5486,#5487);
#5485 = CARTESIAN_POINT('',(-1.921011137311,-10.21308889172,12.2704));
#5486 = DIRECTION('',(0.143577272151,0.989639109434,-0.));
#5487 = DIRECTION('',(0.989639109434,-0.143577272151,0.));
#5488 = DEFINITIONAL_REPRESENTATION('',(#5489),#5493);
#5489 = LINE('',#5490,#5491);
#5490 = CARTESIAN_POINT('',(0.,-0.65));
#5491 = VECTOR('',#5492,1.);
#5492 = DIRECTION('',(1.,0.));
#5493 = ( GEOMETRIC_REPRESENTATION_CONTEXT(2) 
PARAMETRIC_REPRESENTATION_CONTEXT() REPRESENTATION_CONTEXT('2D SPACE',''
  ) );
#5494 = ORIENTED_EDGE('',*,*,#5495,.T.);
#5495 = EDGE_CURVE('',#5468,#5496,#5498,.T.);
#5496 = VERTEX_POINT('',#5497);
#5497 = CARTESIAN_POINT('',(-0.193384077393,-10.39035104741,12.9204));
#5498 = SURFACE_CURVE('',#5499,(#5503,#5510),.PCURVE_S1.);
#5499 = LINE('',#5500,#5501);
#5500 = CARTESIAN_POINT('',(-1.060868828835,-10.3378787117,12.9204));
#5501 = VECTOR('',#5502,1.);
#5502 = DIRECTION('',(0.998175611404,-6.037755210399E-02,0.));
#5503 = PCURVE('',#1715,#5504);
#5504 = DEFINITIONAL_REPRESENTATION('',(#5505),#5509);
#5505 = LINE('',#5506,#5507);
#5506 = CARTESIAN_POINT('',(4.308992444677,-9.53230297514));
#5507 = VECTOR('',#5508,1.);
#5508 = DIRECTION('',(0.894634212966,0.446799311762));
#5509 = ( GEOMETRIC_REPRESENTATION_CONTEXT(2) 
PARAMETRIC_REPRESENTATION_CONTEXT() REPRESENTATION_CONTEXT('2D SPACE',''
  ) );
#5510 = PCURVE('',#5511,#5516);
#5511 = PLANE('',#5512);
#5512 = AXIS2_PLACEMENT_3D('',#5513,#5514,#5515);
#5513 = CARTESIAN_POINT('',(-1.060868828835,-10.3378787117,12.2704));
#5514 = DIRECTION('',(6.037755210399E-02,0.998175611404,-0.));
#5515 = DIRECTION('',(0.998175611404,-6.037755210399E-02,0.));
#5516 = DEFINITIONAL_REPRESENTATION('',(#5517),#5521);
#5517 = LINE('',#5518,#5519);
#5518 = CARTESIAN_POINT('',(0.,-0.65));
#5519 = VECTOR('',#5520,1.);
#5520 = DIRECTION('',(1.,0.));
#5521 = ( GEOMETRIC_REPRESENTATION_CONTEXT(2) 
PARAMETRIC_REPRESENTATION_CONTEXT() REPRESENTATION_CONTEXT('2D SPACE',''
  ) );
#5522 = ORIENTED_EDGE('',*,*,#5523,.T.);
#5523 = EDGE_CURVE('',#5496,#5524,#5526,.T.);
#5524 = VERTEX_POINT('',#5525);
#5525 = CARTESIAN_POINT('',(0.675503182377,-10.37019416744,12.9204));
#5526 = SURFACE_CURVE('',#5527,(#5531,#5538),.PCURVE_S1.);
#5527 = LINE('',#5528,#5529);
#5528 = CARTESIAN_POINT('',(-0.193384077393,-10.39035104741,12.9204));
#5529 = VECTOR('',#5530,1.);
#5530 = DIRECTION('',(0.99973102339,2.319225885105E-02,0.));
#5531 = PCURVE('',#1715,#5532);
#5532 = DEFINITIONAL_REPRESENTATION('',(#5533),#5537);
#5533 = LINE('',#5534,#5535);
#5534 = CARTESIAN_POINT('',(5.086492444677,-9.14400297514));
#5535 = VECTOR('',#5536,1.);
#5536 = DIRECTION('',(0.854196333782,0.519950597031));
#5537 = ( GEOMETRIC_REPRESENTATION_CONTEXT(2) 
PARAMETRIC_REPRESENTATION_CONTEXT() REPRESENTATION_CONTEXT('2D SPACE',''
  ) );
#5538 = PCURVE('',#5539,#5544);
#5539 = PLANE('',#5540);
#5540 = AXIS2_PLACEMENT_3D('',#5541,#5542,#5543);
#5541 = CARTESIAN_POINT('',(-0.193384077393,-10.39035104741,12.2704));
#5542 = DIRECTION('',(-2.319225885105E-02,0.99973102339,0.));
#5543 = DIRECTION('',(0.99973102339,2.319225885105E-02,0.));
#5544 = DEFINITIONAL_REPRESENTATION('',(#5545),#5549);
#5545 = LINE('',#5546,#5547);
#5546 = CARTESIAN_POINT('',(0.,-0.65));
#5547 = VECTOR('',#5548,1.);
#5548 = DIRECTION('',(1.,0.));
#5549 = ( GEOMETRIC_REPRESENTATION_CONTEXT(2) 
PARAMETRIC_REPRESENTATION_CONTEXT() REPRESENTATION_CONTEXT('2D SPACE',''
  ) );
#5550 = ORIENTED_EDGE('',*,*,#5551,.T.);
#5551 = EDGE_CURVE('',#5524,#5552,#5554,.T.);
#5552 = VERTEX_POINT('',#5553);
#5553 = CARTESIAN_POINT('',(1.539653015833,-10.27744275055,12.9204));
#5554 = SURFACE_CURVE('',#5555,(#5559,#5566),.PCURVE_S1.);
#5555 = LINE('',#5556,#5557);
#5556 = CARTESIAN_POINT('',(0.675503182377,-10.37019416744,12.9204));
#5557 = VECTOR('',#5558,1.);
#5558 = DIRECTION('',(0.99428915619,0.106719604024,0.));
#5559 = PCURVE('',#1715,#5560);
#5560 = DEFINITIONAL_REPRESENTATION('',(#5561),#5565);
#5561 = LINE('',#5562,#5563);
#5562 = CARTESIAN_POINT('',(5.828892444677,-8.69210297514));
#5563 = VECTOR('',#5564,1.);
#5564 = DIRECTION('',(0.807719865956,0.589566466262));
#5565 = ( GEOMETRIC_REPRESENTATION_CONTEXT(2) 
PARAMETRIC_REPRESENTATION_CONTEXT() REPRESENTATION_CONTEXT('2D SPACE',''
  ) );
#5566 = PCURVE('',#5567,#5572);
#5567 = PLANE('',#5568);
#5568 = AXIS2_PLACEMENT_3D('',#5569,#5570,#5571);
#5569 = CARTESIAN_POINT('',(0.675503182377,-10.37019416744,12.2704));
#5570 = DIRECTION('',(-0.106719604024,0.99428915619,0.));
#5571 = DIRECTION('',(0.99428915619,0.106719604024,0.));
#5572 = DEFINITIONAL_REPRESENTATION('',(#5573),#5577);
#5573 = LINE('',#5574,#5575);
#5574 = CARTESIAN_POINT('',(0.,-0.65));
#5575 = VECTOR('',#5576,1.);
#5576 = DIRECTION('',(1.,0.));
#5577 = ( GEOMETRIC_REPRESENTATION_CONTEXT(2) 
PARAMETRIC_REPRESENTATION_CONTEXT() REPRESENTATION_CONTEXT('2D SPACE',''
  ) );
#5578 = ORIENTED_EDGE('',*,*,#5579,.T.);
#5579 = EDGE_CURVE('',#5552,#5580,#5582,.T.);
#5580 = VERTEX_POINT('',#5581);
#5581 = CARTESIAN_POINT('',(2.393058501039,-10.11290109071,12.9204));
#5582 = SURFACE_CURVE('',#5583,(#5587,#5594),.PCURVE_S1.);
#5583 = LINE('',#5584,#5585);
#5584 = CARTESIAN_POINT('',(1.539653015833,-10.27744275055,12.9204));
#5585 = VECTOR('',#5586,1.);
#5586 = DIRECTION('',(0.981915602134,0.189319175694,0.));
#5587 = PCURVE('',#1715,#5588);
#5588 = DEFINITIONAL_REPRESENTATION('',(#5589),#5593);
#5589 = LINE('',#5590,#5591);
#5590 = CARTESIAN_POINT('',(6.530892444677,-8.17970297514));
#5591 = VECTOR('',#5592,1.);
#5592 = DIRECTION('',(0.755704267973,0.654913016642));
#5593 = ( GEOMETRIC_REPRESENTATION_CONTEXT(2) 
PARAMETRIC_REPRESENTATION_CONTEXT() REPRESENTATION_CONTEXT('2D SPACE',''
  ) );
#5594 = PCURVE('',#5595,#5600);
#5595 = PLANE('',#5596);
#5596 = AXIS2_PLACEMENT_3D('',#5597,#5598,#5599);
#5597 = CARTESIAN_POINT('',(1.539653015833,-10.27744275055,12.2704));
#5598 = DIRECTION('',(-0.189319175694,0.981915602134,0.));
#5599 = DIRECTION('',(0.981915602134,0.189319175694,0.));
#5600 = DEFINITIONAL_REPRESENTATION('',(#5601),#5605);
#5601 = LINE('',#5602,#5603);
#5602 = CARTESIAN_POINT('',(0.,-0.65));
#5603 = VECTOR('',#5604,1.);
#5604 = DIRECTION('',(1.,0.));
#5605 = ( GEOMETRIC_REPRESENTATION_CONTEXT(2) 
PARAMETRIC_REPRESENTATION_CONTEXT() REPRESENTATION_CONTEXT('2D SPACE',''
  ) );
#5606 = ORIENTED_EDGE('',*,*,#5607,.T.);
#5607 = EDGE_CURVE('',#5580,#5608,#5610,.T.);
#5608 = VERTEX_POINT('',#5609);
#5609 = CARTESIAN_POINT('',(3.103673057659,-9.917880574052,12.9204));
#5610 = SURFACE_CURVE('',#5611,(#5615,#5622),.PCURVE_S1.);
#5611 = LINE('',#5612,#5613);
#5612 = CARTESIAN_POINT('',(2.393058501039,-10.11290109071,12.9204));
#5613 = VECTOR('',#5614,1.);
#5614 = DIRECTION('',(0.964343517415,0.264653699049,0.));
#5615 = PCURVE('',#1715,#5616);
#5616 = DEFINITIONAL_REPRESENTATION('',(#5617),#5621);
#5617 = LINE('',#5618,#5619);
#5618 = CARTESIAN_POINT('',(7.187692444677,-7.61050297514));
#5619 = VECTOR('',#5620,1.);
#5620 = DIRECTION('',(0.702819134531,0.711368585289));
#5621 = ( GEOMETRIC_REPRESENTATION_CONTEXT(2) 
PARAMETRIC_REPRESENTATION_CONTEXT() REPRESENTATION_CONTEXT('2D SPACE',''
  ) );
#5622 = PCURVE('',#5623,#5628);
#5623 = PLANE('',#5624);
#5624 = AXIS2_PLACEMENT_3D('',#5625,#5626,#5627);
#5625 = CARTESIAN_POINT('',(2.393058501039,-10.11290109071,12.2704));
#5626 = DIRECTION('',(-0.264653699049,0.964343517415,0.));
#5627 = DIRECTION('',(0.964343517415,0.264653699049,0.));
#5628 = DEFINITIONAL_REPRESENTATION('',(#5629),#5633);
#5629 = LINE('',#5630,#5631);
#5630 = CARTESIAN_POINT('',(0.,-0.65));
#5631 = VECTOR('',#5632,1.);
#5632 = DIRECTION('',(1.,0.));
#5633 = ( GEOMETRIC_REPRESENTATION_CONTEXT(2) 
PARAMETRIC_REPRESENTATION_CONTEXT() REPRESENTATION_CONTEXT('2D SPACE',''
  ) );
#5634 = ORIENTED_EDGE('',*,*,#5635,.T.);
#5635 = EDGE_CURVE('',#5608,#5636,#5638,.T.);
#5636 = VERTEX_POINT('',#5637);
#5637 = CARTESIAN_POINT('',(-0.959645654477,-7.719955030817,12.9204));
#5638 = SURFACE_CURVE('',#5639,(#5643,#5650),.PCURVE_S1.);
#5639 = LINE('',#5640,#5641);
#5640 = CARTESIAN_POINT('',(3.103673057659,-9.917880574052,12.9204));
#5641 = VECTOR('',#5642,1.);
#5642 = DIRECTION('',(-0.87956729484,0.475774498946,0.));
#5643 = PCURVE('',#1715,#5644);
#5644 = DEFINITIONAL_REPRESENTATION('',(#5645),#5649);
#5645 = LINE('',#5646,#5647);
#5646 = CARTESIAN_POINT('',(7.705592444677,-7.08630297514));
#5647 = VECTOR('',#5648,1.);
#5648 = DIRECTION('',(-0.999614871143,-2.775084486032E-02));
#5649 = ( GEOMETRIC_REPRESENTATION_CONTEXT(2) 
PARAMETRIC_REPRESENTATION_CONTEXT() REPRESENTATION_CONTEXT('2D SPACE',''
  ) );
#5650 = PCURVE('',#5651,#5656);
#5651 = PLANE('',#5652);
#5652 = AXIS2_PLACEMENT_3D('',#5653,#5654,#5655);
#5653 = CARTESIAN_POINT('',(3.103673057659,-9.917880574052,12.2704));
#5654 = DIRECTION('',(-0.475774498946,-0.87956729484,0.));
#5655 = DIRECTION('',(-0.87956729484,0.475774498946,0.));
#5656 = DEFINITIONAL_REPRESENTATION('',(#5657),#5661);
#5657 = LINE('',#5658,#5659);
#5658 = CARTESIAN_POINT('',(0.,-0.65));
#5659 = VECTOR('',#5660,1.);
#5660 = DIRECTION('',(1.,0.));
#5661 = ( GEOMETRIC_REPRESENTATION_CONTEXT(2) 
PARAMETRIC_REPRESENTATION_CONTEXT() REPRESENTATION_CONTEXT('2D SPACE',''
  ) );
#5662 = ORIENTED_EDGE('',*,*,#5663,.T.);
#5663 = EDGE_CURVE('',#5636,#5664,#5666,.T.);
#5664 = VERTEX_POINT('',#5665);
#5665 = CARTESIAN_POINT('',(-1.700299781928,-7.591405610398,12.9204));
#5666 = SURFACE_CURVE('',#5667,(#5671,#5678),.PCURVE_S1.);
#5667 = LINE('',#5668,#5669);
#5668 = CARTESIAN_POINT('',(-0.959645654477,-7.719955030817,12.9204));
#5669 = VECTOR('',#5670,1.);
#5670 = DIRECTION('',(-0.985270081499,0.171005457527,0.));
#5671 = PCURVE('',#1715,#5672);
#5672 = DEFINITIONAL_REPRESENTATION('',(#5673),#5677);
#5673 = LINE('',#5674,#5675);
#5674 = CARTESIAN_POINT('',(3.087692444677,-7.21450297514));
#5675 = VECTOR('',#5676,1.);
#5676 = DIRECTION('',(-0.93877164893,-0.344539970345));
#5677 = ( GEOMETRIC_REPRESENTATION_CONTEXT(2) 
PARAMETRIC_REPRESENTATION_CONTEXT() REPRESENTATION_CONTEXT('2D SPACE',''
  ) );
#5678 = PCURVE('',#5679,#5684);
#5679 = PLANE('',#5680);
#5680 = AXIS2_PLACEMENT_3D('',#5681,#5682,#5683);
#5681 = CARTESIAN_POINT('',(-0.959645654477,-7.719955030817,12.2704));
#5682 = DIRECTION('',(-0.171005457527,-0.985270081499,0.));
#5683 = DIRECTION('',(-0.985270081499,0.171005457527,0.));
#5684 = DEFINITIONAL_REPRESENTATION('',(#5685),#5689);
#5685 = LINE('',#5686,#5687);
#5686 = CARTESIAN_POINT('',(0.,-0.65));
#5687 = VECTOR('',#5688,1.);
#5688 = DIRECTION('',(1.,0.));
#5689 = ( GEOMETRIC_REPRESENTATION_CONTEXT(2) 
PARAMETRIC_REPRESENTATION_CONTEXT() REPRESENTATION_CONTEXT('2D SPACE',''
  ) );
#5690 = ORIENTED_EDGE('',*,*,#5691,.T.);
#5691 = EDGE_CURVE('',#5664,#5692,#5694,.T.);
#5692 = VERTEX_POINT('',#5693);
#5693 = CARTESIAN_POINT('',(-2.425133263181,-7.391854026955,12.9204));
#5694 = SURFACE_CURVE('',#5695,(#5699,#5706),.PCURVE_S1.);
#5695 = LINE('',#5696,#5697);
#5696 = CARTESIAN_POINT('',(-1.700299781928,-7.591405610398,12.9204));
#5697 = VECTOR('',#5698,1.);
#5698 = DIRECTION('',(-0.964129730025,0.265431467015,0.));
#5699 = PCURVE('',#1715,#5700);
#5700 = DEFINITIONAL_REPRESENTATION('',(#5701),#5705);
#5701 = LINE('',#5702,#5703);
#5702 = CARTESIAN_POINT('',(2.381992444677,-7.47350297514));
#5703 = VECTOR('',#5704,1.);
#5704 = DIRECTION('',(-0.967676572253,-0.252194471614));
#5705 = ( GEOMETRIC_REPRESENTATION_CONTEXT(2) 
PARAMETRIC_REPRESENTATION_CONTEXT() REPRESENTATION_CONTEXT('2D SPACE',''
  ) );
#5706 = PCURVE('',#5707,#5712);
#5707 = PLANE('',#5708);
#5708 = AXIS2_PLACEMENT_3D('',#5709,#5710,#5711);
#5709 = CARTESIAN_POINT('',(-1.700299781928,-7.591405610398,12.2704));
#5710 = DIRECTION('',(-0.265431467015,-0.964129730025,0.));
#5711 = DIRECTION('',(-0.964129730025,0.265431467015,0.));
#5712 = DEFINITIONAL_REPRESENTATION('',(#5713),#5717);
#5713 = LINE('',#5714,#5715);
#5714 = CARTESIAN_POINT('',(0.,-0.65));
#5715 = VECTOR('',#5716,1.);
#5716 = DIRECTION('',(1.,0.));
#5717 = ( GEOMETRIC_REPRESENTATION_CONTEXT(2) 
PARAMETRIC_REPRESENTATION_CONTEXT() REPRESENTATION_CONTEXT('2D SPACE',''
  ) );
#5718 = ORIENTED_EDGE('',*,*,#5719,.T.);
#5719 = EDGE_CURVE('',#5692,#5720,#5722,.T.);
#5720 = VERTEX_POINT('',#5721);
#5721 = CARTESIAN_POINT('',(-3.084227136594,-7.142038102663,12.9204));
#5722 = SURFACE_CURVE('',#5723,(#5727,#5734),.PCURVE_S1.);
#5723 = LINE('',#5724,#5725);
#5724 = CARTESIAN_POINT('',(-2.425133263181,-7.391854026955,12.9204));
#5725 = VECTOR('',#5726,1.);
#5726 = DIRECTION('',(-0.935084626652,0.354424520878,0.));
#5727 = PCURVE('',#1715,#5728);
#5728 = DEFINITIONAL_REPRESENTATION('',(#5729),#5733);
#5729 = LINE('',#5730,#5731);
#5730 = CARTESIAN_POINT('',(1.654492444677,-7.66310297514));
#5731 = VECTOR('',#5732,1.);
#5732 = DIRECTION('',(-0.987019301808,-0.160601674522));
#5733 = ( GEOMETRIC_REPRESENTATION_CONTEXT(2) 
PARAMETRIC_REPRESENTATION_CONTEXT() REPRESENTATION_CONTEXT('2D SPACE',''
  ) );
#5734 = PCURVE('',#5735,#5740);
#5735 = PLANE('',#5736);
#5736 = AXIS2_PLACEMENT_3D('',#5737,#5738,#5739);
#5737 = CARTESIAN_POINT('',(-2.425133263181,-7.391854026955,12.2704));
#5738 = DIRECTION('',(-0.354424520878,-0.935084626652,0.));
#5739 = DIRECTION('',(-0.935084626652,0.354424520878,0.));
#5740 = DEFINITIONAL_REPRESENTATION('',(#5741),#5745);
#5741 = LINE('',#5742,#5743);
#5742 = CARTESIAN_POINT('',(0.,-0.65));
#5743 = VECTOR('',#5744,1.);
#5744 = DIRECTION('',(1.,0.));
#5745 = ( GEOMETRIC_REPRESENTATION_CONTEXT(2) 
PARAMETRIC_REPRESENTATION_CONTEXT() REPRESENTATION_CONTEXT('2D SPACE',''
  ) );
#5746 = ORIENTED_EDGE('',*,*,#5747,.T.);
#5747 = EDGE_CURVE('',#5720,#5748,#5750,.T.);
#5748 = VERTEX_POINT('',#5749);
#5749 = CARTESIAN_POINT('',(-1.193427136594,-3.867076435712,12.9204));
#5750 = SURFACE_CURVE('',#5751,(#5755,#5762),.PCURVE_S1.);
#5751 = LINE('',#5752,#5753);
#5752 = CARTESIAN_POINT('',(-3.084227136594,-7.142038102663,12.9204));
#5753 = VECTOR('',#5754,1.);
#5754 = DIRECTION('',(0.5,0.866025403784,0.));
#5755 = PCURVE('',#1715,#5756);
#5756 = DEFINITIONAL_REPRESENTATION('',(#5757),#5761);
#5757 = LINE('',#5758,#5759);
#5758 = CARTESIAN_POINT('',(0.958792444677,-7.77630297514));
#5759 = VECTOR('',#5760,1.);
#5760 = DIRECTION('',(0.,1.));
#5761 = ( GEOMETRIC_REPRESENTATION_CONTEXT(2) 
PARAMETRIC_REPRESENTATION_CONTEXT() REPRESENTATION_CONTEXT('2D SPACE',''
  ) );
#5762 = PCURVE('',#5763,#5768);
#5763 = PLANE('',#5764);
#5764 = AXIS2_PLACEMENT_3D('',#5765,#5766,#5767);
#5765 = CARTESIAN_POINT('',(-3.084227136594,-7.142038102663,12.2704));
#5766 = DIRECTION('',(-0.866025403784,0.5,0.));
#5767 = DIRECTION('',(0.5,0.866025403784,0.));
#5768 = DEFINITIONAL_REPRESENTATION('',(#5769),#5773);
#5769 = LINE('',#5770,#5771);
#5770 = CARTESIAN_POINT('',(0.,-0.65));
#5771 = VECTOR('',#5772,1.);
#5772 = DIRECTION('',(1.,0.));
#5773 = ( GEOMETRIC_REPRESENTATION_CONTEXT(2) 
PARAMETRIC_REPRESENTATION_CONTEXT() REPRESENTATION_CONTEXT('2D SPACE',''
  ) );
#5774 = ORIENTED_EDGE('',*,*,#5775,.T.);
#5775 = EDGE_CURVE('',#5748,#5776,#5778,.T.);
#5776 = VERTEX_POINT('',#5777);
#5777 = CARTESIAN_POINT('',(-0.665850144409,-3.991886280343,12.9204));
#5778 = SURFACE_CURVE('',#5779,(#5783,#5790),.PCURVE_S1.);
#5779 = LINE('',#5780,#5781);
#5780 = CARTESIAN_POINT('',(-1.193427136594,-3.867076435712,12.9204));
#5781 = VECTOR('',#5782,1.);
#5782 = DIRECTION('',(0.973139244153,-0.230217313617,0.));
#5783 = PCURVE('',#1715,#5784);
#5784 = DEFINITIONAL_REPRESENTATION('',(#5785),#5789);
#5785 = LINE('',#5786,#5787);
#5786 = CARTESIAN_POINT('',(0.958792444677,-3.99470297514));
#5787 = VECTOR('',#5788,1.);
#5788 = DIRECTION('',(0.957871963665,0.287195580094));
#5789 = ( GEOMETRIC_REPRESENTATION_CONTEXT(2) 
PARAMETRIC_REPRESENTATION_CONTEXT() REPRESENTATION_CONTEXT('2D SPACE',''
  ) );
#5790 = PCURVE('',#5791,#5796);
#5791 = PLANE('',#5792);
#5792 = AXIS2_PLACEMENT_3D('',#5793,#5794,#5795);
#5793 = CARTESIAN_POINT('',(-1.193427136594,-3.867076435712,12.2704));
#5794 = DIRECTION('',(0.230217313617,0.973139244153,-0.));
#5795 = DIRECTION('',(0.973139244153,-0.230217313617,0.));
#5796 = DEFINITIONAL_REPRESENTATION('',(#5797),#5801);
#5797 = LINE('',#5798,#5799);
#5798 = CARTESIAN_POINT('',(0.,-0.65));
#5799 = VECTOR('',#5800,1.);
#5800 = DIRECTION('',(1.,0.));
#5801 = ( GEOMETRIC_REPRESENTATION_CONTEXT(2) 
PARAMETRIC_REPRESENTATION_CONTEXT() REPRESENTATION_CONTEXT('2D SPACE',''
  ) );
#5802 = ORIENTED_EDGE('',*,*,#5803,.T.);
#5803 = EDGE_CURVE('',#5776,#5804,#5806,.T.);
#5804 = VERTEX_POINT('',#5805);
#5805 = CARTESIAN_POINT('',(-0.12640680002,-4.045143000057,12.9204));
#5806 = SURFACE_CURVE('',#5807,(#5811,#5818),.PCURVE_S1.);
#5807 = LINE('',#5808,#5809);
#5808 = CARTESIAN_POINT('',(-0.665850144409,-3.991886280343,12.9204));
#5809 = VECTOR('',#5810,1.);
#5810 = DIRECTION('',(0.995161992395,-9.824769153262E-02,0.));
#5811 = PCURVE('',#1715,#5812);
#5812 = DEFINITIONAL_REPRESENTATION('',(#5813),#5817);
#5813 = LINE('',#5814,#5815);
#5814 = CARTESIAN_POINT('',(1.478092444677,-3.83900297514));
#5815 = VECTOR('',#5816,1.);
#5816 = DIRECTION('',(0.910959412062,0.412495999467));
#5817 = ( GEOMETRIC_REPRESENTATION_CONTEXT(2) 
PARAMETRIC_REPRESENTATION_CONTEXT() REPRESENTATION_CONTEXT('2D SPACE',''
  ) );
#5818 = PCURVE('',#5819,#5824);
#5819 = PLANE('',#5820);
#5820 = AXIS2_PLACEMENT_3D('',#5821,#5822,#5823);
#5821 = CARTESIAN_POINT('',(-0.665850144409,-3.991886280343,12.2704));
#5822 = DIRECTION('',(9.824769153262E-02,0.995161992395,-0.));
#5823 = DIRECTION('',(0.995161992395,-9.824769153262E-02,0.));
#5824 = DEFINITIONAL_REPRESENTATION('',(#5825),#5829);
#5825 = LINE('',#5826,#5827);
#5826 = CARTESIAN_POINT('',(0.,-0.65));
#5827 = VECTOR('',#5828,1.);
#5828 = DIRECTION('',(1.,0.));
#5829 = ( GEOMETRIC_REPRESENTATION_CONTEXT(2) 
PARAMETRIC_REPRESENTATION_CONTEXT() REPRESENTATION_CONTEXT('2D SPACE',''
  ) );
#5830 = ORIENTED_EDGE('',*,*,#5831,.T.);
#5831 = EDGE_CURVE('',#5804,#5832,#5834,.T.);
#5832 = VERTEX_POINT('',#5833);
#5833 = CARTESIAN_POINT('',(0.415381873019,-4.025737491388,12.9204));
#5834 = SURFACE_CURVE('',#5835,(#5839,#5846),.PCURVE_S1.);
#5835 = LINE('',#5836,#5837);
#5836 = CARTESIAN_POINT('',(-0.12640680002,-4.045143000057,12.9204));
#5837 = VECTOR('',#5838,1.);
#5838 = DIRECTION('',(0.999359170339,3.579453393601E-02,0.));
#5839 = PCURVE('',#1715,#5840);
#5840 = DEFINITIONAL_REPRESENTATION('',(#5841),#5845);
#5841 = LINE('',#5842,#5843);
#5842 = CARTESIAN_POINT('',(1.971892444677,-3.61540297514));
#5843 = VECTOR('',#5844,1.);
#5844 = DIRECTION('',(0.84757316205,0.530678560875));
#5845 = ( GEOMETRIC_REPRESENTATION_CONTEXT(2) 
PARAMETRIC_REPRESENTATION_CONTEXT() REPRESENTATION_CONTEXT('2D SPACE',''
  ) );
#5846 = PCURVE('',#5847,#5852);
#5847 = PLANE('',#5848);
#5848 = AXIS2_PLACEMENT_3D('',#5849,#5850,#5851);
#5849 = CARTESIAN_POINT('',(-0.12640680002,-4.045143000057,12.2704));
#5850 = DIRECTION('',(-3.579453393601E-02,0.999359170339,0.));
#5851 = DIRECTION('',(0.999359170339,3.579453393601E-02,0.));
#5852 = DEFINITIONAL_REPRESENTATION('',(#5853),#5857);
#5853 = LINE('',#5854,#5855);
#5854 = CARTESIAN_POINT('',(0.,-0.65));
#5855 = VECTOR('',#5856,1.);
#5856 = DIRECTION('',(1.,0.));
#5857 = ( GEOMETRIC_REPRESENTATION_CONTEXT(2) 
PARAMETRIC_REPRESENTATION_CONTEXT() REPRESENTATION_CONTEXT('2D SPACE',''
  ) );
#5858 = ORIENTED_EDGE('',*,*,#5859,.T.);
#5859 = EDGE_CURVE('',#5832,#5860,#5862,.T.);
#5860 = VERTEX_POINT('',#5861);
#5861 = CARTESIAN_POINT('',(0.949677863857,-3.934109688977,12.9204));
#5862 = SURFACE_CURVE('',#5863,(#5867,#5874),.PCURVE_S1.);
#5863 = LINE('',#5864,#5865);
#5864 = CARTESIAN_POINT('',(0.415381873019,-4.025737491388,12.9204));
#5865 = VECTOR('',#5866,1.);
#5866 = DIRECTION('',(0.985611745276,0.169025109301,0.));
#5867 = PCURVE('',#1715,#5868);
#5868 = DEFINITIONAL_REPRESENTATION('',(#5869),#5873);
#5869 = LINE('',#5870,#5871);
#5870 = CARTESIAN_POINT('',(2.431392444677,-3.32770297514));
#5871 = VECTOR('',#5872,1.);
#5872 = DIRECTION('',(0.769052255027,0.63918591117));
#5873 = ( GEOMETRIC_REPRESENTATION_CONTEXT(2) 
PARAMETRIC_REPRESENTATION_CONTEXT() REPRESENTATION_CONTEXT('2D SPACE',''
  ) );
#5874 = PCURVE('',#5875,#5880);
#5875 = PLANE('',#5876);
#5876 = AXIS2_PLACEMENT_3D('',#5877,#5878,#5879);
#5877 = CARTESIAN_POINT('',(0.415381873019,-4.025737491388,12.2704));
#5878 = DIRECTION('',(-0.169025109301,0.985611745276,0.));
#5879 = DIRECTION('',(0.985611745276,0.169025109301,0.));
#5880 = DEFINITIONAL_REPRESENTATION('',(#5881),#5885);
#5881 = LINE('',#5882,#5883);
#5882 = CARTESIAN_POINT('',(0.,-0.65));
#5883 = VECTOR('',#5884,1.);
#5884 = DIRECTION('',(1.,0.));
#5885 = ( GEOMETRIC_REPRESENTATION_CONTEXT(2) 
PARAMETRIC_REPRESENTATION_CONTEXT() REPRESENTATION_CONTEXT('2D SPACE',''
  ) );
#5886 = ORIENTED_EDGE('',*,*,#5887,.T.);
#5887 = EDGE_CURVE('',#5860,#5888,#5890,.T.);
#5888 = VERTEX_POINT('',#5889);
#5889 = CARTESIAN_POINT('',(1.467022584505,-3.771842347786,12.9204));
#5890 = SURFACE_CURVE('',#5891,(#5895,#5902),.PCURVE_S1.);
#5891 = LINE('',#5892,#5893);
#5892 = CARTESIAN_POINT('',(0.949677863857,-3.934109688977,12.9204));
#5893 = VECTOR('',#5894,1.);
#5894 = DIRECTION('',(0.954165915557,0.299278140846,0.));
#5895 = PCURVE('',#1715,#5896);
#5896 = DEFINITIONAL_REPRESENTATION('',(#5897),#5901);
#5897 = LINE('',#5898,#5899);
#5898 = CARTESIAN_POINT('',(2.848292444677,-2.98120297514));
#5899 = VECTOR('',#5900,1.);
#5900 = DIRECTION('',(0.676692851875,0.736265430549));
#5901 = ( GEOMETRIC_REPRESENTATION_CONTEXT(2) 
PARAMETRIC_REPRESENTATION_CONTEXT() REPRESENTATION_CONTEXT('2D SPACE',''
  ) );
#5902 = PCURVE('',#5903,#5908);
#5903 = PLANE('',#5904);
#5904 = AXIS2_PLACEMENT_3D('',#5905,#5906,#5907);
#5905 = CARTESIAN_POINT('',(0.949677863857,-3.934109688977,12.2704));
#5906 = DIRECTION('',(-0.299278140846,0.954165915557,0.));
#5907 = DIRECTION('',(0.954165915557,0.299278140846,0.));
#5908 = DEFINITIONAL_REPRESENTATION('',(#5909),#5913);
#5909 = LINE('',#5910,#5911);
#5910 = CARTESIAN_POINT('',(0.,-0.65));
#5911 = VECTOR('',#5912,1.);
#5912 = DIRECTION('',(1.,0.));
#5913 = ( GEOMETRIC_REPRESENTATION_CONTEXT(2) 
PARAMETRIC_REPRESENTATION_CONTEXT() REPRESENTATION_CONTEXT('2D SPACE',''
  ) );
#5914 = ORIENTED_EDGE('',*,*,#5915,.T.);
#5915 = EDGE_CURVE('',#5888,#5916,#5918,.T.);
#5916 = VERTEX_POINT('',#5917);
#5917 = CARTESIAN_POINT('',(1.743460747025,-3.652237405151,12.9204));
#5918 = SURFACE_CURVE('',#5919,(#5923,#5930),.PCURVE_S1.);
#5919 = LINE('',#5920,#5921);
#5920 = CARTESIAN_POINT('',(1.467022584505,-3.771842347786,12.9204));
#5921 = VECTOR('',#5922,1.);
#5922 = DIRECTION('',(0.917779470122,0.397090473598,0.));
#5923 = PCURVE('',#1715,#5924);
#5924 = DEFINITIONAL_REPRESENTATION('',(#5925),#5929);
#5925 = LINE('',#5926,#5927);
#5926 = CARTESIAN_POINT('',(3.215192444677,-2.58200297514));
#5927 = VECTOR('',#5928,1.);
#5928 = DIRECTION('',(0.596275099398,0.802780172798));
#5929 = ( GEOMETRIC_REPRESENTATION_CONTEXT(2) 
PARAMETRIC_REPRESENTATION_CONTEXT() REPRESENTATION_CONTEXT('2D SPACE',''
  ) );
#5930 = PCURVE('',#5931,#5936);
#5931 = PLANE('',#5932);
#5932 = AXIS2_PLACEMENT_3D('',#5933,#5934,#5935);
#5933 = CARTESIAN_POINT('',(1.467022584505,-3.771842347786,12.2704));
#5934 = DIRECTION('',(-0.397090473598,0.917779470122,0.));
#5935 = DIRECTION('',(0.917779470122,0.397090473598,0.));
#5936 = DEFINITIONAL_REPRESENTATION('',(#5937),#5941);
#5937 = LINE('',#5938,#5939);
#5938 = CARTESIAN_POINT('',(0.,-0.65));
#5939 = VECTOR('',#5940,1.);
#5940 = DIRECTION('',(1.,0.));
#5941 = ( GEOMETRIC_REPRESENTATION_CONTEXT(2) 
PARAMETRIC_REPRESENTATION_CONTEXT() REPRESENTATION_CONTEXT('2D SPACE',''
  ) );
#5942 = ORIENTED_EDGE('',*,*,#5943,.T.);
#5943 = EDGE_CURVE('',#5916,#5944,#5946,.T.);
#5944 = VERTEX_POINT('',#5945);
#5945 = CARTESIAN_POINT('',(5.27354405642,-9.088153758327,12.9204));
#5946 = SURFACE_CURVE('',#5947,(#5951,#5958),.PCURVE_S1.);
#5947 = LINE('',#5948,#5949);
#5948 = CARTESIAN_POINT('',(1.743460747025,-3.652237405151,12.9204));
#5949 = VECTOR('',#5950,1.);
#5950 = DIRECTION('',(0.544634472209,-0.838673531048,0.));
#5951 = PCURVE('',#1715,#5952);
#5952 = DEFINITIONAL_REPRESENTATION('',(#5953),#5957);
#5953 = LINE('',#5954,#5955);
#5954 = CARTESIAN_POINT('',(3.394792444677,-2.34020297514));
#5955 = VECTOR('',#5956,1.);
#5956 = DIRECTION('',(0.891004054234,-0.453995347265));
#5957 = ( GEOMETRIC_REPRESENTATION_CONTEXT(2) 
PARAMETRIC_REPRESENTATION_CONTEXT() REPRESENTATION_CONTEXT('2D SPACE',''
  ) );
#5958 = PCURVE('',#5959,#5964);
#5959 = PLANE('',#5960);
#5960 = AXIS2_PLACEMENT_3D('',#5961,#5962,#5963);
#5961 = CARTESIAN_POINT('',(1.743460747025,-3.652237405151,12.2704));
#5962 = DIRECTION('',(0.838673531048,0.544634472209,-0.));
#5963 = DIRECTION('',(0.544634472209,-0.838673531048,0.));
#5964 = DEFINITIONAL_REPRESENTATION('',(#5965),#5969);
#5965 = LINE('',#5966,#5967);
#5966 = CARTESIAN_POINT('',(0.,-0.65));
#5967 = VECTOR('',#5968,1.);
#5968 = DIRECTION('',(1.,0.));
#5969 = ( GEOMETRIC_REPRESENTATION_CONTEXT(2) 
PARAMETRIC_REPRESENTATION_CONTEXT() REPRESENTATION_CONTEXT('2D SPACE',''
  ) );
#5970 = ORIENTED_EDGE('',*,*,#5971,.T.);
#5971 = EDGE_CURVE('',#5944,#5972,#5974,.T.);
#5972 = VERTEX_POINT('',#5973);
#5973 = CARTESIAN_POINT('',(5.3122805899,-9.063060114231,12.9204));
#5974 = SURFACE_CURVE('',#5975,(#5979,#5986),.PCURVE_S1.);
#5975 = LINE('',#5976,#5977);
#5976 = CARTESIAN_POINT('',(5.27354405642,-9.088153758327,12.9204));
#5977 = VECTOR('',#5978,1.);
#5978 = DIRECTION('',(0.839285159197,0.543691476438,0.));
#5979 = PCURVE('',#1715,#5980);
#5980 = DEFINITIONAL_REPRESENTATION('',(#5981),#5985);
#5981 = LINE('',#5982,#5983);
#5982 = CARTESIAN_POINT('',(9.169892444677,-5.28280297514));
#5983 = VECTOR('',#5984,1.);
#5984 = DIRECTION('',(0.454996530665,0.890493210015));
#5985 = ( GEOMETRIC_REPRESENTATION_CONTEXT(2) 
PARAMETRIC_REPRESENTATION_CONTEXT() REPRESENTATION_CONTEXT('2D SPACE',''
  ) );
#5986 = PCURVE('',#5987,#5992);
#5987 = PLANE('',#5988);
#5988 = AXIS2_PLACEMENT_3D('',#5989,#5990,#5991);
#5989 = CARTESIAN_POINT('',(5.27354405642,-9.088153758327,12.2704));
#5990 = DIRECTION('',(-0.543691476438,0.839285159197,0.));
#5991 = DIRECTION('',(0.839285159197,0.543691476438,0.));
#5992 = DEFINITIONAL_REPRESENTATION('',(#5993),#5997);
#5993 = LINE('',#5994,#5995);
#5994 = CARTESIAN_POINT('',(0.,-0.65));
#5995 = VECTOR('',#5996,1.);
#5996 = DIRECTION('',(1.,0.));
#5997 = ( GEOMETRIC_REPRESENTATION_CONTEXT(2) 
PARAMETRIC_REPRESENTATION_CONTEXT() REPRESENTATION_CONTEXT('2D SPACE',''
  ) );
#5998 = ORIENTED_EDGE('',*,*,#5999,.T.);
#5999 = EDGE_CURVE('',#5972,#6000,#6002,.T.);
#6000 = VERTEX_POINT('',#6001);
#6001 = CARTESIAN_POINT('',(5.285757504436,-9.180999445828,12.9204));
#6002 = SURFACE_CURVE('',#6003,(#6007,#6014),.PCURVE_S1.);
#6003 = LINE('',#6004,#6005);
#6004 = CARTESIAN_POINT('',(5.3122805899,-9.063060114231,12.9204));
#6005 = VECTOR('',#6006,1.);
#6006 = DIRECTION('',(-0.21940775564,-0.975633249108,0.));
#6007 = PCURVE('',#1715,#6008);
#6008 = DEFINITIONAL_REPRESENTATION('',(#6009),#6013);
#6009 = LINE('',#6010,#6011);
#6010 = CARTESIAN_POINT('',(9.190892444677,-5.24170297514));
#6011 = VECTOR('',#6012,1.);
#6012 = DIRECTION('',(0.297803934382,-0.954627056324));
#6013 = ( GEOMETRIC_REPRESENTATION_CONTEXT(2) 
PARAMETRIC_REPRESENTATION_CONTEXT() REPRESENTATION_CONTEXT('2D SPACE',''
  ) );
#6014 = PCURVE('',#6015,#6020);
#6015 = PLANE('',#6016);
#6016 = AXIS2_PLACEMENT_3D('',#6017,#6018,#6019);
#6017 = CARTESIAN_POINT('',(5.3122805899,-9.063060114231,12.2704));
#6018 = DIRECTION('',(0.975633249108,-0.21940775564,0.));
#6019 = DIRECTION('',(-0.21940775564,-0.975633249108,0.));
#6020 = DEFINITIONAL_REPRESENTATION('',(#6021),#6025);
#6021 = LINE('',#6022,#6023);
#6022 = CARTESIAN_POINT('',(0.,-0.65));
#6023 = VECTOR('',#6024,1.);
#6024 = DIRECTION('',(1.,0.));
#6025 = ( GEOMETRIC_REPRESENTATION_CONTEXT(2) 
PARAMETRIC_REPRESENTATION_CONTEXT() REPRESENTATION_CONTEXT('2D SPACE',''
  ) );
#6026 = ORIENTED_EDGE('',*,*,#6027,.T.);
#6027 = EDGE_CURVE('',#6000,#6028,#6030,.T.);
#6028 = VERTEX_POINT('',#6029);
#6029 = CARTESIAN_POINT('',(6.02745926664,-8.712134309628,12.9204));
#6030 = SURFACE_CURVE('',#6031,(#6035,#6042),.PCURVE_S1.);
#6031 = LINE('',#6032,#6033);
#6032 = CARTESIAN_POINT('',(5.285757504436,-9.180999445828,12.9204));
#6033 = VECTOR('',#6034,1.);
#6034 = DIRECTION('',(0.845271743807,0.534336672072,0.));
#6035 = PCURVE('',#1715,#6036);
#6036 = DEFINITIONAL_REPRESENTATION('',(#6037),#6041);
#6037 = LINE('',#6038,#6039);
#6038 = CARTESIAN_POINT('',(9.226892444677,-5.35710297514));
#6039 = VECTOR('',#6040,1.);
#6040 = DIRECTION('',(0.464858467202,0.885385004092));
#6041 = ( GEOMETRIC_REPRESENTATION_CONTEXT(2) 
PARAMETRIC_REPRESENTATION_CONTEXT() REPRESENTATION_CONTEXT('2D SPACE',''
  ) );
#6042 = PCURVE('',#6043,#6048);
#6043 = PLANE('',#6044);
#6044 = AXIS2_PLACEMENT_3D('',#6045,#6046,#6047);
#6045 = CARTESIAN_POINT('',(5.285757504436,-9.180999445828,12.2704));
#6046 = DIRECTION('',(-0.534336672072,0.845271743807,0.));
#6047 = DIRECTION('',(0.845271743807,0.534336672072,0.));
#6048 = DEFINITIONAL_REPRESENTATION('',(#6049),#6053);
#6049 = LINE('',#6050,#6051);
#6050 = CARTESIAN_POINT('',(0.,-0.65));
#6051 = VECTOR('',#6052,1.);
#6052 = DIRECTION('',(1.,0.));
#6053 = ( GEOMETRIC_REPRESENTATION_CONTEXT(2) 
PARAMETRIC_REPRESENTATION_CONTEXT() REPRESENTATION_CONTEXT('2D SPACE',''
  ) );
#6054 = ORIENTED_EDGE('',*,*,#6055,.T.);
#6055 = EDGE_CURVE('',#6028,#6056,#6058,.T.);
#6056 = VERTEX_POINT('',#6057);
#6057 = CARTESIAN_POINT('',(6.950895123057,-7.998896488783,12.9204));
#6058 = SURFACE_CURVE('',#6059,(#6063,#6070),.PCURVE_S1.);
#6059 = LINE('',#6060,#6061);
#6060 = CARTESIAN_POINT('',(6.02745926664,-8.712134309628,12.9204));
#6061 = VECTOR('',#6062,1.);
#6062 = DIRECTION('',(0.791420264983,0.611272414046,0.));
#6063 = PCURVE('',#1715,#6064);
#6064 = DEFINITIONAL_REPRESENTATION('',(#6065),#6069);
#6065 = LINE('',#6066,#6067);
#6066 = CARTESIAN_POINT('',(9.634792444677,-4.58020297514));
#6067 = VECTOR('',#6068,1.);
#6068 = DIRECTION('',(0.379753847522,0.925087571688));
#6069 = ( GEOMETRIC_REPRESENTATION_CONTEXT(2) 
PARAMETRIC_REPRESENTATION_CONTEXT() REPRESENTATION_CONTEXT('2D SPACE',''
  ) );
#6070 = PCURVE('',#6071,#6076);
#6071 = PLANE('',#6072);
#6072 = AXIS2_PLACEMENT_3D('',#6073,#6074,#6075);
#6073 = CARTESIAN_POINT('',(6.02745926664,-8.712134309628,12.2704));
#6074 = DIRECTION('',(-0.611272414046,0.791420264983,0.));
#6075 = DIRECTION('',(0.791420264983,0.611272414046,0.));
#6076 = DEFINITIONAL_REPRESENTATION('',(#6077),#6081);
#6077 = LINE('',#6078,#6079);
#6078 = CARTESIAN_POINT('',(0.,-0.65));
#6079 = VECTOR('',#6080,1.);
#6080 = DIRECTION('',(1.,0.));
#6081 = ( GEOMETRIC_REPRESENTATION_CONTEXT(2) 
PARAMETRIC_REPRESENTATION_CONTEXT() REPRESENTATION_CONTEXT('2D SPACE',''
  ) );
#6082 = ORIENTED_EDGE('',*,*,#6083,.T.);
#6083 = EDGE_CURVE('',#6056,#6084,#6086,.T.);
#6084 = VERTEX_POINT('',#6085);
#6085 = CARTESIAN_POINT('',(7.587115833357,-7.393729893716,12.9204));
#6086 = SURFACE_CURVE('',#6087,(#6091,#6098),.PCURVE_S1.);
#6087 = LINE('',#6088,#6089);
#6088 = CARTESIAN_POINT('',(6.950895123057,-7.998896488783,12.9204));
#6089 = VECTOR('',#6090,1.);
#6090 = DIRECTION('',(0.724568843767,0.689202430816,0.));
#6091 = PCURVE('',#1715,#6092);
#6092 = DEFINITIONAL_REPRESENTATION('',(#6093),#6097);
#6093 = LINE('',#6094,#6095);
#6094 = CARTESIAN_POINT('',(10.077892444677,-3.50080297514));
#6095 = VECTOR('',#6096,1.);
#6096 = DIRECTION('',(0.282893810085,0.95915123532));
#6097 = ( GEOMETRIC_REPRESENTATION_CONTEXT(2) 
PARAMETRIC_REPRESENTATION_CONTEXT() REPRESENTATION_CONTEXT('2D SPACE',''
  ) );
#6098 = PCURVE('',#6099,#6104);
#6099 = PLANE('',#6100);
#6100 = AXIS2_PLACEMENT_3D('',#6101,#6102,#6103);
#6101 = CARTESIAN_POINT('',(6.950895123057,-7.998896488783,12.2704));
#6102 = DIRECTION('',(-0.689202430816,0.724568843767,0.));
#6103 = DIRECTION('',(0.724568843767,0.689202430816,0.));
#6104 = DEFINITIONAL_REPRESENTATION('',(#6105),#6109);
#6105 = LINE('',#6106,#6107);
#6106 = CARTESIAN_POINT('',(0.,-0.65));
#6107 = VECTOR('',#6108,1.);
#6108 = DIRECTION('',(1.,0.));
#6109 = ( GEOMETRIC_REPRESENTATION_CONTEXT(2) 
PARAMETRIC_REPRESENTATION_CONTEXT() REPRESENTATION_CONTEXT('2D SPACE',''
  ) );
#6110 = ORIENTED_EDGE('',*,*,#6111,.T.);
#6111 = EDGE_CURVE('',#6084,#6112,#6114,.T.);
#6112 = VERTEX_POINT('',#6113);
#6113 = CARTESIAN_POINT('',(8.172956623821,-6.740423879486,12.9204));
#6114 = SURFACE_CURVE('',#6115,(#6119,#6126),.PCURVE_S1.);
#6115 = LINE('',#6116,#6117);
#6116 = CARTESIAN_POINT('',(7.587115833357,-7.393729893716,12.9204));
#6117 = VECTOR('',#6118,1.);
#6118 = DIRECTION('',(0.667619660615,0.744502510916,0.));
#6119 = PCURVE('',#1715,#6120);
#6120 = DEFINITIONAL_REPRESENTATION('',(#6121),#6125);
#6121 = LINE('',#6122,#6123);
#6122 = CARTESIAN_POINT('',(10.326292444677,-2.65860297514));
#6123 = VECTOR('',#6124,1.);
#6124 = DIRECTION('',(0.2059243307,0.978567917942));
#6125 = ( GEOMETRIC_REPRESENTATION_CONTEXT(2) 
PARAMETRIC_REPRESENTATION_CONTEXT() REPRESENTATION_CONTEXT('2D SPACE',''
  ) );
#6126 = PCURVE('',#6127,#6132);
#6127 = PLANE('',#6128);
#6128 = AXIS2_PLACEMENT_3D('',#6129,#6130,#6131);
#6129 = CARTESIAN_POINT('',(7.587115833357,-7.393729893716,12.2704));
#6130 = DIRECTION('',(-0.744502510916,0.667619660615,0.));
#6131 = DIRECTION('',(0.667619660615,0.744502510916,0.));
#6132 = DEFINITIONAL_REPRESENTATION('',(#6133),#6137);
#6133 = LINE('',#6134,#6135);
#6134 = CARTESIAN_POINT('',(0.,-0.65));
#6135 = VECTOR('',#6136,1.);
#6136 = DIRECTION('',(1.,0.));
#6137 = ( GEOMETRIC_REPRESENTATION_CONTEXT(2) 
PARAMETRIC_REPRESENTATION_CONTEXT() REPRESENTATION_CONTEXT('2D SPACE',''
  ) );
#6138 = ORIENTED_EDGE('',*,*,#6139,.T.);
#6139 = EDGE_CURVE('',#6112,#6140,#6142,.T.);
#6140 = VERTEX_POINT('',#6141);
#6141 = CARTESIAN_POINT('',(8.702789995373,-6.040925560411,12.9204));
#6142 = SURFACE_CURVE('',#6143,(#6147,#6154),.PCURVE_S1.);
#6143 = LINE('',#6144,#6145);
#6144 = CARTESIAN_POINT('',(8.172956623821,-6.740423879486,12.9204));
#6145 = VECTOR('',#6146,1.);
#6146 = DIRECTION('',(0.603792813395,0.797141291424,0.));
#6147 = PCURVE('',#1715,#6148);
#6148 = DEFINITIONAL_REPRESENTATION('',(#6149),#6153);
#6149 = LINE('',#6150,#6151);
#6150 = CARTESIAN_POINT('',(10.506992444677,-1.79990297514));
#6151 = VECTOR('',#6152,1.);
#6152 = DIRECTION('',(0.12432926931,0.992241015476));
#6153 = ( GEOMETRIC_REPRESENTATION_CONTEXT(2) 
PARAMETRIC_REPRESENTATION_CONTEXT() REPRESENTATION_CONTEXT('2D SPACE',''
  ) );
#6154 = PCURVE('',#6155,#6160);
#6155 = PLANE('',#6156);
#6156 = AXIS2_PLACEMENT_3D('',#6157,#6158,#6159);
#6157 = CARTESIAN_POINT('',(8.172956623821,-6.740423879486,12.2704));
#6158 = DIRECTION('',(-0.797141291424,0.603792813395,0.));
#6159 = DIRECTION('',(0.603792813395,0.797141291424,0.));
#6160 = DEFINITIONAL_REPRESENTATION('',(#6161),#6165);
#6161 = LINE('',#6162,#6163);
#6162 = CARTESIAN_POINT('',(0.,-0.65));
#6163 = VECTOR('',#6164,1.);
#6164 = DIRECTION('',(1.,0.));
#6165 = ( GEOMETRIC_REPRESENTATION_CONTEXT(2) 
PARAMETRIC_REPRESENTATION_CONTEXT() REPRESENTATION_CONTEXT('2D SPACE',''
  ) );
#6166 = ORIENTED_EDGE('',*,*,#6167,.T.);
#6167 = EDGE_CURVE('',#6140,#6168,#6170,.T.);
#6168 = VERTEX_POINT('',#6169);
#6169 = CARTESIAN_POINT('',(9.172886525152,-5.299894486373,12.9204));
#6170 = SURFACE_CURVE('',#6171,(#6175,#6182),.PCURVE_S1.);
#6171 = LINE('',#6172,#6173);
#6172 = CARTESIAN_POINT('',(8.702789995373,-6.040925560411,12.9204));
#6173 = VECTOR('',#6174,1.);
#6174 = DIRECTION('',(0.535683740492,0.844418693642,0.));
#6175 = PCURVE('',#1715,#6176);
#6176 = DEFINITIONAL_REPRESENTATION('',(#6177),#6181);
#6177 = LINE('',#6178,#6179);
#6178 = CARTESIAN_POINT('',(10.616092444677,-0.92920297514));
#6179 = VECTOR('',#6180,1.);
#6180 = DIRECTION('',(4.170638083892E-02,0.999129910371));
#6181 = ( GEOMETRIC_REPRESENTATION_CONTEXT(2) 
PARAMETRIC_REPRESENTATION_CONTEXT() REPRESENTATION_CONTEXT('2D SPACE',''
  ) );
#6182 = PCURVE('',#6183,#6188);
#6183 = PLANE('',#6184);
#6184 = AXIS2_PLACEMENT_3D('',#6185,#6186,#6187);
#6185 = CARTESIAN_POINT('',(8.702789995373,-6.040925560411,12.2704));
#6186 = DIRECTION('',(-0.844418693642,0.535683740492,0.));
#6187 = DIRECTION('',(0.535683740492,0.844418693642,0.));
#6188 = DEFINITIONAL_REPRESENTATION('',(#6189),#6193);
#6189 = LINE('',#6190,#6191);
#6190 = CARTESIAN_POINT('',(0.,-0.65));
#6191 = VECTOR('',#6192,1.);
#6192 = DIRECTION('',(1.,0.));
#6193 = ( GEOMETRIC_REPRESENTATION_CONTEXT(2) 
PARAMETRIC_REPRESENTATION_CONTEXT() REPRESENTATION_CONTEXT('2D SPACE',''
  ) );
#6194 = ORIENTED_EDGE('',*,*,#6195,.T.);
#6195 = EDGE_CURVE('',#6168,#6196,#6198,.T.);
#6196 = VERTEX_POINT('',#6197);
#6197 = CARTESIAN_POINT('',(9.580109610616,-4.522563412335,12.9204));
#6198 = SURFACE_CURVE('',#6199,(#6203,#6210),.PCURVE_S1.);
#6199 = LINE('',#6200,#6201);
#6200 = CARTESIAN_POINT('',(9.172886525152,-5.299894486373,12.9204));
#6201 = VECTOR('',#6202,1.);
#6202 = DIRECTION('',(0.464051405317,0.885808271142,0.));
#6203 = PCURVE('',#1715,#6204);
#6204 = DEFINITIONAL_REPRESENTATION('',(#6205),#6209);
#6205 = LINE('',#6206,#6207);
#6206 = CARTESIAN_POINT('',(10.652692444677,-5.240297513988E-02));
#6207 = VECTOR('',#6208,1.);
#6208 = DIRECTION('',(-4.102382990487E-02,0.99915816835));
#6209 = ( GEOMETRIC_REPRESENTATION_CONTEXT(2) 
PARAMETRIC_REPRESENTATION_CONTEXT() REPRESENTATION_CONTEXT('2D SPACE',''
  ) );
#6210 = PCURVE('',#6211,#6216);
#6211 = PLANE('',#6212);
#6212 = AXIS2_PLACEMENT_3D('',#6213,#6214,#6215);
#6213 = CARTESIAN_POINT('',(9.172886525152,-5.299894486373,12.2704));
#6214 = DIRECTION('',(-0.885808271142,0.464051405317,0.));
#6215 = DIRECTION('',(0.464051405317,0.885808271142,0.));
#6216 = DEFINITIONAL_REPRESENTATION('',(#6217),#6221);
#6217 = LINE('',#6218,#6219);
#6218 = CARTESIAN_POINT('',(0.,-0.65));
#6219 = VECTOR('',#6220,1.);
#6220 = DIRECTION('',(1.,0.));
#6221 = ( GEOMETRIC_REPRESENTATION_CONTEXT(2) 
PARAMETRIC_REPRESENTATION_CONTEXT() REPRESENTATION_CONTEXT('2D SPACE',''
  ) );
#6222 = ORIENTED_EDGE('',*,*,#6223,.T.);
#6223 = EDGE_CURVE('',#6196,#6224,#6226,.T.);
#6224 = VERTEX_POINT('',#6225);
#6225 = CARTESIAN_POINT('',(9.921495854305,-3.71426509326,12.9204));
#6226 = SURFACE_CURVE('',#6227,(#6231,#6238),.PCURVE_S1.);
#6227 = LINE('',#6228,#6229);
#6228 = CARTESIAN_POINT('',(9.580109610616,-4.522563412335,12.9204));
#6229 = VECTOR('',#6230,1.);
#6230 = DIRECTION('',(0.389073336237,0.921206784077,0.));
#6231 = PCURVE('',#1715,#6232);
#6232 = DEFINITIONAL_REPRESENTATION('',(#6233),#6237);
#6233 = LINE('',#6234,#6235);
#6234 = CARTESIAN_POINT('',(10.616692444677,0.82439702486));
#6235 = VECTOR('',#6236,1.);
#6236 = DIRECTION('',(-0.123655998922,0.992325145268));
#6237 = ( GEOMETRIC_REPRESENTATION_CONTEXT(2) 
PARAMETRIC_REPRESENTATION_CONTEXT() REPRESENTATION_CONTEXT('2D SPACE',''
  ) );
#6238 = PCURVE('',#6239,#6244);
#6239 = PLANE('',#6240);
#6240 = AXIS2_PLACEMENT_3D('',#6241,#6242,#6243);
#6241 = CARTESIAN_POINT('',(9.580109610616,-4.522563412335,12.2704));
#6242 = DIRECTION('',(-0.921206784077,0.389073336237,0.));
#6243 = DIRECTION('',(0.389073336237,0.921206784077,0.));
#6244 = DEFINITIONAL_REPRESENTATION('',(#6245),#6249);
#6245 = LINE('',#6246,#6247);
#6246 = CARTESIAN_POINT('',(0.,-0.65));
#6247 = VECTOR('',#6248,1.);
#6248 = DIRECTION('',(1.,0.));
#6249 = ( GEOMETRIC_REPRESENTATION_CONTEXT(2) 
PARAMETRIC_REPRESENTATION_CONTEXT() REPRESENTATION_CONTEXT('2D SPACE',''
  ) );
#6250 = ORIENTED_EDGE('',*,*,#6251,.T.);
#6251 = EDGE_CURVE('',#6224,#6252,#6254,.T.);
#6252 = VERTEX_POINT('',#6253);
#6253 = CARTESIAN_POINT('',(10.194888076543,-2.880335873949,12.9204));
#6254 = SURFACE_CURVE('',#6255,(#6259,#6266),.PCURVE_S1.);
#6255 = LINE('',#6256,#6257);
#6256 = CARTESIAN_POINT('',(9.921495854305,-3.71426509326,12.9204));
#6257 = VECTOR('',#6258,1.);
#6258 = DIRECTION('',(0.311522690013,0.950238714012,0.));
#6259 = PCURVE('',#1715,#6260);
#6260 = DEFINITIONAL_REPRESENTATION('',(#6261),#6265);
#6261 = LINE('',#6262,#6263);
#6262 = CARTESIAN_POINT('',(10.508192444677,1.69509702486));
#6263 = VECTOR('',#6264,1.);
#6264 = DIRECTION('',(-0.205332793599,0.978692211));
#6265 = ( GEOMETRIC_REPRESENTATION_CONTEXT(2) 
PARAMETRIC_REPRESENTATION_CONTEXT() REPRESENTATION_CONTEXT('2D SPACE',''
  ) );
#6266 = PCURVE('',#6267,#6272);
#6267 = PLANE('',#6268);
#6268 = AXIS2_PLACEMENT_3D('',#6269,#6270,#6271);
#6269 = CARTESIAN_POINT('',(9.921495854305,-3.71426509326,12.2704));
#6270 = DIRECTION('',(-0.950238714012,0.311522690013,0.));
#6271 = DIRECTION('',(0.311522690013,0.950238714012,0.));
#6272 = DEFINITIONAL_REPRESENTATION('',(#6273),#6277);
#6273 = LINE('',#6274,#6275);
#6274 = CARTESIAN_POINT('',(0.,-0.65));
#6275 = VECTOR('',#6276,1.);
#6276 = DIRECTION('',(1.,0.));
#6277 = ( GEOMETRIC_REPRESENTATION_CONTEXT(2) 
PARAMETRIC_REPRESENTATION_CONTEXT() REPRESENTATION_CONTEXT('2D SPACE',''
  ) );
#6278 = ORIENTED_EDGE('',*,*,#6279,.T.);
#6279 = EDGE_CURVE('',#6252,#6280,#6282,.T.);
#6280 = VERTEX_POINT('',#6281);
#6281 = CARTESIAN_POINT('',(10.398225507814,-2.026745111907,12.9204));
#6282 = SURFACE_CURVE('',#6283,(#6287,#6294),.PCURVE_S1.);
#6283 = LINE('',#6284,#6285);
#6284 = CARTESIAN_POINT('',(10.194888076543,-2.880335873949,12.9204));
#6285 = VECTOR('',#6286,1.);
#6286 = DIRECTION('',(0.231730031298,0.972780135794,0.));
#6287 = PCURVE('',#1715,#6288);
#6288 = DEFINITIONAL_REPRESENTATION('',(#6289),#6293);
#6289 = LINE('',#6290,#6291);
#6290 = CARTESIAN_POINT('',(10.327992444677,2.55399702486));
#6291 = VECTOR('',#6292,1.);
#6292 = DIRECTION('',(-0.285705973973,0.958317325543));
#6293 = ( GEOMETRIC_REPRESENTATION_CONTEXT(2) 
PARAMETRIC_REPRESENTATION_CONTEXT() REPRESENTATION_CONTEXT('2D SPACE',''
  ) );
#6294 = PCURVE('',#6295,#6300);
#6295 = PLANE('',#6296);
#6296 = AXIS2_PLACEMENT_3D('',#6297,#6298,#6299);
#6297 = CARTESIAN_POINT('',(10.194888076543,-2.880335873949,12.2704));
#6298 = DIRECTION('',(-0.972780135794,0.231730031298,0.));
#6299 = DIRECTION('',(0.231730031298,0.972780135794,0.));
#6300 = DEFINITIONAL_REPRESENTATION('',(#6301),#6305);
#6301 = LINE('',#6302,#6303);
#6302 = CARTESIAN_POINT('',(0.,-0.65));
#6303 = VECTOR('',#6304,1.);
#6304 = DIRECTION('',(1.,0.));
#6305 = ( GEOMETRIC_REPRESENTATION_CONTEXT(2) 
PARAMETRIC_REPRESENTATION_CONTEXT() REPRESENTATION_CONTEXT('2D SPACE',''
  ) );
#6306 = ORIENTED_EDGE('',*,*,#6307,.T.);
#6307 = EDGE_CURVE('',#6280,#6308,#6310,.T.);
#6308 = VERTEX_POINT('',#6309);
#6309 = CARTESIAN_POINT('',(10.530266993846,-1.159242549394,12.9204));
#6310 = SURFACE_CURVE('',#6311,(#6315,#6322),.PCURVE_S1.);
#6311 = LINE('',#6312,#6313);
#6312 = CARTESIAN_POINT('',(10.398225507814,-2.026745111907,12.9204));
#6313 = VECTOR('',#6314,1.);
#6314 = DIRECTION('',(0.150475663693,0.988613713559,0.));
#6315 = PCURVE('',#1715,#6316);
#6316 = DEFINITIONAL_REPRESENTATION('',(#6317),#6321);
#6317 = LINE('',#6318,#6319);
#6318 = CARTESIAN_POINT('',(10.077292444677,3.39489702486));
#6319 = VECTOR('',#6320,1.);
#6320 = DIRECTION('',(-0.36399110937,0.931402422318));
#6321 = ( GEOMETRIC_REPRESENTATION_CONTEXT(2) 
PARAMETRIC_REPRESENTATION_CONTEXT() REPRESENTATION_CONTEXT('2D SPACE',''
  ) );
#6322 = PCURVE('',#6323,#6328);
#6323 = PLANE('',#6324);
#6324 = AXIS2_PLACEMENT_3D('',#6325,#6326,#6327);
#6325 = CARTESIAN_POINT('',(10.398225507814,-2.026745111907,12.2704));
#6326 = DIRECTION('',(-0.988613713559,0.150475663693,0.));
#6327 = DIRECTION('',(0.150475663693,0.988613713559,0.));
#6328 = DEFINITIONAL_REPRESENTATION('',(#6329),#6333);
#6329 = LINE('',#6330,#6331);
#6330 = CARTESIAN_POINT('',(0.,-0.65));
#6331 = VECTOR('',#6332,1.);
#6332 = DIRECTION('',(1.,0.));
#6333 = ( GEOMETRIC_REPRESENTATION_CONTEXT(2) 
PARAMETRIC_REPRESENTATION_CONTEXT() REPRESENTATION_CONTEXT('2D SPACE',''
  ) );
#6334 = ORIENTED_EDGE('',*,*,#6335,.T.);
#6335 = EDGE_CURVE('',#6308,#1673,#6336,.T.);
#6336 = SURFACE_CURVE('',#6337,(#6341,#6348),.PCURVE_S1.);
#6337 = LINE('',#6338,#6339);
#6338 = CARTESIAN_POINT('',(10.530266993846,-1.159242549394,12.9204));
#6339 = VECTOR('',#6340,1.);
#6340 = DIRECTION('',(6.820540853174E-02,0.997671299701,0.));
#6341 = PCURVE('',#1715,#6342);
#6342 = DEFINITIONAL_REPRESENTATION('',(#6343),#6347);
#6343 = LINE('',#6344,#6345);
#6344 = CARTESIAN_POINT('',(9.757892444677,4.21219702486));
#6345 = VECTOR('',#6346,1.);
#6346 = DIRECTION('',(-0.439768033387,0.898111394434));
#6347 = ( GEOMETRIC_REPRESENTATION_CONTEXT(2) 
PARAMETRIC_REPRESENTATION_CONTEXT() REPRESENTATION_CONTEXT('2D SPACE',''
  ) );
#6348 = PCURVE('',#1687,#6349);
#6349 = DEFINITIONAL_REPRESENTATION('',(#6350),#6354);
#6350 = LINE('',#6351,#6352);
#6351 = CARTESIAN_POINT('',(0.,-0.65));
#6352 = VECTOR('',#6353,1.);
#6353 = DIRECTION('',(1.,0.));
#6354 = ( GEOMETRIC_REPRESENTATION_CONTEXT(2) 
PARAMETRIC_REPRESENTATION_CONTEXT() REPRESENTATION_CONTEXT('2D SPACE',''
  ) );
#6355 = ORIENTED_EDGE('',*,*,#1698,.F.);
#6356 = ORIENTED_EDGE('',*,*,#1775,.T.);
#6357 = ORIENTED_EDGE('',*,*,#1801,.T.);
#6358 = ORIENTED_EDGE('',*,*,#1850,.T.);
#6359 = ORIENTED_EDGE('',*,*,#1899,.T.);
#6360 = ORIENTED_EDGE('',*,*,#1948,.T.);
#6361 = ORIENTED_EDGE('',*,*,#1997,.T.);
#6362 = ORIENTED_EDGE('',*,*,#2046,.T.);
#6363 = ORIENTED_EDGE('',*,*,#2095,.T.);
#6364 = ORIENTED_EDGE('',*,*,#2144,.T.);
#6365 = ORIENTED_EDGE('',*,*,#2193,.T.);
#6366 = ORIENTED_EDGE('',*,*,#2242,.T.);
#6367 = ORIENTED_EDGE('',*,*,#2291,.T.);
#6368 = ORIENTED_EDGE('',*,*,#2340,.T.);
#6369 = ORIENTED_EDGE('',*,*,#2389,.T.);
#6370 = ORIENTED_EDGE('',*,*,#2438,.T.);
#6371 = ORIENTED_EDGE('',*,*,#2487,.T.);
#6372 = ORIENTED_EDGE('',*,*,#2536,.T.);
#6373 = ORIENTED_EDGE('',*,*,#2585,.T.);
#6374 = ORIENTED_EDGE('',*,*,#2634,.T.);
#6375 = ORIENTED_EDGE('',*,*,#2683,.T.);
#6376 = ORIENTED_EDGE('',*,*,#2732,.T.);
#6377 = ORIENTED_EDGE('',*,*,#2781,.T.);
#6378 = ORIENTED_EDGE('',*,*,#2830,.T.);
#6379 = ORIENTED_EDGE('',*,*,#2879,.T.);
#6380 = ORIENTED_EDGE('',*,*,#2928,.T.);
#6381 = ORIENTED_EDGE('',*,*,#2977,.T.);
#6382 = ORIENTED_EDGE('',*,*,#3026,.T.);
#6383 = ORIENTED_EDGE('',*,*,#3075,.T.);
#6384 = ORIENTED_EDGE('',*,*,#3124,.T.);
#6385 = ORIENTED_EDGE('',*,*,#3173,.T.);
#6386 = ORIENTED_EDGE('',*,*,#3222,.T.);
#6387 = ORIENTED_EDGE('',*,*,#3271,.T.);
#6388 = ORIENTED_EDGE('',*,*,#3320,.T.);
#6389 = ORIENTED_EDGE('',*,*,#3369,.T.);
#6390 = ORIENTED_EDGE('',*,*,#3418,.T.);
#6391 = ORIENTED_EDGE('',*,*,#3467,.T.);
#6392 = ORIENTED_EDGE('',*,*,#3516,.T.);
#6393 = ORIENTED_EDGE('',*,*,#3565,.T.);
#6394 = ORIENTED_EDGE('',*,*,#3614,.T.);
#6395 = ORIENTED_EDGE('',*,*,#3663,.T.);
#6396 = ORIENTED_EDGE('',*,*,#3712,.T.);
#6397 = ORIENTED_EDGE('',*,*,#3761,.T.);
#6398 = ORIENTED_EDGE('',*,*,#3810,.T.);
#6399 = ORIENTED_EDGE('',*,*,#3859,.T.);
#6400 = ORIENTED_EDGE('',*,*,#3908,.T.);
#6401 = ORIENTED_EDGE('',*,*,#3957,.T.);
#6402 = ORIENTED_EDGE('',*,*,#4006,.T.);
#6403 = ORIENTED_EDGE('',*,*,#4055,.T.);
#6404 = ORIENTED_EDGE('',*,*,#4104,.T.);
#6405 = ORIENTED_EDGE('',*,*,#4153,.T.);
#6406 = ORIENTED_EDGE('',*,*,#4202,.T.);
#6407 = ORIENTED_EDGE('',*,*,#4251,.T.);
#6408 = FACE_BOUND('',#6409,.T.);
#6409 = EDGE_LOOP('',(#6410,#6440,#6468,#6496,#6524));
#6410 = ORIENTED_EDGE('',*,*,#6411,.T.);
#6411 = EDGE_CURVE('',#6412,#6414,#6416,.T.);
#6412 = VERTEX_POINT('',#6413);
#6413 = CARTESIAN_POINT('',(-1.764527944163,-0.856252050665,12.9204));
#6414 = VERTEX_POINT('',#6415);
#6415 = CARTESIAN_POINT('',(-2.341827944163,-1.856164981875,12.9204));
#6416 = SURFACE_CURVE('',#6417,(#6421,#6428),.PCURVE_S1.);
#6417 = LINE('',#6418,#6419);
#6418 = CARTESIAN_POINT('',(-1.764527944163,-0.856252050665,12.9204));
#6419 = VECTOR('',#6420,1.);
#6420 = DIRECTION('',(-0.5,-0.866025403784,0.));
#6421 = PCURVE('',#1715,#6422);
#6422 = DEFINITIONAL_REPRESENTATION('',(#6423),#6427);
#6423 = LINE('',#6424,#6425);
#6424 = CARTESIAN_POINT('',(-1.041207555323,-1.67280297514));
#6425 = VECTOR('',#6426,1.);
#6426 = DIRECTION('',(0.,-1.));
#6427 = ( GEOMETRIC_REPRESENTATION_CONTEXT(2) 
PARAMETRIC_REPRESENTATION_CONTEXT() REPRESENTATION_CONTEXT('2D SPACE',''
  ) );
#6428 = PCURVE('',#6429,#6434);
#6429 = PLANE('',#6430);
#6430 = AXIS2_PLACEMENT_3D('',#6431,#6432,#6433);
#6431 = CARTESIAN_POINT('',(-1.764527944163,-0.856252050665,12.2704));
#6432 = DIRECTION('',(0.866025403784,-0.5,0.));
#6433 = DIRECTION('',(-0.5,-0.866025403784,0.));
#6434 = DEFINITIONAL_REPRESENTATION('',(#6435),#6439);
#6435 = LINE('',#6436,#6437);
#6436 = CARTESIAN_POINT('',(0.,-0.65));
#6437 = VECTOR('',#6438,1.);
#6438 = DIRECTION('',(1.,0.));
#6439 = ( GEOMETRIC_REPRESENTATION_CONTEXT(2) 
PARAMETRIC_REPRESENTATION_CONTEXT() REPRESENTATION_CONTEXT('2D SPACE',''
  ) );
#6440 = ORIENTED_EDGE('',*,*,#6441,.T.);
#6441 = EDGE_CURVE('',#6414,#6442,#6444,.T.);
#6442 = VERTEX_POINT('',#6443);
#6443 = CARTESIAN_POINT('',(-2.601786370566,-1.46982618426,12.9204));
#6444 = SURFACE_CURVE('',#6445,(#6449,#6456),.PCURVE_S1.);
#6445 = LINE('',#6446,#6447);
#6446 = CARTESIAN_POINT('',(-2.341827944163,-1.856164981875,12.9204));
#6447 = VECTOR('',#6448,1.);
#6448 = DIRECTION('',(-0.558262113898,0.829664638385,0.));
#6449 = PCURVE('',#1715,#6450);
#6450 = DEFINITIONAL_REPRESENTATION('',(#6451),#6455);
#6451 = LINE('',#6452,#6453);
#6452 = CARTESIAN_POINT('',(-1.041207555323,-2.82740297514));
#6453 = VECTOR('',#6454,1.);
#6454 = DIRECTION('',(-0.898301491798,0.439379596514));
#6455 = ( GEOMETRIC_REPRESENTATION_CONTEXT(2) 
PARAMETRIC_REPRESENTATION_CONTEXT() REPRESENTATION_CONTEXT('2D SPACE',''
  ) );
#6456 = PCURVE('',#6457,#6462);
#6457 = PLANE('',#6458);
#6458 = AXIS2_PLACEMENT_3D('',#6459,#6460,#6461);
#6459 = CARTESIAN_POINT('',(-2.341827944163,-1.856164981875,12.2704));
#6460 = DIRECTION('',(-0.829664638385,-0.558262113898,0.));
#6461 = DIRECTION('',(-0.558262113898,0.829664638385,0.));
#6462 = DEFINITIONAL_REPRESENTATION('',(#6463),#6467);
#6463 = LINE('',#6464,#6465);
#6464 = CARTESIAN_POINT('',(0.,-0.65));
#6465 = VECTOR('',#6466,1.);
#6466 = DIRECTION('',(1.,0.));
#6467 = ( GEOMETRIC_REPRESENTATION_CONTEXT(2) 
PARAMETRIC_REPRESENTATION_CONTEXT() REPRESENTATION_CONTEXT('2D SPACE',''
  ) );
#6468 = ORIENTED_EDGE('',*,*,#6469,.T.);
#6469 = EDGE_CURVE('',#6442,#6470,#6472,.T.);
#6470 = VERTEX_POINT('',#6471);
#6471 = CARTESIAN_POINT('',(-2.79857506211,-1.047674196369,12.9204));
#6472 = SURFACE_CURVE('',#6473,(#6477,#6484),.PCURVE_S1.);
#6473 = LINE('',#6474,#6475);
#6474 = CARTESIAN_POINT('',(-2.601786370566,-1.46982618426,12.9204));
#6475 = VECTOR('',#6476,1.);
#6476 = DIRECTION('',(-0.422505368888,0.906360421279,0.));
#6477 = PCURVE('',#1715,#6478);
#6478 = DEFINITIONAL_REPRESENTATION('',(#6479),#6483);
#6479 = LINE('',#6480,#6481);
#6480 = CARTESIAN_POINT('',(-1.459507555323,-2.62280297514));
#6481 = VECTOR('',#6482,1.);
#6482 = DIRECTION('',(-0.819080593331,0.573678465369));
#6483 = ( GEOMETRIC_REPRESENTATION_CONTEXT(2) 
PARAMETRIC_REPRESENTATION_CONTEXT() REPRESENTATION_CONTEXT('2D SPACE',''
  ) );
#6484 = PCURVE('',#6485,#6490);
#6485 = PLANE('',#6486);
#6486 = AXIS2_PLACEMENT_3D('',#6487,#6488,#6489);
#6487 = CARTESIAN_POINT('',(-2.601786370566,-1.46982618426,12.2704));
#6488 = DIRECTION('',(-0.906360421279,-0.422505368888,0.));
#6489 = DIRECTION('',(-0.422505368888,0.906360421279,0.));
#6490 = DEFINITIONAL_REPRESENTATION('',(#6491),#6495);
#6491 = LINE('',#6492,#6493);
#6492 = CARTESIAN_POINT('',(0.,-0.65));
#6493 = VECTOR('',#6494,1.);
#6494 = DIRECTION('',(1.,0.));
#6495 = ( GEOMETRIC_REPRESENTATION_CONTEXT(2) 
PARAMETRIC_REPRESENTATION_CONTEXT() REPRESENTATION_CONTEXT('2D SPACE',''
  ) );
#6496 = ORIENTED_EDGE('',*,*,#6497,.T.);
#6497 = EDGE_CURVE('',#6470,#6498,#6500,.T.);
#6498 = VERTEX_POINT('',#6499);
#6499 = CARTESIAN_POINT('',(-2.879809823469,-0.797776930384,12.9204));
#6500 = SURFACE_CURVE('',#6501,(#6505,#6512),.PCURVE_S1.);
#6501 = LINE('',#6502,#6503);
#6502 = CARTESIAN_POINT('',(-2.79857506211,-1.047674196369,12.9204));
#6503 = VECTOR('',#6504,1.);
#6504 = DIRECTION('',(-0.309148544621,0.95101376297,0.));
#6505 = PCURVE('',#1715,#6506);
#6506 = DEFINITIONAL_REPRESENTATION('',(#6507),#6511);
#6507 = LINE('',#6508,#6509);
#6508 = CARTESIAN_POINT('',(-1.841007555323,-2.35560297514));
#6509 = VECTOR('',#6510,1.);
#6510 = DIRECTION('',(-0.74323737467,0.66902780577));
#6511 = ( GEOMETRIC_REPRESENTATION_CONTEXT(2) 
PARAMETRIC_REPRESENTATION_CONTEXT() REPRESENTATION_CONTEXT('2D SPACE',''
  ) );
#6512 = PCURVE('',#6513,#6518);
#6513 = PLANE('',#6514);
#6514 = AXIS2_PLACEMENT_3D('',#6515,#6516,#6517);
#6515 = CARTESIAN_POINT('',(-2.79857506211,-1.047674196369,12.2704));
#6516 = DIRECTION('',(-0.95101376297,-0.309148544621,0.));
#6517 = DIRECTION('',(-0.309148544621,0.95101376297,0.));
#6518 = DEFINITIONAL_REPRESENTATION('',(#6519),#6523);
#6519 = LINE('',#6520,#6521);
#6520 = CARTESIAN_POINT('',(0.,-0.65));
#6521 = VECTOR('',#6522,1.);
#6522 = DIRECTION('',(1.,0.));
#6523 = ( GEOMETRIC_REPRESENTATION_CONTEXT(2) 
PARAMETRIC_REPRESENTATION_CONTEXT() REPRESENTATION_CONTEXT('2D SPACE',''
  ) );
#6524 = ORIENTED_EDGE('',*,*,#6525,.T.);
#6525 = EDGE_CURVE('',#6498,#6412,#6526,.T.);
#6526 = SURFACE_CURVE('',#6527,(#6531,#6538),.PCURVE_S1.);
#6527 = LINE('',#6528,#6529);
#6528 = CARTESIAN_POINT('',(-2.879809823469,-0.797776930384,12.9204));
#6529 = VECTOR('',#6530,1.);
#6530 = DIRECTION('',(0.998628333023,-5.235888161847E-02,0.));
#6531 = PCURVE('',#1715,#6532);
#6532 = DEFINITIONAL_REPRESENTATION('',(#6533),#6537);
#6533 = LINE('',#6534,#6535);
#6534 = CARTESIAN_POINT('',(-2.036307555323,-2.17980297514));
#6535 = VECTOR('',#6536,1.);
#6536 = DIRECTION('',(0.891016946146,0.453970044916));
#6537 = ( GEOMETRIC_REPRESENTATION_CONTEXT(2) 
PARAMETRIC_REPRESENTATION_CONTEXT() REPRESENTATION_CONTEXT('2D SPACE',''
  ) );
#6538 = PCURVE('',#6539,#6544);
#6539 = PLANE('',#6540);
#6540 = AXIS2_PLACEMENT_3D('',#6541,#6542,#6543);
#6541 = CARTESIAN_POINT('',(-2.879809823469,-0.797776930384,12.2704));
#6542 = DIRECTION('',(5.235888161847E-02,0.998628333023,-0.));
#6543 = DIRECTION('',(0.998628333023,-5.235888161847E-02,0.));
#6544 = DEFINITIONAL_REPRESENTATION('',(#6545),#6549);
#6545 = LINE('',#6546,#6547);
#6546 = CARTESIAN_POINT('',(0.,-0.65));
#6547 = VECTOR('',#6548,1.);
#6548 = DIRECTION('',(1.,0.));
#6549 = ( GEOMETRIC_REPRESENTATION_CONTEXT(2) 
PARAMETRIC_REPRESENTATION_CONTEXT() REPRESENTATION_CONTEXT('2D SPACE',''
  ) );
#6550 = FACE_BOUND('',#6551,.T.);
#6551 = EDGE_LOOP('',(#6552,#6582,#6610,#6638,#6666,#6694));
#6552 = ORIENTED_EDGE('',*,*,#6553,.T.);
#6553 = EDGE_CURVE('',#6554,#6556,#6558,.T.);
#6554 = VERTEX_POINT('',#6555);
#6555 = CARTESIAN_POINT('',(1.160076101653,-2.753889251291,12.9204));
#6556 = VERTEX_POINT('',#6557);
#6557 = CARTESIAN_POINT('',(0.718077841722,-2.900652694348,12.9204));
#6558 = SURFACE_CURVE('',#6559,(#6563,#6570),.PCURVE_S1.);
#6559 = LINE('',#6560,#6561);
#6560 = CARTESIAN_POINT('',(1.160076101653,-2.753889251291,12.9204));
#6561 = VECTOR('',#6562,1.);
#6562 = DIRECTION('',(-0.949049383434,-0.315127383456,0.));
#6563 = PCURVE('',#1715,#6564);
#6564 = DEFINITIONAL_REPRESENTATION('',(#6565),#6569);
#6565 = LINE('',#6566,#6567);
#6566 = CARTESIAN_POINT('',(2.440392444677,-1.85390297514));
#6567 = VECTOR('',#6568,1.);
#6568 = DIRECTION('',(-0.664337183772,-0.747433011218));
#6569 = ( GEOMETRIC_REPRESENTATION_CONTEXT(2) 
PARAMETRIC_REPRESENTATION_CONTEXT() REPRESENTATION_CONTEXT('2D SPACE',''
  ) );
#6570 = PCURVE('',#6571,#6576);
#6571 = PLANE('',#6572);
#6572 = AXIS2_PLACEMENT_3D('',#6573,#6574,#6575);
#6573 = CARTESIAN_POINT('',(1.160076101653,-2.753889251291,12.2704));
#6574 = DIRECTION('',(0.315127383456,-0.949049383434,0.));
#6575 = DIRECTION('',(-0.949049383434,-0.315127383456,0.));
#6576 = DEFINITIONAL_REPRESENTATION('',(#6577),#6581);
#6577 = LINE('',#6578,#6579);
#6578 = CARTESIAN_POINT('',(0.,-0.65));
#6579 = VECTOR('',#6580,1.);
#6580 = DIRECTION('',(1.,0.));
#6581 = ( GEOMETRIC_REPRESENTATION_CONTEXT(2) 
PARAMETRIC_REPRESENTATION_CONTEXT() REPRESENTATION_CONTEXT('2D SPACE',''
  ) );
#6582 = ORIENTED_EDGE('',*,*,#6583,.T.);
#6583 = EDGE_CURVE('',#6556,#6584,#6586,.T.);
#6584 = VERTEX_POINT('',#6585);
#6585 = CARTESIAN_POINT('',(0.258618503981,-2.977059611328,12.9204));
#6586 = SURFACE_CURVE('',#6587,(#6591,#6598),.PCURVE_S1.);
#6587 = LINE('',#6588,#6589);
#6588 = CARTESIAN_POINT('',(0.718077841722,-2.900652694348,12.9204));
#6589 = VECTOR('',#6590,1.);
#6590 = DIRECTION('',(-0.98645292179,-0.164044607016,0.));
#6591 = PCURVE('',#1715,#6592);
#6592 = DEFINITIONAL_REPRESENTATION('',(#6593),#6597);
#6593 = LINE('',#6594,#6595);
#6594 = CARTESIAN_POINT('',(2.130992444677,-2.20200297514));
#6595 = VECTOR('',#6596,1.);
#6596 = DIRECTION('',(-0.7722709864,-0.635293257925));
#6597 = ( GEOMETRIC_REPRESENTATION_CONTEXT(2) 
PARAMETRIC_REPRESENTATION_CONTEXT() REPRESENTATION_CONTEXT('2D SPACE',''
  ) );
#6598 = PCURVE('',#6599,#6604);
#6599 = PLANE('',#6600);
#6600 = AXIS2_PLACEMENT_3D('',#6601,#6602,#6603);
#6601 = CARTESIAN_POINT('',(0.718077841722,-2.900652694348,12.2704));
#6602 = DIRECTION('',(0.164044607016,-0.98645292179,0.));
#6603 = DIRECTION('',(-0.98645292179,-0.164044607016,0.));
#6604 = DEFINITIONAL_REPRESENTATION('',(#6605),#6609);
#6605 = LINE('',#6606,#6607);
#6606 = CARTESIAN_POINT('',(0.,-0.65));
#6607 = VECTOR('',#6608,1.);
#6608 = DIRECTION('',(1.,0.));
#6609 = ( GEOMETRIC_REPRESENTATION_CONTEXT(2) 
PARAMETRIC_REPRESENTATION_CONTEXT() REPRESENTATION_CONTEXT('2D SPACE',''
  ) );
#6610 = ORIENTED_EDGE('',*,*,#6611,.T.);
#6611 = EDGE_CURVE('',#6584,#6612,#6614,.T.);
#6612 = VERTEX_POINT('',#6613);
#6613 = CARTESIAN_POINT('',(-0.207067490558,-2.981051414242,12.9204));
#6614 = SURFACE_CURVE('',#6615,(#6619,#6626),.PCURVE_S1.);
#6615 = LINE('',#6616,#6617);
#6616 = CARTESIAN_POINT('',(0.258618503981,-2.977059611328,12.9204));
#6617 = VECTOR('',#6618,1.);
#6618 = DIRECTION('',(-0.99996326349,-8.571561773739E-03,0.));
#6619 = PCURVE('',#1715,#6620);
#6620 = DEFINITIONAL_REPRESENTATION('',(#6621),#6625);
#6621 = LINE('',#6622,#6623);
#6622 = CARTESIAN_POINT('',(1.771292444677,-2.49790297514));
#6623 = VECTOR('',#6624,1.);
#6624 = DIRECTION('',(-0.861707808146,-0.507404821991));
#6625 = ( GEOMETRIC_REPRESENTATION_CONTEXT(2) 
PARAMETRIC_REPRESENTATION_CONTEXT() REPRESENTATION_CONTEXT('2D SPACE',''
  ) );
#6626 = PCURVE('',#6627,#6632);
#6627 = PLANE('',#6628);
#6628 = AXIS2_PLACEMENT_3D('',#6629,#6630,#6631);
#6629 = CARTESIAN_POINT('',(0.258618503981,-2.977059611328,12.2704));
#6630 = DIRECTION('',(8.571561773739E-03,-0.99996326349,0.));
#6631 = DIRECTION('',(-0.99996326349,-8.571561773739E-03,0.));
#6632 = DEFINITIONAL_REPRESENTATION('',(#6633),#6637);
#6633 = LINE('',#6634,#6635);
#6634 = CARTESIAN_POINT('',(0.,-0.65));
#6635 = VECTOR('',#6636,1.);
#6636 = DIRECTION('',(1.,0.));
#6637 = ( GEOMETRIC_REPRESENTATION_CONTEXT(2) 
PARAMETRIC_REPRESENTATION_CONTEXT() REPRESENTATION_CONTEXT('2D SPACE',''
  ) );
#6638 = ORIENTED_EDGE('',*,*,#6639,.T.);
#6639 = EDGE_CURVE('',#6612,#6640,#6642,.T.);
#6640 = VERTEX_POINT('',#6641);
#6641 = CARTESIAN_POINT('',(-0.645327136594,-2.917739388084,12.9204));
#6642 = SURFACE_CURVE('',#6643,(#6647,#6654),.PCURVE_S1.);
#6643 = LINE('',#6644,#6645);
#6644 = CARTESIAN_POINT('',(-0.207067490558,-2.981051414242,12.9204));
#6645 = VECTOR('',#6646,1.);
#6646 = DIRECTION('',(-0.989725846736,0.142978139249,0.));
#6647 = PCURVE('',#1715,#6648);
#6648 = DEFINITIONAL_REPRESENTATION('',(#6649),#6653);
#6649 = LINE('',#6650,#6651);
#6650 = CARTESIAN_POINT('',(1.369992444677,-2.73420297514));
#6651 = VECTOR('',#6652,1.);
#6652 = DIRECTION('',(-0.92861679568,-0.371040222593));
#6653 = ( GEOMETRIC_REPRESENTATION_CONTEXT(2) 
PARAMETRIC_REPRESENTATION_CONTEXT() REPRESENTATION_CONTEXT('2D SPACE',''
  ) );
#6654 = PCURVE('',#6655,#6660);
#6655 = PLANE('',#6656);
#6656 = AXIS2_PLACEMENT_3D('',#6657,#6658,#6659);
#6657 = CARTESIAN_POINT('',(-0.207067490558,-2.981051414242,12.2704));
#6658 = DIRECTION('',(-0.142978139249,-0.989725846736,0.));
#6659 = DIRECTION('',(-0.989725846736,0.142978139249,0.));
#6660 = DEFINITIONAL_REPRESENTATION('',(#6661),#6665);
#6661 = LINE('',#6662,#6663);
#6662 = CARTESIAN_POINT('',(0.,-0.65));
#6663 = VECTOR('',#6664,1.);
#6664 = DIRECTION('',(1.,0.));
#6665 = ( GEOMETRIC_REPRESENTATION_CONTEXT(2) 
PARAMETRIC_REPRESENTATION_CONTEXT() REPRESENTATION_CONTEXT('2D SPACE',''
  ) );
#6666 = ORIENTED_EDGE('',*,*,#6667,.T.);
#6667 = EDGE_CURVE('',#6640,#6668,#6670,.T.);
#6668 = VERTEX_POINT('',#6669);
#6669 = CARTESIAN_POINT('',(0.254422863406,-1.359326673974,12.9204));
#6670 = SURFACE_CURVE('',#6671,(#6675,#6682),.PCURVE_S1.);
#6671 = LINE('',#6672,#6673);
#6672 = CARTESIAN_POINT('',(-0.645327136594,-2.917739388084,12.9204));
#6673 = VECTOR('',#6674,1.);
#6674 = DIRECTION('',(0.5,0.866025403784,0.));
#6675 = PCURVE('',#1715,#6676);
#6676 = DEFINITIONAL_REPRESENTATION('',(#6677),#6681);
#6677 = LINE('',#6678,#6679);
#6678 = CARTESIAN_POINT('',(0.958792444677,-2.89850297514));
#6679 = VECTOR('',#6680,1.);
#6680 = DIRECTION('',(0.,1.));
#6681 = ( GEOMETRIC_REPRESENTATION_CONTEXT(2) 
PARAMETRIC_REPRESENTATION_CONTEXT() REPRESENTATION_CONTEXT('2D SPACE',''
  ) );
#6682 = PCURVE('',#6683,#6688);
#6683 = PLANE('',#6684);
#6684 = AXIS2_PLACEMENT_3D('',#6685,#6686,#6687);
#6685 = CARTESIAN_POINT('',(-0.645327136594,-2.917739388084,12.2704));
#6686 = DIRECTION('',(-0.866025403784,0.5,0.));
#6687 = DIRECTION('',(0.5,0.866025403784,0.));
#6688 = DEFINITIONAL_REPRESENTATION('',(#6689),#6693);
#6689 = LINE('',#6690,#6691);
#6690 = CARTESIAN_POINT('',(0.,-0.65));
#6691 = VECTOR('',#6692,1.);
#6692 = DIRECTION('',(1.,0.));
#6693 = ( GEOMETRIC_REPRESENTATION_CONTEXT(2) 
PARAMETRIC_REPRESENTATION_CONTEXT() REPRESENTATION_CONTEXT('2D SPACE',''
  ) );
#6694 = ORIENTED_EDGE('',*,*,#6695,.T.);
#6695 = EDGE_CURVE('',#6668,#6554,#6696,.T.);
#6696 = SURFACE_CURVE('',#6697,(#6701,#6708),.PCURVE_S1.);
#6697 = LINE('',#6698,#6699);
#6698 = CARTESIAN_POINT('',(0.254422863406,-1.359326673974,12.9204));
#6699 = VECTOR('',#6700,1.);
#6700 = DIRECTION('',(0.544644834821,-0.838666801479,0.));
#6701 = PCURVE('',#1715,#6702);
#6702 = DEFINITIONAL_REPRESENTATION('',(#6703),#6707);
#6703 = LINE('',#6704,#6705);
#6704 = CARTESIAN_POINT('',(0.958792444677,-1.09900297514));
#6705 = VECTOR('',#6706,1.);
#6706 = DIRECTION('',(0.891009663734,-0.453984337981));
#6707 = ( GEOMETRIC_REPRESENTATION_CONTEXT(2) 
PARAMETRIC_REPRESENTATION_CONTEXT() REPRESENTATION_CONTEXT('2D SPACE',''
  ) );
#6708 = PCURVE('',#6709,#6714);
#6709 = PLANE('',#6710);
#6710 = AXIS2_PLACEMENT_3D('',#6711,#6712,#6713);
#6711 = CARTESIAN_POINT('',(0.254422863406,-1.359326673974,12.2704));
#6712 = DIRECTION('',(0.838666801479,0.544644834821,-0.));
#6713 = DIRECTION('',(0.544644834821,-0.838666801479,0.));
#6714 = DEFINITIONAL_REPRESENTATION('',(#6715),#6719);
#6715 = LINE('',#6716,#6717);
#6716 = CARTESIAN_POINT('',(0.,-0.65));
#6717 = VECTOR('',#6718,1.);
#6718 = DIRECTION('',(1.,0.));
#6719 = ( GEOMETRIC_REPRESENTATION_CONTEXT(2) 
PARAMETRIC_REPRESENTATION_CONTEXT() REPRESENTATION_CONTEXT('2D SPACE',''
  ) );
#6720 = FACE_BOUND('',#6721,.T.);
#6721 = EDGE_LOOP('',(#6722,#6752,#6780,#6808,#6836,#6864,#6892,#6920,
    #6948,#6976,#7004,#7032,#7060,#7088,#7116));
#6722 = ORIENTED_EDGE('',*,*,#6723,.T.);
#6723 = EDGE_CURVE('',#6724,#6726,#6728,.T.);
#6724 = VERTEX_POINT('',#6725);
#6725 = CARTESIAN_POINT('',(-3.847350791365,1.255592954815,12.9204));
#6726 = VERTEX_POINT('',#6727);
#6727 = CARTESIAN_POINT('',(-9.563776760827,1.555252738,12.9204));
#6728 = SURFACE_CURVE('',#6729,(#6733,#6740),.PCURVE_S1.);
#6729 = LINE('',#6730,#6731);
#6730 = CARTESIAN_POINT('',(-3.847350791365,1.255592954815,12.9204));
#6731 = VECTOR('',#6732,1.);
#6732 = DIRECTION('',(-0.998628853618,5.234895148759E-02,0.));
#6733 = PCURVE('',#1715,#6734);
#6734 = DEFINITIONAL_REPRESENTATION('',(#6735),#6739);
#6735 = LINE('',#6736,#6737);
#6736 = CARTESIAN_POINT('',(-3.900907555323,-0.88530297514));
#6737 = VECTOR('',#6738,1.);
#6738 = DIRECTION('',(-0.891012431929,-0.453978904959));
#6739 = ( GEOMETRIC_REPRESENTATION_CONTEXT(2) 
PARAMETRIC_REPRESENTATION_CONTEXT() REPRESENTATION_CONTEXT('2D SPACE',''
  ) );
#6740 = PCURVE('',#6741,#6746);
#6741 = PLANE('',#6742);
#6742 = AXIS2_PLACEMENT_3D('',#6743,#6744,#6745);
#6743 = CARTESIAN_POINT('',(-3.847350791365,1.255592954815,12.2704));
#6744 = DIRECTION('',(-5.234895148759E-02,-0.998628853618,0.));
#6745 = DIRECTION('',(-0.998628853618,5.234895148759E-02,0.));
#6746 = DEFINITIONAL_REPRESENTATION('',(#6747),#6751);
#6747 = LINE('',#6748,#6749);
#6748 = CARTESIAN_POINT('',(0.,-0.65));
#6749 = VECTOR('',#6750,1.);
#6750 = DIRECTION('',(1.,0.));
#6751 = ( GEOMETRIC_REPRESENTATION_CONTEXT(2) 
PARAMETRIC_REPRESENTATION_CONTEXT() REPRESENTATION_CONTEXT('2D SPACE',''
  ) );
#6752 = ORIENTED_EDGE('',*,*,#6753,.T.);
#6753 = EDGE_CURVE('',#6726,#6754,#6756,.T.);
#6754 = VERTEX_POINT('',#6755);
#6755 = CARTESIAN_POINT('',(-9.393401249644,2.376951779736,12.9204));
#6756 = SURFACE_CURVE('',#6757,(#6761,#6768),.PCURVE_S1.);
#6757 = LINE('',#6758,#6759);
#6758 = CARTESIAN_POINT('',(-9.563776760827,1.555252738,12.9204));
#6759 = VECTOR('',#6760,1.);
#6760 = DIRECTION('',(0.203027038326,0.979173131631,0.));
#6761 = PCURVE('',#1715,#6762);
#6762 = DEFINITIONAL_REPRESENTATION('',(#6763),#6767);
#6763 = LINE('',#6764,#6765);
#6764 = CARTESIAN_POINT('',(-9.001307555323,-3.48400297514));
#6765 = VECTOR('',#6766,1.);
#6766 = DIRECTION('',(-0.31375999297,0.949502325859));
#6767 = ( GEOMETRIC_REPRESENTATION_CONTEXT(2) 
PARAMETRIC_REPRESENTATION_CONTEXT() REPRESENTATION_CONTEXT('2D SPACE',''
  ) );
#6768 = PCURVE('',#6769,#6774);
#6769 = PLANE('',#6770);
#6770 = AXIS2_PLACEMENT_3D('',#6771,#6772,#6773);
#6771 = CARTESIAN_POINT('',(-9.563776760827,1.555252738,12.2704));
#6772 = DIRECTION('',(-0.979173131631,0.203027038326,0.));
#6773 = DIRECTION('',(0.203027038326,0.979173131631,0.));
#6774 = DEFINITIONAL_REPRESENTATION('',(#6775),#6779);
#6775 = LINE('',#6776,#6777);
#6776 = CARTESIAN_POINT('',(0.,-0.65));
#6777 = VECTOR('',#6778,1.);
#6778 = DIRECTION('',(1.,0.));
#6779 = ( GEOMETRIC_REPRESENTATION_CONTEXT(2) 
PARAMETRIC_REPRESENTATION_CONTEXT() REPRESENTATION_CONTEXT('2D SPACE',''
  ) );
#6780 = ORIENTED_EDGE('',*,*,#6781,.T.);
#6781 = EDGE_CURVE('',#6754,#6782,#6784,.T.);
#6782 = VERTEX_POINT('',#6783);
#6783 = CARTESIAN_POINT('',(-9.152503960195,3.180798124466,12.9204));
#6784 = SURFACE_CURVE('',#6785,(#6789,#6796),.PCURVE_S1.);
#6785 = LINE('',#6786,#6787);
#6786 = CARTESIAN_POINT('',(-9.393401249644,2.376951779736,12.9204));
#6787 = VECTOR('',#6788,1.);
#6788 = DIRECTION('',(0.287067326227,0.957910408239,0.));
#6789 = PCURVE('',#1715,#6790);
#6790 = DEFINITIONAL_REPRESENTATION('',(#6791),#6795);
#6791 = LINE('',#6792,#6793);
#6792 = CARTESIAN_POINT('',(-9.264607555323,-2.68720297514));
#6793 = VECTOR('',#6794,1.);
#6794 = DIRECTION('',(-0.23034760701,0.973108411198));
#6795 = ( GEOMETRIC_REPRESENTATION_CONTEXT(2) 
PARAMETRIC_REPRESENTATION_CONTEXT() REPRESENTATION_CONTEXT('2D SPACE',''
  ) );
#6796 = PCURVE('',#6797,#6802);
#6797 = PLANE('',#6798);
#6798 = AXIS2_PLACEMENT_3D('',#6799,#6800,#6801);
#6799 = CARTESIAN_POINT('',(-9.393401249644,2.376951779736,12.2704));
#6800 = DIRECTION('',(-0.957910408239,0.287067326227,0.));
#6801 = DIRECTION('',(0.287067326227,0.957910408239,0.));
#6802 = DEFINITIONAL_REPRESENTATION('',(#6803),#6807);
#6803 = LINE('',#6804,#6805);
#6804 = CARTESIAN_POINT('',(0.,-0.65));
#6805 = VECTOR('',#6806,1.);
#6806 = DIRECTION('',(1.,0.));
#6807 = ( GEOMETRIC_REPRESENTATION_CONTEXT(2) 
PARAMETRIC_REPRESENTATION_CONTEXT() REPRESENTATION_CONTEXT('2D SPACE',''
  ) );
#6808 = ORIENTED_EDGE('',*,*,#6809,.T.);
#6809 = EDGE_CURVE('',#6782,#6810,#6812,.T.);
#6810 = VERTEX_POINT('',#6811);
#6811 = CARTESIAN_POINT('',(-8.842922456917,3.960809017228,12.9204));
#6812 = SURFACE_CURVE('',#6813,(#6817,#6824),.PCURVE_S1.);
#6813 = LINE('',#6814,#6815);
#6814 = CARTESIAN_POINT('',(-9.152503960195,3.180798124466,12.9204));
#6815 = VECTOR('',#6816,1.);
#6816 = DIRECTION('',(0.368900465084,0.929468905806,0.));
#6817 = PCURVE('',#1715,#6818);
#6818 = DEFINITIONAL_REPRESENTATION('',(#6819),#6823);
#6819 = LINE('',#6820,#6821);
#6820 = CARTESIAN_POINT('',(-9.457907555323,-1.87060297514));
#6821 = VECTOR('',#6822,1.);
#6822 = DIRECTION('',(-0.145257278673,0.989393916998));
#6823 = ( GEOMETRIC_REPRESENTATION_CONTEXT(2) 
PARAMETRIC_REPRESENTATION_CONTEXT() REPRESENTATION_CONTEXT('2D SPACE',''
  ) );
#6824 = PCURVE('',#6825,#6830);
#6825 = PLANE('',#6826);
#6826 = AXIS2_PLACEMENT_3D('',#6827,#6828,#6829);
#6827 = CARTESIAN_POINT('',(-9.152503960195,3.180798124466,12.2704));
#6828 = DIRECTION('',(-0.929468905806,0.368900465084,0.));
#6829 = DIRECTION('',(0.368900465084,0.929468905806,0.));
#6830 = DEFINITIONAL_REPRESENTATION('',(#6831),#6835);
#6831 = LINE('',#6832,#6833);
#6832 = CARTESIAN_POINT('',(0.,-0.65));
#6833 = VECTOR('',#6834,1.);
#6834 = DIRECTION('',(1.,0.));
#6835 = ( GEOMETRIC_REPRESENTATION_CONTEXT(2) 
PARAMETRIC_REPRESENTATION_CONTEXT() REPRESENTATION_CONTEXT('2D SPACE',''
  ) );
#6836 = ORIENTED_EDGE('',*,*,#6837,.T.);
#6837 = EDGE_CURVE('',#6810,#6838,#6840,.T.);
#6838 = VERTEX_POINT('',#6839);
#6839 = CARTESIAN_POINT('',(-8.466977316944,4.711165100519,12.9204));
#6840 = SURFACE_CURVE('',#6841,(#6845,#6852),.PCURVE_S1.);
#6841 = LINE('',#6842,#6843);
#6842 = CARTESIAN_POINT('',(-8.842922456917,3.960809017228,12.9204));
#6843 = VECTOR('',#6844,1.);
#6844 = DIRECTION('',(0.447944654008,0.894061288137,0.));
#6845 = PCURVE('',#1715,#6846);
#6846 = DEFINITIONAL_REPRESENTATION('',(#6847),#6851);
#6847 = LINE('',#6848,#6849);
#6848 = CARTESIAN_POINT('',(-9.579807555323,-1.04030297514));
#6849 = VECTOR('',#6850,1.);
#6850 = DIRECTION('',(-5.909919420808E-02,0.998252115071));
#6851 = ( GEOMETRIC_REPRESENTATION_CONTEXT(2) 
PARAMETRIC_REPRESENTATION_CONTEXT() REPRESENTATION_CONTEXT('2D SPACE',''
  ) );
#6852 = PCURVE('',#6853,#6858);
#6853 = PLANE('',#6854);
#6854 = AXIS2_PLACEMENT_3D('',#6855,#6856,#6857);
#6855 = CARTESIAN_POINT('',(-8.842922456917,3.960809017228,12.2704));
#6856 = DIRECTION('',(-0.894061288137,0.447944654008,0.));
#6857 = DIRECTION('',(0.447944654008,0.894061288137,0.));
#6858 = DEFINITIONAL_REPRESENTATION('',(#6859),#6863);
#6859 = LINE('',#6860,#6861);
#6860 = CARTESIAN_POINT('',(0.,-0.65));
#6861 = VECTOR('',#6862,1.);
#6862 = DIRECTION('',(1.,0.));
#6863 = ( GEOMETRIC_REPRESENTATION_CONTEXT(2) 
PARAMETRIC_REPRESENTATION_CONTEXT() REPRESENTATION_CONTEXT('2D SPACE',''
  ) );
#6864 = ORIENTED_EDGE('',*,*,#6865,.T.);
#6865 = EDGE_CURVE('',#6838,#6866,#6868,.T.);
#6866 = VERTEX_POINT('',#6867);
#6867 = CARTESIAN_POINT('',(-8.027658732657,5.426087209213,12.9204));
#6868 = SURFACE_CURVE('',#6869,(#6873,#6880),.PCURVE_S1.);
#6869 = LINE('',#6870,#6871);
#6870 = CARTESIAN_POINT('',(-8.466977316944,4.711165100519,12.9204));
#6871 = VECTOR('',#6872,1.);
#6872 = DIRECTION('',(0.523549742037,0.851995110088,0.));
#6873 = PCURVE('',#1715,#6874);
#6874 = DEFINITIONAL_REPRESENTATION('',(#6875),#6879);
#6875 = LINE('',#6876,#6877);
#6876 = CARTESIAN_POINT('',(-9.629407555323,-0.20250297514));
#6877 = VECTOR('',#6878,1.);
#6878 = DIRECTION('',(2.740982170464E-02,0.999624280254));
#6879 = ( GEOMETRIC_REPRESENTATION_CONTEXT(2) 
PARAMETRIC_REPRESENTATION_CONTEXT() REPRESENTATION_CONTEXT('2D SPACE',''
  ) );
#6880 = PCURVE('',#6881,#6886);
#6881 = PLANE('',#6882);
#6882 = AXIS2_PLACEMENT_3D('',#6883,#6884,#6885);
#6883 = CARTESIAN_POINT('',(-8.466977316944,4.711165100519,12.2704));
#6884 = DIRECTION('',(-0.851995110088,0.523549742037,0.));
#6885 = DIRECTION('',(0.523549742037,0.851995110088,0.));
#6886 = DEFINITIONAL_REPRESENTATION('',(#6887),#6891);
#6887 = LINE('',#6888,#6889);
#6888 = CARTESIAN_POINT('',(0.,-0.65));
#6889 = VECTOR('',#6890,1.);
#6890 = DIRECTION('',(1.,0.));
#6891 = ( GEOMETRIC_REPRESENTATION_CONTEXT(2) 
PARAMETRIC_REPRESENTATION_CONTEXT() REPRESENTATION_CONTEXT('2D SPACE',''
  ) );
#6892 = ORIENTED_EDGE('',*,*,#6893,.T.);
#6893 = EDGE_CURVE('',#6866,#6894,#6896,.T.);
#6894 = VERTEX_POINT('',#6895);
#6895 = CARTESIAN_POINT('',(-7.527966704056,6.100379190889,12.9204));
#6896 = SURFACE_CURVE('',#6897,(#6901,#6908),.PCURVE_S1.);
#6897 = LINE('',#6898,#6899);
#6898 = CARTESIAN_POINT('',(-8.027658732657,5.426087209213,12.9204));
#6899 = VECTOR('',#6900,1.);
#6900 = DIRECTION('',(0.595394096319,0.803433799431,0.));
#6901 = PCURVE('',#1715,#6902);
#6902 = DEFINITIONAL_REPRESENTATION('',(#6903),#6907);
#6903 = LINE('',#6904,#6905);
#6904 = CARTESIAN_POINT('',(-9.606407555323,0.63629702486));
#6905 = VECTOR('',#6906,1.);
#6906 = DIRECTION('',(0.11390951296,0.993491128726));
#6907 = ( GEOMETRIC_REPRESENTATION_CONTEXT(2) 
PARAMETRIC_REPRESENTATION_CONTEXT() REPRESENTATION_CONTEXT('2D SPACE',''
  ) );
#6908 = PCURVE('',#6909,#6914);
#6909 = PLANE('',#6910);
#6910 = AXIS2_PLACEMENT_3D('',#6911,#6912,#6913);
#6911 = CARTESIAN_POINT('',(-8.027658732657,5.426087209213,12.2704));
#6912 = DIRECTION('',(-0.803433799431,0.595394096319,0.));
#6913 = DIRECTION('',(0.595394096319,0.803433799431,0.));
#6914 = DEFINITIONAL_REPRESENTATION('',(#6915),#6919);
#6915 = LINE('',#6916,#6917);
#6916 = CARTESIAN_POINT('',(0.,-0.65));
#6917 = VECTOR('',#6918,1.);
#6918 = DIRECTION('',(1.,0.));
#6919 = ( GEOMETRIC_REPRESENTATION_CONTEXT(2) 
PARAMETRIC_REPRESENTATION_CONTEXT() REPRESENTATION_CONTEXT('2D SPACE',''
  ) );
#6920 = ORIENTED_EDGE('',*,*,#6921,.T.);
#6921 = EDGE_CURVE('',#6894,#6922,#6924,.T.);
#6922 = VERTEX_POINT('',#6923);
#6923 = CARTESIAN_POINT('',(-6.971930654002,6.728861880421,12.9204));
#6924 = SURFACE_CURVE('',#6925,(#6929,#6936),.PCURVE_S1.);
#6925 = LINE('',#6926,#6927);
#6926 = CARTESIAN_POINT('',(-7.527966704056,6.100379190889,12.9204));
#6927 = VECTOR('',#6928,1.);
#6928 = DIRECTION('',(0.66262107516,0.748954812224,0.));
#6929 = PCURVE('',#1715,#6930);
#6930 = DEFINITIONAL_REPRESENTATION('',(#6931),#6935);
#6931 = LINE('',#6932,#6933);
#6932 = CARTESIAN_POINT('',(-9.510807555323,1.47009702486));
#6933 = VECTOR('',#6934,1.);
#6934 = DIRECTION('',(0.19936927806,0.979924431253));
#6935 = ( GEOMETRIC_REPRESENTATION_CONTEXT(2) 
PARAMETRIC_REPRESENTATION_CONTEXT() REPRESENTATION_CONTEXT('2D SPACE',''
  ) );
#6936 = PCURVE('',#6937,#6942);
#6937 = PLANE('',#6938);
#6938 = AXIS2_PLACEMENT_3D('',#6939,#6940,#6941);
#6939 = CARTESIAN_POINT('',(-7.527966704056,6.100379190889,12.2704));
#6940 = DIRECTION('',(-0.748954812224,0.66262107516,0.));
#6941 = DIRECTION('',(0.66262107516,0.748954812224,0.));
#6942 = DEFINITIONAL_REPRESENTATION('',(#6943),#6947);
#6943 = LINE('',#6944,#6945);
#6944 = CARTESIAN_POINT('',(0.,-0.65));
#6945 = VECTOR('',#6946,1.);
#6946 = DIRECTION('',(1.,0.));
#6947 = ( GEOMETRIC_REPRESENTATION_CONTEXT(2) 
PARAMETRIC_REPRESENTATION_CONTEXT() REPRESENTATION_CONTEXT('2D SPACE',''
  ) );
#6948 = ORIENTED_EDGE('',*,*,#6949,.T.);
#6949 = EDGE_CURVE('',#6922,#6950,#6952,.T.);
#6950 = VERTEX_POINT('',#6951);
#6951 = CARTESIAN_POINT('',(-6.363503210442,7.306889125387,12.9204));
#6952 = SURFACE_CURVE('',#6953,(#6957,#6964),.PCURVE_S1.);
#6953 = LINE('',#6954,#6955);
#6954 = CARTESIAN_POINT('',(-6.971930654002,6.728861880421,12.9204));
#6955 = VECTOR('',#6956,1.);
#6956 = DIRECTION('',(0.724986835095,0.68876272325,0.));
#6957 = PCURVE('',#1715,#6958);
#6958 = DEFINITIONAL_REPRESENTATION('',(#6959),#6963);
#6959 = LINE('',#6960,#6961);
#6960 = CARTESIAN_POINT('',(-9.343507555323,2.29239702486));
#6961 = VECTOR('',#6962,1.);
#6962 = DIRECTION('',(0.283475654977,0.958979433062));
#6963 = ( GEOMETRIC_REPRESENTATION_CONTEXT(2) 
PARAMETRIC_REPRESENTATION_CONTEXT() REPRESENTATION_CONTEXT('2D SPACE',''
  ) );
#6964 = PCURVE('',#6965,#6970);
#6965 = PLANE('',#6966);
#6966 = AXIS2_PLACEMENT_3D('',#6967,#6968,#6969);
#6967 = CARTESIAN_POINT('',(-6.971930654002,6.728861880421,12.2704));
#6968 = DIRECTION('',(-0.68876272325,0.724986835095,0.));
#6969 = DIRECTION('',(0.724986835095,0.68876272325,0.));
#6970 = DEFINITIONAL_REPRESENTATION('',(#6971),#6975);
#6971 = LINE('',#6972,#6973);
#6972 = CARTESIAN_POINT('',(0.,-0.65));
#6973 = VECTOR('',#6974,1.);
#6974 = DIRECTION('',(1.,0.));
#6975 = ( GEOMETRIC_REPRESENTATION_CONTEXT(2) 
PARAMETRIC_REPRESENTATION_CONTEXT() REPRESENTATION_CONTEXT('2D SPACE',''
  ) );
#6976 = ORIENTED_EDGE('',*,*,#6977,.T.);
#6977 = EDGE_CURVE('',#6950,#6978,#6980,.T.);
#6978 = VERTEX_POINT('',#6979);
#6979 = CARTESIAN_POINT('',(-5.711361872449,7.827231056506,12.9204));
#6980 = SURFACE_CURVE('',#6981,(#6985,#6992),.PCURVE_S1.);
#6981 = LINE('',#6982,#6983);
#6982 = CARTESIAN_POINT('',(-6.363503210442,7.306889125387,12.9204));
#6983 = VECTOR('',#6984,1.);
#6984 = DIRECTION('',(0.781669861731,0.623692413984,0.));
#6985 = PCURVE('',#1715,#6986);
#6986 = DEFINITIONAL_REPRESENTATION('',(#6987),#6991);
#6987 = LINE('',#6988,#6989);
#6988 = CARTESIAN_POINT('',(-9.105607555323,3.09719702486));
#6989 = VECTOR('',#6990,1.);
#6990 = DIRECTION('',(0.36509975064,0.930968405523));
#6991 = ( GEOMETRIC_REPRESENTATION_CONTEXT(2) 
PARAMETRIC_REPRESENTATION_CONTEXT() REPRESENTATION_CONTEXT('2D SPACE',''
  ) );
#6992 = PCURVE('',#6993,#6998);
#6993 = PLANE('',#6994);
#6994 = AXIS2_PLACEMENT_3D('',#6995,#6996,#6997);
#6995 = CARTESIAN_POINT('',(-6.363503210442,7.306889125387,12.2704));
#6996 = DIRECTION('',(-0.623692413984,0.781669861731,0.));
#6997 = DIRECTION('',(0.781669861731,0.623692413984,0.));
#6998 = DEFINITIONAL_REPRESENTATION('',(#6999),#7003);
#6999 = LINE('',#7000,#7001);
#7000 = CARTESIAN_POINT('',(0.,-0.65));
#7001 = VECTOR('',#7002,1.);
#7002 = DIRECTION('',(1.,0.));
#7003 = ( GEOMETRIC_REPRESENTATION_CONTEXT(2) 
PARAMETRIC_REPRESENTATION_CONTEXT() REPRESENTATION_CONTEXT('2D SPACE',''
  ) );
#7004 = ORIENTED_EDGE('',*,*,#7005,.T.);
#7005 = EDGE_CURVE('',#6978,#7006,#7008,.T.);
#7006 = VERTEX_POINT('',#7007);
#7007 = CARTESIAN_POINT('',(-2.627403902736,3.078202948457,12.9204));
#7008 = SURFACE_CURVE('',#7009,(#7013,#7020),.PCURVE_S1.);
#7009 = LINE('',#7010,#7011);
#7010 = CARTESIAN_POINT('',(-5.711361872449,7.827231056506,12.9204));
#7011 = VECTOR('',#7012,1.);
#7012 = DIRECTION('',(0.544626993079,-0.838678387947,0.));
#7013 = PCURVE('',#1715,#7014);
#7014 = DEFINITIONAL_REPRESENTATION('',(#7015),#7019);
#7015 = LINE('',#7016,#7017);
#7016 = CARTESIAN_POINT('',(-8.801007555323,3.87389702486));
#7017 = VECTOR('',#7018,1.);
#7018 = DIRECTION('',(0.891000005567,-0.454003293027));
#7019 = ( GEOMETRIC_REPRESENTATION_CONTEXT(2) 
PARAMETRIC_REPRESENTATION_CONTEXT() REPRESENTATION_CONTEXT('2D SPACE',''
  ) );
#7020 = PCURVE('',#7021,#7026);
#7021 = PLANE('',#7022);
#7022 = AXIS2_PLACEMENT_3D('',#7023,#7024,#7025);
#7023 = CARTESIAN_POINT('',(-5.711361872449,7.827231056506,12.2704));
#7024 = DIRECTION('',(0.838678387947,0.544626993079,-0.));
#7025 = DIRECTION('',(0.544626993079,-0.838678387947,0.));
#7026 = DEFINITIONAL_REPRESENTATION('',(#7027),#7031);
#7027 = LINE('',#7028,#7029);
#7028 = CARTESIAN_POINT('',(0.,-0.65));
#7029 = VECTOR('',#7030,1.);
#7030 = DIRECTION('',(1.,0.));
#7031 = ( GEOMETRIC_REPRESENTATION_CONTEXT(2) 
PARAMETRIC_REPRESENTATION_CONTEXT() REPRESENTATION_CONTEXT('2D SPACE',''
  ) );
#7032 = ORIENTED_EDGE('',*,*,#7033,.T.);
#7033 = EDGE_CURVE('',#7006,#7034,#7036,.T.);
#7034 = VERTEX_POINT('',#7035);
#7035 = CARTESIAN_POINT('',(-3.01522662439,2.699474290222,12.9204));
#7036 = SURFACE_CURVE('',#7037,(#7041,#7048),.PCURVE_S1.);
#7037 = LINE('',#7038,#7039);
#7038 = CARTESIAN_POINT('',(-2.627403902736,3.078202948457,12.9204));
#7039 = VECTOR('',#7040,1.);
#7040 = DIRECTION('',(-0.715445271366,-0.698668779666,0.));
#7041 = PCURVE('',#1715,#7042);
#7042 = DEFINITIONAL_REPRESENTATION('',(#7043),#7047);
#7043 = LINE('',#7044,#7045);
#7044 = CARTESIAN_POINT('',(-3.755707555323,1.30309702486));
#7045 = VECTOR('',#7046,1.);
#7046 = DIRECTION('',(-0.270259390187,-0.962787547705));
#7047 = ( GEOMETRIC_REPRESENTATION_CONTEXT(2) 
PARAMETRIC_REPRESENTATION_CONTEXT() REPRESENTATION_CONTEXT('2D SPACE',''
  ) );
#7048 = PCURVE('',#7049,#7054);
#7049 = PLANE('',#7050);
#7050 = AXIS2_PLACEMENT_3D('',#7051,#7052,#7053);
#7051 = CARTESIAN_POINT('',(-2.627403902736,3.078202948457,12.2704));
#7052 = DIRECTION('',(0.698668779666,-0.715445271366,0.));
#7053 = DIRECTION('',(-0.715445271366,-0.698668779666,0.));
#7054 = DEFINITIONAL_REPRESENTATION('',(#7055),#7059);
#7055 = LINE('',#7056,#7057);
#7056 = CARTESIAN_POINT('',(0.,-0.65));
#7057 = VECTOR('',#7058,1.);
#7058 = DIRECTION('',(1.,0.));
#7059 = ( GEOMETRIC_REPRESENTATION_CONTEXT(2) 
PARAMETRIC_REPRESENTATION_CONTEXT() REPRESENTATION_CONTEXT('2D SPACE',''
  ) );
#7060 = ORIENTED_EDGE('',*,*,#7061,.T.);
#7061 = EDGE_CURVE('',#7034,#7062,#7064,.T.);
#7062 = VERTEX_POINT('',#7063);
#7063 = CARTESIAN_POINT('',(-3.348924939836,2.27229185347,12.9204));
#7064 = SURFACE_CURVE('',#7065,(#7069,#7076),.PCURVE_S1.);
#7065 = LINE('',#7066,#7067);
#7066 = CARTESIAN_POINT('',(-3.01522662439,2.699474290222,12.9204));
#7067 = VECTOR('',#7068,1.);
#7068 = DIRECTION('',(-0.615600551189,-0.788058348966,0.));
#7069 = PCURVE('',#1715,#7070);
#7070 = DEFINITIONAL_REPRESENTATION('',(#7071),#7075);
#7071 = LINE('',#7072,#7073);
#7072 = CARTESIAN_POINT('',(-3.902207555323,0.78119702486));
#7073 = VECTOR('',#7074,1.);
#7074 = DIRECTION('',(-0.139096541431,-0.990278825464));
#7075 = ( GEOMETRIC_REPRESENTATION_CONTEXT(2) 
PARAMETRIC_REPRESENTATION_CONTEXT() REPRESENTATION_CONTEXT('2D SPACE',''
  ) );
#7076 = PCURVE('',#7077,#7082);
#7077 = PLANE('',#7078);
#7078 = AXIS2_PLACEMENT_3D('',#7079,#7080,#7081);
#7079 = CARTESIAN_POINT('',(-3.01522662439,2.699474290222,12.2704));
#7080 = DIRECTION('',(0.788058348966,-0.615600551189,0.));
#7081 = DIRECTION('',(-0.615600551189,-0.788058348966,0.));
#7082 = DEFINITIONAL_REPRESENTATION('',(#7083),#7087);
#7083 = LINE('',#7084,#7085);
#7084 = CARTESIAN_POINT('',(0.,-0.65));
#7085 = VECTOR('',#7086,1.);
#7086 = DIRECTION('',(1.,0.));
#7087 = ( GEOMETRIC_REPRESENTATION_CONTEXT(2) 
PARAMETRIC_REPRESENTATION_CONTEXT() REPRESENTATION_CONTEXT('2D SPACE',''
  ) );
#7088 = ORIENTED_EDGE('',*,*,#7089,.T.);
#7089 = EDGE_CURVE('',#7062,#7090,#7092,.T.);
#7090 = VERTEX_POINT('',#7091);
#7091 = CARTESIAN_POINT('',(-3.622623016047,1.804232879538,12.9204));
#7092 = SURFACE_CURVE('',#7093,(#7097,#7104),.PCURVE_S1.);
#7093 = LINE('',#7094,#7095);
#7094 = CARTESIAN_POINT('',(-3.348924939836,2.27229185347,12.9204));
#7095 = VECTOR('',#7096,1.);
#7096 = DIRECTION('',(-0.504784003649,-0.863245683256,0.));
#7097 = PCURVE('',#1715,#7098);
#7098 = DEFINITIONAL_REPRESENTATION('',(#7099),#7103);
#7099 = LINE('',#7100,#7101);
#7100 = CARTESIAN_POINT('',(-3.977607555323,0.24439702486));
#7101 = VECTOR('',#7102,1.);
#7102 = DIRECTION('',(-5.53292895554E-03,-0.999984693231));
#7103 = ( GEOMETRIC_REPRESENTATION_CONTEXT(2) 
PARAMETRIC_REPRESENTATION_CONTEXT() REPRESENTATION_CONTEXT('2D SPACE',''
  ) );
#7104 = PCURVE('',#7105,#7110);
#7105 = PLANE('',#7106);
#7106 = AXIS2_PLACEMENT_3D('',#7107,#7108,#7109);
#7107 = CARTESIAN_POINT('',(-3.348924939836,2.27229185347,12.2704));
#7108 = DIRECTION('',(0.863245683256,-0.504784003649,0.));
#7109 = DIRECTION('',(-0.504784003649,-0.863245683256,0.));
#7110 = DEFINITIONAL_REPRESENTATION('',(#7111),#7115);
#7111 = LINE('',#7112,#7113);
#7112 = CARTESIAN_POINT('',(0.,-0.65));
#7113 = VECTOR('',#7114,1.);
#7114 = DIRECTION('',(1.,0.));
#7115 = ( GEOMETRIC_REPRESENTATION_CONTEXT(2) 
PARAMETRIC_REPRESENTATION_CONTEXT() REPRESENTATION_CONTEXT('2D SPACE',''
  ) );
#7116 = ORIENTED_EDGE('',*,*,#7117,.T.);
#7117 = EDGE_CURVE('',#7090,#6724,#7118,.T.);
#7118 = SURFACE_CURVE('',#7119,(#7123,#7130),.PCURVE_S1.);
#7119 = LINE('',#7120,#7121);
#7120 = CARTESIAN_POINT('',(-3.622623016047,1.804232879538,12.9204));
#7121 = VECTOR('',#7122,1.);
#7122 = DIRECTION('',(-0.379043397116,-0.925378897049,0.));
#7123 = PCURVE('',#1715,#7124);
#7124 = DEFINITIONAL_REPRESENTATION('',(#7125),#7129);
#7125 = LINE('',#7126,#7127);
#7126 = CARTESIAN_POINT('',(-3.980607555323,-0.29780297514));
#7127 = VECTOR('',#7128,1.);
#7128 = DIRECTION('',(0.134428237486,-0.990923331528));
#7129 = ( GEOMETRIC_REPRESENTATION_CONTEXT(2) 
PARAMETRIC_REPRESENTATION_CONTEXT() REPRESENTATION_CONTEXT('2D SPACE',''
  ) );
#7130 = PCURVE('',#7131,#7136);
#7131 = PLANE('',#7132);
#7132 = AXIS2_PLACEMENT_3D('',#7133,#7134,#7135);
#7133 = CARTESIAN_POINT('',(-3.622623016047,1.804232879538,12.2704));
#7134 = DIRECTION('',(0.925378897049,-0.379043397116,0.));
#7135 = DIRECTION('',(-0.379043397116,-0.925378897049,0.));
#7136 = DEFINITIONAL_REPRESENTATION('',(#7137),#7141);
#7137 = LINE('',#7138,#7139);
#7138 = CARTESIAN_POINT('',(0.,-0.65));
#7139 = VECTOR('',#7140,1.);
#7140 = DIRECTION('',(1.,0.));
#7141 = ( GEOMETRIC_REPRESENTATION_CONTEXT(2) 
PARAMETRIC_REPRESENTATION_CONTEXT() REPRESENTATION_CONTEXT('2D SPACE',''
  ) );
#7142 = FACE_BOUND('',#7143,.T.);
#7143 = EDGE_LOOP('',(#7144,#7174,#7202,#7230,#7258));
#7144 = ORIENTED_EDGE('',*,*,#7145,.T.);
#7145 = EDGE_CURVE('',#7146,#7148,#7150,.T.);
#7146 = VERTEX_POINT('',#7147);
#7147 = CARTESIAN_POINT('',(-1.359087792423,1.125190891576,12.9204));
#7148 = VERTEX_POINT('',#7149);
#7149 = CARTESIAN_POINT('',(-2.737822244159,1.197552771024,12.9204));
#7150 = SURFACE_CURVE('',#7151,(#7155,#7162),.PCURVE_S1.);
#7151 = LINE('',#7152,#7153);
#7152 = CARTESIAN_POINT('',(-1.359087792423,1.125190891576,12.9204));
#7153 = VECTOR('',#7154,1.);
#7154 = DIRECTION('',(-0.998625539304,5.241213839119E-02,0.));
#7155 = PCURVE('',#1715,#7156);
#7156 = DEFINITIONAL_REPRESENTATION('',(#7157),#7161);
#7157 = LINE('',#7158,#7159);
#7158 = CARTESIAN_POINT('',(-1.680807555323,0.24589702486));
#7159 = VECTOR('',#7160,1.);
#7160 = DIRECTION('',(-0.8910411551,-0.453922526338));
#7161 = ( GEOMETRIC_REPRESENTATION_CONTEXT(2) 
PARAMETRIC_REPRESENTATION_CONTEXT() REPRESENTATION_CONTEXT('2D SPACE',''
  ) );
#7162 = PCURVE('',#7163,#7168);
#7163 = PLANE('',#7164);
#7164 = AXIS2_PLACEMENT_3D('',#7165,#7166,#7167);
#7165 = CARTESIAN_POINT('',(-1.359087792423,1.125190891576,12.2704));
#7166 = DIRECTION('',(-5.241213839119E-02,-0.998625539304,0.));
#7167 = DIRECTION('',(-0.998625539304,5.241213839119E-02,0.));
#7168 = DEFINITIONAL_REPRESENTATION('',(#7169),#7173);
#7169 = LINE('',#7170,#7171);
#7170 = CARTESIAN_POINT('',(0.,-0.65));
#7171 = VECTOR('',#7172,1.);
#7172 = DIRECTION('',(1.,0.));
#7173 = ( GEOMETRIC_REPRESENTATION_CONTEXT(2) 
PARAMETRIC_REPRESENTATION_CONTEXT() REPRESENTATION_CONTEXT('2D SPACE',''
  ) );
#7174 = ORIENTED_EDGE('',*,*,#7175,.T.);
#7175 = EDGE_CURVE('',#7148,#7176,#7178,.T.);
#7176 = VERTEX_POINT('',#7177);
#7177 = CARTESIAN_POINT('',(-2.518545637918,1.608350993946,12.9204));
#7178 = SURFACE_CURVE('',#7179,(#7183,#7190),.PCURVE_S1.);
#7179 = LINE('',#7180,#7181);
#7180 = CARTESIAN_POINT('',(-2.737822244159,1.197552771024,12.9204));
#7181 = VECTOR('',#7182,1.);
#7182 = DIRECTION('',(0.470896210341,0.882188618769,0.));
#7183 = PCURVE('',#1715,#7184);
#7184 = DEFINITIONAL_REPRESENTATION('',(#7185),#7189);
#7185 = LINE('',#7186,#7187);
#7186 = CARTESIAN_POINT('',(-2.911007555323,-0.38080297514));
#7187 = VECTOR('',#7188,1.);
#7188 = DIRECTION('',(-3.328622868348E-02,0.999445859954));
#7189 = ( GEOMETRIC_REPRESENTATION_CONTEXT(2) 
PARAMETRIC_REPRESENTATION_CONTEXT() REPRESENTATION_CONTEXT('2D SPACE',''
  ) );
#7190 = PCURVE('',#7191,#7196);
#7191 = PLANE('',#7192);
#7192 = AXIS2_PLACEMENT_3D('',#7193,#7194,#7195);
#7193 = CARTESIAN_POINT('',(-2.737822244159,1.197552771024,12.2704));
#7194 = DIRECTION('',(-0.882188618769,0.470896210341,0.));
#7195 = DIRECTION('',(0.470896210341,0.882188618769,0.));
#7196 = DEFINITIONAL_REPRESENTATION('',(#7197),#7201);
#7197 = LINE('',#7198,#7199);
#7198 = CARTESIAN_POINT('',(0.,-0.65));
#7199 = VECTOR('',#7200,1.);
#7200 = DIRECTION('',(1.,0.));
#7201 = ( GEOMETRIC_REPRESENTATION_CONTEXT(2) 
PARAMETRIC_REPRESENTATION_CONTEXT() REPRESENTATION_CONTEXT('2D SPACE',''
  ) );
#7202 = ORIENTED_EDGE('',*,*,#7203,.T.);
#7203 = EDGE_CURVE('',#7176,#7204,#7206,.T.);
#7204 = VERTEX_POINT('',#7205);
#7205 = CARTESIAN_POINT('',(-2.237995587362,1.980077935575,12.9204));
#7206 = SURFACE_CURVE('',#7207,(#7211,#7218),.PCURVE_S1.);
#7207 = LINE('',#7208,#7209);
#7208 = CARTESIAN_POINT('',(-2.518545637918,1.608350993946,12.9204));
#7209 = VECTOR('',#7210,1.);
#7210 = DIRECTION('',(0.602408842158,0.798187689012,0.));
#7211 = PCURVE('',#1715,#7212);
#7212 = DEFINITIONAL_REPRESENTATION('',(#7213),#7217);
#7213 = LINE('',#7214,#7215);
#7214 = CARTESIAN_POINT('',(-2.926507555323,8.459702486012E-02));
#7215 = VECTOR('',#7216,1.);
#7216 = DIRECTION('',(0.122607516267,0.992455236751));
#7217 = ( GEOMETRIC_REPRESENTATION_CONTEXT(2) 
PARAMETRIC_REPRESENTATION_CONTEXT() REPRESENTATION_CONTEXT('2D SPACE',''
  ) );
#7218 = PCURVE('',#7219,#7224);
#7219 = PLANE('',#7220);
#7220 = AXIS2_PLACEMENT_3D('',#7221,#7222,#7223);
#7221 = CARTESIAN_POINT('',(-2.518545637918,1.608350993946,12.2704));
#7222 = DIRECTION('',(-0.798187689012,0.602408842158,0.));
#7223 = DIRECTION('',(0.602408842158,0.798187689012,0.));
#7224 = DEFINITIONAL_REPRESENTATION('',(#7225),#7229);
#7225 = LINE('',#7226,#7227);
#7226 = CARTESIAN_POINT('',(0.,-0.65));
#7227 = VECTOR('',#7228,1.);
#7228 = DIRECTION('',(1.,0.));
#7229 = ( GEOMETRIC_REPRESENTATION_CONTEXT(2) 
PARAMETRIC_REPRESENTATION_CONTEXT() REPRESENTATION_CONTEXT('2D SPACE',''
  ) );
#7230 = ORIENTED_EDGE('',*,*,#7231,.T.);
#7231 = EDGE_CURVE('',#7204,#7232,#7234,.T.);
#7232 = VERTEX_POINT('',#7233);
#7233 = CARTESIAN_POINT('',(-2.044019257364,2.179854794597,12.9204));
#7234 = SURFACE_CURVE('',#7235,(#7239,#7246),.PCURVE_S1.);
#7235 = LINE('',#7236,#7237);
#7236 = CARTESIAN_POINT('',(-2.237995587362,1.980077935575,12.9204));
#7237 = VECTOR('',#7238,1.);
#7238 = DIRECTION('',(0.696614537061,0.717445598464,0.));
#7239 = PCURVE('',#1715,#7240);
#7240 = DEFINITIONAL_REPRESENTATION('',(#7241),#7245);
#7241 = LINE('',#7242,#7243);
#7242 = CARTESIAN_POINT('',(-2.869407555323,0.54679702486));
#7243 = VECTOR('',#7244,1.);
#7244 = DIRECTION('',(0.244563086509,0.969633382634));
#7245 = ( GEOMETRIC_REPRESENTATION_CONTEXT(2) 
PARAMETRIC_REPRESENTATION_CONTEXT() REPRESENTATION_CONTEXT('2D SPACE',''
  ) );
#7246 = PCURVE('',#7247,#7252);
#7247 = PLANE('',#7248);
#7248 = AXIS2_PLACEMENT_3D('',#7249,#7250,#7251);
#7249 = CARTESIAN_POINT('',(-2.237995587362,1.980077935575,12.2704));
#7250 = DIRECTION('',(-0.717445598464,0.696614537061,0.));
#7251 = DIRECTION('',(0.696614537061,0.717445598464,0.));
#7252 = DEFINITIONAL_REPRESENTATION('',(#7253),#7257);
#7253 = LINE('',#7254,#7255);
#7254 = CARTESIAN_POINT('',(0.,-0.65));
#7255 = VECTOR('',#7256,1.);
#7256 = DIRECTION('',(1.,0.));
#7257 = ( GEOMETRIC_REPRESENTATION_CONTEXT(2) 
PARAMETRIC_REPRESENTATION_CONTEXT() REPRESENTATION_CONTEXT('2D SPACE',''
  ) );
#7258 = ORIENTED_EDGE('',*,*,#7259,.T.);
#7259 = EDGE_CURVE('',#7232,#7146,#7260,.T.);
#7260 = SURFACE_CURVE('',#7261,(#7265,#7272),.PCURVE_S1.);
#7261 = LINE('',#7262,#7263);
#7262 = CARTESIAN_POINT('',(-2.044019257364,2.179854794597,12.9204));
#7263 = VECTOR('',#7264,1.);
#7264 = DIRECTION('',(0.544652860084,-0.838661589678,0.));
#7265 = PCURVE('',#1715,#7266);
#7266 = DEFINITIONAL_REPRESENTATION('',(#7267),#7271);
#7267 = LINE('',#7268,#7269);
#7268 = CARTESIAN_POINT('',(-2.801307555323,0.81679702486));
#7269 = VECTOR('',#7270,1.);
#7270 = DIRECTION('',(0.891014007916,-0.453975811798));
#7271 = ( GEOMETRIC_REPRESENTATION_CONTEXT(2) 
PARAMETRIC_REPRESENTATION_CONTEXT() REPRESENTATION_CONTEXT('2D SPACE',''
  ) );
#7272 = PCURVE('',#7273,#7278);
#7273 = PLANE('',#7274);
#7274 = AXIS2_PLACEMENT_3D('',#7275,#7276,#7277);
#7275 = CARTESIAN_POINT('',(-2.044019257364,2.179854794597,12.2704));
#7276 = DIRECTION('',(0.838661589678,0.544652860084,-0.));
#7277 = DIRECTION('',(0.544652860084,-0.838661589678,0.));
#7278 = DEFINITIONAL_REPRESENTATION('',(#7279),#7283);
#7279 = LINE('',#7280,#7281);
#7280 = CARTESIAN_POINT('',(0.,-0.65));
#7281 = VECTOR('',#7282,1.);
#7282 = DIRECTION('',(1.,0.));
#7283 = ( GEOMETRIC_REPRESENTATION_CONTEXT(2) 
PARAMETRIC_REPRESENTATION_CONTEXT() REPRESENTATION_CONTEXT('2D SPACE',''
  ) );
#7284 = FACE_BOUND('',#7285,.T.);
#7285 = EDGE_LOOP('',(#7286,#7316,#7344,#7372));
#7286 = ORIENTED_EDGE('',*,*,#7287,.T.);
#7287 = EDGE_CURVE('',#7288,#7290,#7292,.T.);
#7288 = VERTEX_POINT('',#7289);
#7289 = CARTESIAN_POINT('',(0.154222055837,2.467120436358,12.9204));
#7290 = VERTEX_POINT('',#7291);
#7291 = CARTESIAN_POINT('',(-0.180723262896,2.982778126554,12.9204));
#7292 = SURFACE_CURVE('',#7293,(#7297,#7304),.PCURVE_S1.);
#7293 = LINE('',#7294,#7295);
#7294 = CARTESIAN_POINT('',(0.154222055837,2.467120436358,12.9204));
#7295 = VECTOR('',#7296,1.);
#7296 = DIRECTION('',(-0.544722878596,0.838616113328,0.));
#7297 = PCURVE('',#1715,#7298);
#7298 = DEFINITIONAL_REPRESENTATION('',(#7299),#7303);
#7299 = LINE('',#7300,#7301);
#7300 = CARTESIAN_POINT('',(-1.041207555323,2.16469702486));
#7301 = VECTOR('',#7302,1.);
#7302 = DIRECTION('',(-0.891051907551,0.453901418867));
#7303 = ( GEOMETRIC_REPRESENTATION_CONTEXT(2) 
PARAMETRIC_REPRESENTATION_CONTEXT() REPRESENTATION_CONTEXT('2D SPACE',''
  ) );
#7304 = PCURVE('',#7305,#7310);
#7305 = PLANE('',#7306);
#7306 = AXIS2_PLACEMENT_3D('',#7307,#7308,#7309);
#7307 = CARTESIAN_POINT('',(0.154222055837,2.467120436358,12.2704));
#7308 = DIRECTION('',(-0.838616113328,-0.544722878596,0.));
#7309 = DIRECTION('',(-0.544722878596,0.838616113328,0.));
#7310 = DEFINITIONAL_REPRESENTATION('',(#7311),#7315);
#7311 = LINE('',#7312,#7313);
#7312 = CARTESIAN_POINT('',(0.,-0.65));
#7313 = VECTOR('',#7314,1.);
#7314 = DIRECTION('',(1.,0.));
#7315 = ( GEOMETRIC_REPRESENTATION_CONTEXT(2) 
PARAMETRIC_REPRESENTATION_CONTEXT() REPRESENTATION_CONTEXT('2D SPACE',''
  ) );
#7316 = ORIENTED_EDGE('',*,*,#7317,.T.);
#7317 = EDGE_CURVE('',#7290,#7318,#7320,.T.);
#7318 = VERTEX_POINT('',#7319);
#7319 = CARTESIAN_POINT('',(0.284995486605,2.974626662728,12.9204));
#7320 = SURFACE_CURVE('',#7321,(#7325,#7332),.PCURVE_S1.);
#7321 = LINE('',#7322,#7323);
#7322 = CARTESIAN_POINT('',(-0.180723262896,2.982778126554,12.9204));
#7323 = VECTOR('',#7324,1.);
#7324 = DIRECTION('',(0.999846858112,-1.750029498196E-02,0.));
#7325 = PCURVE('',#1715,#7326);
#7326 = DEFINITIONAL_REPRESENTATION('',(#7327),#7331);
#7327 = LINE('',#7328,#7329);
#7328 = CARTESIAN_POINT('',(-1.589107555323,2.44379702486));
#7329 = VECTOR('',#7330,1.);
#7330 = DIRECTION('',(0.87464292651,0.484767729028));
#7331 = ( GEOMETRIC_REPRESENTATION_CONTEXT(2) 
PARAMETRIC_REPRESENTATION_CONTEXT() REPRESENTATION_CONTEXT('2D SPACE',''
  ) );
#7332 = PCURVE('',#7333,#7338);
#7333 = PLANE('',#7334);
#7334 = AXIS2_PLACEMENT_3D('',#7335,#7336,#7337);
#7335 = CARTESIAN_POINT('',(-0.180723262896,2.982778126554,12.2704));
#7336 = DIRECTION('',(1.750029498196E-02,0.999846858112,-0.));
#7337 = DIRECTION('',(0.999846858112,-1.750029498196E-02,0.));
#7338 = DEFINITIONAL_REPRESENTATION('',(#7339),#7343);
#7339 = LINE('',#7340,#7341);
#7340 = CARTESIAN_POINT('',(0.,-0.65));
#7341 = VECTOR('',#7342,1.);
#7342 = DIRECTION('',(1.,0.));
#7343 = ( GEOMETRIC_REPRESENTATION_CONTEXT(2) 
PARAMETRIC_REPRESENTATION_CONTEXT() REPRESENTATION_CONTEXT('2D SPACE',''
  ) );
#7344 = ORIENTED_EDGE('',*,*,#7345,.T.);
#7345 = EDGE_CURVE('',#7318,#7346,#7348,.T.);
#7346 = VERTEX_POINT('',#7347);
#7347 = CARTESIAN_POINT('',(0.436572055837,2.956164981875,12.9204));
#7348 = SURFACE_CURVE('',#7349,(#7353,#7360),.PCURVE_S1.);
#7349 = LINE('',#7350,#7351);
#7350 = CARTESIAN_POINT('',(0.284995486605,2.974626662728,12.9204));
#7351 = VECTOR('',#7352,1.);
#7352 = DIRECTION('',(0.992664175772,-0.120904235403,0.));
#7353 = PCURVE('',#1715,#7354);
#7354 = DEFINITIONAL_REPRESENTATION('',(#7355),#7359);
#7355 = LINE('',#7356,#7357);
#7356 = CARTESIAN_POINT('',(-1.181707555323,2.66959702486));
#7357 = VECTOR('',#7358,1.);
#7358 = DIRECTION('',(0.920124511347,0.391625948602));
#7359 = ( GEOMETRIC_REPRESENTATION_CONTEXT(2) 
PARAMETRIC_REPRESENTATION_CONTEXT() REPRESENTATION_CONTEXT('2D SPACE',''
  ) );
#7360 = PCURVE('',#7361,#7366);
#7361 = PLANE('',#7362);
#7362 = AXIS2_PLACEMENT_3D('',#7363,#7364,#7365);
#7363 = CARTESIAN_POINT('',(0.284995486605,2.974626662728,12.2704));
#7364 = DIRECTION('',(0.120904235403,0.992664175772,-0.));
#7365 = DIRECTION('',(0.992664175772,-0.120904235403,0.));
#7366 = DEFINITIONAL_REPRESENTATION('',(#7367),#7371);
#7367 = LINE('',#7368,#7369);
#7368 = CARTESIAN_POINT('',(0.,-0.65));
#7369 = VECTOR('',#7370,1.);
#7370 = DIRECTION('',(1.,0.));
#7371 = ( GEOMETRIC_REPRESENTATION_CONTEXT(2) 
PARAMETRIC_REPRESENTATION_CONTEXT() REPRESENTATION_CONTEXT('2D SPACE',''
  ) );
#7372 = ORIENTED_EDGE('',*,*,#7373,.T.);
#7373 = EDGE_CURVE('',#7346,#7288,#7374,.T.);
#7374 = SURFACE_CURVE('',#7375,(#7379,#7386),.PCURVE_S1.);
#7375 = LINE('',#7376,#7377);
#7376 = CARTESIAN_POINT('',(0.436572055837,2.956164981875,12.9204));
#7377 = VECTOR('',#7378,1.);
#7378 = DIRECTION('',(-0.5,-0.866025403784,0.));
#7379 = PCURVE('',#1715,#7380);
#7380 = DEFINITIONAL_REPRESENTATION('',(#7381),#7385);
#7381 = LINE('',#7382,#7383);
#7382 = CARTESIAN_POINT('',(-1.041207555323,2.72939702486));
#7383 = VECTOR('',#7384,1.);
#7384 = DIRECTION('',(0.,-1.));
#7385 = ( GEOMETRIC_REPRESENTATION_CONTEXT(2) 
PARAMETRIC_REPRESENTATION_CONTEXT() REPRESENTATION_CONTEXT('2D SPACE',''
  ) );
#7386 = PCURVE('',#7387,#7392);
#7387 = PLANE('',#7388);
#7388 = AXIS2_PLACEMENT_3D('',#7389,#7390,#7391);
#7389 = CARTESIAN_POINT('',(0.436572055837,2.956164981875,12.2704));
#7390 = DIRECTION('',(0.866025403784,-0.5,0.));
#7391 = DIRECTION('',(-0.5,-0.866025403784,0.));
#7392 = DEFINITIONAL_REPRESENTATION('',(#7393),#7397);
#7393 = LINE('',#7394,#7395);
#7394 = CARTESIAN_POINT('',(0.,-0.65));
#7395 = VECTOR('',#7396,1.);
#7396 = DIRECTION('',(1.,0.));
#7397 = ( GEOMETRIC_REPRESENTATION_CONTEXT(2) 
PARAMETRIC_REPRESENTATION_CONTEXT() REPRESENTATION_CONTEXT('2D SPACE',''
  ) );
#7398 = FACE_BOUND('',#7399,.T.);
#7399 = EDGE_LOOP('',(#7400,#7430,#7458));
#7400 = ORIENTED_EDGE('',*,*,#7401,.T.);
#7401 = EDGE_CURVE('',#7402,#7404,#7406,.T.);
#7402 = VERTEX_POINT('',#7403);
#7403 = CARTESIAN_POINT('',(2.651395637918,-1.37824804416,12.9204));
#7404 = VERTEX_POINT('',#7405);
#7405 = CARTESIAN_POINT('',(2.456013918868,-1.077459108424,12.9204));
#7406 = SURFACE_CURVE('',#7407,(#7411,#7418),.PCURVE_S1.);
#7407 = LINE('',#7408,#7409);
#7408 = CARTESIAN_POINT('',(2.651395637918,-1.37824804416,12.9204));
#7409 = VECTOR('',#7410,1.);
#7410 = DIRECTION('',(-0.544731396053,0.838610580755,0.));
#7411 = PCURVE('',#1715,#7412);
#7412 = DEFINITIONAL_REPRESENTATION('',(#7413),#7417);
#7413 = LINE('',#7414,#7415);
#7414 = CARTESIAN_POINT('',(3.044092444677,8.309702486012E-02));
#7415 = VECTOR('',#7416,1.);
#7416 = DIRECTION('',(-0.891056517599,0.453892368789));
#7417 = ( GEOMETRIC_REPRESENTATION_CONTEXT(2) 
PARAMETRIC_REPRESENTATION_CONTEXT() REPRESENTATION_CONTEXT('2D SPACE',''
  ) );
#7418 = PCURVE('',#7419,#7424);
#7419 = PLANE('',#7420);
#7420 = AXIS2_PLACEMENT_3D('',#7421,#7422,#7423);
#7421 = CARTESIAN_POINT('',(2.651395637918,-1.37824804416,12.2704));
#7422 = DIRECTION('',(-0.838610580755,-0.544731396053,0.));
#7423 = DIRECTION('',(-0.544731396053,0.838610580755,0.));
#7424 = DEFINITIONAL_REPRESENTATION('',(#7425),#7429);
#7425 = LINE('',#7426,#7427);
#7426 = CARTESIAN_POINT('',(0.,-0.65));
#7427 = VECTOR('',#7428,1.);
#7428 = DIRECTION('',(1.,0.));
#7429 = ( GEOMETRIC_REPRESENTATION_CONTEXT(2) 
PARAMETRIC_REPRESENTATION_CONTEXT() REPRESENTATION_CONTEXT('2D SPACE',''
  ) );
#7430 = ORIENTED_EDGE('',*,*,#7431,.T.);
#7431 = EDGE_CURVE('',#7404,#7432,#7434,.T.);
#7432 = VERTEX_POINT('',#7433);
#7433 = CARTESIAN_POINT('',(2.780614875804,-1.094433758825,12.9204));
#7434 = SURFACE_CURVE('',#7435,(#7439,#7446),.PCURVE_S1.);
#7435 = LINE('',#7436,#7437);
#7436 = CARTESIAN_POINT('',(2.456013918868,-1.077459108424,12.9204));
#7437 = VECTOR('',#7438,1.);
#7438 = DIRECTION('',(0.998635471939,-5.222254479663E-02,0.));
#7439 = PCURVE('',#1715,#7440);
#7440 = DEFINITIONAL_REPRESENTATION('',(#7441),#7445);
#7441 = LINE('',#7442,#7443);
#7442 = CARTESIAN_POINT('',(2.724492444677,0.24589702486));
#7443 = VECTOR('',#7444,1.);
#7444 = DIRECTION('',(0.890954960218,0.454091685525));
#7445 = ( GEOMETRIC_REPRESENTATION_CONTEXT(2) 
PARAMETRIC_REPRESENTATION_CONTEXT() REPRESENTATION_CONTEXT('2D SPACE',''
  ) );
#7446 = PCURVE('',#7447,#7452);
#7447 = PLANE('',#7448);
#7448 = AXIS2_PLACEMENT_3D('',#7449,#7450,#7451);
#7449 = CARTESIAN_POINT('',(2.456013918868,-1.077459108424,12.2704));
#7450 = DIRECTION('',(5.222254479663E-02,0.998635471939,-0.));
#7451 = DIRECTION('',(0.998635471939,-5.222254479663E-02,0.));
#7452 = DEFINITIONAL_REPRESENTATION('',(#7453),#7457);
#7453 = LINE('',#7454,#7455);
#7454 = CARTESIAN_POINT('',(0.,-0.65));
#7455 = VECTOR('',#7456,1.);
#7456 = DIRECTION('',(1.,0.));
#7457 = ( GEOMETRIC_REPRESENTATION_CONTEXT(2) 
PARAMETRIC_REPRESENTATION_CONTEXT() REPRESENTATION_CONTEXT('2D SPACE',''
  ) );
#7458 = ORIENTED_EDGE('',*,*,#7459,.T.);
#7459 = EDGE_CURVE('',#7432,#7402,#7460,.T.);
#7460 = SURFACE_CURVE('',#7461,(#7465,#7472),.PCURVE_S1.);
#7461 = LINE('',#7462,#7463);
#7462 = CARTESIAN_POINT('',(2.780614875804,-1.094433758825,12.9204));
#7463 = VECTOR('',#7464,1.);
#7464 = DIRECTION('',(-0.414368257287,-0.910109305168,0.));
#7465 = PCURVE('',#1715,#7466);
#7466 = DEFINITIONAL_REPRESENTATION('',(#7467),#7471);
#7467 = LINE('',#7468,#7469);
#7468 = CARTESIAN_POINT('',(3.014092444677,0.39349702486));
#7469 = VECTOR('',#7470,1.);
#7470 = DIRECTION('',(9.620121525187E-02,-0.995361907139));
#7471 = ( GEOMETRIC_REPRESENTATION_CONTEXT(2) 
PARAMETRIC_REPRESENTATION_CONTEXT() REPRESENTATION_CONTEXT('2D SPACE',''
  ) );
#7472 = PCURVE('',#7473,#7478);
#7473 = PLANE('',#7474);
#7474 = AXIS2_PLACEMENT_3D('',#7475,#7476,#7477);
#7475 = CARTESIAN_POINT('',(2.780614875804,-1.094433758825,12.2704));
#7476 = DIRECTION('',(0.910109305168,-0.414368257287,0.));
#7477 = DIRECTION('',(-0.414368257287,-0.910109305168,0.));
#7478 = DEFINITIONAL_REPRESENTATION('',(#7479),#7483);
#7479 = LINE('',#7480,#7481);
#7480 = CARTESIAN_POINT('',(0.,-0.65));
#7481 = VECTOR('',#7482,1.);
#7482 = DIRECTION('',(1.,0.));
#7483 = ( GEOMETRIC_REPRESENTATION_CONTEXT(2) 
PARAMETRIC_REPRESENTATION_CONTEXT() REPRESENTATION_CONTEXT('2D SPACE',''
  ) );
#7484 = FACE_BOUND('',#7485,.T.);
#7485 = EDGE_LOOP('',(#7486,#7516,#7544,#7572,#7600,#7628,#7656,#7684,
    #7712,#7740,#7768,#7796,#7824));
#7486 = ORIENTED_EDGE('',*,*,#7487,.T.);
#7487 = EDGE_CURVE('',#7488,#7490,#7492,.T.);
#7488 = VERTEX_POINT('',#7489);
#7489 = CARTESIAN_POINT('',(6.451255958003,-7.229496908107,12.9204));
#7490 = VERTEX_POINT('',#7491);
#7491 = CARTESIAN_POINT('',(3.288430711201,-2.359070931029,12.9204));
#7492 = SURFACE_CURVE('',#7493,(#7497,#7504),.PCURVE_S1.);
#7493 = LINE('',#7494,#7495);
#7494 = CARTESIAN_POINT('',(6.451255958003,-7.229496908107,12.9204));
#7495 = VECTOR('',#7496,1.);
#7496 = DIRECTION('',(-0.544630996992,0.838675787844,0.));
#7497 = PCURVE('',#1715,#7498);
#7498 = DEFINITIONAL_REPRESENTATION('',(#7499),#7503);
#7499 = LINE('',#7500,#7501);
#7500 = CARTESIAN_POINT('',(9.260492444677,-3.08430297514));
#7501 = VECTOR('',#7502,1.);
#7502 = DIRECTION('',(-0.891002173006,0.453999039315));
#7503 = ( GEOMETRIC_REPRESENTATION_CONTEXT(2) 
PARAMETRIC_REPRESENTATION_CONTEXT() REPRESENTATION_CONTEXT('2D SPACE',''
  ) );
#7504 = PCURVE('',#7505,#7510);
#7505 = PLANE('',#7506);
#7506 = AXIS2_PLACEMENT_3D('',#7507,#7508,#7509);
#7507 = CARTESIAN_POINT('',(6.451255958003,-7.229496908107,12.2704));
#7508 = DIRECTION('',(-0.838675787844,-0.544630996992,0.));
#7509 = DIRECTION('',(-0.544630996992,0.838675787844,0.));
#7510 = DEFINITIONAL_REPRESENTATION('',(#7511),#7515);
#7511 = LINE('',#7512,#7513);
#7512 = CARTESIAN_POINT('',(0.,-0.65));
#7513 = VECTOR('',#7514,1.);
#7514 = DIRECTION('',(1.,0.));
#7515 = ( GEOMETRIC_REPRESENTATION_CONTEXT(2) 
PARAMETRIC_REPRESENTATION_CONTEXT() REPRESENTATION_CONTEXT('2D SPACE',''
  ) );
#7516 = ORIENTED_EDGE('',*,*,#7517,.T.);
#7517 = EDGE_CURVE('',#7490,#7518,#7520,.T.);
#7518 = VERTEX_POINT('',#7519);
#7519 = CARTESIAN_POINT('',(3.504891411656,-2.02355,12.9204));
#7520 = SURFACE_CURVE('',#7521,(#7525,#7532),.PCURVE_S1.);
#7521 = LINE('',#7522,#7523);
#7522 = CARTESIAN_POINT('',(3.288430711201,-2.359070931029,12.9204));
#7523 = VECTOR('',#7524,1.);
#7524 = DIRECTION('',(0.542119059939,0.840301686807,0.));
#7525 = PCURVE('',#1715,#7526);
#7526 = DEFINITIONAL_REPRESENTATION('',(#7527),#7531);
#7527 = LINE('',#7528,#7529);
#7528 = CARTESIAN_POINT('',(4.086192444677,-0.44780297514));
#7529 = VECTOR('',#7530,1.);
#7530 = DIRECTION('',(4.933803437932E-02,0.998782137587));
#7531 = ( GEOMETRIC_REPRESENTATION_CONTEXT(2) 
PARAMETRIC_REPRESENTATION_CONTEXT() REPRESENTATION_CONTEXT('2D SPACE',''
  ) );
#7532 = PCURVE('',#7533,#7538);
#7533 = PLANE('',#7534);
#7534 = AXIS2_PLACEMENT_3D('',#7535,#7536,#7537);
#7535 = CARTESIAN_POINT('',(3.288430711201,-2.359070931029,12.2704));
#7536 = DIRECTION('',(-0.840301686807,0.542119059939,0.));
#7537 = DIRECTION('',(0.542119059939,0.840301686807,0.));
#7538 = DEFINITIONAL_REPRESENTATION('',(#7539),#7543);
#7539 = LINE('',#7540,#7541);
#7540 = CARTESIAN_POINT('',(0.,-0.65));
#7541 = VECTOR('',#7542,1.);
#7542 = DIRECTION('',(1.,0.));
#7543 = ( GEOMETRIC_REPRESENTATION_CONTEXT(2) 
PARAMETRIC_REPRESENTATION_CONTEXT() REPRESENTATION_CONTEXT('2D SPACE',''
  ) );
#7544 = ORIENTED_EDGE('',*,*,#7545,.T.);
#7545 = EDGE_CURVE('',#7518,#7546,#7548,.T.);
#7546 = VERTEX_POINT('',#7547);
#7547 = CARTESIAN_POINT('',(3.743904689499,-1.536966859093,12.9204));
#7548 = SURFACE_CURVE('',#7549,(#7553,#7560),.PCURVE_S1.);
#7549 = LINE('',#7550,#7551);
#7550 = CARTESIAN_POINT('',(3.504891411656,-2.02355,12.9204));
#7551 = VECTOR('',#7552,1.);
#7552 = DIRECTION('',(0.440888990358,0.897561640324,0.));
#7553 = PCURVE('',#1715,#7554);
#7554 = DEFINITIONAL_REPRESENTATION('',(#7555),#7559);
#7555 = LINE('',#7556,#7557);
#7556 = CARTESIAN_POINT('',(4.105892444677,-4.900297513988E-02));
#7557 = VECTOR('',#7558,1.);
#7558 = DIRECTION('',(-6.695975426323E-02,0.997755677162));
#7559 = ( GEOMETRIC_REPRESENTATION_CONTEXT(2) 
PARAMETRIC_REPRESENTATION_CONTEXT() REPRESENTATION_CONTEXT('2D SPACE',''
  ) );
#7560 = PCURVE('',#7561,#7566);
#7561 = PLANE('',#7562);
#7562 = AXIS2_PLACEMENT_3D('',#7563,#7564,#7565);
#7563 = CARTESIAN_POINT('',(3.504891411656,-2.02355,12.2704));
#7564 = DIRECTION('',(-0.897561640324,0.440888990358,0.));
#7565 = DIRECTION('',(0.440888990358,0.897561640324,0.));
#7566 = DEFINITIONAL_REPRESENTATION('',(#7567),#7571);
#7567 = LINE('',#7568,#7569);
#7568 = CARTESIAN_POINT('',(0.,-0.65));
#7569 = VECTOR('',#7570,1.);
#7570 = DIRECTION('',(1.,0.));
#7571 = ( GEOMETRIC_REPRESENTATION_CONTEXT(2) 
PARAMETRIC_REPRESENTATION_CONTEXT() REPRESENTATION_CONTEXT('2D SPACE',''
  ) );
#7572 = ORIENTED_EDGE('',*,*,#7573,.T.);
#7573 = EDGE_CURVE('',#7546,#7574,#7576,.T.);
#7574 = VERTEX_POINT('',#7575);
#7575 = CARTESIAN_POINT('',(3.879639386755,-1.152067467095,12.9204));
#7576 = SURFACE_CURVE('',#7577,(#7581,#7588),.PCURVE_S1.);
#7577 = LINE('',#7578,#7579);
#7578 = CARTESIAN_POINT('',(3.743904689499,-1.536966859093,12.9204));
#7579 = VECTOR('',#7580,1.);
#7580 = DIRECTION('',(0.332575762509,0.943076541004,0.));
#7581 = PCURVE('',#1715,#7582);
#7582 = DEFINITIONAL_REPRESENTATION('',(#7583),#7587);
#7583 = LINE('',#7584,#7585);
#7584 = CARTESIAN_POINT('',(4.069592444677,0.49189702486));
#7585 = VECTOR('',#7586,1.);
#7586 = DIRECTION('',(-0.183519211487,0.983016123477));
#7587 = ( GEOMETRIC_REPRESENTATION_CONTEXT(2) 
PARAMETRIC_REPRESENTATION_CONTEXT() REPRESENTATION_CONTEXT('2D SPACE',''
  ) );
#7588 = PCURVE('',#7589,#7594);
#7589 = PLANE('',#7590);
#7590 = AXIS2_PLACEMENT_3D('',#7591,#7592,#7593);
#7591 = CARTESIAN_POINT('',(3.743904689499,-1.536966859093,12.2704));
#7592 = DIRECTION('',(-0.943076541004,0.332575762509,0.));
#7593 = DIRECTION('',(0.332575762509,0.943076541004,0.));
#7594 = DEFINITIONAL_REPRESENTATION('',(#7595),#7599);
#7595 = LINE('',#7596,#7597);
#7596 = CARTESIAN_POINT('',(0.,-0.65));
#7597 = VECTOR('',#7598,1.);
#7598 = DIRECTION('',(1.,0.));
#7599 = ( GEOMETRIC_REPRESENTATION_CONTEXT(2) 
PARAMETRIC_REPRESENTATION_CONTEXT() REPRESENTATION_CONTEXT('2D SPACE',''
  ) );
#7600 = ORIENTED_EDGE('',*,*,#7601,.T.);
#7601 = EDGE_CURVE('',#7574,#7602,#7604,.T.);
#7602 = VERTEX_POINT('',#7603);
#7603 = CARTESIAN_POINT('',(9.580217795484,-1.450776030647,12.9204));
#7604 = SURFACE_CURVE('',#7605,(#7609,#7616),.PCURVE_S1.);
#7605 = LINE('',#7606,#7607);
#7606 = CARTESIAN_POINT('',(3.879639386755,-1.152067467095,12.9204));
#7607 = VECTOR('',#7608,1.);
#7608 = DIRECTION('',(0.998629956721,-5.232790403084E-02,0.));
#7609 = PCURVE('',#1715,#7610);
#7610 = DEFINITIONAL_REPRESENTATION('',(#7611),#7615);
#7611 = LINE('',#7612,#7613);
#7612 = CARTESIAN_POINT('',(3.994692444677,0.89309702486));
#7613 = VECTOR('',#7614,1.);
#7614 = DIRECTION('',(0.891002863516,0.453997684143));
#7615 = ( GEOMETRIC_REPRESENTATION_CONTEXT(2) 
PARAMETRIC_REPRESENTATION_CONTEXT() REPRESENTATION_CONTEXT('2D SPACE',''
  ) );
#7616 = PCURVE('',#7617,#7622);
#7617 = PLANE('',#7618);
#7618 = AXIS2_PLACEMENT_3D('',#7619,#7620,#7621);
#7619 = CARTESIAN_POINT('',(3.879639386755,-1.152067467095,12.2704));
#7620 = DIRECTION('',(5.232790403084E-02,0.998629956721,-0.));
#7621 = DIRECTION('',(0.998629956721,-5.232790403084E-02,0.));
#7622 = DEFINITIONAL_REPRESENTATION('',(#7623),#7627);
#7623 = LINE('',#7624,#7625);
#7624 = CARTESIAN_POINT('',(0.,-0.65));
#7625 = VECTOR('',#7626,1.);
#7626 = DIRECTION('',(1.,0.));
#7627 = ( GEOMETRIC_REPRESENTATION_CONTEXT(2) 
PARAMETRIC_REPRESENTATION_CONTEXT() REPRESENTATION_CONTEXT('2D SPACE',''
  ) );
#7628 = ORIENTED_EDGE('',*,*,#7629,.T.);
#7629 = EDGE_CURVE('',#7602,#7630,#7632,.T.);
#7630 = VERTEX_POINT('',#7631);
#7631 = CARTESIAN_POINT('',(9.418690102773,-2.274350201252,12.9204));
#7632 = SURFACE_CURVE('',#7633,(#7637,#7644),.PCURVE_S1.);
#7633 = LINE('',#7634,#7635);
#7634 = CARTESIAN_POINT('',(9.580217795484,-1.450776030647,12.9204));
#7635 = VECTOR('',#7636,1.);
#7636 = DIRECTION('',(-0.192463295435,-0.981304172981,0.));
#7637 = PCURVE('',#1715,#7638);
#7638 = DEFINITIONAL_REPRESENTATION('',(#7639),#7643);
#7639 = LINE('',#7640,#7641);
#7640 = CARTESIAN_POINT('',(9.080892444677,3.48469702486));
#7641 = VECTOR('',#7642,1.);
#7642 = DIRECTION('',(0.323973983348,-0.946065990359));
#7643 = ( GEOMETRIC_REPRESENTATION_CONTEXT(2) 
PARAMETRIC_REPRESENTATION_CONTEXT() REPRESENTATION_CONTEXT('2D SPACE',''
  ) );
#7644 = PCURVE('',#7645,#7650);
#7645 = PLANE('',#7646);
#7646 = AXIS2_PLACEMENT_3D('',#7647,#7648,#7649);
#7647 = CARTESIAN_POINT('',(9.580217795484,-1.450776030647,12.2704));
#7648 = DIRECTION('',(0.981304172981,-0.192463295435,0.));
#7649 = DIRECTION('',(-0.192463295435,-0.981304172981,0.));
#7650 = DEFINITIONAL_REPRESENTATION('',(#7651),#7655);
#7651 = LINE('',#7652,#7653);
#7652 = CARTESIAN_POINT('',(0.,-0.65));
#7653 = VECTOR('',#7654,1.);
#7654 = DIRECTION('',(1.,0.));
#7655 = ( GEOMETRIC_REPRESENTATION_CONTEXT(2) 
PARAMETRIC_REPRESENTATION_CONTEXT() REPRESENTATION_CONTEXT('2D SPACE',''
  ) );
#7656 = ORIENTED_EDGE('',*,*,#7657,.T.);
#7657 = EDGE_CURVE('',#7630,#7658,#7660,.T.);
#7658 = VERTEX_POINT('',#7659);
#7659 = CARTESIAN_POINT('',(9.186600439418,-3.080741290094,12.9204));
#7660 = SURFACE_CURVE('',#7661,(#7665,#7672),.PCURVE_S1.);
#7661 = LINE('',#7662,#7663);
#7662 = CARTESIAN_POINT('',(9.418690102773,-2.274350201252,12.9204));
#7663 = VECTOR('',#7664,1.);
#7664 = DIRECTION('',(-0.276585046283,-0.960989444361,0.));
#7665 = PCURVE('',#1715,#7666);
#7666 = DEFINITIONAL_REPRESENTATION('',(#7667),#7671);
#7667 = LINE('',#7668,#7669);
#7668 = CARTESIAN_POINT('',(9.352792444677,2.69069702486));
#7669 = VECTOR('',#7670,1.);
#7670 = DIRECTION('',(0.240965045793,-0.970533794726));
#7671 = ( GEOMETRIC_REPRESENTATION_CONTEXT(2) 
PARAMETRIC_REPRESENTATION_CONTEXT() REPRESENTATION_CONTEXT('2D SPACE',''
  ) );
#7672 = PCURVE('',#7673,#7678);
#7673 = PLANE('',#7674);
#7674 = AXIS2_PLACEMENT_3D('',#7675,#7676,#7677);
#7675 = CARTESIAN_POINT('',(9.418690102773,-2.274350201252,12.2704));
#7676 = DIRECTION('',(0.960989444361,-0.276585046283,0.));
#7677 = DIRECTION('',(-0.276585046283,-0.960989444361,0.));
#7678 = DEFINITIONAL_REPRESENTATION('',(#7679),#7683);
#7679 = LINE('',#7680,#7681);
#7680 = CARTESIAN_POINT('',(0.,-0.65));
#7681 = VECTOR('',#7682,1.);
#7682 = DIRECTION('',(1.,0.));
#7683 = ( GEOMETRIC_REPRESENTATION_CONTEXT(2) 
PARAMETRIC_REPRESENTATION_CONTEXT() REPRESENTATION_CONTEXT('2D SPACE',''
  ) );
#7684 = ORIENTED_EDGE('',*,*,#7685,.T.);
#7685 = EDGE_CURVE('',#7658,#7686,#7688,.T.);
#7686 = VERTEX_POINT('',#7687);
#7687 = CARTESIAN_POINT('',(8.885599767314,-3.864089747291,12.9204));
#7688 = SURFACE_CURVE('',#7689,(#7693,#7700),.PCURVE_S1.);
#7689 = LINE('',#7690,#7691);
#7690 = CARTESIAN_POINT('',(9.186600439418,-3.080741290094,12.9204));
#7691 = VECTOR('',#7692,1.);
#7692 = DIRECTION('',(-0.358680931971,-0.933460223598,0.));
#7693 = PCURVE('',#1715,#7694);
#7694 = DEFINITIONAL_REPRESENTATION('',(#7695),#7699);
#7695 = LINE('',#7696,#7697);
#7696 = CARTESIAN_POINT('',(9.554992444677,1.87629702486));
#7697 = VECTOR('',#7698,1.);
#7698 = DIRECTION('',(0.156103312859,-0.987740733044));
#7699 = ( GEOMETRIC_REPRESENTATION_CONTEXT(2) 
PARAMETRIC_REPRESENTATION_CONTEXT() REPRESENTATION_CONTEXT('2D SPACE',''
  ) );
#7700 = PCURVE('',#7701,#7706);
#7701 = PLANE('',#7702);
#7702 = AXIS2_PLACEMENT_3D('',#7703,#7704,#7705);
#7703 = CARTESIAN_POINT('',(9.186600439418,-3.080741290094,12.2704));
#7704 = DIRECTION('',(0.933460223598,-0.358680931971,0.));
#7705 = DIRECTION('',(-0.358680931971,-0.933460223598,0.));
#7706 = DEFINITIONAL_REPRESENTATION('',(#7707),#7711);
#7707 = LINE('',#7708,#7709);
#7708 = CARTESIAN_POINT('',(0.,-0.65));
#7709 = VECTOR('',#7710,1.);
#7710 = DIRECTION('',(1.,0.));
#7711 = ( GEOMETRIC_REPRESENTATION_CONTEXT(2) 
PARAMETRIC_REPRESENTATION_CONTEXT() REPRESENTATION_CONTEXT('2D SPACE',''
  ) );
#7712 = ORIENTED_EDGE('',*,*,#7713,.T.);
#7713 = EDGE_CURVE('',#7686,#7714,#7716,.T.);
#7714 = VERTEX_POINT('',#7715);
#7715 = CARTESIAN_POINT('',(8.517922061056,-4.618526215339,12.9204));
#7716 = SURFACE_CURVE('',#7717,(#7721,#7728),.PCURVE_S1.);
#7717 = LINE('',#7718,#7719);
#7718 = CARTESIAN_POINT('',(8.885599767314,-3.864089747291,12.9204));
#7719 = VECTOR('',#7720,1.);
#7720 = DIRECTION('',(-0.438096275167,-0.898928058125,0.));
#7721 = PCURVE('',#1715,#7722);
#7722 = DEFINITIONAL_REPRESENTATION('',(#7723),#7727);
#7723 = LINE('',#7724,#7725);
#7724 = CARTESIAN_POINT('',(9.685992444677,1.04739702486));
#7725 = VECTOR('',#7726,1.);
#7726 = DIRECTION('',(7.006152546483E-02,-0.997542672095));
#7727 = ( GEOMETRIC_REPRESENTATION_CONTEXT(2) 
PARAMETRIC_REPRESENTATION_CONTEXT() REPRESENTATION_CONTEXT('2D SPACE',''
  ) );
#7728 = PCURVE('',#7729,#7734);
#7729 = PLANE('',#7730);
#7730 = AXIS2_PLACEMENT_3D('',#7731,#7732,#7733);
#7731 = CARTESIAN_POINT('',(8.885599767314,-3.864089747291,12.2704));
#7732 = DIRECTION('',(0.898928058125,-0.438096275167,0.));
#7733 = DIRECTION('',(-0.438096275167,-0.898928058125,0.));
#7734 = DEFINITIONAL_REPRESENTATION('',(#7735),#7739);
#7735 = LINE('',#7736,#7737);
#7736 = CARTESIAN_POINT('',(0.,-0.65));
#7737 = VECTOR('',#7738,1.);
#7738 = DIRECTION('',(1.,0.));
#7739 = ( GEOMETRIC_REPRESENTATION_CONTEXT(2) 
PARAMETRIC_REPRESENTATION_CONTEXT() REPRESENTATION_CONTEXT('2D SPACE',''
  ) );
#7740 = ORIENTED_EDGE('',*,*,#7741,.T.);
#7741 = EDGE_CURVE('',#7714,#7742,#7744,.T.);
#7742 = VERTEX_POINT('',#7743);
#7743 = CARTESIAN_POINT('',(8.086384307943,-5.338171529114,12.9204));
#7744 = SURFACE_CURVE('',#7745,(#7749,#7756),.PCURVE_S1.);
#7745 = LINE('',#7746,#7747);
#7746 = CARTESIAN_POINT('',(8.517922061056,-4.618526215339,12.9204));
#7747 = VECTOR('',#7748,1.);
#7748 = DIRECTION('',(-0.51427716537,-0.857624041861,0.));
#7749 = PCURVE('',#1715,#7750);
#7750 = DEFINITIONAL_REPRESENTATION('',(#7751),#7755);
#7751 = LINE('',#7752,#7753);
#7752 = CARTESIAN_POINT('',(9.744792444677,0.21019702486));
#7753 = VECTOR('',#7754,1.);
#7754 = DIRECTION('',(-1.656506886613E-02,-0.999862789833));
#7755 = ( GEOMETRIC_REPRESENTATION_CONTEXT(2) 
PARAMETRIC_REPRESENTATION_CONTEXT() REPRESENTATION_CONTEXT('2D SPACE',''
  ) );
#7756 = PCURVE('',#7757,#7762);
#7757 = PLANE('',#7758);
#7758 = AXIS2_PLACEMENT_3D('',#7759,#7760,#7761);
#7759 = CARTESIAN_POINT('',(8.517922061056,-4.618526215339,12.2704));
#7760 = DIRECTION('',(0.857624041861,-0.51427716537,0.));
#7761 = DIRECTION('',(-0.51427716537,-0.857624041861,0.));
#7762 = DEFINITIONAL_REPRESENTATION('',(#7763),#7767);
#7763 = LINE('',#7764,#7765);
#7764 = CARTESIAN_POINT('',(0.,-0.65));
#7765 = VECTOR('',#7766,1.);
#7766 = DIRECTION('',(1.,0.));
#7767 = ( GEOMETRIC_REPRESENTATION_CONTEXT(2) 
PARAMETRIC_REPRESENTATION_CONTEXT() REPRESENTATION_CONTEXT('2D SPACE',''
  ) );
#7768 = ORIENTED_EDGE('',*,*,#7769,.T.);
#7769 = EDGE_CURVE('',#7742,#7770,#7772,.T.);
#7770 = VERTEX_POINT('',#7771);
#7771 = CARTESIAN_POINT('',(7.594073110516,-6.017879536193,12.9204));
#7772 = SURFACE_CURVE('',#7773,(#7777,#7784),.PCURVE_S1.);
#7773 = LINE('',#7774,#7775);
#7774 = CARTESIAN_POINT('',(8.086384307943,-5.338171529114,12.9204));
#7775 = VECTOR('',#7776,1.);
#7776 = DIRECTION('',(-0.586594888407,-0.809880507788,0.));
#7777 = PCURVE('',#1715,#7778);
#7778 = DEFINITIONAL_REPRESENTATION('',(#7779),#7783);
#7779 = LINE('',#7780,#7781);
#7780 = CARTESIAN_POINT('',(9.730892444677,-0.62880297514));
#7781 = VECTOR('',#7782,1.);
#7782 = DIRECTION('',(-0.103065821197,-0.994674537978));
#7783 = ( GEOMETRIC_REPRESENTATION_CONTEXT(2) 
PARAMETRIC_REPRESENTATION_CONTEXT() REPRESENTATION_CONTEXT('2D SPACE',''
  ) );
#7784 = PCURVE('',#7785,#7790);
#7785 = PLANE('',#7786);
#7786 = AXIS2_PLACEMENT_3D('',#7787,#7788,#7789);
#7787 = CARTESIAN_POINT('',(8.086384307943,-5.338171529114,12.2704));
#7788 = DIRECTION('',(0.809880507788,-0.586594888407,0.));
#7789 = DIRECTION('',(-0.586594888407,-0.809880507788,0.));
#7790 = DEFINITIONAL_REPRESENTATION('',(#7791),#7795);
#7791 = LINE('',#7792,#7793);
#7792 = CARTESIAN_POINT('',(0.,-0.65));
#7793 = VECTOR('',#7794,1.);
#7794 = DIRECTION('',(1.,0.));
#7795 = ( GEOMETRIC_REPRESENTATION_CONTEXT(2) 
PARAMETRIC_REPRESENTATION_CONTEXT() REPRESENTATION_CONTEXT('2D SPACE',''
  ) );
#7796 = ORIENTED_EDGE('',*,*,#7797,.T.);
#7797 = EDGE_CURVE('',#7770,#7798,#7800,.T.);
#7798 = VERTEX_POINT('',#7799);
#7799 = CARTESIAN_POINT('',(7.044931289097,-6.652421071452,12.9204));
#7800 = SURFACE_CURVE('',#7801,(#7805,#7812),.PCURVE_S1.);
#7801 = LINE('',#7802,#7803);
#7802 = CARTESIAN_POINT('',(7.594073110516,-6.017879536193,12.9204));
#7803 = VECTOR('',#7804,1.);
#7804 = DIRECTION('',(-0.654389921538,-0.756157279003,0.));
#7805 = PCURVE('',#1715,#7806);
#7806 = DEFINITIONAL_REPRESENTATION('',(#7807),#7811);
#7807 = LINE('',#7808,#7809);
#7808 = CARTESIAN_POINT('',(9.644392444677,-1.46360297514));
#7809 = VECTOR('',#7810,1.);
#7810 = DIRECTION('',(-0.188639656531,-0.982046373642));
#7811 = ( GEOMETRIC_REPRESENTATION_CONTEXT(2) 
PARAMETRIC_REPRESENTATION_CONTEXT() REPRESENTATION_CONTEXT('2D SPACE',''
  ) );
#7812 = PCURVE('',#7813,#7818);
#7813 = PLANE('',#7814);
#7814 = AXIS2_PLACEMENT_3D('',#7815,#7816,#7817);
#7815 = CARTESIAN_POINT('',(7.594073110516,-6.017879536193,12.2704));
#7816 = DIRECTION('',(0.756157279003,-0.654389921538,0.));
#7817 = DIRECTION('',(-0.654389921538,-0.756157279003,0.));
#7818 = DEFINITIONAL_REPRESENTATION('',(#7819),#7823);
#7819 = LINE('',#7820,#7821);
#7820 = CARTESIAN_POINT('',(0.,-0.65));
#7821 = VECTOR('',#7822,1.);
#7822 = DIRECTION('',(1.,0.));
#7823 = ( GEOMETRIC_REPRESENTATION_CONTEXT(2) 
PARAMETRIC_REPRESENTATION_CONTEXT() REPRESENTATION_CONTEXT('2D SPACE',''
  ) );
#7824 = ORIENTED_EDGE('',*,*,#7825,.T.);
#7825 = EDGE_CURVE('',#7798,#7488,#7826,.T.);
#7826 = SURFACE_CURVE('',#7827,(#7831,#7838),.PCURVE_S1.);
#7827 = LINE('',#7828,#7829);
#7828 = CARTESIAN_POINT('',(7.044931289097,-6.652421071452,12.9204));
#7829 = VECTOR('',#7830,1.);
#7830 = DIRECTION('',(-0.717060422436,-0.697011011804,0.));
#7831 = PCURVE('',#1715,#7832);
#7832 = DEFINITIONAL_REPRESENTATION('',(#7833),#7837);
#7833 = LINE('',#7834,#7835);
#7834 = CARTESIAN_POINT('',(9.486092444677,-2.28770297514));
#7835 = VECTOR('',#7836,1.);
#7836 = DIRECTION('',(-0.272487035975,-0.962159454158));
#7837 = ( GEOMETRIC_REPRESENTATION_CONTEXT(2) 
PARAMETRIC_REPRESENTATION_CONTEXT() REPRESENTATION_CONTEXT('2D SPACE',''
  ) );
#7838 = PCURVE('',#7839,#7844);
#7839 = PLANE('',#7840);
#7840 = AXIS2_PLACEMENT_3D('',#7841,#7842,#7843);
#7841 = CARTESIAN_POINT('',(7.044931289097,-6.652421071452,12.2704));
#7842 = DIRECTION('',(0.697011011804,-0.717060422436,0.));
#7843 = DIRECTION('',(-0.717060422436,-0.697011011804,0.));
#7844 = DEFINITIONAL_REPRESENTATION('',(#7845),#7849);
#7845 = LINE('',#7846,#7847);
#7846 = CARTESIAN_POINT('',(0.,-0.65));
#7847 = VECTOR('',#7848,1.);
#7848 = DIRECTION('',(1.,0.));
#7849 = ( GEOMETRIC_REPRESENTATION_CONTEXT(2) 
PARAMETRIC_REPRESENTATION_CONTEXT() REPRESENTATION_CONTEXT('2D SPACE',''
  ) );
#7850 = FACE_BOUND('',#7851,.T.);
#7851 = EDGE_LOOP('',(#7852,#7882,#7910,#7938,#7966));
#7852 = ORIENTED_EDGE('',*,*,#7853,.T.);
#7853 = EDGE_CURVE('',#7854,#7856,#7858,.T.);
#7854 = VERTEX_POINT('',#7855);
#7855 = CARTESIAN_POINT('',(1.599372863406,0.970195059666,12.9204));
#7856 = VERTEX_POINT('',#7857);
#7857 = CARTESIAN_POINT('',(2.204172863406,2.017739388084,12.9204));
#7858 = SURFACE_CURVE('',#7859,(#7863,#7870),.PCURVE_S1.);
#7859 = LINE('',#7860,#7861);
#7860 = CARTESIAN_POINT('',(1.599372863406,0.970195059666,12.9204));
#7861 = VECTOR('',#7862,1.);
#7862 = DIRECTION('',(0.5,0.866025403784,0.));
#7863 = PCURVE('',#1715,#7864);
#7864 = DEFINITIONAL_REPRESENTATION('',(#7865),#7869);
#7865 = LINE('',#7866,#7867);
#7866 = CARTESIAN_POINT('',(0.958792444677,1.59089702486));
#7867 = VECTOR('',#7868,1.);
#7868 = DIRECTION('',(0.,1.));
#7869 = ( GEOMETRIC_REPRESENTATION_CONTEXT(2) 
PARAMETRIC_REPRESENTATION_CONTEXT() REPRESENTATION_CONTEXT('2D SPACE',''
  ) );
#7870 = PCURVE('',#7871,#7876);
#7871 = PLANE('',#7872);
#7872 = AXIS2_PLACEMENT_3D('',#7873,#7874,#7875);
#7873 = CARTESIAN_POINT('',(1.599372863406,0.970195059666,12.2704));
#7874 = DIRECTION('',(-0.866025403784,0.5,0.));
#7875 = DIRECTION('',(0.5,0.866025403784,0.));
#7876 = DEFINITIONAL_REPRESENTATION('',(#7877),#7881);
#7877 = LINE('',#7878,#7879);
#7878 = CARTESIAN_POINT('',(0.,-0.65));
#7879 = VECTOR('',#7880,1.);
#7880 = DIRECTION('',(1.,0.));
#7881 = ( GEOMETRIC_REPRESENTATION_CONTEXT(2) 
PARAMETRIC_REPRESENTATION_CONTEXT() REPRESENTATION_CONTEXT('2D SPACE',''
  ) );
#7882 = ORIENTED_EDGE('',*,*,#7883,.T.);
#7883 = EDGE_CURVE('',#7856,#7884,#7886,.T.);
#7884 = VERTEX_POINT('',#7885);
#7885 = CARTESIAN_POINT('',(2.49092263276,1.650804557664,12.9204));
#7886 = SURFACE_CURVE('',#7887,(#7891,#7898),.PCURVE_S1.);
#7887 = LINE('',#7888,#7889);
#7888 = CARTESIAN_POINT('',(2.204172863406,2.017739388084,12.9204));
#7889 = VECTOR('',#7890,1.);
#7890 = DIRECTION('',(0.615753291299,-0.787939010491,0.));
#7891 = PCURVE('',#1715,#7892);
#7892 = DEFINITIONAL_REPRESENTATION('',(#7893),#7897);
#7893 = LINE('',#7894,#7895);
#7894 = CARTESIAN_POINT('',(0.958792444677,2.80049702486));
#7895 = VECTOR('',#7896,1.);
#7896 = DIRECTION('',(0.927227497975,-0.374498554069));
#7897 = ( GEOMETRIC_REPRESENTATION_CONTEXT(2) 
PARAMETRIC_REPRESENTATION_CONTEXT() REPRESENTATION_CONTEXT('2D SPACE',''
  ) );
#7898 = PCURVE('',#7899,#7904);
#7899 = PLANE('',#7900);
#7900 = AXIS2_PLACEMENT_3D('',#7901,#7902,#7903);
#7901 = CARTESIAN_POINT('',(2.204172863406,2.017739388084,12.2704));
#7902 = DIRECTION('',(0.787939010491,0.615753291299,-0.));
#7903 = DIRECTION('',(0.615753291299,-0.787939010491,0.));
#7904 = DEFINITIONAL_REPRESENTATION('',(#7905),#7909);
#7905 = LINE('',#7906,#7907);
#7906 = CARTESIAN_POINT('',(0.,-0.65));
#7907 = VECTOR('',#7908,1.);
#7908 = DIRECTION('',(1.,0.));
#7909 = ( GEOMETRIC_REPRESENTATION_CONTEXT(2) 
PARAMETRIC_REPRESENTATION_CONTEXT() REPRESENTATION_CONTEXT('2D SPACE',''
  ) );
#7910 = ORIENTED_EDGE('',*,*,#7911,.T.);
#7911 = EDGE_CURVE('',#7884,#7912,#7914,.T.);
#7912 = VERTEX_POINT('',#7913);
#7913 = CARTESIAN_POINT('',(2.717149781572,1.243641473457,12.9204));
#7914 = SURFACE_CURVE('',#7915,(#7919,#7926),.PCURVE_S1.);
#7915 = LINE('',#7916,#7917);
#7916 = CARTESIAN_POINT('',(2.49092263276,1.650804557664,12.9204));
#7917 = VECTOR('',#7918,1.);
#7918 = DIRECTION('',(0.485684658549,-0.874134092946,0.));
#7919 = PCURVE('',#1715,#7920);
#7920 = DEFINITIONAL_REPRESENTATION('',(#7921),#7925);
#7921 = LINE('',#7922,#7923);
#7922 = CARTESIAN_POINT('',(1.390592444677,2.62609702486));
#7923 = VECTOR('',#7924,1.);
#7924 = DIRECTION('',(0.857682299005,-0.514180001531));
#7925 = ( GEOMETRIC_REPRESENTATION_CONTEXT(2) 
PARAMETRIC_REPRESENTATION_CONTEXT() REPRESENTATION_CONTEXT('2D SPACE',''
  ) );
#7926 = PCURVE('',#7927,#7932);
#7927 = PLANE('',#7928);
#7928 = AXIS2_PLACEMENT_3D('',#7929,#7930,#7931);
#7929 = CARTESIAN_POINT('',(2.49092263276,1.650804557664,12.2704));
#7930 = DIRECTION('',(0.874134092946,0.485684658549,-0.));
#7931 = DIRECTION('',(0.485684658549,-0.874134092946,0.));
#7932 = DEFINITIONAL_REPRESENTATION('',(#7933),#7937);
#7933 = LINE('',#7934,#7935);
#7934 = CARTESIAN_POINT('',(0.,-0.65));
#7935 = VECTOR('',#7936,1.);
#7936 = DIRECTION('',(1.,0.));
#7937 = ( GEOMETRIC_REPRESENTATION_CONTEXT(2) 
PARAMETRIC_REPRESENTATION_CONTEXT() REPRESENTATION_CONTEXT('2D SPACE',''
  ) );
#7938 = ORIENTED_EDGE('',*,*,#7939,.T.);
#7939 = EDGE_CURVE('',#7912,#7940,#7942,.T.);
#7940 = VERTEX_POINT('',#7941);
#7941 = CARTESIAN_POINT('',(2.847925163222,0.904751078854,12.9204));
#7942 = SURFACE_CURVE('',#7943,(#7947,#7954),.PCURVE_S1.);
#7943 = LINE('',#7944,#7945);
#7944 = CARTESIAN_POINT('',(2.717149781572,1.243641473457,12.9204));
#7945 = VECTOR('',#7946,1.);
#7946 = DIRECTION('',(0.360017083288,-0.932945711036,0.));
#7947 = PCURVE('',#1715,#7948);
#7948 = DEFINITIONAL_REPRESENTATION('',(#7949),#7953);
#7949 = LINE('',#7950,#7951);
#7950 = CARTESIAN_POINT('',(1.790092444677,2.38659702486));
#7951 = VECTOR('',#7952,1.);
#7952 = DIRECTION('',(0.778256795442,-0.627946144465));
#7953 = ( GEOMETRIC_REPRESENTATION_CONTEXT(2) 
PARAMETRIC_REPRESENTATION_CONTEXT() REPRESENTATION_CONTEXT('2D SPACE',''
  ) );
#7954 = PCURVE('',#7955,#7960);
#7955 = PLANE('',#7956);
#7956 = AXIS2_PLACEMENT_3D('',#7957,#7958,#7959);
#7957 = CARTESIAN_POINT('',(2.717149781572,1.243641473457,12.2704));
#7958 = DIRECTION('',(0.932945711036,0.360017083288,-0.));
#7959 = DIRECTION('',(0.360017083288,-0.932945711036,0.));
#7960 = DEFINITIONAL_REPRESENTATION('',(#7961),#7965);
#7961 = LINE('',#7962,#7963);
#7962 = CARTESIAN_POINT('',(0.,-0.65));
#7963 = VECTOR('',#7964,1.);
#7964 = DIRECTION('',(1.,0.));
#7965 = ( GEOMETRIC_REPRESENTATION_CONTEXT(2) 
PARAMETRIC_REPRESENTATION_CONTEXT() REPRESENTATION_CONTEXT('2D SPACE',''
  ) );
#7966 = ORIENTED_EDGE('',*,*,#7967,.T.);
#7967 = EDGE_CURVE('',#7940,#7854,#7968,.T.);
#7968 = SURFACE_CURVE('',#7969,(#7973,#7980),.PCURVE_S1.);
#7969 = LINE('',#7970,#7971);
#7970 = CARTESIAN_POINT('',(2.847925163222,0.904751078854,12.9204));
#7971 = VECTOR('',#7972,1.);
#7972 = DIRECTION('',(-0.998629111369,5.234403429662E-02,0.));
#7973 = PCURVE('',#1715,#7974);
#7974 = DEFINITIONAL_REPRESENTATION('',(#7975),#7979);
#7975 = LINE('',#7976,#7977);
#7976 = CARTESIAN_POINT('',(2.072792444677,2.15849702486));
#7977 = VECTOR('',#7978,1.);
#7978 = DIRECTION('',(-0.891010196553,-0.453983292247));
#7979 = ( GEOMETRIC_REPRESENTATION_CONTEXT(2) 
PARAMETRIC_REPRESENTATION_CONTEXT() REPRESENTATION_CONTEXT('2D SPACE',''
  ) );
#7980 = PCURVE('',#7981,#7986);
#7981 = PLANE('',#7982);
#7982 = AXIS2_PLACEMENT_3D('',#7983,#7984,#7985);
#7983 = CARTESIAN_POINT('',(2.847925163222,0.904751078854,12.2704));
#7984 = DIRECTION('',(-5.234403429662E-02,-0.998629111369,0.));
#7985 = DIRECTION('',(-0.998629111369,5.234403429662E-02,0.));
#7986 = DEFINITIONAL_REPRESENTATION('',(#7987),#7991);
#7987 = LINE('',#7988,#7989);
#7988 = CARTESIAN_POINT('',(0.,-0.65));
#7989 = VECTOR('',#7990,1.);
#7990 = DIRECTION('',(1.,0.));
#7991 = ( GEOMETRIC_REPRESENTATION_CONTEXT(2) 
PARAMETRIC_REPRESENTATION_CONTEXT() REPRESENTATION_CONTEXT('2D SPACE',''
  ) );
#7992 = ADVANCED_FACE('',(#7993),#1687,.F.);
#7993 = FACE_BOUND('',#7994,.F.);
#7994 = EDGE_LOOP('',(#7995,#7996,#8017,#8038));
#7995 = ORIENTED_EDGE('',*,*,#1672,.F.);
#7996 = ORIENTED_EDGE('',*,*,#7997,.T.);
#7997 = EDGE_CURVE('',#1644,#7998,#8000,.T.);
#7998 = VERTEX_POINT('',#7999);
#7999 = CARTESIAN_POINT('',(10.530266993846,-1.159242549394,12.3204));
#8000 = SURFACE_CURVE('',#8001,(#8005,#8011),.PCURVE_S1.);
#8001 = LINE('',#8002,#8003);
#8002 = CARTESIAN_POINT('',(10.545214954565,-0.940591980186,12.3204));
#8003 = VECTOR('',#8004,1.);
#8004 = DIRECTION('',(-6.820540853174E-02,-0.997671299701,0.));
#8005 = PCURVE('',#1687,#8006);
#8006 = DEFINITIONAL_REPRESENTATION('',(#8007),#8010);
#8007 = B_SPLINE_CURVE_WITH_KNOTS('',1,(#8008,#8009),.UNSPECIFIED.,.F.,
  .F.,(2,2),(-0.658347144708,0.219160929329),.PIECEWISE_BEZIER_KNOTS.);
#8008 = CARTESIAN_POINT('',(0.877508074037,-5.E-02));
#8009 = CARTESIAN_POINT('',(0.,-5.E-02));
#8010 = ( GEOMETRIC_REPRESENTATION_CONTEXT(2) 
PARAMETRIC_REPRESENTATION_CONTEXT() REPRESENTATION_CONTEXT('2D SPACE',''
  ) );
#8011 = PCURVE('',#1660,#8012);
#8012 = DEFINITIONAL_REPRESENTATION('',(#8013),#8016);
#8013 = B_SPLINE_CURVE_WITH_KNOTS('',1,(#8014,#8015),.UNSPECIFIED.,.F.,
  .F.,(2,2),(-0.658347144708,0.219160929329),.PIECEWISE_BEZIER_KNOTS.);
#8014 = CARTESIAN_POINT('',(10.590117790525,-0.283777928671));
#8015 = CARTESIAN_POINT('',(10.530266993846,-1.159242549394));
#8016 = ( GEOMETRIC_REPRESENTATION_CONTEXT(2) 
PARAMETRIC_REPRESENTATION_CONTEXT() REPRESENTATION_CONTEXT('2D SPACE',''
  ) );
#8017 = ORIENTED_EDGE('',*,*,#8018,.T.);
#8018 = EDGE_CURVE('',#7998,#6308,#8019,.T.);
#8019 = SURFACE_CURVE('',#8020,(#8024,#8031),.PCURVE_S1.);
#8020 = LINE('',#8021,#8022);
#8021 = CARTESIAN_POINT('',(10.530266993846,-1.159242549394,12.2704));
#8022 = VECTOR('',#8023,1.);
#8023 = DIRECTION('',(0.,0.,1.));
#8024 = PCURVE('',#1687,#8025);
#8025 = DEFINITIONAL_REPRESENTATION('',(#8026),#8030);
#8026 = LINE('',#8027,#8028);
#8027 = CARTESIAN_POINT('',(0.,0.));
#8028 = VECTOR('',#8029,1.);
#8029 = DIRECTION('',(0.,-1.));
#8030 = ( GEOMETRIC_REPRESENTATION_CONTEXT(2) 
PARAMETRIC_REPRESENTATION_CONTEXT() REPRESENTATION_CONTEXT('2D SPACE',''
  ) );
#8031 = PCURVE('',#6323,#8032);
#8032 = DEFINITIONAL_REPRESENTATION('',(#8033),#8037);
#8033 = LINE('',#8034,#8035);
#8034 = CARTESIAN_POINT('',(0.877493960093,0.));
#8035 = VECTOR('',#8036,1.);
#8036 = DIRECTION('',(0.,-1.));
#8037 = ( GEOMETRIC_REPRESENTATION_CONTEXT(2) 
PARAMETRIC_REPRESENTATION_CONTEXT() REPRESENTATION_CONTEXT('2D SPACE',''
  ) );
#8038 = ORIENTED_EDGE('',*,*,#6335,.T.);
#8039 = ADVANCED_FACE('',(#8040),#1660,.T.);
#8040 = FACE_BOUND('',#8041,.T.);
#8041 = EDGE_LOOP('',(#8042,#8066,#8067,#8068,#8069,#8090,#8111,#8132,
    #8153,#8174,#8195,#8216,#8237,#8258,#8279,#8300,#8321,#8342,#8363,
    #8384,#8405,#8426,#8447,#8468,#8489,#8510,#8531,#8552,#8573,#8594,
    #8615,#8636,#8657,#8678,#8699,#8720,#8741,#8762,#8783,#8804,#8825,
    #8846,#8867,#8888,#8909,#8930,#8951,#8972,#8993,#9014,#9035,#9056,
    #9077,#9098,#9119,#9140,#9161,#9182,#9203,#9224,#9245));
#8042 = ORIENTED_EDGE('',*,*,#8043,.F.);
#8043 = EDGE_CURVE('',#4592,#8044,#8046,.T.);
#8044 = VERTEX_POINT('',#8045);
#8045 = CARTESIAN_POINT('',(-9.936665372905,-0.427963705857,12.3204));
#8046 = SURFACE_CURVE('',#8047,(#8052,#8059),.PCURVE_S1.);
#8047 = CIRCLE('',#8048,1.1);
#8048 = AXIS2_PLACEMENT_3D('',#8049,#8050,#8051);
#8049 = CARTESIAN_POINT('',(-10.95,1.340988245066E-15,12.3204));
#8050 = DIRECTION('',(0.,0.,1.));
#8051 = DIRECTION('',(1.,0.,-0.));
#8052 = PCURVE('',#1660,#8053);
#8053 = DEFINITIONAL_REPRESENTATION('',(#8054),#8058);
#8054 = CIRCLE('',#8055,1.1);
#8055 = AXIS2_PLACEMENT_2D('',#8056,#8057);
#8056 = CARTESIAN_POINT('',(-10.95,1.340988245066E-15));
#8057 = DIRECTION('',(1.,0.));
#8058 = ( GEOMETRIC_REPRESENTATION_CONTEXT(2) 
PARAMETRIC_REPRESENTATION_CONTEXT() REPRESENTATION_CONTEXT('2D SPACE',''
  ) );
#8059 = PCURVE('',#103,#8060);
#8060 = DEFINITIONAL_REPRESENTATION('',(#8061),#8065);
#8061 = LINE('',#8062,#8063);
#8062 = CARTESIAN_POINT('',(0.,1.1));
#8063 = VECTOR('',#8064,1.);
#8064 = DIRECTION('',(1.,0.));
#8065 = ( GEOMETRIC_REPRESENTATION_CONTEXT(2) 
PARAMETRIC_REPRESENTATION_CONTEXT() REPRESENTATION_CONTEXT('2D SPACE',''
  ) );
#8066 = ORIENTED_EDGE('',*,*,#4591,.T.);
#8067 = ORIENTED_EDGE('',*,*,#1643,.F.);
#8068 = ORIENTED_EDGE('',*,*,#7997,.T.);
#8069 = ORIENTED_EDGE('',*,*,#8070,.T.);
#8070 = EDGE_CURVE('',#7998,#8071,#8073,.T.);
#8071 = VERTEX_POINT('',#8072);
#8072 = CARTESIAN_POINT('',(10.398225507814,-2.026745111907,12.3204));
#8073 = SURFACE_CURVE('',#8074,(#8078,#8084),.PCURVE_S1.);
#8074 = LINE('',#8075,#8076);
#8075 = CARTESIAN_POINT('',(10.431254022697,-1.809750270683,12.3204));
#8076 = VECTOR('',#8077,1.);
#8077 = DIRECTION('',(-0.150475663693,-0.988613713559,0.));
#8078 = PCURVE('',#1660,#8079);
#8079 = DEFINITIONAL_REPRESENTATION('',(#8080),#8083);
#8080 = B_SPLINE_CURVE_WITH_KNOTS('',1,(#8081,#8082),.UNSPECIFIED.,.F.,
  .F.,(2,2),(-0.65799989659,0.219494063503),.PIECEWISE_BEZIER_KNOTS.);
#8081 = CARTESIAN_POINT('',(10.530266993846,-1.159242549394));
#8082 = CARTESIAN_POINT('',(10.398225507814,-2.026745111907));
#8083 = ( GEOMETRIC_REPRESENTATION_CONTEXT(2) 
PARAMETRIC_REPRESENTATION_CONTEXT() REPRESENTATION_CONTEXT('2D SPACE',''
  ) );
#8084 = PCURVE('',#6323,#8085);
#8085 = DEFINITIONAL_REPRESENTATION('',(#8086),#8089);
#8086 = B_SPLINE_CURVE_WITH_KNOTS('',1,(#8087,#8088),.UNSPECIFIED.,.F.,
  .F.,(2,2),(-0.65799989659,0.219494063503),.PIECEWISE_BEZIER_KNOTS.);
#8087 = CARTESIAN_POINT('',(0.877493960093,-5.E-02));
#8088 = CARTESIAN_POINT('',(0.,-5.E-02));
#8089 = ( GEOMETRIC_REPRESENTATION_CONTEXT(2) 
PARAMETRIC_REPRESENTATION_CONTEXT() REPRESENTATION_CONTEXT('2D SPACE',''
  ) );
#8090 = ORIENTED_EDGE('',*,*,#8091,.T.);
#8091 = EDGE_CURVE('',#8071,#8092,#8094,.T.);
#8092 = VERTEX_POINT('',#8093);
#8093 = CARTESIAN_POINT('',(10.194888076543,-2.880335873949,12.3204));
#8094 = SURFACE_CURVE('',#8095,(#8099,#8105),.PCURVE_S1.);
#8095 = LINE('',#8096,#8097);
#8096 = CARTESIAN_POINT('',(10.245807482315,-2.6665811604,12.3204));
#8097 = VECTOR('',#8098,1.);
#8098 = DIRECTION('',(-0.231730031298,-0.972780135794,0.));
#8099 = PCURVE('',#1660,#8100);
#8100 = DEFINITIONAL_REPRESENTATION('',(#8101),#8104);
#8101 = B_SPLINE_CURVE_WITH_KNOTS('',1,(#8102,#8103),.UNSPECIFIED.,.F.,
  .F.,(2,2),(-0.657739631958,0.219735894766),.PIECEWISE_BEZIER_KNOTS.);
#8102 = CARTESIAN_POINT('',(10.398225507814,-2.026745111907));
#8103 = CARTESIAN_POINT('',(10.194888076543,-2.880335873949));
#8104 = ( GEOMETRIC_REPRESENTATION_CONTEXT(2) 
PARAMETRIC_REPRESENTATION_CONTEXT() REPRESENTATION_CONTEXT('2D SPACE',''
  ) );
#8105 = PCURVE('',#6295,#8106);
#8106 = DEFINITIONAL_REPRESENTATION('',(#8107),#8110);
#8107 = B_SPLINE_CURVE_WITH_KNOTS('',1,(#8108,#8109),.UNSPECIFIED.,.F.,
  .F.,(2,2),(-0.657739631958,0.219735894766),.PIECEWISE_BEZIER_KNOTS.);
#8108 = CARTESIAN_POINT('',(0.877475526724,-5.E-02));
#8109 = CARTESIAN_POINT('',(0.,-5.E-02));
#8110 = ( GEOMETRIC_REPRESENTATION_CONTEXT(2) 
PARAMETRIC_REPRESENTATION_CONTEXT() REPRESENTATION_CONTEXT('2D SPACE',''
  ) );
#8111 = ORIENTED_EDGE('',*,*,#8112,.T.);
#8112 = EDGE_CURVE('',#8092,#8113,#8115,.T.);
#8113 = VERTEX_POINT('',#8114);
#8114 = CARTESIAN_POINT('',(9.921495854305,-3.71426509326,12.3204));
#8115 = SURFACE_CURVE('',#8116,(#8120,#8126),.PCURVE_S1.);
#8116 = LINE('',#8117,#8118);
#8117 = CARTESIAN_POINT('',(9.989823279821,-3.505845716322,12.3204));
#8118 = VECTOR('',#8119,1.);
#8119 = DIRECTION('',(-0.311522690013,-0.950238714012,0.));
#8120 = PCURVE('',#1660,#8121);
#8121 = DEFINITIONAL_REPRESENTATION('',(#8122),#8125);
#8122 = B_SPLINE_CURVE_WITH_KNOTS('',1,(#8123,#8124),.UNSPECIFIED.,.F.,
  .F.,(2,2),(-0.65826600532,0.219333704114),.PIECEWISE_BEZIER_KNOTS.);
#8123 = CARTESIAN_POINT('',(10.194888076543,-2.880335873949));
#8124 = CARTESIAN_POINT('',(9.921495854305,-3.71426509326));
#8125 = ( GEOMETRIC_REPRESENTATION_CONTEXT(2) 
PARAMETRIC_REPRESENTATION_CONTEXT() REPRESENTATION_CONTEXT('2D SPACE',''
  ) );
#8126 = PCURVE('',#6267,#8127);
#8127 = DEFINITIONAL_REPRESENTATION('',(#8128),#8131);
#8128 = B_SPLINE_CURVE_WITH_KNOTS('',1,(#8129,#8130),.UNSPECIFIED.,.F.,
  .F.,(2,2),(-0.65826600532,0.219333704114),.PIECEWISE_BEZIER_KNOTS.);
#8129 = CARTESIAN_POINT('',(0.877599709435,-5.E-02));
#8130 = CARTESIAN_POINT('',(0.,-5.E-02));
#8131 = ( GEOMETRIC_REPRESENTATION_CONTEXT(2) 
PARAMETRIC_REPRESENTATION_CONTEXT() REPRESENTATION_CONTEXT('2D SPACE',''
  ) );
#8132 = ORIENTED_EDGE('',*,*,#8133,.T.);
#8133 = EDGE_CURVE('',#8113,#8134,#8136,.T.);
#8134 = VERTEX_POINT('',#8135);
#8135 = CARTESIAN_POINT('',(9.580109610616,-4.522563412335,12.3204));
#8136 = SURFACE_CURVE('',#8137,(#8141,#8147),.PCURVE_S1.);
#8137 = LINE('',#8138,#8139);
#8138 = CARTESIAN_POINT('',(9.665482200391,-4.320427204196,12.3204));
#8139 = VECTOR('',#8140,1.);
#8140 = DIRECTION('',(-0.389073336237,-0.921206784077,0.));
#8141 = PCURVE('',#1660,#8142);
#8142 = DEFINITIONAL_REPRESENTATION('',(#8143),#8146);
#8143 = B_SPLINE_CURVE_WITH_KNOTS('',1,(#8144,#8145),.UNSPECIFIED.,.F.,
  .F.,(2,2),(-0.658008735296,0.219425444572),.PIECEWISE_BEZIER_KNOTS.);
#8144 = CARTESIAN_POINT('',(9.921495854305,-3.71426509326));
#8145 = CARTESIAN_POINT('',(9.580109610616,-4.522563412335));
#8146 = ( GEOMETRIC_REPRESENTATION_CONTEXT(2) 
PARAMETRIC_REPRESENTATION_CONTEXT() REPRESENTATION_CONTEXT('2D SPACE',''
  ) );
#8147 = PCURVE('',#6239,#8148);
#8148 = DEFINITIONAL_REPRESENTATION('',(#8149),#8152);
#8149 = B_SPLINE_CURVE_WITH_KNOTS('',1,(#8150,#8151),.UNSPECIFIED.,.F.,
  .F.,(2,2),(-0.658008735296,0.219425444572),.PIECEWISE_BEZIER_KNOTS.);
#8150 = CARTESIAN_POINT('',(0.877434179868,-5.E-02));
#8151 = CARTESIAN_POINT('',(0.,-5.E-02));
#8152 = ( GEOMETRIC_REPRESENTATION_CONTEXT(2) 
PARAMETRIC_REPRESENTATION_CONTEXT() REPRESENTATION_CONTEXT('2D SPACE',''
  ) );
#8153 = ORIENTED_EDGE('',*,*,#8154,.T.);
#8154 = EDGE_CURVE('',#8134,#8155,#8157,.T.);
#8155 = VERTEX_POINT('',#8156);
#8156 = CARTESIAN_POINT('',(9.172886525152,-5.299894486373,12.3204));
#8157 = SURFACE_CURVE('',#8158,(#8162,#8168),.PCURVE_S1.);
#8158 = LINE('',#8159,#8160);
#8159 = CARTESIAN_POINT('',(9.274513664444,-5.105902701139,12.3204));
#8160 = VECTOR('',#8161,1.);
#8161 = DIRECTION('',(-0.464051405317,-0.885808271142,0.));
#8162 = PCURVE('',#1660,#8163);
#8163 = DEFINITIONAL_REPRESENTATION('',(#8164),#8167);
#8164 = B_SPLINE_CURVE_WITH_KNOTS('',1,(#8165,#8166),.UNSPECIFIED.,.F.,
  .F.,(2,2),(-0.658538995185,0.218999744701),.PIECEWISE_BEZIER_KNOTS.);
#8165 = CARTESIAN_POINT('',(9.580109610616,-4.522563412335));
#8166 = CARTESIAN_POINT('',(9.172886525152,-5.299894486373));
#8167 = ( GEOMETRIC_REPRESENTATION_CONTEXT(2) 
PARAMETRIC_REPRESENTATION_CONTEXT() REPRESENTATION_CONTEXT('2D SPACE',''
  ) );
#8168 = PCURVE('',#6211,#8169);
#8169 = DEFINITIONAL_REPRESENTATION('',(#8170),#8173);
#8170 = B_SPLINE_CURVE_WITH_KNOTS('',1,(#8171,#8172),.UNSPECIFIED.,.F.,
  .F.,(2,2),(-0.658538995185,0.218999744701),.PIECEWISE_BEZIER_KNOTS.);
#8171 = CARTESIAN_POINT('',(0.877538739886,-5.E-02));
#8172 = CARTESIAN_POINT('',(0.,-5.E-02));
#8173 = ( GEOMETRIC_REPRESENTATION_CONTEXT(2) 
PARAMETRIC_REPRESENTATION_CONTEXT() REPRESENTATION_CONTEXT('2D SPACE',''
  ) );
#8174 = ORIENTED_EDGE('',*,*,#8175,.T.);
#8175 = EDGE_CURVE('',#8155,#8176,#8178,.T.);
#8176 = VERTEX_POINT('',#8177);
#8177 = CARTESIAN_POINT('',(8.702789995373,-6.040925560411,12.3204));
#8178 = SURFACE_CURVE('',#8179,(#8183,#8189),.PCURVE_S1.);
#8179 = LINE('',#8180,#8181);
#8180 = CARTESIAN_POINT('',(8.820406692148,-5.855521879222,12.3204));
#8181 = VECTOR('',#8182,1.);
#8182 = DIRECTION('',(-0.535683740492,-0.844418693642,0.));
#8183 = PCURVE('',#1660,#8184);
#8184 = DEFINITIONAL_REPRESENTATION('',(#8185),#8188);
#8185 = B_SPLINE_CURVE_WITH_KNOTS('',1,(#8186,#8187),.UNSPECIFIED.,.F.,
  .F.,(2,2),(-0.657999872613,0.219563686339),.PIECEWISE_BEZIER_KNOTS.);
#8186 = CARTESIAN_POINT('',(9.172886525152,-5.299894486373));
#8187 = CARTESIAN_POINT('',(8.702789995373,-6.040925560411));
#8188 = ( GEOMETRIC_REPRESENTATION_CONTEXT(2) 
PARAMETRIC_REPRESENTATION_CONTEXT() REPRESENTATION_CONTEXT('2D SPACE',''
  ) );
#8189 = PCURVE('',#6183,#8190);
#8190 = DEFINITIONAL_REPRESENTATION('',(#8191),#8194);
#8191 = B_SPLINE_CURVE_WITH_KNOTS('',1,(#8192,#8193),.UNSPECIFIED.,.F.,
  .F.,(2,2),(-0.657999872613,0.219563686339),.PIECEWISE_BEZIER_KNOTS.);
#8192 = CARTESIAN_POINT('',(0.877563558952,-5.E-02));
#8193 = CARTESIAN_POINT('',(0.,-5.E-02));
#8194 = ( GEOMETRIC_REPRESENTATION_CONTEXT(2) 
PARAMETRIC_REPRESENTATION_CONTEXT() REPRESENTATION_CONTEXT('2D SPACE',''
  ) );
#8195 = ORIENTED_EDGE('',*,*,#8196,.T.);
#8196 = EDGE_CURVE('',#8176,#8197,#8199,.T.);
#8197 = VERTEX_POINT('',#8198);
#8198 = CARTESIAN_POINT('',(8.172956623821,-6.740423879486,12.3204));
#8199 = SURFACE_CURVE('',#8200,(#8204,#8210),.PCURVE_S1.);
#8200 = LINE('',#8201,#8202);
#8201 = CARTESIAN_POINT('',(8.305277131274,-6.565731273259,12.3204));
#8202 = VECTOR('',#8203,1.);
#8203 = DIRECTION('',(-0.603792813395,-0.797141291424,0.));
#8204 = PCURVE('',#1660,#8205);
#8205 = DEFINITIONAL_REPRESENTATION('',(#8206),#8209);
#8206 = B_SPLINE_CURVE_WITH_KNOTS('',1,(#8207,#8208),.UNSPECIFIED.,.F.,
  .F.,(2,2),(-0.658359714262,0.219148861195),.PIECEWISE_BEZIER_KNOTS.);
#8207 = CARTESIAN_POINT('',(8.702789995373,-6.040925560411));
#8208 = CARTESIAN_POINT('',(8.172956623821,-6.740423879486));
#8209 = ( GEOMETRIC_REPRESENTATION_CONTEXT(2) 
PARAMETRIC_REPRESENTATION_CONTEXT() REPRESENTATION_CONTEXT('2D SPACE',''
  ) );
#8210 = PCURVE('',#6155,#8211);
#8211 = DEFINITIONAL_REPRESENTATION('',(#8212),#8215);
#8212 = B_SPLINE_CURVE_WITH_KNOTS('',1,(#8213,#8214),.UNSPECIFIED.,.F.,
  .F.,(2,2),(-0.658359714262,0.219148861195),.PIECEWISE_BEZIER_KNOTS.);
#8213 = CARTESIAN_POINT('',(0.877508575457,-5.E-02));
#8214 = CARTESIAN_POINT('',(0.,-5.E-02));
#8215 = ( GEOMETRIC_REPRESENTATION_CONTEXT(2) 
PARAMETRIC_REPRESENTATION_CONTEXT() REPRESENTATION_CONTEXT('2D SPACE',''
  ) );
#8216 = ORIENTED_EDGE('',*,*,#8217,.T.);
#8217 = EDGE_CURVE('',#8197,#8218,#8220,.T.);
#8218 = VERTEX_POINT('',#8219);
#8219 = CARTESIAN_POINT('',(7.587115833357,-7.393729893716,12.3204));
#8220 = SURFACE_CURVE('',#8221,(#8225,#8231),.PCURVE_S1.);
#8221 = LINE('',#8222,#8223);
#8222 = CARTESIAN_POINT('',(7.733772769925,-7.230183994816,12.3204));
#8223 = VECTOR('',#8224,1.);
#8224 = DIRECTION('',(-0.667619660615,-0.744502510916,0.));
#8225 = PCURVE('',#1660,#8226);
#8226 = DEFINITIONAL_REPRESENTATION('',(#8227),#8230);
#8227 = B_SPLINE_CURVE_WITH_KNOTS('',1,(#8228,#8229),.UNSPECIFIED.,.F.,
  .F.,(2,2),(-0.657835411095,0.219671386599),.PIECEWISE_BEZIER_KNOTS.);
#8228 = CARTESIAN_POINT('',(8.172956623821,-6.740423879486));
#8229 = CARTESIAN_POINT('',(7.587115833357,-7.393729893716));
#8230 = ( GEOMETRIC_REPRESENTATION_CONTEXT(2) 
PARAMETRIC_REPRESENTATION_CONTEXT() REPRESENTATION_CONTEXT('2D SPACE',''
  ) );
#8231 = PCURVE('',#6127,#8232);
#8232 = DEFINITIONAL_REPRESENTATION('',(#8233),#8236);
#8233 = B_SPLINE_CURVE_WITH_KNOTS('',1,(#8234,#8235),.UNSPECIFIED.,.F.,
  .F.,(2,2),(-0.657835411095,0.219671386599),.PIECEWISE_BEZIER_KNOTS.);
#8234 = CARTESIAN_POINT('',(0.877506797694,-5.E-02));
#8235 = CARTESIAN_POINT('',(0.,-5.E-02));
#8236 = ( GEOMETRIC_REPRESENTATION_CONTEXT(2) 
PARAMETRIC_REPRESENTATION_CONTEXT() REPRESENTATION_CONTEXT('2D SPACE',''
  ) );
#8237 = ORIENTED_EDGE('',*,*,#8238,.T.);
#8238 = EDGE_CURVE('',#8218,#8239,#8241,.T.);
#8239 = VERTEX_POINT('',#8240);
#8240 = CARTESIAN_POINT('',(6.950895123057,-7.998896488783,12.3204));
#8241 = SURFACE_CURVE('',#8242,(#8246,#8252),.PCURVE_S1.);
#8242 = LINE('',#8243,#8244);
#8243 = CARTESIAN_POINT('',(7.123508021662,-7.834708875236,12.3204));
#8244 = VECTOR('',#8245,1.);
#8245 = DIRECTION('',(-0.724568843767,-0.689202430816,0.));
#8246 = PCURVE('',#1660,#8247);
#8247 = DEFINITIONAL_REPRESENTATION('',(#8248),#8251);
#8248 = B_SPLINE_CURVE_WITH_KNOTS('',1,(#8249,#8250),.UNSPECIFIED.,.F.,
  .F.,(2,2),(-0.639839562083,0.238228430728),.PIECEWISE_BEZIER_KNOTS.);
#8249 = CARTESIAN_POINT('',(7.587115833357,-7.393729893716));
#8250 = CARTESIAN_POINT('',(6.950895123057,-7.998896488783));
#8251 = ( GEOMETRIC_REPRESENTATION_CONTEXT(2) 
PARAMETRIC_REPRESENTATION_CONTEXT() REPRESENTATION_CONTEXT('2D SPACE',''
  ) );
#8252 = PCURVE('',#6099,#8253);
#8253 = DEFINITIONAL_REPRESENTATION('',(#8254),#8257);
#8254 = B_SPLINE_CURVE_WITH_KNOTS('',1,(#8255,#8256),.UNSPECIFIED.,.F.,
  .F.,(2,2),(-0.639839562083,0.238228430728),.PIECEWISE_BEZIER_KNOTS.);
#8255 = CARTESIAN_POINT('',(0.878067992811,-5.E-02));
#8256 = CARTESIAN_POINT('',(0.,-5.E-02));
#8257 = ( GEOMETRIC_REPRESENTATION_CONTEXT(2) 
PARAMETRIC_REPRESENTATION_CONTEXT() REPRESENTATION_CONTEXT('2D SPACE',''
  ) );
#8258 = ORIENTED_EDGE('',*,*,#8259,.T.);
#8259 = EDGE_CURVE('',#8239,#8260,#8262,.T.);
#8260 = VERTEX_POINT('',#8261);
#8261 = CARTESIAN_POINT('',(6.02745926664,-8.712134309628,12.3204));
#8262 = SURFACE_CURVE('',#8263,(#8267,#8273),.PCURVE_S1.);
#8263 = LINE('',#8264,#8265);
#8264 = CARTESIAN_POINT('',(6.247170970897,-8.542434707788,12.3204));
#8265 = VECTOR('',#8266,1.);
#8266 = DIRECTION('',(-0.791420264983,-0.611272414046,0.));
#8267 = PCURVE('',#1660,#8268);
#8268 = DEFINITIONAL_REPRESENTATION('',(#8269),#8272);
#8269 = B_SPLINE_CURVE_WITH_KNOTS('',1,(#8270,#8271),.UNSPECIFIED.,.F.,
  .F.,(2,2),(-0.889191474235,0.277616980482),.PIECEWISE_BEZIER_KNOTS.);
#8270 = CARTESIAN_POINT('',(6.950895123057,-7.998896488783));
#8271 = CARTESIAN_POINT('',(6.02745926664,-8.712134309628));
#8272 = ( GEOMETRIC_REPRESENTATION_CONTEXT(2) 
PARAMETRIC_REPRESENTATION_CONTEXT() REPRESENTATION_CONTEXT('2D SPACE',''
  ) );
#8273 = PCURVE('',#6071,#8274);
#8274 = DEFINITIONAL_REPRESENTATION('',(#8275),#8278);
#8275 = B_SPLINE_CURVE_WITH_KNOTS('',1,(#8276,#8277),.UNSPECIFIED.,.F.,
  .F.,(2,2),(-0.889191474235,0.277616980482),.PIECEWISE_BEZIER_KNOTS.);
#8276 = CARTESIAN_POINT('',(1.166808454717,-5.E-02));
#8277 = CARTESIAN_POINT('',(0.,-5.E-02));
#8278 = ( GEOMETRIC_REPRESENTATION_CONTEXT(2) 
PARAMETRIC_REPRESENTATION_CONTEXT() REPRESENTATION_CONTEXT('2D SPACE',''
  ) );
#8279 = ORIENTED_EDGE('',*,*,#8280,.T.);
#8280 = EDGE_CURVE('',#8260,#8281,#8283,.T.);
#8281 = VERTEX_POINT('',#8282);
#8282 = CARTESIAN_POINT('',(5.285757504436,-9.180999445828,12.3204));
#8283 = SURFACE_CURVE('',#8284,(#8288,#8294),.PCURVE_S1.);
#8284 = LINE('',#8285,#8286);
#8285 = CARTESIAN_POINT('',(5.470805758465,-9.064021599408,12.3204));
#8286 = VECTOR('',#8287,1.);
#8287 = DIRECTION('',(-0.845271743807,-0.534336672072,0.));
#8288 = PCURVE('',#1660,#8289);
#8289 = DEFINITIONAL_REPRESENTATION('',(#8290),#8293);
#8290 = B_SPLINE_CURVE_WITH_KNOTS('',1,(#8291,#8292),.UNSPECIFIED.,.F.,
  .F.,(2,2),(-0.658549764917,0.218921613534),.PIECEWISE_BEZIER_KNOTS.);
#8291 = CARTESIAN_POINT('',(6.02745926664,-8.712134309628));
#8292 = CARTESIAN_POINT('',(5.285757504436,-9.180999445828));
#8293 = ( GEOMETRIC_REPRESENTATION_CONTEXT(2) 
PARAMETRIC_REPRESENTATION_CONTEXT() REPRESENTATION_CONTEXT('2D SPACE',''
  ) );
#8294 = PCURVE('',#6043,#8295);
#8295 = DEFINITIONAL_REPRESENTATION('',(#8296),#8299);
#8296 = B_SPLINE_CURVE_WITH_KNOTS('',1,(#8297,#8298),.UNSPECIFIED.,.F.,
  .F.,(2,2),(-0.658549764917,0.218921613534),.PIECEWISE_BEZIER_KNOTS.);
#8297 = CARTESIAN_POINT('',(0.877471378451,-5.E-02));
#8298 = CARTESIAN_POINT('',(0.,-5.E-02));
#8299 = ( GEOMETRIC_REPRESENTATION_CONTEXT(2) 
PARAMETRIC_REPRESENTATION_CONTEXT() REPRESENTATION_CONTEXT('2D SPACE',''
  ) );
#8300 = ORIENTED_EDGE('',*,*,#8301,.T.);
#8301 = EDGE_CURVE('',#8281,#8302,#8304,.T.);
#8302 = VERTEX_POINT('',#8303);
#8303 = CARTESIAN_POINT('',(5.3122805899,-9.063060114231,12.3204));
#8304 = SURFACE_CURVE('',#8305,(#8309,#8315),.PCURVE_S1.);
#8305 = LINE('',#8306,#8307);
#8306 = CARTESIAN_POINT('',(6.154440753168,-5.31825422093,12.3204));
#8307 = VECTOR('',#8308,1.);
#8308 = DIRECTION('',(0.21940775564,0.975633249108,-0.));
#8309 = PCURVE('',#1660,#8310);
#8310 = DEFINITIONAL_REPRESENTATION('',(#8311),#8314);
#8311 = B_SPLINE_CURVE_WITH_KNOTS('',1,(#8312,#8313),.UNSPECIFIED.,.F.,
  .F.,(2,2),(-3.95921851621,-3.838333612273),.PIECEWISE_BEZIER_KNOTS.);
#8312 = CARTESIAN_POINT('',(5.285757504436,-9.180999445828));
#8313 = CARTESIAN_POINT('',(5.3122805899,-9.063060114231));
#8314 = ( GEOMETRIC_REPRESENTATION_CONTEXT(2) 
PARAMETRIC_REPRESENTATION_CONTEXT() REPRESENTATION_CONTEXT('2D SPACE',''
  ) );
#8315 = PCURVE('',#6015,#8316);
#8316 = DEFINITIONAL_REPRESENTATION('',(#8317),#8320);
#8317 = B_SPLINE_CURVE_WITH_KNOTS('',1,(#8318,#8319),.UNSPECIFIED.,.F.,
  .F.,(2,2),(-3.95921851621,-3.838333612273),.PIECEWISE_BEZIER_KNOTS.);
#8318 = CARTESIAN_POINT('',(0.120884903938,-5.E-02));
#8319 = CARTESIAN_POINT('',(0.,-5.E-02));
#8320 = ( GEOMETRIC_REPRESENTATION_CONTEXT(2) 
PARAMETRIC_REPRESENTATION_CONTEXT() REPRESENTATION_CONTEXT('2D SPACE',''
  ) );
#8321 = ORIENTED_EDGE('',*,*,#8322,.T.);
#8322 = EDGE_CURVE('',#8302,#8323,#8325,.T.);
#8323 = VERTEX_POINT('',#8324);
#8324 = CARTESIAN_POINT('',(5.27354405642,-9.088153758327,12.3204));
#8325 = SURFACE_CURVE('',#8326,(#8330,#8336),.PCURVE_S1.);
#8326 = LINE('',#8327,#8328);
#8327 = CARTESIAN_POINT('',(5.489720611533,-8.948113929036,12.3204));
#8328 = VECTOR('',#8329,1.);
#8329 = DIRECTION('',(-0.839285159197,-0.543691476438,0.));
#8330 = PCURVE('',#1660,#8331);
#8331 = DEFINITIONAL_REPRESENTATION('',(#8332),#8335);
#8332 = B_SPLINE_CURVE_WITH_KNOTS('',1,(#8333,#8334),.UNSPECIFIED.,.F.,
  .F.,(2,2),(0.211418037944,0.257572236019),.PIECEWISE_BEZIER_KNOTS.);
#8333 = CARTESIAN_POINT('',(5.3122805899,-9.063060114231));
#8334 = CARTESIAN_POINT('',(5.27354405642,-9.088153758327));
#8335 = ( GEOMETRIC_REPRESENTATION_CONTEXT(2) 
PARAMETRIC_REPRESENTATION_CONTEXT() REPRESENTATION_CONTEXT('2D SPACE',''
  ) );
#8336 = PCURVE('',#5987,#8337);
#8337 = DEFINITIONAL_REPRESENTATION('',(#8338),#8341);
#8338 = B_SPLINE_CURVE_WITH_KNOTS('',1,(#8339,#8340),.UNSPECIFIED.,.F.,
  .F.,(2,2),(0.211418037944,0.257572236019),.PIECEWISE_BEZIER_KNOTS.);
#8339 = CARTESIAN_POINT('',(4.615419807558E-02,-5.E-02));
#8340 = CARTESIAN_POINT('',(0.,-5.E-02));
#8341 = ( GEOMETRIC_REPRESENTATION_CONTEXT(2) 
PARAMETRIC_REPRESENTATION_CONTEXT() REPRESENTATION_CONTEXT('2D SPACE',''
  ) );
#8342 = ORIENTED_EDGE('',*,*,#8343,.T.);
#8343 = EDGE_CURVE('',#8323,#8344,#8346,.T.);
#8344 = VERTEX_POINT('',#8345);
#8345 = CARTESIAN_POINT('',(1.743460747025,-3.652237405151,12.3204));
#8346 = SURFACE_CURVE('',#8347,(#8351,#8357),.PCURVE_S1.);
#8347 = LINE('',#8348,#8349);
#8348 = CARTESIAN_POINT('',(0.650765053848,-1.969613549851,12.3204));
#8349 = VECTOR('',#8350,1.);
#8350 = DIRECTION('',(-0.544634472209,0.838673531048,0.));
#8351 = PCURVE('',#1660,#8352);
#8352 = DEFINITIONAL_REPRESENTATION('',(#8353),#8356);
#8353 = B_SPLINE_CURVE_WITH_KNOTS('',1,(#8354,#8355),.UNSPECIFIED.,.F.,
  .F.,(2,2),(-8.487856054759,-2.006291832289),.PIECEWISE_BEZIER_KNOTS.);
#8354 = CARTESIAN_POINT('',(5.27354405642,-9.088153758327));
#8355 = CARTESIAN_POINT('',(1.743460747025,-3.652237405151));
#8356 = ( GEOMETRIC_REPRESENTATION_CONTEXT(2) 
PARAMETRIC_REPRESENTATION_CONTEXT() REPRESENTATION_CONTEXT('2D SPACE',''
  ) );
#8357 = PCURVE('',#5959,#8358);
#8358 = DEFINITIONAL_REPRESENTATION('',(#8359),#8362);
#8359 = B_SPLINE_CURVE_WITH_KNOTS('',1,(#8360,#8361),.UNSPECIFIED.,.F.,
  .F.,(2,2),(-8.487856054759,-2.006291832289),.PIECEWISE_BEZIER_KNOTS.);
#8360 = CARTESIAN_POINT('',(6.48156422247,-5.E-02));
#8361 = CARTESIAN_POINT('',(0.,-5.E-02));
#8362 = ( GEOMETRIC_REPRESENTATION_CONTEXT(2) 
PARAMETRIC_REPRESENTATION_CONTEXT() REPRESENTATION_CONTEXT('2D SPACE',''
  ) );
#8363 = ORIENTED_EDGE('',*,*,#8364,.T.);
#8364 = EDGE_CURVE('',#8344,#8365,#8367,.T.);
#8365 = VERTEX_POINT('',#8366);
#8366 = CARTESIAN_POINT('',(1.467022584505,-3.771842347786,12.3204));
#8367 = SURFACE_CURVE('',#8368,(#8372,#8378),.PCURVE_S1.);
#8368 = LINE('',#8369,#8370);
#8369 = CARTESIAN_POINT('',(1.53647988423,-3.741790649158,12.3204));
#8370 = VECTOR('',#8371,1.);
#8371 = DIRECTION('',(-0.917779470122,-0.397090473598,0.));
#8372 = PCURVE('',#1660,#8373);
#8373 = DEFINITIONAL_REPRESENTATION('',(#8374),#8377);
#8374 = B_SPLINE_CURVE_WITH_KNOTS('',1,(#8375,#8376),.UNSPECIFIED.,.F.,
  .F.,(2,2),(-0.225523526656,7.567972697819E-02),
  .PIECEWISE_BEZIER_KNOTS.);
#8375 = CARTESIAN_POINT('',(1.743460747025,-3.652237405151));
#8376 = CARTESIAN_POINT('',(1.467022584505,-3.771842347786));
#8377 = ( GEOMETRIC_REPRESENTATION_CONTEXT(2) 
PARAMETRIC_REPRESENTATION_CONTEXT() REPRESENTATION_CONTEXT('2D SPACE',''
  ) );
#8378 = PCURVE('',#5931,#8379);
#8379 = DEFINITIONAL_REPRESENTATION('',(#8380),#8383);
#8380 = B_SPLINE_CURVE_WITH_KNOTS('',1,(#8381,#8382),.UNSPECIFIED.,.F.,
  .F.,(2,2),(-0.225523526656,7.567972697819E-02),
  .PIECEWISE_BEZIER_KNOTS.);
#8381 = CARTESIAN_POINT('',(0.301203253634,-5.E-02));
#8382 = CARTESIAN_POINT('',(0.,-5.E-02));
#8383 = ( GEOMETRIC_REPRESENTATION_CONTEXT(2) 
PARAMETRIC_REPRESENTATION_CONTEXT() REPRESENTATION_CONTEXT('2D SPACE',''
  ) );
#8384 = ORIENTED_EDGE('',*,*,#8385,.T.);
#8385 = EDGE_CURVE('',#8365,#8386,#8388,.T.);
#8386 = VERTEX_POINT('',#8387);
#8387 = CARTESIAN_POINT('',(0.949677863857,-3.934109688977,12.3204));
#8388 = SURFACE_CURVE('',#8389,(#8393,#8399),.PCURVE_S1.);
#8389 = LINE('',#8390,#8391);
#8390 = CARTESIAN_POINT('',(1.079083174073,-3.893521170748,12.3204));
#8391 = VECTOR('',#8392,1.);
#8392 = DIRECTION('',(-0.954165915557,-0.299278140846,0.));
#8393 = PCURVE('',#1660,#8394);
#8394 = DEFINITIONAL_REPRESENTATION('',(#8395),#8398);
#8395 = B_SPLINE_CURVE_WITH_KNOTS('',1,(#8396,#8397),.UNSPECIFIED.,.F.,
  .F.,(2,2),(-0.406574374653,0.135621392575),.PIECEWISE_BEZIER_KNOTS.);
#8396 = CARTESIAN_POINT('',(1.467022584505,-3.771842347786));
#8397 = CARTESIAN_POINT('',(0.949677863857,-3.934109688977));
#8398 = ( GEOMETRIC_REPRESENTATION_CONTEXT(2) 
PARAMETRIC_REPRESENTATION_CONTEXT() REPRESENTATION_CONTEXT('2D SPACE',''
  ) );
#8399 = PCURVE('',#5903,#8400);
#8400 = DEFINITIONAL_REPRESENTATION('',(#8401),#8404);
#8401 = B_SPLINE_CURVE_WITH_KNOTS('',1,(#8402,#8403),.UNSPECIFIED.,.F.,
  .F.,(2,2),(-0.406574374653,0.135621392575),.PIECEWISE_BEZIER_KNOTS.);
#8402 = CARTESIAN_POINT('',(0.542195767228,-5.E-02));
#8403 = CARTESIAN_POINT('',(0.,-5.E-02));
#8404 = ( GEOMETRIC_REPRESENTATION_CONTEXT(2) 
PARAMETRIC_REPRESENTATION_CONTEXT() REPRESENTATION_CONTEXT('2D SPACE',''
  ) );
#8405 = ORIENTED_EDGE('',*,*,#8406,.T.);
#8406 = EDGE_CURVE('',#8386,#8407,#8409,.T.);
#8407 = VERTEX_POINT('',#8408);
#8408 = CARTESIAN_POINT('',(0.415381873019,-4.025737491388,12.3204));
#8409 = SURFACE_CURVE('',#8410,(#8414,#8420),.PCURVE_S1.);
#8410 = LINE('',#8411,#8412);
#8411 = CARTESIAN_POINT('',(0.548954670749,-4.002830746573,12.3204));
#8412 = VECTOR('',#8413,1.);
#8413 = DIRECTION('',(-0.985611745276,-0.169025109301,0.));
#8414 = PCURVE('',#1660,#8415);
#8415 = DEFINITIONAL_REPRESENTATION('',(#8416),#8419);
#8416 = B_SPLINE_CURVE_WITH_KNOTS('',1,(#8417,#8418),.UNSPECIFIED.,.F.,
  .F.,(2,2),(-0.406573070003,0.135522733338),.PIECEWISE_BEZIER_KNOTS.);
#8417 = CARTESIAN_POINT('',(0.949677863857,-3.934109688977));
#8418 = CARTESIAN_POINT('',(0.415381873019,-4.025737491388));
#8419 = ( GEOMETRIC_REPRESENTATION_CONTEXT(2) 
PARAMETRIC_REPRESENTATION_CONTEXT() REPRESENTATION_CONTEXT('2D SPACE',''
  ) );
#8420 = PCURVE('',#5875,#8421);
#8421 = DEFINITIONAL_REPRESENTATION('',(#8422),#8425);
#8422 = B_SPLINE_CURVE_WITH_KNOTS('',1,(#8423,#8424),.UNSPECIFIED.,.F.,
  .F.,(2,2),(-0.406573070003,0.135522733338),.PIECEWISE_BEZIER_KNOTS.);
#8423 = CARTESIAN_POINT('',(0.542095803341,-5.E-02));
#8424 = CARTESIAN_POINT('',(0.,-5.E-02));
#8425 = ( GEOMETRIC_REPRESENTATION_CONTEXT(2) 
PARAMETRIC_REPRESENTATION_CONTEXT() REPRESENTATION_CONTEXT('2D SPACE',''
  ) );
#8426 = ORIENTED_EDGE('',*,*,#8427,.T.);
#8427 = EDGE_CURVE('',#8407,#8428,#8430,.T.);
#8428 = VERTEX_POINT('',#8429);
#8429 = CARTESIAN_POINT('',(-0.12640680002,-4.045143000057,12.3204));
#8430 = SURFACE_CURVE('',#8431,(#8435,#8441),.PCURVE_S1.);
#8431 = LINE('',#8432,#8433);
#8432 = CARTESIAN_POINT('',(9.066230766556E-03,-4.040290696559,12.3204)
  );
#8433 = VECTOR('',#8434,1.);
#8434 = DIRECTION('',(-0.999359170339,-3.579453393601E-02,0.));
#8435 = PCURVE('',#1660,#8436);
#8436 = DEFINITIONAL_REPRESENTATION('',(#8437),#8440);
#8437 = B_SPLINE_CURVE_WITH_KNOTS('',1,(#8438,#8439),.UNSPECIFIED.,.F.,
  .F.,(2,2),(-0.406576188333,0.135559901592),.PIECEWISE_BEZIER_KNOTS.);
#8438 = CARTESIAN_POINT('',(0.415381873019,-4.025737491388));
#8439 = CARTESIAN_POINT('',(-0.12640680002,-4.045143000057));
#8440 = ( GEOMETRIC_REPRESENTATION_CONTEXT(2) 
PARAMETRIC_REPRESENTATION_CONTEXT() REPRESENTATION_CONTEXT('2D SPACE',''
  ) );
#8441 = PCURVE('',#5847,#8442);
#8442 = DEFINITIONAL_REPRESENTATION('',(#8443),#8446);
#8443 = B_SPLINE_CURVE_WITH_KNOTS('',1,(#8444,#8445),.UNSPECIFIED.,.F.,
  .F.,(2,2),(-0.406576188333,0.135559901592),.PIECEWISE_BEZIER_KNOTS.);
#8444 = CARTESIAN_POINT('',(0.542136089926,-5.E-02));
#8445 = CARTESIAN_POINT('',(0.,-5.E-02));
#8446 = ( GEOMETRIC_REPRESENTATION_CONTEXT(2) 
PARAMETRIC_REPRESENTATION_CONTEXT() REPRESENTATION_CONTEXT('2D SPACE',''
  ) );
#8447 = ORIENTED_EDGE('',*,*,#8448,.T.);
#8448 = EDGE_CURVE('',#8428,#8449,#8451,.T.);
#8449 = VERTEX_POINT('',#8450);
#8450 = CARTESIAN_POINT('',(-0.665850144409,-3.991886280343,12.3204));
#8451 = SURFACE_CURVE('',#8452,(#8456,#8462),.PCURVE_S1.);
#8452 = LINE('',#8453,#8454);
#8453 = CARTESIAN_POINT('',(-0.53128675583,-4.005171094668,12.3204));
#8454 = VECTOR('',#8455,1.);
#8455 = DIRECTION('',(-0.995161992395,9.824769153262E-02,0.));
#8456 = PCURVE('',#1660,#8457);
#8457 = DEFINITIONAL_REPRESENTATION('',(#8458),#8461);
#8458 = B_SPLINE_CURVE_WITH_KNOTS('',1,(#8459,#8460),.UNSPECIFIED.,.F.,
  .F.,(2,2),(-0.406848290936,0.135217572221),.PIECEWISE_BEZIER_KNOTS.);
#8459 = CARTESIAN_POINT('',(-0.12640680002,-4.045143000057));
#8460 = CARTESIAN_POINT('',(-0.665850144409,-3.991886280343));
#8461 = ( GEOMETRIC_REPRESENTATION_CONTEXT(2) 
PARAMETRIC_REPRESENTATION_CONTEXT() REPRESENTATION_CONTEXT('2D SPACE',''
  ) );
#8462 = PCURVE('',#5819,#8463);
#8463 = DEFINITIONAL_REPRESENTATION('',(#8464),#8467);
#8464 = B_SPLINE_CURVE_WITH_KNOTS('',1,(#8465,#8466),.UNSPECIFIED.,.F.,
  .F.,(2,2),(-0.406848290936,0.135217572221),.PIECEWISE_BEZIER_KNOTS.);
#8465 = CARTESIAN_POINT('',(0.542065863157,-5.E-02));
#8466 = CARTESIAN_POINT('',(0.,-5.E-02));
#8467 = ( GEOMETRIC_REPRESENTATION_CONTEXT(2) 
PARAMETRIC_REPRESENTATION_CONTEXT() REPRESENTATION_CONTEXT('2D SPACE',''
  ) );
#8468 = ORIENTED_EDGE('',*,*,#8469,.T.);
#8469 = EDGE_CURVE('',#8449,#8470,#8472,.T.);
#8470 = VERTEX_POINT('',#8471);
#8471 = CARTESIAN_POINT('',(-1.193427136594,-3.867076435712,12.3204));
#8472 = SURFACE_CURVE('',#8473,(#8477,#8483),.PCURVE_S1.);
#8473 = LINE('',#8474,#8475);
#8474 = CARTESIAN_POINT('',(-1.06151673356,-3.898282718685,12.3204));
#8475 = VECTOR('',#8476,1.);
#8476 = DIRECTION('',(-0.973139244153,0.230217313617,0.));
#8477 = PCURVE('',#1660,#8478);
#8478 = DEFINITIONAL_REPRESENTATION('',(#8479),#8482);
#8479 = B_SPLINE_CURVE_WITH_KNOTS('',1,(#8480,#8481),.UNSPECIFIED.,.F.,
  .F.,(2,2),(-0.406587846013,0.135551416538),.PIECEWISE_BEZIER_KNOTS.);
#8480 = CARTESIAN_POINT('',(-0.665850144409,-3.991886280343));
#8481 = CARTESIAN_POINT('',(-1.193427136594,-3.867076435712));
#8482 = ( GEOMETRIC_REPRESENTATION_CONTEXT(2) 
PARAMETRIC_REPRESENTATION_CONTEXT() REPRESENTATION_CONTEXT('2D SPACE',''
  ) );
#8483 = PCURVE('',#5791,#8484);
#8484 = DEFINITIONAL_REPRESENTATION('',(#8485),#8488);
#8485 = B_SPLINE_CURVE_WITH_KNOTS('',1,(#8486,#8487),.UNSPECIFIED.,.F.,
  .F.,(2,2),(-0.406587846013,0.135551416538),.PIECEWISE_BEZIER_KNOTS.);
#8486 = CARTESIAN_POINT('',(0.542139262552,-5.E-02));
#8487 = CARTESIAN_POINT('',(0.,-5.E-02));
#8488 = ( GEOMETRIC_REPRESENTATION_CONTEXT(2) 
PARAMETRIC_REPRESENTATION_CONTEXT() REPRESENTATION_CONTEXT('2D SPACE',''
  ) );
#8489 = ORIENTED_EDGE('',*,*,#8490,.T.);
#8490 = EDGE_CURVE('',#8470,#8491,#8493,.T.);
#8491 = VERTEX_POINT('',#8492);
#8492 = CARTESIAN_POINT('',(-3.084227136594,-7.142038102663,12.3204));
#8493 = SURFACE_CURVE('',#8494,(#8498,#8504),.PCURVE_S1.);
#8494 = LINE('',#8495,#8496);
#8495 = CARTESIAN_POINT('',(-1.152402136594,-3.796019051332,12.3204));
#8496 = VECTOR('',#8497,1.);
#8497 = DIRECTION('',(-0.5,-0.866025403784,0.));
#8498 = PCURVE('',#1660,#8499);
#8499 = DEFINITIONAL_REPRESENTATION('',(#8500),#8503);
#8500 = B_SPLINE_CURVE_WITH_KNOTS('',1,(#8501,#8502),.UNSPECIFIED.,.F.,
  .F.,(2,2),(8.205E-02,3.86365),.PIECEWISE_BEZIER_KNOTS.);
#8501 = CARTESIAN_POINT('',(-1.193427136594,-3.867076435712));
#8502 = CARTESIAN_POINT('',(-3.084227136594,-7.142038102663));
#8503 = ( GEOMETRIC_REPRESENTATION_CONTEXT(2) 
PARAMETRIC_REPRESENTATION_CONTEXT() REPRESENTATION_CONTEXT('2D SPACE',''
  ) );
#8504 = PCURVE('',#5763,#8505);
#8505 = DEFINITIONAL_REPRESENTATION('',(#8506),#8509);
#8506 = B_SPLINE_CURVE_WITH_KNOTS('',1,(#8507,#8508),.UNSPECIFIED.,.F.,
  .F.,(2,2),(8.205E-02,3.86365),.PIECEWISE_BEZIER_KNOTS.);
#8507 = CARTESIAN_POINT('',(3.7816,-5.E-02));
#8508 = CARTESIAN_POINT('',(0.,-5.E-02));
#8509 = ( GEOMETRIC_REPRESENTATION_CONTEXT(2) 
PARAMETRIC_REPRESENTATION_CONTEXT() REPRESENTATION_CONTEXT('2D SPACE',''
  ) );
#8510 = ORIENTED_EDGE('',*,*,#8511,.T.);
#8511 = EDGE_CURVE('',#8491,#8512,#8514,.T.);
#8512 = VERTEX_POINT('',#8513);
#8513 = CARTESIAN_POINT('',(-2.425133263181,-7.391854026955,12.3204));
#8514 = SURFACE_CURVE('',#8515,(#8519,#8525),.PCURVE_S1.);
#8515 = LINE('',#8516,#8517);
#8516 = CARTESIAN_POINT('',(-2.589778050335,-7.329448819834,12.3204));
#8517 = VECTOR('',#8518,1.);
#8518 = DIRECTION('',(0.935084626652,-0.354424520878,0.));
#8519 = PCURVE('',#1660,#8520);
#8520 = DEFINITIONAL_REPRESENTATION('',(#8521),#8524);
#8521 = B_SPLINE_CURVE_WITH_KNOTS('',1,(#8522,#8523),.UNSPECIFIED.,.F.,
  .F.,(2,2),(-0.528774692863,0.17607474496),.PIECEWISE_BEZIER_KNOTS.);
#8522 = CARTESIAN_POINT('',(-3.084227136594,-7.142038102663));
#8523 = CARTESIAN_POINT('',(-2.425133263181,-7.391854026955));
#8524 = ( GEOMETRIC_REPRESENTATION_CONTEXT(2) 
PARAMETRIC_REPRESENTATION_CONTEXT() REPRESENTATION_CONTEXT('2D SPACE',''
  ) );
#8525 = PCURVE('',#5735,#8526);
#8526 = DEFINITIONAL_REPRESENTATION('',(#8527),#8530);
#8527 = B_SPLINE_CURVE_WITH_KNOTS('',1,(#8528,#8529),.UNSPECIFIED.,.F.,
  .F.,(2,2),(-0.528774692863,0.17607474496),.PIECEWISE_BEZIER_KNOTS.);
#8528 = CARTESIAN_POINT('',(0.704849437823,-5.E-02));
#8529 = CARTESIAN_POINT('',(0.,-5.E-02));
#8530 = ( GEOMETRIC_REPRESENTATION_CONTEXT(2) 
PARAMETRIC_REPRESENTATION_CONTEXT() REPRESENTATION_CONTEXT('2D SPACE',''
  ) );
#8531 = ORIENTED_EDGE('',*,*,#8532,.T.);
#8532 = EDGE_CURVE('',#8512,#8533,#8535,.T.);
#8533 = VERTEX_POINT('',#8534);
#8534 = CARTESIAN_POINT('',(-1.700299781928,-7.591405610398,12.3204));
#8535 = SURFACE_CURVE('',#8536,(#8540,#8546),.PCURVE_S1.);
#8536 = LINE('',#8537,#8538);
#8537 = CARTESIAN_POINT('',(-1.881405939591,-7.541545854374,12.3204));
#8538 = VECTOR('',#8539,1.);
#8539 = DIRECTION('',(0.964129730025,-0.265431467015,0.));
#8540 = PCURVE('',#1660,#8541);
#8541 = DEFINITIONAL_REPRESENTATION('',(#8542),#8545);
#8542 = B_SPLINE_CURVE_WITH_KNOTS('',1,(#8543,#8544),.UNSPECIFIED.,.F.,
  .F.,(2,2),(-0.563956599052,0.18784417908),.PIECEWISE_BEZIER_KNOTS.);
#8543 = CARTESIAN_POINT('',(-2.425133263181,-7.391854026955));
#8544 = CARTESIAN_POINT('',(-1.700299781928,-7.591405610398));
#8545 = ( GEOMETRIC_REPRESENTATION_CONTEXT(2) 
PARAMETRIC_REPRESENTATION_CONTEXT() REPRESENTATION_CONTEXT('2D SPACE',''
  ) );
#8546 = PCURVE('',#5707,#8547);
#8547 = DEFINITIONAL_REPRESENTATION('',(#8548),#8551);
#8548 = B_SPLINE_CURVE_WITH_KNOTS('',1,(#8549,#8550),.UNSPECIFIED.,.F.,
  .F.,(2,2),(-0.563956599052,0.18784417908),.PIECEWISE_BEZIER_KNOTS.);
#8549 = CARTESIAN_POINT('',(0.751800778132,-5.E-02));
#8550 = CARTESIAN_POINT('',(0.,-5.E-02));
#8551 = ( GEOMETRIC_REPRESENTATION_CONTEXT(2) 
PARAMETRIC_REPRESENTATION_CONTEXT() REPRESENTATION_CONTEXT('2D SPACE',''
  ) );
#8552 = ORIENTED_EDGE('',*,*,#8553,.T.);
#8553 = EDGE_CURVE('',#8533,#8554,#8556,.T.);
#8554 = VERTEX_POINT('',#8555);
#8555 = CARTESIAN_POINT('',(-0.959645654477,-7.719955030817,12.3204));
#8556 = SURFACE_CURVE('',#8557,(#8561,#8567),.PCURVE_S1.);
#8557 = LINE('',#8558,#8559);
#8558 = CARTESIAN_POINT('',(-1.144208559515,-7.687921921713,12.3204));
#8559 = VECTOR('',#8560,1.);
#8560 = DIRECTION('',(0.985270081499,-0.171005457527,0.));
#8561 = PCURVE('',#1660,#8562);
#8562 = DEFINITIONAL_REPRESENTATION('',(#8563),#8566);
#8563 = B_SPLINE_CURVE_WITH_KNOTS('',1,(#8564,#8565),.UNSPECIFIED.,.F.,
  .F.,(2,2),(-0.564404860003,0.187322144966),.PIECEWISE_BEZIER_KNOTS.);
#8564 = CARTESIAN_POINT('',(-1.700299781928,-7.591405610398));
#8565 = CARTESIAN_POINT('',(-0.959645654477,-7.719955030817));
#8566 = ( GEOMETRIC_REPRESENTATION_CONTEXT(2) 
PARAMETRIC_REPRESENTATION_CONTEXT() REPRESENTATION_CONTEXT('2D SPACE',''
  ) );
#8567 = PCURVE('',#5679,#8568);
#8568 = DEFINITIONAL_REPRESENTATION('',(#8569),#8572);
#8569 = B_SPLINE_CURVE_WITH_KNOTS('',1,(#8570,#8571),.UNSPECIFIED.,.F.,
  .F.,(2,2),(-0.564404860003,0.187322144966),.PIECEWISE_BEZIER_KNOTS.);
#8570 = CARTESIAN_POINT('',(0.751727004969,-5.E-02));
#8571 = CARTESIAN_POINT('',(0.,-5.E-02));
#8572 = ( GEOMETRIC_REPRESENTATION_CONTEXT(2) 
PARAMETRIC_REPRESENTATION_CONTEXT() REPRESENTATION_CONTEXT('2D SPACE',''
  ) );
#8573 = ORIENTED_EDGE('',*,*,#8574,.T.);
#8574 = EDGE_CURVE('',#8554,#8575,#8577,.T.);
#8575 = VERTEX_POINT('',#8576);
#8576 = CARTESIAN_POINT('',(3.103673057659,-9.917880574052,12.3204));
#8577 = SURFACE_CURVE('',#8578,(#8582,#8588),.PCURVE_S1.);
#8578 = LINE('',#8579,#8580);
#8579 = CARTESIAN_POINT('',(-0.172083575801,-8.145962177251,12.3204));
#8580 = VECTOR('',#8581,1.);
#8581 = DIRECTION('',(0.87956729484,-0.475774498946,0.));
#8582 = PCURVE('',#1660,#8583);
#8583 = DEFINITIONAL_REPRESENTATION('',(#8584),#8587);
#8584 = B_SPLINE_CURVE_WITH_KNOTS('',1,(#8585,#8586),.UNSPECIFIED.,.F.,
  .F.,(2,2),(-0.895397183702,3.724281988059),.PIECEWISE_BEZIER_KNOTS.);
#8585 = CARTESIAN_POINT('',(-0.959645654477,-7.719955030817));
#8586 = CARTESIAN_POINT('',(3.103673057659,-9.917880574052));
#8587 = ( GEOMETRIC_REPRESENTATION_CONTEXT(2) 
PARAMETRIC_REPRESENTATION_CONTEXT() REPRESENTATION_CONTEXT('2D SPACE',''
  ) );
#8588 = PCURVE('',#5651,#8589);
#8589 = DEFINITIONAL_REPRESENTATION('',(#8590),#8593);
#8590 = B_SPLINE_CURVE_WITH_KNOTS('',1,(#8591,#8592),.UNSPECIFIED.,.F.,
  .F.,(2,2),(-0.895397183702,3.724281988059),.PIECEWISE_BEZIER_KNOTS.);
#8591 = CARTESIAN_POINT('',(4.619679171761,-5.E-02));
#8592 = CARTESIAN_POINT('',(0.,-5.E-02));
#8593 = ( GEOMETRIC_REPRESENTATION_CONTEXT(2) 
PARAMETRIC_REPRESENTATION_CONTEXT() REPRESENTATION_CONTEXT('2D SPACE',''
  ) );
#8594 = ORIENTED_EDGE('',*,*,#8595,.T.);
#8595 = EDGE_CURVE('',#8575,#8596,#8598,.T.);
#8596 = VERTEX_POINT('',#8597);
#8597 = CARTESIAN_POINT('',(2.393058501039,-10.11290109071,12.3204));
#8598 = SURFACE_CURVE('',#8599,(#8603,#8609),.PCURVE_S1.);
#8599 = LINE('',#8600,#8601);
#8600 = CARTESIAN_POINT('',(2.57082858873,-10.0641140035,12.3204));
#8601 = VECTOR('',#8602,1.);
#8602 = DIRECTION('',(-0.964343517415,-0.264653699049,0.));
#8603 = PCURVE('',#1660,#8604);
#8604 = DEFINITIONAL_REPRESENTATION('',(#8605),#8608);
#8605 = B_SPLINE_CURVE_WITH_KNOTS('',1,(#8606,#8607),.UNSPECIFIED.,.F.,
  .F.,(2,2),(-0.55254632743,0.184343114752),.PIECEWISE_BEZIER_KNOTS.);
#8606 = CARTESIAN_POINT('',(3.103673057659,-9.917880574052));
#8607 = CARTESIAN_POINT('',(2.393058501039,-10.11290109071));
#8608 = ( GEOMETRIC_REPRESENTATION_CONTEXT(2) 
PARAMETRIC_REPRESENTATION_CONTEXT() REPRESENTATION_CONTEXT('2D SPACE',''
  ) );
#8609 = PCURVE('',#5623,#8610);
#8610 = DEFINITIONAL_REPRESENTATION('',(#8611),#8614);
#8611 = B_SPLINE_CURVE_WITH_KNOTS('',1,(#8612,#8613),.UNSPECIFIED.,.F.,
  .F.,(2,2),(-0.55254632743,0.184343114752),.PIECEWISE_BEZIER_KNOTS.);
#8612 = CARTESIAN_POINT('',(0.736889442182,-5.E-02));
#8613 = CARTESIAN_POINT('',(0.,-5.E-02));
#8614 = ( GEOMETRIC_REPRESENTATION_CONTEXT(2) 
PARAMETRIC_REPRESENTATION_CONTEXT() REPRESENTATION_CONTEXT('2D SPACE',''
  ) );
#8615 = ORIENTED_EDGE('',*,*,#8616,.T.);
#8616 = EDGE_CURVE('',#8596,#8617,#8619,.T.);
#8617 = VERTEX_POINT('',#8618);
#8618 = CARTESIAN_POINT('',(1.539653015833,-10.27744275055,12.3204));
#8619 = SURFACE_CURVE('',#8620,(#8624,#8630),.PCURVE_S1.);
#8620 = LINE('',#8621,#8622);
#8621 = CARTESIAN_POINT('',(1.752683372178,-10.23636922918,12.3204));
#8622 = VECTOR('',#8623,1.);
#8623 = DIRECTION('',(-0.981915602134,-0.189319175694,0.));
#8624 = PCURVE('',#1660,#8625);
#8625 = DEFINITIONAL_REPRESENTATION('',(#8626),#8629);
#8626 = B_SPLINE_CURVE_WITH_KNOTS('',1,(#8627,#8628),.UNSPECIFIED.,.F.,
  .F.,(2,2),(-0.652169216447,0.21695383583),.PIECEWISE_BEZIER_KNOTS.);
#8627 = CARTESIAN_POINT('',(2.393058501039,-10.11290109071));
#8628 = CARTESIAN_POINT('',(1.539653015833,-10.27744275055));
#8629 = ( GEOMETRIC_REPRESENTATION_CONTEXT(2) 
PARAMETRIC_REPRESENTATION_CONTEXT() REPRESENTATION_CONTEXT('2D SPACE',''
  ) );
#8630 = PCURVE('',#5595,#8631);
#8631 = DEFINITIONAL_REPRESENTATION('',(#8632),#8635);
#8632 = B_SPLINE_CURVE_WITH_KNOTS('',1,(#8633,#8634),.UNSPECIFIED.,.F.,
  .F.,(2,2),(-0.652169216447,0.21695383583),.PIECEWISE_BEZIER_KNOTS.);
#8633 = CARTESIAN_POINT('',(0.869123052277,-5.E-02));
#8634 = CARTESIAN_POINT('',(0.,-5.E-02));
#8635 = ( GEOMETRIC_REPRESENTATION_CONTEXT(2) 
PARAMETRIC_REPRESENTATION_CONTEXT() REPRESENTATION_CONTEXT('2D SPACE',''
  ) );
#8636 = ORIENTED_EDGE('',*,*,#8637,.T.);
#8637 = EDGE_CURVE('',#8617,#8638,#8640,.T.);
#8638 = VERTEX_POINT('',#8639);
#8639 = CARTESIAN_POINT('',(0.675503182377,-10.37019416744,12.3204));
#8640 = SURFACE_CURVE('',#8641,(#8645,#8651),.PCURVE_S1.);
#8641 = LINE('',#8642,#8643);
#8642 = CARTESIAN_POINT('',(0.891789672585,-10.34697958399,12.3204));
#8643 = VECTOR('',#8644,1.);
#8644 = DIRECTION('',(-0.99428915619,-0.106719604024,0.));
#8645 = PCURVE('',#1660,#8646);
#8646 = DEFINITIONAL_REPRESENTATION('',(#8647),#8650);
#8647 = B_SPLINE_CURVE_WITH_KNOTS('',1,(#8648,#8649),.UNSPECIFIED.,.F.,
  .F.,(2,2),(-0.651584440216,0.217528762998),.PIECEWISE_BEZIER_KNOTS.);
#8648 = CARTESIAN_POINT('',(1.539653015833,-10.27744275055));
#8649 = CARTESIAN_POINT('',(0.675503182377,-10.37019416744));
#8650 = ( GEOMETRIC_REPRESENTATION_CONTEXT(2) 
PARAMETRIC_REPRESENTATION_CONTEXT() REPRESENTATION_CONTEXT('2D SPACE',''
  ) );
#8651 = PCURVE('',#5567,#8652);
#8652 = DEFINITIONAL_REPRESENTATION('',(#8653),#8656);
#8653 = B_SPLINE_CURVE_WITH_KNOTS('',1,(#8654,#8655),.UNSPECIFIED.,.F.,
  .F.,(2,2),(-0.651584440216,0.217528762998),.PIECEWISE_BEZIER_KNOTS.);
#8654 = CARTESIAN_POINT('',(0.869113203213,-5.E-02));
#8655 = CARTESIAN_POINT('',(0.,-5.E-02));
#8656 = ( GEOMETRIC_REPRESENTATION_CONTEXT(2) 
PARAMETRIC_REPRESENTATION_CONTEXT() REPRESENTATION_CONTEXT('2D SPACE',''
  ) );
#8657 = ORIENTED_EDGE('',*,*,#8658,.T.);
#8658 = EDGE_CURVE('',#8638,#8659,#8661,.T.);
#8659 = VERTEX_POINT('',#8660);
#8660 = CARTESIAN_POINT('',(-0.193384077393,-10.39035104741,12.3204));
#8661 = SURFACE_CURVE('',#8662,(#8666,#8672),.PCURVE_S1.);
#8662 = LINE('',#8663,#8664);
#8663 = CARTESIAN_POINT('',(2.371139961321E-02,-10.38531475827,12.3204)
  );
#8664 = VECTOR('',#8665,1.);
#8665 = DIRECTION('',(-0.99973102339,-2.319225885105E-02,0.));
#8666 = PCURVE('',#1660,#8667);
#8667 = DEFINITIONAL_REPRESENTATION('',(#8668),#8671);
#8668 = B_SPLINE_CURVE_WITH_KNOTS('',1,(#8669,#8670),.UNSPECIFIED.,.F.,
  .F.,(2,2),(-0.651967146676,0.217153886322),.PIECEWISE_BEZIER_KNOTS.);
#8669 = CARTESIAN_POINT('',(0.675503182377,-10.37019416744));
#8670 = CARTESIAN_POINT('',(-0.193384077393,-10.39035104741));
#8671 = ( GEOMETRIC_REPRESENTATION_CONTEXT(2) 
PARAMETRIC_REPRESENTATION_CONTEXT() REPRESENTATION_CONTEXT('2D SPACE',''
  ) );
#8672 = PCURVE('',#5539,#8673);
#8673 = DEFINITIONAL_REPRESENTATION('',(#8674),#8677);
#8674 = B_SPLINE_CURVE_WITH_KNOTS('',1,(#8675,#8676),.UNSPECIFIED.,.F.,
  .F.,(2,2),(-0.651967146676,0.217153886322),.PIECEWISE_BEZIER_KNOTS.);
#8675 = CARTESIAN_POINT('',(0.869121032998,-5.E-02));
#8676 = CARTESIAN_POINT('',(0.,-5.E-02));
#8677 = ( GEOMETRIC_REPRESENTATION_CONTEXT(2) 
PARAMETRIC_REPRESENTATION_CONTEXT() REPRESENTATION_CONTEXT('2D SPACE',''
  ) );
#8678 = ORIENTED_EDGE('',*,*,#8679,.T.);
#8679 = EDGE_CURVE('',#8659,#8680,#8682,.T.);
#8680 = VERTEX_POINT('',#8681);
#8681 = CARTESIAN_POINT('',(-1.060868828835,-10.3378787117,12.3204));
#8682 = SURFACE_CURVE('',#8683,(#8687,#8693),.PCURVE_S1.);
#8683 = LINE('',#8684,#8685);
#8684 = CARTESIAN_POINT('',(-0.843886621581,-10.35100351096,12.3204));
#8685 = VECTOR('',#8686,1.);
#8686 = DIRECTION('',(-0.998175611404,6.037755210399E-02,0.));
#8687 = PCURVE('',#1660,#8688);
#8688 = DEFINITIONAL_REPRESENTATION('',(#8689),#8692);
#8689 = B_SPLINE_CURVE_WITH_KNOTS('',1,(#8690,#8691),.UNSPECIFIED.,.F.,
  .F.,(2,2),(-0.651691482697,0.217378790641),.PIECEWISE_BEZIER_KNOTS.);
#8690 = CARTESIAN_POINT('',(-0.193384077393,-10.39035104741));
#8691 = CARTESIAN_POINT('',(-1.060868828835,-10.3378787117));
#8692 = ( GEOMETRIC_REPRESENTATION_CONTEXT(2) 
PARAMETRIC_REPRESENTATION_CONTEXT() REPRESENTATION_CONTEXT('2D SPACE',''
  ) );
#8693 = PCURVE('',#5511,#8694);
#8694 = DEFINITIONAL_REPRESENTATION('',(#8695),#8698);
#8695 = B_SPLINE_CURVE_WITH_KNOTS('',1,(#8696,#8697),.UNSPECIFIED.,.F.,
  .F.,(2,2),(-0.651691482697,0.217378790641),.PIECEWISE_BEZIER_KNOTS.);
#8696 = CARTESIAN_POINT('',(0.869070273338,-5.E-02));
#8697 = CARTESIAN_POINT('',(0.,-5.E-02));
#8698 = ( GEOMETRIC_REPRESENTATION_CONTEXT(2) 
PARAMETRIC_REPRESENTATION_CONTEXT() REPRESENTATION_CONTEXT('2D SPACE',''
  ) );
#8699 = ORIENTED_EDGE('',*,*,#8700,.T.);
#8700 = EDGE_CURVE('',#8680,#8701,#8703,.T.);
#8701 = VERTEX_POINT('',#8702);
#8702 = CARTESIAN_POINT('',(-1.921011137311,-10.21308889172,12.3204));
#8703 = SURFACE_CURVE('',#8704,(#8708,#8714),.PCURVE_S1.);
#8704 = LINE('',#8705,#8706);
#8705 = CARTESIAN_POINT('',(-1.705893131774,-10.24429830547,12.3204));
#8706 = VECTOR('',#8707,1.);
#8707 = DIRECTION('',(-0.989639109434,0.143577272151,0.));
#8708 = PCURVE('',#1660,#8709);
#8709 = DEFINITIONAL_REPRESENTATION('',(#8710),#8713);
#8710 = B_SPLINE_CURVE_WITH_KNOTS('',1,(#8711,#8712),.UNSPECIFIED.,.F.,
  .F.,(2,2),(-0.651777296177,0.217370153914),.PIECEWISE_BEZIER_KNOTS.);
#8711 = CARTESIAN_POINT('',(-1.060868828835,-10.3378787117));
#8712 = CARTESIAN_POINT('',(-1.921011137311,-10.21308889172));
#8713 = ( GEOMETRIC_REPRESENTATION_CONTEXT(2) 
PARAMETRIC_REPRESENTATION_CONTEXT() REPRESENTATION_CONTEXT('2D SPACE',''
  ) );
#8714 = PCURVE('',#5483,#8715);
#8715 = DEFINITIONAL_REPRESENTATION('',(#8716),#8719);
#8716 = B_SPLINE_CURVE_WITH_KNOTS('',1,(#8717,#8718),.UNSPECIFIED.,.F.,
  .F.,(2,2),(-0.651777296177,0.217370153914),.PIECEWISE_BEZIER_KNOTS.);
#8717 = CARTESIAN_POINT('',(0.869147450091,-5.E-02));
#8718 = CARTESIAN_POINT('',(0.,-5.E-02));
#8719 = ( GEOMETRIC_REPRESENTATION_CONTEXT(2) 
PARAMETRIC_REPRESENTATION_CONTEXT() REPRESENTATION_CONTEXT('2D SPACE',''
  ) );
#8720 = ORIENTED_EDGE('',*,*,#8721,.T.);
#8721 = EDGE_CURVE('',#8701,#8722,#8724,.T.);
#8722 = VERTEX_POINT('',#8723);
#8723 = CARTESIAN_POINT('',(-2.767638055477,-10.01688972904,12.3204));
#8724 = SURFACE_CURVE('',#8725,(#8729,#8735),.PCURVE_S1.);
#8725 = LINE('',#8726,#8727);
#8726 = CARTESIAN_POINT('',(-2.555860332593,-10.06596755897,12.3204));
#8727 = VECTOR('',#8728,1.);
#8728 = DIRECTION('',(-0.974183110624,0.225759312043,0.));
#8729 = PCURVE('',#1660,#8730);
#8730 = DEFINITIONAL_REPRESENTATION('',(#8731),#8734);
#8731 = B_SPLINE_CURVE_WITH_KNOTS('',1,(#8732,#8733),.UNSPECIFIED.,.F.,
  .F.,(2,2),(-0.651673374706,0.217390057962),.PIECEWISE_BEZIER_KNOTS.);
#8732 = CARTESIAN_POINT('',(-1.921011137311,-10.21308889172));
#8733 = CARTESIAN_POINT('',(-2.767638055477,-10.01688972904));
#8734 = ( GEOMETRIC_REPRESENTATION_CONTEXT(2) 
PARAMETRIC_REPRESENTATION_CONTEXT() REPRESENTATION_CONTEXT('2D SPACE',''
  ) );
#8735 = PCURVE('',#5455,#8736);
#8736 = DEFINITIONAL_REPRESENTATION('',(#8737),#8740);
#8737 = B_SPLINE_CURVE_WITH_KNOTS('',1,(#8738,#8739),.UNSPECIFIED.,.F.,
  .F.,(2,2),(-0.651673374706,0.217390057962),.PIECEWISE_BEZIER_KNOTS.);
#8738 = CARTESIAN_POINT('',(0.869063432668,-5.E-02));
#8739 = CARTESIAN_POINT('',(0.,-5.E-02));
#8740 = ( GEOMETRIC_REPRESENTATION_CONTEXT(2) 
PARAMETRIC_REPRESENTATION_CONTEXT() REPRESENTATION_CONTEXT('2D SPACE',''
  ) );
#8741 = ORIENTED_EDGE('',*,*,#8742,.T.);
#8742 = EDGE_CURVE('',#8722,#8743,#8745,.T.);
#8743 = VERTEX_POINT('',#8744);
#8744 = CARTESIAN_POINT('',(-3.594999841072,-9.750522377939,12.3204));
#8745 = SURFACE_CURVE('',#8746,(#8750,#8756),.PCURVE_S1.);
#8746 = LINE('',#8747,#8748);
#8747 = CARTESIAN_POINT('',(-3.388485132903,-9.817009344992,12.3204));
#8748 = VECTOR('',#8749,1.);
#8749 = DIRECTION('',(-0.951884452665,0.306457156508,0.));
#8750 = PCURVE('',#1660,#8751);
#8751 = DEFINITIONAL_REPRESENTATION('',(#8752),#8755);
#8752 = B_SPLINE_CURVE_WITH_KNOTS('',1,(#8753,#8754),.UNSPECIFIED.,.F.,
  .F.,(2,2),(-0.652229454623,0.216953546821),.PIECEWISE_BEZIER_KNOTS.);
#8753 = CARTESIAN_POINT('',(-2.767638055477,-10.01688972904));
#8754 = CARTESIAN_POINT('',(-3.594999841072,-9.750522377939));
#8755 = ( GEOMETRIC_REPRESENTATION_CONTEXT(2) 
PARAMETRIC_REPRESENTATION_CONTEXT() REPRESENTATION_CONTEXT('2D SPACE',''
  ) );
#8756 = PCURVE('',#5427,#8757);
#8757 = DEFINITIONAL_REPRESENTATION('',(#8758),#8761);
#8758 = B_SPLINE_CURVE_WITH_KNOTS('',1,(#8759,#8760),.UNSPECIFIED.,.F.,
  .F.,(2,2),(-0.652229454623,0.216953546821),.PIECEWISE_BEZIER_KNOTS.);
#8759 = CARTESIAN_POINT('',(0.869183001444,-5.E-02));
#8760 = CARTESIAN_POINT('',(0.,-5.E-02));
#8761 = ( GEOMETRIC_REPRESENTATION_CONTEXT(2) 
PARAMETRIC_REPRESENTATION_CONTEXT() REPRESENTATION_CONTEXT('2D SPACE',''
  ) );
#8762 = ORIENTED_EDGE('',*,*,#8763,.T.);
#8763 = EDGE_CURVE('',#8743,#8764,#8766,.T.);
#8764 = VERTEX_POINT('',#8765);
#8765 = CARTESIAN_POINT('',(-4.397127136594,-9.416047607921,12.3204));
#8766 = SURFACE_CURVE('',#8767,(#8771,#8777),.PCURVE_S1.);
#8767 = LINE('',#8768,#8769);
#8768 = CARTESIAN_POINT('',(-4.196603514195,-9.499662880533,12.3204));
#8769 = VECTOR('',#8770,1.);
#8770 = DIRECTION('',(-0.922972691414,0.384865445195,0.));
#8771 = PCURVE('',#1660,#8772);
#8772 = DEFINITIONAL_REPRESENTATION('',(#8773),#8776);
#8773 = B_SPLINE_CURVE_WITH_KNOTS('',1,(#8774,#8775),.UNSPECIFIED.,.F.,
  .F.,(2,2),(-0.651810913497,0.217258456576),.PIECEWISE_BEZIER_KNOTS.);
#8774 = CARTESIAN_POINT('',(-3.594999841072,-9.750522377939));
#8775 = CARTESIAN_POINT('',(-4.397127136594,-9.416047607921));
#8776 = ( GEOMETRIC_REPRESENTATION_CONTEXT(2) 
PARAMETRIC_REPRESENTATION_CONTEXT() REPRESENTATION_CONTEXT('2D SPACE',''
  ) );
#8777 = PCURVE('',#5399,#8778);
#8778 = DEFINITIONAL_REPRESENTATION('',(#8779),#8782);
#8779 = B_SPLINE_CURVE_WITH_KNOTS('',1,(#8780,#8781),.UNSPECIFIED.,.F.,
  .F.,(2,2),(-0.651810913497,0.217258456576),.PIECEWISE_BEZIER_KNOTS.);
#8780 = CARTESIAN_POINT('',(0.869069370074,-5.E-02));
#8781 = CARTESIAN_POINT('',(0.,-5.E-02));
#8782 = ( GEOMETRIC_REPRESENTATION_CONTEXT(2) 
PARAMETRIC_REPRESENTATION_CONTEXT() REPRESENTATION_CONTEXT('2D SPACE',''
  ) );
#8783 = ORIENTED_EDGE('',*,*,#8784,.T.);
#8784 = EDGE_CURVE('',#8764,#8785,#8787,.T.);
#8785 = VERTEX_POINT('',#8786);
#8786 = CARTESIAN_POINT('',(-4.570577136594,-9.716471820493,12.3204));
#8787 = SURFACE_CURVE('',#8788,(#8792,#8798),.PCURVE_S1.);
#8788 = LINE('',#8789,#8790);
#8789 = CARTESIAN_POINT('',(-1.895577136594,-5.083235910247,12.3204));
#8790 = VECTOR('',#8791,1.);
#8791 = DIRECTION('',(-0.5,-0.866025403784,0.));
#8792 = PCURVE('',#1660,#8793);
#8793 = DEFINITIONAL_REPRESENTATION('',(#8794),#8797);
#8794 = B_SPLINE_CURVE_WITH_KNOTS('',1,(#8795,#8796),.UNSPECIFIED.,.F.,
  .F.,(2,2),(5.0031,5.35),.PIECEWISE_BEZIER_KNOTS.);
#8795 = CARTESIAN_POINT('',(-4.397127136594,-9.416047607921));
#8796 = CARTESIAN_POINT('',(-4.570577136594,-9.716471820493));
#8797 = ( GEOMETRIC_REPRESENTATION_CONTEXT(2) 
PARAMETRIC_REPRESENTATION_CONTEXT() REPRESENTATION_CONTEXT('2D SPACE',''
  ) );
#8798 = PCURVE('',#5371,#8799);
#8799 = DEFINITIONAL_REPRESENTATION('',(#8800),#8803);
#8800 = B_SPLINE_CURVE_WITH_KNOTS('',1,(#8801,#8802),.UNSPECIFIED.,.F.,
  .F.,(2,2),(5.0031,5.35),.PIECEWISE_BEZIER_KNOTS.);
#8801 = CARTESIAN_POINT('',(0.3469,-5.E-02));
#8802 = CARTESIAN_POINT('',(0.,-5.E-02));
#8803 = ( GEOMETRIC_REPRESENTATION_CONTEXT(2) 
PARAMETRIC_REPRESENTATION_CONTEXT() REPRESENTATION_CONTEXT('2D SPACE',''
  ) );
#8804 = ORIENTED_EDGE('',*,*,#8805,.T.);
#8805 = EDGE_CURVE('',#8785,#8806,#8808,.T.);
#8806 = VERTEX_POINT('',#8807);
#8807 = CARTESIAN_POINT('',(-6.302627944163,-8.716471820493,12.3204));
#8808 = SURFACE_CURVE('',#8809,(#8813,#8819),.PCURVE_S1.);
#8809 = LINE('',#8810,#8811);
#8810 = CARTESIAN_POINT('',(-5.826313972081,-8.991471820493,12.3204));
#8811 = VECTOR('',#8812,1.);
#8812 = DIRECTION('',(-0.866025403784,0.5,0.));
#8813 = PCURVE('',#1660,#8814);
#8814 = DEFINITIONAL_REPRESENTATION('',(#8815),#8818);
#8815 = B_SPLINE_CURVE_WITH_KNOTS('',1,(#8816,#8817),.UNSPECIFIED.,.F.,
  .F.,(2,2),(-1.45,0.55),.PIECEWISE_BEZIER_KNOTS.);
#8816 = CARTESIAN_POINT('',(-4.570577136594,-9.716471820493));
#8817 = CARTESIAN_POINT('',(-6.302627944163,-8.716471820493));
#8818 = ( GEOMETRIC_REPRESENTATION_CONTEXT(2) 
PARAMETRIC_REPRESENTATION_CONTEXT() REPRESENTATION_CONTEXT('2D SPACE',''
  ) );
#8819 = PCURVE('',#5343,#8820);
#8820 = DEFINITIONAL_REPRESENTATION('',(#8821),#8824);
#8821 = B_SPLINE_CURVE_WITH_KNOTS('',1,(#8822,#8823),.UNSPECIFIED.,.F.,
  .F.,(2,2),(-1.45,0.55),.PIECEWISE_BEZIER_KNOTS.);
#8822 = CARTESIAN_POINT('',(2.,-5.E-02));
#8823 = CARTESIAN_POINT('',(0.,-5.E-02));
#8824 = ( GEOMETRIC_REPRESENTATION_CONTEXT(2) 
PARAMETRIC_REPRESENTATION_CONTEXT() REPRESENTATION_CONTEXT('2D SPACE',''
  ) );
#8825 = ORIENTED_EDGE('',*,*,#8826,.T.);
#8826 = EDGE_CURVE('',#8806,#8827,#8829,.T.);
#8827 = VERTEX_POINT('',#8828);
#8828 = CARTESIAN_POINT('',(-6.119527944163,-8.399333317628,12.3204));
#8829 = SURFACE_CURVE('',#8830,(#8834,#8840),.PCURVE_S1.);
#8830 = LINE('',#8831,#8832);
#8831 = CARTESIAN_POINT('',(-3.536077944163,-3.924666658814,12.3204));
#8832 = VECTOR('',#8833,1.);
#8833 = DIRECTION('',(0.5,0.866025403784,-0.));
#8834 = PCURVE('',#1660,#8835);
#8835 = DEFINITIONAL_REPRESENTATION('',(#8836),#8839);
#8836 = B_SPLINE_CURVE_WITH_KNOTS('',1,(#8837,#8838),.UNSPECIFIED.,.F.,
  .F.,(2,2),(-5.5331,-5.1669),.PIECEWISE_BEZIER_KNOTS.);
#8837 = CARTESIAN_POINT('',(-6.302627944163,-8.716471820493));
#8838 = CARTESIAN_POINT('',(-6.119527944163,-8.399333317628));
#8839 = ( GEOMETRIC_REPRESENTATION_CONTEXT(2) 
PARAMETRIC_REPRESENTATION_CONTEXT() REPRESENTATION_CONTEXT('2D SPACE',''
  ) );
#8840 = PCURVE('',#5315,#8841);
#8841 = DEFINITIONAL_REPRESENTATION('',(#8842),#8845);
#8842 = B_SPLINE_CURVE_WITH_KNOTS('',1,(#8843,#8844),.UNSPECIFIED.,.F.,
  .F.,(2,2),(-5.5331,-5.1669),.PIECEWISE_BEZIER_KNOTS.);
#8843 = CARTESIAN_POINT('',(0.3662,-5.E-02));
#8844 = CARTESIAN_POINT('',(0.,-5.E-02));
#8845 = ( GEOMETRIC_REPRESENTATION_CONTEXT(2) 
PARAMETRIC_REPRESENTATION_CONTEXT() REPRESENTATION_CONTEXT('2D SPACE',''
  ) );
#8846 = ORIENTED_EDGE('',*,*,#8847,.T.);
#8847 = EDGE_CURVE('',#8827,#8848,#8850,.T.);
#8848 = VERTEX_POINT('',#8849);
#8849 = CARTESIAN_POINT('',(-6.544483843734,-8.072578526661,12.3204));
#8850 = SURFACE_CURVE('',#8851,(#8855,#8861),.PCURVE_S1.);
#8851 = LINE('',#8852,#8853);
#8852 = CARTESIAN_POINT('',(-6.438477635679,-8.154088246585,12.3204));
#8853 = VECTOR('',#8854,1.);
#8854 = DIRECTION('',(-0.792745105497,0.609553277171,0.));
#8855 = PCURVE('',#1660,#8856);
#8856 = DEFINITIONAL_REPRESENTATION('',(#8857),#8860);
#8857 = B_SPLINE_CURVE_WITH_KNOTS('',1,(#8858,#8859),.UNSPECIFIED.,.F.,
  .F.,(2,2),(-0.402335743613,0.13372041949),.PIECEWISE_BEZIER_KNOTS.);
#8858 = CARTESIAN_POINT('',(-6.119527944163,-8.399333317628));
#8859 = CARTESIAN_POINT('',(-6.544483843734,-8.072578526661));
#8860 = ( GEOMETRIC_REPRESENTATION_CONTEXT(2) 
PARAMETRIC_REPRESENTATION_CONTEXT() REPRESENTATION_CONTEXT('2D SPACE',''
  ) );
#8861 = PCURVE('',#5287,#8862);
#8862 = DEFINITIONAL_REPRESENTATION('',(#8863),#8866);
#8863 = B_SPLINE_CURVE_WITH_KNOTS('',1,(#8864,#8865),.UNSPECIFIED.,.F.,
  .F.,(2,2),(-0.402335743613,0.13372041949),.PIECEWISE_BEZIER_KNOTS.);
#8864 = CARTESIAN_POINT('',(0.536056163102,-5.E-02));
#8865 = CARTESIAN_POINT('',(0.,-5.E-02));
#8866 = ( GEOMETRIC_REPRESENTATION_CONTEXT(2) 
PARAMETRIC_REPRESENTATION_CONTEXT() REPRESENTATION_CONTEXT('2D SPACE',''
  ) );
#8867 = ORIENTED_EDGE('',*,*,#8868,.T.);
#8868 = EDGE_CURVE('',#8848,#8869,#8871,.T.);
#8869 = VERTEX_POINT('',#8870);
#8870 = CARTESIAN_POINT('',(-7.196150885218,-7.497498952129,12.3204));
#8871 = SURFACE_CURVE('',#8872,(#8876,#8882),.PCURVE_S1.);
#8872 = LINE('',#8873,#8874);
#8873 = CARTESIAN_POINT('',(-7.033172604011,-7.641323136334,12.3204));
#8874 = VECTOR('',#8875,1.);
#8875 = DIRECTION('',(-0.74979262036,0.661672899893,0.));
#8876 = PCURVE('',#1660,#8877);
#8877 = DEFINITIONAL_REPRESENTATION('',(#8878),#8881);
#8878 = B_SPLINE_CURVE_WITH_KNOTS('',1,(#8879,#8880),.UNSPECIFIED.,.F.,
  .F.,(2,2),(-0.651765230821,0.217364477565),.PIECEWISE_BEZIER_KNOTS.);
#8879 = CARTESIAN_POINT('',(-6.544483843734,-8.072578526661));
#8880 = CARTESIAN_POINT('',(-7.196150885218,-7.497498952129));
#8881 = ( GEOMETRIC_REPRESENTATION_CONTEXT(2) 
PARAMETRIC_REPRESENTATION_CONTEXT() REPRESENTATION_CONTEXT('2D SPACE',''
  ) );
#8882 = PCURVE('',#5259,#8883);
#8883 = DEFINITIONAL_REPRESENTATION('',(#8884),#8887);
#8884 = B_SPLINE_CURVE_WITH_KNOTS('',1,(#8885,#8886),.UNSPECIFIED.,.F.,
  .F.,(2,2),(-0.651765230821,0.217364477565),.PIECEWISE_BEZIER_KNOTS.);
#8885 = CARTESIAN_POINT('',(0.869129708386,-5.E-02));
#8886 = CARTESIAN_POINT('',(0.,-5.E-02));
#8887 = ( GEOMETRIC_REPRESENTATION_CONTEXT(2) 
PARAMETRIC_REPRESENTATION_CONTEXT() REPRESENTATION_CONTEXT('2D SPACE',''
  ) );
#8888 = ORIENTED_EDGE('',*,*,#8889,.T.);
#8889 = EDGE_CURVE('',#8869,#8890,#8892,.T.);
#8890 = VERTEX_POINT('',#8891);
#8891 = CARTESIAN_POINT('',(-7.797449084676,-6.86997798409,12.3204));
#8892 = SURFACE_CURVE('',#8893,(#8897,#8903),.PCURVE_S1.);
#8893 = LINE('',#8894,#8895);
#8894 = CARTESIAN_POINT('',(-7.647177944518,-7.026802487182,12.3204));
#8895 = VECTOR('',#8896,1.);
#8896 = DIRECTION('',(-0.69185974202,0.722031922682,0.));
#8897 = PCURVE('',#1660,#8898);
#8898 = DEFINITIONAL_REPRESENTATION('',(#8899),#8902);
#8899 = B_SPLINE_CURVE_WITH_KNOTS('',1,(#8900,#8901),.UNSPECIFIED.,.F.,
  .F.,(2,2),(-0.651905338477,0.217198849754),.PIECEWISE_BEZIER_KNOTS.);
#8900 = CARTESIAN_POINT('',(-7.196150885218,-7.497498952129));
#8901 = CARTESIAN_POINT('',(-7.797449084676,-6.86997798409));
#8902 = ( GEOMETRIC_REPRESENTATION_CONTEXT(2) 
PARAMETRIC_REPRESENTATION_CONTEXT() REPRESENTATION_CONTEXT('2D SPACE',''
  ) );
#8903 = PCURVE('',#5231,#8904);
#8904 = DEFINITIONAL_REPRESENTATION('',(#8905),#8908);
#8905 = B_SPLINE_CURVE_WITH_KNOTS('',1,(#8906,#8907),.UNSPECIFIED.,.F.,
  .F.,(2,2),(-0.651905338477,0.217198849754),.PIECEWISE_BEZIER_KNOTS.);
#8906 = CARTESIAN_POINT('',(0.869104188231,-5.E-02));
#8907 = CARTESIAN_POINT('',(0.,-5.E-02));
#8908 = ( GEOMETRIC_REPRESENTATION_CONTEXT(2) 
PARAMETRIC_REPRESENTATION_CONTEXT() REPRESENTATION_CONTEXT('2D SPACE',''
  ) );
#8909 = ORIENTED_EDGE('',*,*,#8910,.T.);
#8910 = EDGE_CURVE('',#8890,#8911,#8913,.T.);
#8911 = VERTEX_POINT('',#8912);
#8912 = CARTESIAN_POINT('',(-8.344255494766,-6.194474468271,12.3204));
#8913 = SURFACE_CURVE('',#8914,(#8918,#8924),.PCURVE_S1.);
#8914 = LINE('',#8915,#8916);
#8915 = CARTESIAN_POINT('',(-8.207317887666,-6.363641898164,12.3204));
#8916 = VECTOR('',#8917,1.);
#8917 = DIRECTION('',(-0.629177535364,0.777261621974,0.));
#8918 = PCURVE('',#1660,#8919);
#8919 = DEFINITIONAL_REPRESENTATION('',(#8920),#8923);
#8920 = B_SPLINE_CURVE_WITH_KNOTS('',1,(#8921,#8922),.UNSPECIFIED.,.F.,
  .F.,(2,2),(-0.651435850698,0.217645417078),.PIECEWISE_BEZIER_KNOTS.);
#8921 = CARTESIAN_POINT('',(-7.797449084676,-6.86997798409));
#8922 = CARTESIAN_POINT('',(-8.344255494766,-6.194474468271));
#8923 = ( GEOMETRIC_REPRESENTATION_CONTEXT(2) 
PARAMETRIC_REPRESENTATION_CONTEXT() REPRESENTATION_CONTEXT('2D SPACE',''
  ) );
#8924 = PCURVE('',#5203,#8925);
#8925 = DEFINITIONAL_REPRESENTATION('',(#8926),#8929);
#8926 = B_SPLINE_CURVE_WITH_KNOTS('',1,(#8927,#8928),.UNSPECIFIED.,.F.,
  .F.,(2,2),(-0.651435850698,0.217645417078),.PIECEWISE_BEZIER_KNOTS.);
#8927 = CARTESIAN_POINT('',(0.869081267776,-5.E-02));
#8928 = CARTESIAN_POINT('',(0.,-5.E-02));
#8929 = ( GEOMETRIC_REPRESENTATION_CONTEXT(2) 
PARAMETRIC_REPRESENTATION_CONTEXT() REPRESENTATION_CONTEXT('2D SPACE',''
  ) );
#8930 = ORIENTED_EDGE('',*,*,#8931,.T.);
#8931 = EDGE_CURVE('',#8911,#8932,#8934,.T.);
#8932 = VERTEX_POINT('',#8933);
#8933 = CARTESIAN_POINT('',(-8.832633770687,-5.475570455479,12.3204));
#8934 = SURFACE_CURVE('',#8935,(#8939,#8945),.PCURVE_S1.);
#8935 = LINE('',#8936,#8937);
#8936 = CARTESIAN_POINT('',(-8.71067216249,-5.655100737358,12.3204));
#8937 = VECTOR('',#8938,1.);
#8938 = DIRECTION('',(-0.561935091198,0.827181330351,0.));
#8939 = PCURVE('',#1660,#8940);
#8940 = DEFINITIONAL_REPRESENTATION('',(#8941),#8944);
#8941 = B_SPLINE_CURVE_WITH_KNOTS('',1,(#8942,#8943),.UNSPECIFIED.,.F.,
  .F.,(2,2),(-0.652062263887,0.217038604827),.PIECEWISE_BEZIER_KNOTS.);
#8942 = CARTESIAN_POINT('',(-8.344255494766,-6.194474468271));
#8943 = CARTESIAN_POINT('',(-8.832633770687,-5.475570455479));
#8944 = ( GEOMETRIC_REPRESENTATION_CONTEXT(2) 
PARAMETRIC_REPRESENTATION_CONTEXT() REPRESENTATION_CONTEXT('2D SPACE',''
  ) );
#8945 = PCURVE('',#5175,#8946);
#8946 = DEFINITIONAL_REPRESENTATION('',(#8947),#8950);
#8947 = B_SPLINE_CURVE_WITH_KNOTS('',1,(#8948,#8949),.UNSPECIFIED.,.F.,
  .F.,(2,2),(-0.652062263887,0.217038604827),.PIECEWISE_BEZIER_KNOTS.);
#8948 = CARTESIAN_POINT('',(0.869100868714,-5.E-02));
#8949 = CARTESIAN_POINT('',(0.,-5.E-02));
#8950 = ( GEOMETRIC_REPRESENTATION_CONTEXT(2) 
PARAMETRIC_REPRESENTATION_CONTEXT() REPRESENTATION_CONTEXT('2D SPACE',''
  ) );
#8951 = ORIENTED_EDGE('',*,*,#8952,.T.);
#8952 = EDGE_CURVE('',#8932,#8953,#8955,.T.);
#8953 = VERTEX_POINT('',#8954);
#8954 = CARTESIAN_POINT('',(-9.259307375258,-4.718390816845,12.3204));
#8955 = SURFACE_CURVE('',#8956,(#8960,#8966),.PCURVE_S1.);
#8956 = LINE('',#8957,#8958);
#8957 = CARTESIAN_POINT('',(-9.152540996168,-4.90785959924,12.3204));
#8958 = VECTOR('',#8959,1.);
#8959 = DIRECTION('',(-0.490925415876,0.871201604709,0.));
#8960 = PCURVE('',#1660,#8961);
#8961 = DEFINITIONAL_REPRESENTATION('',(#8962),#8965);
#8962 = B_SPLINE_CURVE_WITH_KNOTS('',1,(#8963,#8964),.UNSPECIFIED.,.F.,
  .F.,(2,2),(-0.651641196677,0.217479836321),.PIECEWISE_BEZIER_KNOTS.);
#8963 = CARTESIAN_POINT('',(-8.832633770687,-5.475570455479));
#8964 = CARTESIAN_POINT('',(-9.259307375258,-4.718390816845));
#8965 = ( GEOMETRIC_REPRESENTATION_CONTEXT(2) 
PARAMETRIC_REPRESENTATION_CONTEXT() REPRESENTATION_CONTEXT('2D SPACE',''
  ) );
#8966 = PCURVE('',#5147,#8967);
#8967 = DEFINITIONAL_REPRESENTATION('',(#8968),#8971);
#8968 = B_SPLINE_CURVE_WITH_KNOTS('',1,(#8969,#8970),.UNSPECIFIED.,.F.,
  .F.,(2,2),(-0.651641196677,0.217479836321),.PIECEWISE_BEZIER_KNOTS.);
#8969 = CARTESIAN_POINT('',(0.869121032998,-5.E-02));
#8970 = CARTESIAN_POINT('',(0.,-5.E-02));
#8971 = ( GEOMETRIC_REPRESENTATION_CONTEXT(2) 
PARAMETRIC_REPRESENTATION_CONTEXT() REPRESENTATION_CONTEXT('2D SPACE',''
  ) );
#8972 = ORIENTED_EDGE('',*,*,#8973,.T.);
#8973 = EDGE_CURVE('',#8953,#8974,#8976,.T.);
#8974 = VERTEX_POINT('',#8975);
#8975 = CARTESIAN_POINT('',(-9.62118637384,-3.92818362858,12.3204));
#8976 = SURFACE_CURVE('',#8977,(#8981,#8987),.PCURVE_S1.);
#8977 = LINE('',#8978,#8979);
#8978 = CARTESIAN_POINT('',(-9.530732326793,-4.125701137095,12.3204));
#8979 = VECTOR('',#8980,1.);
#8980 = DIRECTION('',(-0.416370108462,0.909195211591,0.));
#8981 = PCURVE('',#1660,#8982);
#8982 = DEFINITIONAL_REPRESENTATION('',(#8983),#8986);
#8983 = B_SPLINE_CURVE_WITH_KNOTS('',1,(#8984,#8985),.UNSPECIFIED.,.F.,
  .F.,(2,2),(-0.651883855297,0.217244334327),.PIECEWISE_BEZIER_KNOTS.);
#8984 = CARTESIAN_POINT('',(-9.259307375258,-4.718390816845));
#8985 = CARTESIAN_POINT('',(-9.62118637384,-3.92818362858));
#8986 = ( GEOMETRIC_REPRESENTATION_CONTEXT(2) 
PARAMETRIC_REPRESENTATION_CONTEXT() REPRESENTATION_CONTEXT('2D SPACE',''
  ) );
#8987 = PCURVE('',#5119,#8988);
#8988 = DEFINITIONAL_REPRESENTATION('',(#8989),#8992);
#8989 = B_SPLINE_CURVE_WITH_KNOTS('',1,(#8990,#8991),.UNSPECIFIED.,.F.,
  .F.,(2,2),(-0.651883855297,0.217244334327),.PIECEWISE_BEZIER_KNOTS.);
#8990 = CARTESIAN_POINT('',(0.869128189625,-5.E-02));
#8991 = CARTESIAN_POINT('',(0.,-5.E-02));
#8992 = ( GEOMETRIC_REPRESENTATION_CONTEXT(2) 
PARAMETRIC_REPRESENTATION_CONTEXT() REPRESENTATION_CONTEXT('2D SPACE',''
  ) );
#8993 = ORIENTED_EDGE('',*,*,#8994,.T.);
#8994 = EDGE_CURVE('',#8974,#8995,#8997,.T.);
#8995 = VERTEX_POINT('',#8996);
#8996 = CARTESIAN_POINT('',(-9.915740639412,-3.110566582137,12.3204));
#8997 = SURFACE_CURVE('',#8998,(#9002,#9008),.PCURVE_S1.);
#8998 = LINE('',#8999,#9000);
#8999 = CARTESIAN_POINT('',(-9.842132977901,-3.314885058678,12.3204));
#9000 = VECTOR('',#9001,1.);
#9001 = DIRECTION('',(-0.338935545455,0.940809596054,0.));
#9002 = PCURVE('',#1660,#9003);
#9003 = DEFINITIONAL_REPRESENTATION('',(#9004),#9007);
#9004 = B_SPLINE_CURVE_WITH_KNOTS('',1,(#9005,#9006),.UNSPECIFIED.,.F.,
  .F.,(2,2),(-0.651883837573,0.217173036285),.PIECEWISE_BEZIER_KNOTS.);
#9005 = CARTESIAN_POINT('',(-9.62118637384,-3.92818362858));
#9006 = CARTESIAN_POINT('',(-9.915740639412,-3.110566582137));
#9007 = ( GEOMETRIC_REPRESENTATION_CONTEXT(2) 
PARAMETRIC_REPRESENTATION_CONTEXT() REPRESENTATION_CONTEXT('2D SPACE',''
  ) );
#9008 = PCURVE('',#5091,#9009);
#9009 = DEFINITIONAL_REPRESENTATION('',(#9010),#9013);
#9010 = B_SPLINE_CURVE_WITH_KNOTS('',1,(#9011,#9012),.UNSPECIFIED.,.F.,
  .F.,(2,2),(-0.651883837573,0.217173036285),.PIECEWISE_BEZIER_KNOTS.);
#9011 = CARTESIAN_POINT('',(0.869056873858,-5.E-02));
#9012 = CARTESIAN_POINT('',(0.,-5.E-02));
#9013 = ( GEOMETRIC_REPRESENTATION_CONTEXT(2) 
PARAMETRIC_REPRESENTATION_CONTEXT() REPRESENTATION_CONTEXT('2D SPACE',''
  ) );
#9014 = ORIENTED_EDGE('',*,*,#9015,.T.);
#9015 = EDGE_CURVE('',#8995,#9016,#9018,.T.);
#9016 = VERTEX_POINT('',#9017);
#9017 = CARTESIAN_POINT('',(-10.14097305765,-2.271080574052,12.3204));
#9018 = SURFACE_CURVE('',#9019,(#9023,#9029),.PCURVE_S1.);
#9019 = LINE('',#9020,#9021);
#9020 = CARTESIAN_POINT('',(-10.08469442094,-2.480842243529,12.3204));
#9021 = VECTOR('',#9022,1.);
#9022 = DIRECTION('',(-0.259133358042,0.965841551576,0.));
#9023 = PCURVE('',#1660,#9024);
#9024 = DEFINITIONAL_REPRESENTATION('',(#9025),#9028);
#9025 = B_SPLINE_CURVE_WITH_KNOTS('',1,(#9026,#9027),.UNSPECIFIED.,.F.,
  .F.,(2,2),(-0.65199549303,0.217180208425),.PIECEWISE_BEZIER_KNOTS.);
#9026 = CARTESIAN_POINT('',(-9.915740639412,-3.110566582137));
#9027 = CARTESIAN_POINT('',(-10.14097305765,-2.271080574052));
#9028 = ( GEOMETRIC_REPRESENTATION_CONTEXT(2) 
PARAMETRIC_REPRESENTATION_CONTEXT() REPRESENTATION_CONTEXT('2D SPACE',''
  ) );
#9029 = PCURVE('',#5063,#9030);
#9030 = DEFINITIONAL_REPRESENTATION('',(#9031),#9034);
#9031 = B_SPLINE_CURVE_WITH_KNOTS('',1,(#9032,#9033),.UNSPECIFIED.,.F.,
  .F.,(2,2),(-0.65199549303,0.217180208425),.PIECEWISE_BEZIER_KNOTS.);
#9032 = CARTESIAN_POINT('',(0.869175701455,-5.E-02));
#9033 = CARTESIAN_POINT('',(0.,-5.E-02));
#9034 = ( GEOMETRIC_REPRESENTATION_CONTEXT(2) 
PARAMETRIC_REPRESENTATION_CONTEXT() REPRESENTATION_CONTEXT('2D SPACE',''
  ) );
#9035 = ORIENTED_EDGE('',*,*,#9036,.T.);
#9036 = EDGE_CURVE('',#9016,#9037,#9039,.T.);
#9037 = VERTEX_POINT('',#9038);
#9038 = CARTESIAN_POINT('',(-6.205854345523,-4.691055030817,12.3204));
#9039 = SURFACE_CURVE('',#9040,(#9044,#9050),.PCURVE_S1.);
#9040 = LINE('',#9041,#9042);
#9041 = CARTESIAN_POINT('',(-5.001009039798,-5.431997065226,12.3204));
#9042 = VECTOR('',#9043,1.);
#9043 = DIRECTION('',(0.85181644998,-0.523840372197,0.));
#9044 = PCURVE('',#1660,#9045);
#9045 = DEFINITIONAL_REPRESENTATION('',(#9046),#9049);
#9046 = B_SPLINE_CURVE_WITH_KNOTS('',1,(#9047,#9048),.UNSPECIFIED.,.F.,
  .F.,(2,2),(-6.034121573939,-1.414442402179),.PIECEWISE_BEZIER_KNOTS.);
#9047 = CARTESIAN_POINT('',(-10.14097305765,-2.271080574052));
#9048 = CARTESIAN_POINT('',(-6.205854345523,-4.691055030817));
#9049 = ( GEOMETRIC_REPRESENTATION_CONTEXT(2) 
PARAMETRIC_REPRESENTATION_CONTEXT() REPRESENTATION_CONTEXT('2D SPACE',''
  ) );
#9050 = PCURVE('',#5035,#9051);
#9051 = DEFINITIONAL_REPRESENTATION('',(#9052),#9055);
#9052 = B_SPLINE_CURVE_WITH_KNOTS('',1,(#9053,#9054),.UNSPECIFIED.,.F.,
  .F.,(2,2),(-6.034121573939,-1.414442402179),.PIECEWISE_BEZIER_KNOTS.);
#9053 = CARTESIAN_POINT('',(4.619679171761,-5.E-02));
#9054 = CARTESIAN_POINT('',(0.,-5.E-02));
#9055 = ( GEOMETRIC_REPRESENTATION_CONTEXT(2) 
PARAMETRIC_REPRESENTATION_CONTEXT() REPRESENTATION_CONTEXT('2D SPACE',''
  ) );
#9056 = ORIENTED_EDGE('',*,*,#9057,.T.);
#9057 = EDGE_CURVE('',#9037,#9058,#9060,.T.);
#9058 = VERTEX_POINT('',#9059);
#9059 = CARTESIAN_POINT('',(-5.889532213365,-5.082569026362,12.3204));
#9060 = SURFACE_CURVE('',#9061,(#9065,#9071),.PCURVE_S1.);
#9061 = LINE('',#9062,#9063);
#9062 = CARTESIAN_POINT('',(-5.968760124061,-4.984508117176,12.3204));
#9063 = VECTOR('',#9064,1.);
#9064 = DIRECTION('',(0.628456482809,-0.777844746216,0.));
#9065 = PCURVE('',#1660,#9066);
#9066 = DEFINITIONAL_REPRESENTATION('',(#9067),#9070);
#9067 = B_SPLINE_CURVE_WITH_KNOTS('',1,(#9068,#9069),.UNSPECIFIED.,.F.,
  .F.,(2,2),(-0.377264341999,0.126067457116),.PIECEWISE_BEZIER_KNOTS.);
#9068 = CARTESIAN_POINT('',(-6.205854345523,-4.691055030817));
#9069 = CARTESIAN_POINT('',(-5.889532213365,-5.082569026362));
#9070 = ( GEOMETRIC_REPRESENTATION_CONTEXT(2) 
PARAMETRIC_REPRESENTATION_CONTEXT() REPRESENTATION_CONTEXT('2D SPACE',''
  ) );
#9071 = PCURVE('',#5007,#9072);
#9072 = DEFINITIONAL_REPRESENTATION('',(#9073),#9076);
#9073 = B_SPLINE_CURVE_WITH_KNOTS('',1,(#9074,#9075),.UNSPECIFIED.,.F.,
  .F.,(2,2),(-0.377264341999,0.126067457116),.PIECEWISE_BEZIER_KNOTS.);
#9074 = CARTESIAN_POINT('',(0.503331799115,-5.E-02));
#9075 = CARTESIAN_POINT('',(0.,-5.E-02));
#9076 = ( GEOMETRIC_REPRESENTATION_CONTEXT(2) 
PARAMETRIC_REPRESENTATION_CONTEXT() REPRESENTATION_CONTEXT('2D SPACE',''
  ) );
#9077 = ORIENTED_EDGE('',*,*,#9078,.T.);
#9078 = EDGE_CURVE('',#9058,#9079,#9081,.T.);
#9079 = VERTEX_POINT('',#9080);
#9080 = CARTESIAN_POINT('',(-5.371527897237,-5.627359232287,12.3204));
#9081 = SURFACE_CURVE('',#9082,(#9086,#9092),.PCURVE_S1.);
#9082 = LINE('',#9083,#9084);
#9083 = CARTESIAN_POINT('',(-5.501346649008,-5.490827581279,12.3204));
#9084 = VECTOR('',#9085,1.);
#9085 = DIRECTION('',(0.689066568712,-0.724698050145,0.));
#9086 = PCURVE('',#1660,#9087);
#9087 = DEFINITIONAL_REPRESENTATION('',(#9088),#9091);
#9088 = B_SPLINE_CURVE_WITH_KNOTS('',1,(#9089,#9090),.UNSPECIFIED.,.F.,
  .F.,(2,2),(-0.563349873559,0.188397983106),.PIECEWISE_BEZIER_KNOTS.);
#9089 = CARTESIAN_POINT('',(-5.889532213365,-5.082569026362));
#9090 = CARTESIAN_POINT('',(-5.371527897237,-5.627359232287));
#9091 = ( GEOMETRIC_REPRESENTATION_CONTEXT(2) 
PARAMETRIC_REPRESENTATION_CONTEXT() REPRESENTATION_CONTEXT('2D SPACE',''
  ) );
#9092 = PCURVE('',#4979,#9093);
#9093 = DEFINITIONAL_REPRESENTATION('',(#9094),#9097);
#9094 = B_SPLINE_CURVE_WITH_KNOTS('',1,(#9095,#9096),.UNSPECIFIED.,.F.,
  .F.,(2,2),(-0.563349873559,0.188397983106),.PIECEWISE_BEZIER_KNOTS.);
#9095 = CARTESIAN_POINT('',(0.751747856665,-5.E-02));
#9096 = CARTESIAN_POINT('',(0.,-5.E-02));
#9097 = ( GEOMETRIC_REPRESENTATION_CONTEXT(2) 
PARAMETRIC_REPRESENTATION_CONTEXT() REPRESENTATION_CONTEXT('2D SPACE',''
  ) );
#9098 = ORIENTED_EDGE('',*,*,#9099,.T.);
#9099 = EDGE_CURVE('',#9079,#9100,#9102,.T.);
#9100 = VERTEX_POINT('',#9101);
#9101 = CARTESIAN_POINT('',(-4.803327944163,-6.119608044705,12.3204));
#9102 = SURFACE_CURVE('',#9103,(#9107,#9113),.PCURVE_S1.);
#9103 = LINE('',#9104,#9105);
#9104 = CARTESIAN_POINT('',(-4.945648902121,-5.99631109236,12.3204));
#9105 = VECTOR('',#9106,1.);
#9106 = DIRECTION('',(0.755814909196,-0.654785325918,0.));
#9107 = PCURVE('',#1660,#9108);
#9108 = DEFINITIONAL_REPRESENTATION('',(#9109),#9112);
#9109 = B_SPLINE_CURVE_WITH_KNOTS('',1,(#9110,#9111),.UNSPECIFIED.,.F.,
  .F.,(2,2),(-0.563469957967,0.188301337042),.PIECEWISE_BEZIER_KNOTS.);
#9110 = CARTESIAN_POINT('',(-5.371527897237,-5.627359232287));
#9111 = CARTESIAN_POINT('',(-4.803327944163,-6.119608044705));
#9112 = ( GEOMETRIC_REPRESENTATION_CONTEXT(2) 
PARAMETRIC_REPRESENTATION_CONTEXT() REPRESENTATION_CONTEXT('2D SPACE',''
  ) );
#9113 = PCURVE('',#4951,#9114);
#9114 = DEFINITIONAL_REPRESENTATION('',(#9115),#9118);
#9115 = B_SPLINE_CURVE_WITH_KNOTS('',1,(#9116,#9117),.UNSPECIFIED.,.F.,
  .F.,(2,2),(-0.563469957967,0.188301337042),.PIECEWISE_BEZIER_KNOTS.);
#9116 = CARTESIAN_POINT('',(0.751771295009,-5.E-02));
#9117 = CARTESIAN_POINT('',(0.,-5.E-02));
#9118 = ( GEOMETRIC_REPRESENTATION_CONTEXT(2) 
PARAMETRIC_REPRESENTATION_CONTEXT() REPRESENTATION_CONTEXT('2D SPACE',''
  ) );
#9119 = ORIENTED_EDGE('',*,*,#9120,.T.);
#9120 = EDGE_CURVE('',#9100,#9121,#9123,.T.);
#9121 = VERTEX_POINT('',#9122);
#9122 = CARTESIAN_POINT('',(-2.899977944163,-2.822909140119,12.3204));
#9123 = SURFACE_CURVE('',#9124,(#9128,#9134),.PCURVE_S1.);
#9124 = LINE('',#9125,#9126);
#9125 = CARTESIAN_POINT('',(-1.926302944163,-1.13645457006,12.3204));
#9126 = VECTOR('',#9127,1.);
#9127 = DIRECTION('',(0.5,0.866025403784,-0.));
#9128 = PCURVE('',#1660,#9129);
#9129 = DEFINITIONAL_REPRESENTATION('',(#9130),#9133);
#9130 = B_SPLINE_CURVE_WITH_KNOTS('',1,(#9131,#9132),.UNSPECIFIED.,.F.,
  .F.,(2,2),(-5.75405,-1.94735),.PIECEWISE_BEZIER_KNOTS.);
#9131 = CARTESIAN_POINT('',(-4.803327944163,-6.119608044705));
#9132 = CARTESIAN_POINT('',(-2.899977944163,-2.822909140119));
#9133 = ( GEOMETRIC_REPRESENTATION_CONTEXT(2) 
PARAMETRIC_REPRESENTATION_CONTEXT() REPRESENTATION_CONTEXT('2D SPACE',''
  ) );
#9134 = PCURVE('',#4923,#9135);
#9135 = DEFINITIONAL_REPRESENTATION('',(#9136),#9139);
#9136 = B_SPLINE_CURVE_WITH_KNOTS('',1,(#9137,#9138),.UNSPECIFIED.,.F.,
  .F.,(2,2),(-5.75405,-1.94735),.PIECEWISE_BEZIER_KNOTS.);
#9137 = CARTESIAN_POINT('',(3.8067,-5.E-02));
#9138 = CARTESIAN_POINT('',(0.,-5.E-02));
#9139 = ( GEOMETRIC_REPRESENTATION_CONTEXT(2) 
PARAMETRIC_REPRESENTATION_CONTEXT() REPRESENTATION_CONTEXT('2D SPACE',''
  ) );
#9140 = ORIENTED_EDGE('',*,*,#9141,.T.);
#9141 = EDGE_CURVE('',#9121,#9142,#9144,.T.);
#9142 = VERTEX_POINT('',#9143);
#9143 = CARTESIAN_POINT('',(-3.04221962746,-2.669078962544,12.3204));
#9144 = SURFACE_CURVE('',#9145,(#9149,#9155),.PCURVE_S1.);
#9145 = LINE('',#9146,#9147);
#9146 = CARTESIAN_POINT('',(-3.006339476988,-2.707882285104,12.3204));
#9147 = VECTOR('',#9148,1.);
#9148 = DIRECTION('',(-0.678910197286,0.734221318147,0.));
#9149 = PCURVE('',#1660,#9150);
#9150 = DEFINITIONAL_REPRESENTATION('',(#9151),#9154);
#9151 = B_SPLINE_CURVE_WITH_KNOTS('',1,(#9152,#9153),.UNSPECIFIED.,.F.,
  .F.,(2,2),(-0.156665098345,5.284962667406E-02),
  .PIECEWISE_BEZIER_KNOTS.);
#9152 = CARTESIAN_POINT('',(-2.899977944163,-2.822909140119));
#9153 = CARTESIAN_POINT('',(-3.04221962746,-2.669078962544));
#9154 = ( GEOMETRIC_REPRESENTATION_CONTEXT(2) 
PARAMETRIC_REPRESENTATION_CONTEXT() REPRESENTATION_CONTEXT('2D SPACE',''
  ) );
#9155 = PCURVE('',#4895,#9156);
#9156 = DEFINITIONAL_REPRESENTATION('',(#9157),#9160);
#9157 = B_SPLINE_CURVE_WITH_KNOTS('',1,(#9158,#9159),.UNSPECIFIED.,.F.,
  .F.,(2,2),(-0.156665098345,5.284962667406E-02),
  .PIECEWISE_BEZIER_KNOTS.);
#9158 = CARTESIAN_POINT('',(0.20951472502,-5.E-02));
#9159 = CARTESIAN_POINT('',(0.,-5.E-02));
#9160 = ( GEOMETRIC_REPRESENTATION_CONTEXT(2) 
PARAMETRIC_REPRESENTATION_CONTEXT() REPRESENTATION_CONTEXT('2D SPACE',''
  ) );
#9161 = ORIENTED_EDGE('',*,*,#9162,.T.);
#9162 = EDGE_CURVE('',#9142,#9163,#9165,.T.);
#9163 = VERTEX_POINT('',#9164);
#9164 = CARTESIAN_POINT('',(-3.371651944595,-2.238472473476,12.3204));
#9165 = SURFACE_CURVE('',#9166,(#9170,#9176),.PCURVE_S1.);
#9166 = LINE('',#9167,#9168);
#9167 = CARTESIAN_POINT('',(-3.289374254401,-2.34601901782,12.3204));
#9168 = VECTOR('',#9169,1.);
#9169 = DIRECTION('',(-0.607618854552,0.794228762758,0.));
#9170 = PCURVE('',#1660,#9171);
#9171 = DEFINITIONAL_REPRESENTATION('',(#9172),#9175);
#9172 = B_SPLINE_CURVE_WITH_KNOTS('',1,(#9173,#9174),.UNSPECIFIED.,.F.,
  .F.,(2,2),(-0.406759311515,0.135410034723),.PIECEWISE_BEZIER_KNOTS.);
#9173 = CARTESIAN_POINT('',(-3.04221962746,-2.669078962544));
#9174 = CARTESIAN_POINT('',(-3.371651944595,-2.238472473476));
#9175 = ( GEOMETRIC_REPRESENTATION_CONTEXT(2) 
PARAMETRIC_REPRESENTATION_CONTEXT() REPRESENTATION_CONTEXT('2D SPACE',''
  ) );
#9176 = PCURVE('',#4867,#9177);
#9177 = DEFINITIONAL_REPRESENTATION('',(#9178),#9181);
#9178 = B_SPLINE_CURVE_WITH_KNOTS('',1,(#9179,#9180),.UNSPECIFIED.,.F.,
  .F.,(2,2),(-0.406759311515,0.135410034723),.PIECEWISE_BEZIER_KNOTS.);
#9179 = CARTESIAN_POINT('',(0.542169346238,-5.E-02));
#9180 = CARTESIAN_POINT('',(0.,-5.E-02));
#9181 = ( GEOMETRIC_REPRESENTATION_CONTEXT(2) 
PARAMETRIC_REPRESENTATION_CONTEXT() REPRESENTATION_CONTEXT('2D SPACE',''
  ) );
#9182 = ORIENTED_EDGE('',*,*,#9183,.T.);
#9183 = EDGE_CURVE('',#9163,#9184,#9186,.T.);
#9184 = VERTEX_POINT('',#9185);
#9185 = CARTESIAN_POINT('',(-3.640525038647,-1.767774333162,12.3204));
#9186 = SURFACE_CURVE('',#9187,(#9191,#9197),.PCURVE_S1.);
#9187 = LINE('',#9188,#9189);
#9188 = CARTESIAN_POINT('',(-3.573386187376,-1.885309829034,12.3204));
#9189 = VECTOR('',#9190,1.);
#9190 = DIRECTION('',(-0.496003660495,0.868320429781,0.));
#9191 = PCURVE('',#1660,#9192);
#9192 = DEFINITIONAL_REPRESENTATION('',(#9193),#9196);
#9193 = B_SPLINE_CURVE_WITH_KNOTS('',1,(#9194,#9195),.UNSPECIFIED.,.F.,
  .F.,(2,2),(-0.406719262071,0.135359588282),.PIECEWISE_BEZIER_KNOTS.);
#9194 = CARTESIAN_POINT('',(-3.371651944595,-2.238472473476));
#9195 = CARTESIAN_POINT('',(-3.640525038647,-1.767774333162));
#9196 = ( GEOMETRIC_REPRESENTATION_CONTEXT(2) 
PARAMETRIC_REPRESENTATION_CONTEXT() REPRESENTATION_CONTEXT('2D SPACE',''
  ) );
#9197 = PCURVE('',#4839,#9198);
#9198 = DEFINITIONAL_REPRESENTATION('',(#9199),#9202);
#9199 = B_SPLINE_CURVE_WITH_KNOTS('',1,(#9200,#9201),.UNSPECIFIED.,.F.,
  .F.,(2,2),(-0.406719262071,0.135359588282),.PIECEWISE_BEZIER_KNOTS.);
#9200 = CARTESIAN_POINT('',(0.542078850353,-5.E-02));
#9201 = CARTESIAN_POINT('',(0.,-5.E-02));
#9202 = ( GEOMETRIC_REPRESENTATION_CONTEXT(2) 
PARAMETRIC_REPRESENTATION_CONTEXT() REPRESENTATION_CONTEXT('2D SPACE',''
  ) );
#9203 = ORIENTED_EDGE('',*,*,#9204,.T.);
#9204 = EDGE_CURVE('',#9184,#9205,#9207,.T.);
#9205 = VERTEX_POINT('',#9206);
#9206 = CARTESIAN_POINT('',(-3.844187501305,-1.265328066081,12.3204));
#9207 = SURFACE_CURVE('',#9208,(#9212,#9218),.PCURVE_S1.);
#9208 = LINE('',#9209,#9210);
#9209 = CARTESIAN_POINT('',(-3.793205366189,-1.391103739921,12.3204));
#9210 = VECTOR('',#9211,1.);
#9211 = DIRECTION('',(-0.375654463415,0.9267597985,0.));
#9212 = PCURVE('',#1660,#9213);
#9213 = DEFINITIONAL_REPRESENTATION('',(#9214),#9217);
#9214 = B_SPLINE_CURVE_WITH_KNOTS('',1,(#9215,#9216),.UNSPECIFIED.,.F.,
  .F.,(2,2),(-0.40643820961,0.135715504755),.PIECEWISE_BEZIER_KNOTS.);
#9215 = CARTESIAN_POINT('',(-3.640525038647,-1.767774333162));
#9216 = CARTESIAN_POINT('',(-3.844187501305,-1.265328066081));
#9217 = ( GEOMETRIC_REPRESENTATION_CONTEXT(2) 
PARAMETRIC_REPRESENTATION_CONTEXT() REPRESENTATION_CONTEXT('2D SPACE',''
  ) );
#9218 = PCURVE('',#4811,#9219);
#9219 = DEFINITIONAL_REPRESENTATION('',(#9220),#9223);
#9220 = B_SPLINE_CURVE_WITH_KNOTS('',1,(#9221,#9222),.UNSPECIFIED.,.F.,
  .F.,(2,2),(-0.40643820961,0.135715504755),.PIECEWISE_BEZIER_KNOTS.);
#9221 = CARTESIAN_POINT('',(0.542153714365,-5.E-02));
#9222 = CARTESIAN_POINT('',(0.,-5.E-02));
#9223 = ( GEOMETRIC_REPRESENTATION_CONTEXT(2) 
PARAMETRIC_REPRESENTATION_CONTEXT() REPRESENTATION_CONTEXT('2D SPACE',''
  ) );
#9224 = ORIENTED_EDGE('',*,*,#9225,.T.);
#9225 = EDGE_CURVE('',#9205,#9226,#9228,.T.);
#9226 = VERTEX_POINT('',#9227);
#9227 = CARTESIAN_POINT('',(-3.978747731879,-0.740193222115,12.3204));
#9228 = SURFACE_CURVE('',#9229,(#9233,#9239),.PCURVE_S1.);
#9229 = LINE('',#9230,#9231);
#9230 = CARTESIAN_POINT('',(-3.945166414085,-0.871247694933,12.3204));
#9231 = VECTOR('',#9232,1.);
#9232 = DIRECTION('',(-0.248220036454,0.968703676829,0.));
#9233 = PCURVE('',#1660,#9234);
#9234 = DEFINITIONAL_REPRESENTATION('',(#9235),#9238);
#9235 = B_SPLINE_CURVE_WITH_KNOTS('',1,(#9236,#9237),.UNSPECIFIED.,.F.,
  .F.,(2,2),(-0.406812093909,0.135288505611),.PIECEWISE_BEZIER_KNOTS.);
#9236 = CARTESIAN_POINT('',(-3.844187501305,-1.265328066081));
#9237 = CARTESIAN_POINT('',(-3.978747731879,-0.740193222115));
#9238 = ( GEOMETRIC_REPRESENTATION_CONTEXT(2) 
PARAMETRIC_REPRESENTATION_CONTEXT() REPRESENTATION_CONTEXT('2D SPACE',''
  ) );
#9239 = PCURVE('',#4783,#9240);
#9240 = DEFINITIONAL_REPRESENTATION('',(#9241),#9244);
#9241 = B_SPLINE_CURVE_WITH_KNOTS('',1,(#9242,#9243),.UNSPECIFIED.,.F.,
  .F.,(2,2),(-0.406812093909,0.135288505611),.PIECEWISE_BEZIER_KNOTS.);
#9242 = CARTESIAN_POINT('',(0.54210059952,-5.E-02));
#9243 = CARTESIAN_POINT('',(0.,-5.E-02));
#9244 = ( GEOMETRIC_REPRESENTATION_CONTEXT(2) 
PARAMETRIC_REPRESENTATION_CONTEXT() REPRESENTATION_CONTEXT('2D SPACE',''
  ) );
#9245 = ORIENTED_EDGE('',*,*,#9246,.T.);
#9246 = EDGE_CURVE('',#9226,#8044,#9247,.T.);
#9247 = SURFACE_CURVE('',#9248,(#9252,#9258),.PCURVE_S1.);
#9248 = LINE('',#9249,#9250);
#9249 = CARTESIAN_POINT('',(-5.390206271676,-0.666224590178,12.3204));
#9250 = VECTOR('',#9251,1.);
#9251 = DIRECTION('',(-0.998629637391,5.23339977808E-02,0.));
#9252 = PCURVE('',#1660,#9253);
#9253 = DEFINITIONAL_REPRESENTATION('',(#9254),#9257);
#9254 = B_SPLINE_CURVE_WITH_KNOTS('',1,(#9255,#9256),.UNSPECIFIED.,.F.,
  .F.,(2,2),(-1.41339540401,5.347953538324),.PIECEWISE_BEZIER_KNOTS.);
#9255 = CARTESIAN_POINT('',(-3.978747731879,-0.740193222115));
#9256 = CARTESIAN_POINT('',(-10.73083117443,-0.386344801571));
#9257 = ( GEOMETRIC_REPRESENTATION_CONTEXT(2) 
PARAMETRIC_REPRESENTATION_CONTEXT() REPRESENTATION_CONTEXT('2D SPACE',''
  ) );
#9258 = PCURVE('',#4755,#9259);
#9259 = DEFINITIONAL_REPRESENTATION('',(#9260),#9263);
#9260 = B_SPLINE_CURVE_WITH_KNOTS('',1,(#9261,#9262),.UNSPECIFIED.,.F.,
  .F.,(2,2),(-1.41339540401,5.347953538324),.PIECEWISE_BEZIER_KNOTS.);
#9261 = CARTESIAN_POINT('',(6.761348942334,-5.E-02));
#9262 = CARTESIAN_POINT('',(0.,-5.E-02));
#9263 = ( GEOMETRIC_REPRESENTATION_CONTEXT(2) 
PARAMETRIC_REPRESENTATION_CONTEXT() REPRESENTATION_CONTEXT('2D SPACE',''
  ) );
#9264 = ADVANCED_FACE('',(#9265),#1610,.T.);
#9265 = FACE_BOUND('',#9266,.T.);
#9266 = EDGE_LOOP('',(#9267,#9268,#9269));
#9267 = ORIENTED_EDGE('',*,*,#4494,.T.);
#9268 = ORIENTED_EDGE('',*,*,#1593,.T.);
#9269 = ORIENTED_EDGE('',*,*,#4568,.T.);
#9270 = ADVANCED_FACE('',(#9271),#4653,.T.);
#9271 = FACE_BOUND('',#9272,.T.);
#9272 = EDGE_LOOP('',(#9273,#9297,#9319));
#9273 = ORIENTED_EDGE('',*,*,#9274,.T.);
#9274 = EDGE_CURVE('',#4616,#9275,#9277,.T.);
#9275 = VERTEX_POINT('',#9276);
#9276 = CARTESIAN_POINT('',(-9.85,1.071565949254E-15,11.2204));
#9277 = SURFACE_CURVE('',#9278,(#9283,#9290),.PCURVE_S1.);
#9278 = CIRCLE('',#9279,1.1);
#9279 = AXIS2_PLACEMENT_3D('',#9280,#9281,#9282);
#9280 = CARTESIAN_POINT('',(-10.95,1.340988245066E-15,11.2204));
#9281 = DIRECTION('',(0.,0.,1.));
#9282 = DIRECTION('',(1.,0.,-0.));
#9283 = PCURVE('',#4653,#9284);
#9284 = DEFINITIONAL_REPRESENTATION('',(#9285),#9289);
#9285 = CIRCLE('',#9286,1.1);
#9286 = AXIS2_PLACEMENT_2D('',#9287,#9288);
#9287 = CARTESIAN_POINT('',(0.,0.));
#9288 = DIRECTION('',(1.,0.));
#9289 = ( GEOMETRIC_REPRESENTATION_CONTEXT(2) 
PARAMETRIC_REPRESENTATION_CONTEXT() REPRESENTATION_CONTEXT('2D SPACE',''
  ) );
#9290 = PCURVE('',#103,#9291);
#9291 = DEFINITIONAL_REPRESENTATION('',(#9292),#9296);
#9292 = LINE('',#9293,#9294);
#9293 = CARTESIAN_POINT('',(0.,0.));
#9294 = VECTOR('',#9295,1.);
#9295 = DIRECTION('',(1.,0.));
#9296 = ( GEOMETRIC_REPRESENTATION_CONTEXT(2) 
PARAMETRIC_REPRESENTATION_CONTEXT() REPRESENTATION_CONTEXT('2D SPACE',''
  ) );
#9297 = ORIENTED_EDGE('',*,*,#9298,.T.);
#9298 = EDGE_CURVE('',#9275,#4637,#9299,.T.);
#9299 = SURFACE_CURVE('',#9300,(#9305,#9312),.PCURVE_S1.);
#9300 = CIRCLE('',#9301,1.1);
#9301 = AXIS2_PLACEMENT_3D('',#9302,#9303,#9304);
#9302 = CARTESIAN_POINT('',(-10.95,1.340988245066E-15,11.2204));
#9303 = DIRECTION('',(0.,0.,1.));
#9304 = DIRECTION('',(1.,0.,-0.));
#9305 = PCURVE('',#4653,#9306);
#9306 = DEFINITIONAL_REPRESENTATION('',(#9307),#9311);
#9307 = CIRCLE('',#9308,1.1);
#9308 = AXIS2_PLACEMENT_2D('',#9309,#9310);
#9309 = CARTESIAN_POINT('',(0.,0.));
#9310 = DIRECTION('',(1.,0.));
#9311 = ( GEOMETRIC_REPRESENTATION_CONTEXT(2) 
PARAMETRIC_REPRESENTATION_CONTEXT() REPRESENTATION_CONTEXT('2D SPACE',''
  ) );
#9312 = PCURVE('',#103,#9313);
#9313 = DEFINITIONAL_REPRESENTATION('',(#9314),#9318);
#9314 = LINE('',#9315,#9316);
#9315 = CARTESIAN_POINT('',(6.28318530718,0.));
#9316 = VECTOR('',#9317,1.);
#9317 = DIRECTION('',(1.,0.));
#9318 = ( GEOMETRIC_REPRESENTATION_CONTEXT(2) 
PARAMETRIC_REPRESENTATION_CONTEXT() REPRESENTATION_CONTEXT('2D SPACE',''
  ) );
#9319 = ORIENTED_EDGE('',*,*,#4636,.T.);
#9320 = ADVANCED_FACE('',(#9321,#9324,#9355,#9386),#4555,.F.);
#9321 = FACE_BOUND('',#9322,.F.);
#9322 = EDGE_LOOP('',(#9323));
#9323 = ORIENTED_EDGE('',*,*,#4540,.T.);
#9324 = FACE_BOUND('',#9325,.F.);
#9325 = EDGE_LOOP('',(#9326));
#9326 = ORIENTED_EDGE('',*,*,#9327,.F.);
#9327 = EDGE_CURVE('',#9328,#9328,#9330,.T.);
#9328 = VERTEX_POINT('',#9329);
#9329 = CARTESIAN_POINT('',(-10.4,1.20627709716E-15,10.6204));
#9330 = SURFACE_CURVE('',#9331,(#9336,#9343),.PCURVE_S1.);
#9331 = CIRCLE('',#9332,0.55);
#9332 = AXIS2_PLACEMENT_3D('',#9333,#9334,#9335);
#9333 = CARTESIAN_POINT('',(-10.95,1.340988245066E-15,10.6204));
#9334 = DIRECTION('',(0.,0.,1.));
#9335 = DIRECTION('',(1.,0.,-0.));
#9336 = PCURVE('',#4555,#9337);
#9337 = DEFINITIONAL_REPRESENTATION('',(#9338),#9342);
#9338 = CIRCLE('',#9339,0.55);
#9339 = AXIS2_PLACEMENT_2D('',#9340,#9341);
#9340 = CARTESIAN_POINT('',(-10.95,1.340988245066E-15));
#9341 = DIRECTION('',(1.,0.));
#9342 = ( GEOMETRIC_REPRESENTATION_CONTEXT(2) 
PARAMETRIC_REPRESENTATION_CONTEXT() REPRESENTATION_CONTEXT('2D SPACE',''
  ) );
#9343 = PCURVE('',#9344,#9349);
#9344 = CYLINDRICAL_SURFACE('',#9345,0.55);
#9345 = AXIS2_PLACEMENT_3D('',#9346,#9347,#9348);
#9346 = CARTESIAN_POINT('',(-10.95,1.340988245066E-15,10.5204));
#9347 = DIRECTION('',(0.,0.,1.));
#9348 = DIRECTION('',(1.,0.,-0.));
#9349 = DEFINITIONAL_REPRESENTATION('',(#9350),#9354);
#9350 = LINE('',#9351,#9352);
#9351 = CARTESIAN_POINT('',(0.,1.E-01));
#9352 = VECTOR('',#9353,1.);
#9353 = DIRECTION('',(1.,0.));
#9354 = ( GEOMETRIC_REPRESENTATION_CONTEXT(2) 
PARAMETRIC_REPRESENTATION_CONTEXT() REPRESENTATION_CONTEXT('2D SPACE',''
  ) );
#9355 = FACE_BOUND('',#9356,.F.);
#9356 = EDGE_LOOP('',(#9357));
#9357 = ORIENTED_EDGE('',*,*,#9358,.F.);
#9358 = EDGE_CURVE('',#9359,#9359,#9361,.T.);
#9359 = VERTEX_POINT('',#9360);
#9360 = CARTESIAN_POINT('',(11.5,-1.347111479062E-16,10.6204));
#9361 = SURFACE_CURVE('',#9362,(#9367,#9374),.PCURVE_S1.);
#9362 = CIRCLE('',#9363,0.55);
#9363 = AXIS2_PLACEMENT_3D('',#9364,#9365,#9366);
#9364 = CARTESIAN_POINT('',(10.95,0.,10.6204));
#9365 = DIRECTION('',(0.,0.,1.));
#9366 = DIRECTION('',(1.,0.,-0.));
#9367 = PCURVE('',#4555,#9368);
#9368 = DEFINITIONAL_REPRESENTATION('',(#9369),#9373);
#9369 = CIRCLE('',#9370,0.55);
#9370 = AXIS2_PLACEMENT_2D('',#9371,#9372);
#9371 = CARTESIAN_POINT('',(10.95,0.));
#9372 = DIRECTION('',(1.,0.));
#9373 = ( GEOMETRIC_REPRESENTATION_CONTEXT(2) 
PARAMETRIC_REPRESENTATION_CONTEXT() REPRESENTATION_CONTEXT('2D SPACE',''
  ) );
#9374 = PCURVE('',#9375,#9380);
#9375 = CYLINDRICAL_SURFACE('',#9376,0.55);
#9376 = AXIS2_PLACEMENT_3D('',#9377,#9378,#9379);
#9377 = CARTESIAN_POINT('',(10.95,0.,10.5204));
#9378 = DIRECTION('',(0.,0.,1.));
#9379 = DIRECTION('',(1.,0.,-0.));
#9380 = DEFINITIONAL_REPRESENTATION('',(#9381),#9385);
#9381 = LINE('',#9382,#9383);
#9382 = CARTESIAN_POINT('',(0.,1.E-01));
#9383 = VECTOR('',#9384,1.);
#9384 = DIRECTION('',(1.,0.));
#9385 = ( GEOMETRIC_REPRESENTATION_CONTEXT(2) 
PARAMETRIC_REPRESENTATION_CONTEXT() REPRESENTATION_CONTEXT('2D SPACE',''
  ) );
#9386 = FACE_BOUND('',#9387,.F.);
#9387 = EDGE_LOOP('',(#9388,#9417,#9444,#9471,#9498,#9525,#9552,#9579,
    #9606,#9633,#9660,#9687,#9714));
#9388 = ORIENTED_EDGE('',*,*,#9389,.F.);
#9389 = EDGE_CURVE('',#9390,#9392,#9394,.T.);
#9390 = VERTEX_POINT('',#9391);
#9391 = CARTESIAN_POINT('',(3.585770366866,-8.350833530066,10.6204));
#9392 = VERTEX_POINT('',#9393);
#9393 = CARTESIAN_POINT('',(8.44,-3.496603896932,10.6204));
#9394 = SURFACE_CURVE('',#9395,(#9399,#9405),.PCURVE_S1.);
#9395 = LINE('',#9396,#9397);
#9396 = CARTESIAN_POINT('',(7.204150974233,-4.732452922699,10.6204));
#9397 = VECTOR('',#9398,1.);
#9398 = DIRECTION('',(0.707106781187,0.707106781187,-0.));
#9399 = PCURVE('',#4555,#9400);
#9400 = DEFINITIONAL_REPRESENTATION('',(#9401),#9404);
#9401 = B_SPLINE_CURVE_WITH_KNOTS('',1,(#9402,#9403),.UNSPECIFIED.,.F.,
  .F.,(2,2),(-5.117162928767,1.747754453285),.PIECEWISE_BEZIER_KNOTS.);
#9402 = CARTESIAN_POINT('',(3.585770366866,-8.350833530066));
#9403 = CARTESIAN_POINT('',(8.44,-3.496603896932));
#9404 = ( GEOMETRIC_REPRESENTATION_CONTEXT(2) 
PARAMETRIC_REPRESENTATION_CONTEXT() REPRESENTATION_CONTEXT('2D SPACE',''
  ) );
#9405 = PCURVE('',#9406,#9411);
#9406 = PLANE('',#9407);
#9407 = AXIS2_PLACEMENT_3D('',#9408,#9409,#9410);
#9408 = CARTESIAN_POINT('',(6.012885183433,-5.923718713499,11.2704));
#9409 = DIRECTION('',(-0.707106781187,0.707106781187,-0.));
#9410 = DIRECTION('',(-0.707106781187,-0.707106781187,0.));
#9411 = DEFINITIONAL_REPRESENTATION('',(#9412),#9416);
#9412 = LINE('',#9413,#9414);
#9413 = CARTESIAN_POINT('',(-1.684704237741,-0.65));
#9414 = VECTOR('',#9415,1.);
#9415 = DIRECTION('',(-1.,0.));
#9416 = ( GEOMETRIC_REPRESENTATION_CONTEXT(2) 
PARAMETRIC_REPRESENTATION_CONTEXT() REPRESENTATION_CONTEXT('2D SPACE',''
  ) );
#9417 = ORIENTED_EDGE('',*,*,#9418,.F.);
#9418 = EDGE_CURVE('',#9419,#9390,#9421,.T.);
#9419 = VERTEX_POINT('',#9420);
#9420 = CARTESIAN_POINT('',(0.248091756665,-9.066050375109,10.6204));
#9421 = SURFACE_CURVE('',#9422,(#9426,#9432),.PCURVE_S1.);
#9422 = LINE('',#9423,#9424);
#9423 = CARTESIAN_POINT('',(2.727048455542,-8.534845368207,10.6204));
#9424 = VECTOR('',#9425,1.);
#9425 = DIRECTION('',(0.977802414077,0.209529088731,-0.));
#9426 = PCURVE('',#4555,#9427);
#9427 = DEFINITIONAL_REPRESENTATION('',(#9428),#9431);
#9428 = B_SPLINE_CURVE_WITH_KNOTS('',1,(#9429,#9430),.UNSPECIFIED.,.F.,
  .F.,(2,2),(-2.535232745581,0.878216190675),.PIECEWISE_BEZIER_KNOTS.);
#9429 = CARTESIAN_POINT('',(0.248091756665,-9.066050375109));
#9430 = CARTESIAN_POINT('',(3.585770366866,-8.350833530066));
#9431 = ( GEOMETRIC_REPRESENTATION_CONTEXT(2) 
PARAMETRIC_REPRESENTATION_CONTEXT() REPRESENTATION_CONTEXT('2D SPACE',''
  ) );
#9432 = PCURVE('',#9433,#9438);
#9433 = PLANE('',#9434);
#9434 = AXIS2_PLACEMENT_3D('',#9435,#9436,#9437);
#9435 = CARTESIAN_POINT('',(1.916931061765,-8.708441952588,11.2704));
#9436 = DIRECTION('',(-0.209529088731,0.977802414077,0.));
#9437 = DIRECTION('',(0.977802414077,0.209529088731,0.));
#9438 = DEFINITIONAL_REPRESENTATION('',(#9439),#9443);
#9439 = LINE('',#9440,#9441);
#9440 = CARTESIAN_POINT('',(0.828508277453,0.65));
#9441 = VECTOR('',#9442,1.);
#9442 = DIRECTION('',(1.,0.));
#9443 = ( GEOMETRIC_REPRESENTATION_CONTEXT(2) 
PARAMETRIC_REPRESENTATION_CONTEXT() REPRESENTATION_CONTEXT('2D SPACE',''
  ) );
#9444 = ORIENTED_EDGE('',*,*,#9445,.F.);
#9445 = EDGE_CURVE('',#9446,#9419,#9448,.T.);
#9446 = VERTEX_POINT('',#9447);
#9447 = CARTESIAN_POINT('',(-3.590240893781,-8.346363003151,10.6204));
#9448 = SURFACE_CURVE('',#9449,(#9453,#9459),.PCURVE_S1.);
#9449 = LINE('',#9450,#9451);
#9450 = CARTESIAN_POINT('',(-0.692817503168,-8.889629888891,10.6204));
#9451 = VECTOR('',#9452,1.);
#9452 = DIRECTION('',(0.982872186934,-0.18428853505,0.));
#9453 = PCURVE('',#4555,#9454);
#9454 = DEFINITIONAL_REPRESENTATION('',(#9455),#9458);
#9455 = B_SPLINE_CURVE_WITH_KNOTS('',1,(#9456,#9457),.UNSPECIFIED.,.F.,
  .F.,(2,2),(-2.947914722921,0.957305814877),.PIECEWISE_BEZIER_KNOTS.);
#9456 = CARTESIAN_POINT('',(-3.590240893781,-8.346363003151));
#9457 = CARTESIAN_POINT('',(0.248091756665,-9.066050375109));
#9458 = ( GEOMETRIC_REPRESENTATION_CONTEXT(2) 
PARAMETRIC_REPRESENTATION_CONTEXT() REPRESENTATION_CONTEXT('2D SPACE',''
  ) );
#9459 = PCURVE('',#9460,#9465);
#9460 = PLANE('',#9461);
#9461 = AXIS2_PLACEMENT_3D('',#9462,#9463,#9464);
#9462 = CARTESIAN_POINT('',(-1.671074568558,-8.70620668913,11.2704));
#9463 = DIRECTION('',(0.18428853505,0.982872186934,2.082982157436E-17));
#9464 = DIRECTION('',(0.982872186934,-0.18428853505,7.703719777549E-34)
  );
#9465 = DEFINITIONAL_REPRESENTATION('',(#9466),#9470);
#9466 = LINE('',#9467,#9468);
#9467 = CARTESIAN_POINT('',(0.995304454022,0.65));
#9468 = VECTOR('',#9469,1.);
#9469 = DIRECTION('',(1.,2.118887643277E-33));
#9470 = ( GEOMETRIC_REPRESENTATION_CONTEXT(2) 
PARAMETRIC_REPRESENTATION_CONTEXT() REPRESENTATION_CONTEXT('2D SPACE',''
  ) );
#9471 = ORIENTED_EDGE('',*,*,#9472,.F.);
#9472 = EDGE_CURVE('',#9473,#9446,#9475,.T.);
#9473 = VERTEX_POINT('',#9474);
#9474 = CARTESIAN_POINT('',(-8.44,-3.496603896932,10.6204));
#9475 = SURFACE_CURVE('',#9476,(#9480,#9486),.PCURVE_S1.);
#9476 = LINE('',#9477,#9478);
#9477 = CARTESIAN_POINT('',(-4.779271421124,-7.157332475808,10.6204));
#9478 = VECTOR('',#9479,1.);
#9479 = DIRECTION('',(0.707106781187,-0.707106781187,0.));
#9480 = PCURVE('',#4555,#9481);
#9481 = DEFINITIONAL_REPRESENTATION('',(#9482),#9485);
#9482 = B_SPLINE_CURVE_WITH_KNOTS('',1,(#9483,#9484),.UNSPECIFIED.,.F.,
  .F.,(2,2),(-5.177052004414,1.681543097843),.PIECEWISE_BEZIER_KNOTS.);
#9483 = CARTESIAN_POINT('',(-8.44,-3.496603896932));
#9484 = CARTESIAN_POINT('',(-3.590240893781,-8.346363003151));
#9485 = ( GEOMETRIC_REPRESENTATION_CONTEXT(2) 
PARAMETRIC_REPRESENTATION_CONTEXT() REPRESENTATION_CONTEXT('2D SPACE',''
  ) );
#9486 = PCURVE('',#9487,#9492);
#9487 = PLANE('',#9488);
#9488 = AXIS2_PLACEMENT_3D('',#9489,#9490,#9491);
#9489 = CARTESIAN_POINT('',(-6.015120446891,-5.921483450041,11.2704));
#9490 = DIRECTION('',(0.707106781187,0.707106781187,0.));
#9491 = DIRECTION('',(0.707106781187,-0.707106781187,0.));
#9492 = DEFINITIONAL_REPRESENTATION('',(#9493),#9497);
#9493 = LINE('',#9494,#9495);
#9494 = CARTESIAN_POINT('',(1.747754453285,0.65));
#9495 = VECTOR('',#9496,1.);
#9496 = DIRECTION('',(1.,0.));
#9497 = ( GEOMETRIC_REPRESENTATION_CONTEXT(2) 
PARAMETRIC_REPRESENTATION_CONTEXT() REPRESENTATION_CONTEXT('2D SPACE',''
  ) );
#9498 = ORIENTED_EDGE('',*,*,#9499,.F.);
#9499 = EDGE_CURVE('',#9500,#9473,#9502,.T.);
#9500 = VERTEX_POINT('',#9501);
#9501 = CARTESIAN_POINT('',(-8.44,3.750603896932,10.6204));
#9502 = SURFACE_CURVE('',#9503,(#9507,#9513),.PCURVE_S1.);
#9503 = LINE('',#9504,#9505);
#9504 = CARTESIAN_POINT('',(-8.44,-1.748301948466,10.6204));
#9505 = VECTOR('',#9506,1.);
#9506 = DIRECTION('',(0.,-1.,0.));
#9507 = PCURVE('',#4555,#9508);
#9508 = DEFINITIONAL_REPRESENTATION('',(#9509),#9512);
#9509 = B_SPLINE_CURVE_WITH_KNOTS('',1,(#9510,#9511),.UNSPECIFIED.,.F.,
  .F.,(2,2),(-5.498905845398,1.748301948466),.PIECEWISE_BEZIER_KNOTS.);
#9510 = CARTESIAN_POINT('',(-8.44,3.750603896932));
#9511 = CARTESIAN_POINT('',(-8.44,-3.496603896932));
#9512 = ( GEOMETRIC_REPRESENTATION_CONTEXT(2) 
PARAMETRIC_REPRESENTATION_CONTEXT() REPRESENTATION_CONTEXT('2D SPACE',''
  ) );
#9513 = PCURVE('',#9514,#9519);
#9514 = PLANE('',#9515);
#9515 = AXIS2_PLACEMENT_3D('',#9516,#9517,#9518);
#9516 = CARTESIAN_POINT('',(-8.44,0.127,11.2704));
#9517 = DIRECTION('',(1.,0.,0.));
#9518 = DIRECTION('',(-0.,0.,1.));
#9519 = DEFINITIONAL_REPRESENTATION('',(#9520),#9524);
#9520 = LINE('',#9521,#9522);
#9521 = CARTESIAN_POINT('',(-0.65,1.875301948466));
#9522 = VECTOR('',#9523,1.);
#9523 = DIRECTION('',(0.,1.));
#9524 = ( GEOMETRIC_REPRESENTATION_CONTEXT(2) 
PARAMETRIC_REPRESENTATION_CONTEXT() REPRESENTATION_CONTEXT('2D SPACE',''
  ) );
#9525 = ORIENTED_EDGE('',*,*,#9526,.F.);
#9526 = EDGE_CURVE('',#9527,#9500,#9529,.T.);
#9527 = VERTEX_POINT('',#9528);
#9528 = CARTESIAN_POINT('',(-3.597867965644,8.592735931288,10.6204));
#9529 = SURFACE_CURVE('',#9530,(#9534,#9540),.PCURVE_S1.);
#9530 = LINE('',#9531,#9532);
#9531 = CARTESIAN_POINT('',(-7.267650974233,4.922952922699,10.6204));
#9532 = VECTOR('',#9533,1.);
#9533 = DIRECTION('',(-0.707106781187,-0.707106781187,0.));
#9534 = PCURVE('',#4555,#9535);
#9535 = DEFINITIONAL_REPRESENTATION('',(#9536),#9539);
#9536 = B_SPLINE_CURVE_WITH_KNOTS('',1,(#9537,#9538),.UNSPECIFIED.,.F.,
  .F.,(2,2),(-5.189856901713,1.657951892075),.PIECEWISE_BEZIER_KNOTS.);
#9537 = CARTESIAN_POINT('',(-3.597867965644,8.592735931288));
#9538 = CARTESIAN_POINT('',(-8.44,3.750603896932));
#9539 = ( GEOMETRIC_REPRESENTATION_CONTEXT(2) 
PARAMETRIC_REPRESENTATION_CONTEXT() REPRESENTATION_CONTEXT('2D SPACE',''
  ) );
#9540 = PCURVE('',#9541,#9546);
#9541 = PLANE('',#9542);
#9542 = AXIS2_PLACEMENT_3D('',#9543,#9544,#9545);
#9543 = CARTESIAN_POINT('',(-6.018933982822,6.17166991411,11.2704));
#9544 = DIRECTION('',(0.707106781187,-0.707106781187,-8.50285936848E-17)
  );
#9545 = DIRECTION('',(-0.707106781187,-0.707106781187,0.));
#9546 = DEFINITIONAL_REPRESENTATION('',(#9547),#9551);
#9547 = LINE('',#9548,#9549);
#9548 = CARTESIAN_POINT('',(1.765952504819,0.65));
#9549 = VECTOR('',#9550,1.);
#9550 = DIRECTION('',(1.,-3.277094423997E-33));
#9551 = ( GEOMETRIC_REPRESENTATION_CONTEXT(2) 
PARAMETRIC_REPRESENTATION_CONTEXT() REPRESENTATION_CONTEXT('2D SPACE',''
  ) );
#9552 = ORIENTED_EDGE('',*,*,#9553,.F.);
#9553 = EDGE_CURVE('',#9554,#9527,#9556,.T.);
#9554 = VERTEX_POINT('',#9555);
#9555 = CARTESIAN_POINT('',(-0.3254,9.060231354952,10.6204));
#9556 = SURFACE_CURVE('',#9557,(#9561,#9567),.PCURVE_S1.);
#9557 = LINE('',#9558,#9559);
#9558 = CARTESIAN_POINT('',(-2.436404177669,8.75865932957,10.6204));
#9559 = VECTOR('',#9560,1.);
#9560 = DIRECTION('',(-0.989949493661,-0.141421356237,0.));
#9561 = PCURVE('',#4555,#9562);
#9562 = DEFINITIONAL_REPRESENTATION('',(#9563),#9566);
#9563 = B_SPLINE_CURVE_WITH_KNOTS('',1,(#9564,#9565),.UNSPECIFIED.,.F.,
  .F.,(2,2),(-2.20858370995,1.173255600829),.PIECEWISE_BEZIER_KNOTS.);
#9564 = CARTESIAN_POINT('',(-0.250017852295,9.071000233195));
#9565 = CARTESIAN_POINT('',(-3.597867965644,8.592735931288));
#9566 = ( GEOMETRIC_REPRESENTATION_CONTEXT(2) 
PARAMETRIC_REPRESENTATION_CONTEXT() REPRESENTATION_CONTEXT('2D SPACE',''
  ) );
#9567 = PCURVE('',#9568,#9573);
#9568 = PLANE('',#9569);
#9569 = AXIS2_PLACEMENT_3D('',#9570,#9571,#9572);
#9570 = CARTESIAN_POINT('',(-1.928370675333,8.83123554419,
    11.274872719459));
#9571 = DIRECTION('',(0.141421356237,-0.989949493661,1.147270042828E-16)
  );
#9572 = DIRECTION('',(-0.989949493661,-0.141421356237,-3.08148791102E-33
    ));
#9573 = DEFINITIONAL_REPRESENTATION('',(#9574),#9578);
#9574 = LINE('',#9575,#9576);
#9575 = CARTESIAN_POINT('',(0.513191335102,0.654472719459));
#9576 = VECTOR('',#9577,1.);
#9577 = DIRECTION('',(1.,2.056522630121E-34));
#9578 = ( GEOMETRIC_REPRESENTATION_CONTEXT(2) 
PARAMETRIC_REPRESENTATION_CONTEXT() REPRESENTATION_CONTEXT('2D SPACE',''
  ) );
#9579 = ORIENTED_EDGE('',*,*,#9580,.T.);
#9580 = EDGE_CURVE('',#9554,#9581,#9583,.T.);
#9581 = VERTEX_POINT('',#9582);
#9582 = CARTESIAN_POINT('',(-0.3254,10.9,10.6204));
#9583 = SURFACE_CURVE('',#9584,(#9588,#9594),.PCURVE_S1.);
#9584 = LINE('',#9585,#9586);
#9585 = CARTESIAN_POINT('',(-0.3254,3.5465,10.6204));
#9586 = VECTOR('',#9587,1.);
#9587 = DIRECTION('',(-0.,1.,0.));
#9588 = PCURVE('',#4555,#9589);
#9589 = DEFINITIONAL_REPRESENTATION('',(#9590),#9593);
#9590 = B_SPLINE_CURVE_WITH_KNOTS('',1,(#9591,#9592),.UNSPECIFIED.,.F.,
  .F.,(2,2),(3.5465,7.3535),.PIECEWISE_BEZIER_KNOTS.);
#9591 = CARTESIAN_POINT('',(-0.3254,7.093));
#9592 = CARTESIAN_POINT('',(-0.3254,10.9));
#9593 = ( GEOMETRIC_REPRESENTATION_CONTEXT(2) 
PARAMETRIC_REPRESENTATION_CONTEXT() REPRESENTATION_CONTEXT('2D SPACE',''
  ) );
#9594 = PCURVE('',#9595,#9600);
#9595 = PLANE('',#9596);
#9596 = AXIS2_PLACEMENT_3D('',#9597,#9598,#9599);
#9597 = CARTESIAN_POINT('',(-0.3254,7.093,10.6104));
#9598 = DIRECTION('',(1.,0.,-0.));
#9599 = DIRECTION('',(0.,0.,1.));
#9600 = DEFINITIONAL_REPRESENTATION('',(#9601),#9605);
#9601 = LINE('',#9602,#9603);
#9602 = CARTESIAN_POINT('',(1.E-02,3.5465));
#9603 = VECTOR('',#9604,1.);
#9604 = DIRECTION('',(0.,-1.));
#9605 = ( GEOMETRIC_REPRESENTATION_CONTEXT(2) 
PARAMETRIC_REPRESENTATION_CONTEXT() REPRESENTATION_CONTEXT('2D SPACE',''
  ) );
#9606 = ORIENTED_EDGE('',*,*,#9607,.F.);
#9607 = EDGE_CURVE('',#9608,#9581,#9610,.T.);
#9608 = VERTEX_POINT('',#9609);
#9609 = CARTESIAN_POINT('',(0.2746,10.9,10.6204));
#9610 = SURFACE_CURVE('',#9611,(#9615,#9621),.PCURVE_S1.);
#9611 = LINE('',#9612,#9613);
#9612 = CARTESIAN_POINT('',(-0.1627,10.9,10.6204));
#9613 = VECTOR('',#9614,1.);
#9614 = DIRECTION('',(-1.,-0.,0.));
#9615 = PCURVE('',#4555,#9616);
#9616 = DEFINITIONAL_REPRESENTATION('',(#9617),#9620);
#9617 = B_SPLINE_CURVE_WITH_KNOTS('',1,(#9618,#9619),.UNSPECIFIED.,.F.,
  .F.,(2,2),(-0.4373,0.1627),.PIECEWISE_BEZIER_KNOTS.);
#9618 = CARTESIAN_POINT('',(0.2746,10.9));
#9619 = CARTESIAN_POINT('',(-0.3254,10.9));
#9620 = ( GEOMETRIC_REPRESENTATION_CONTEXT(2) 
PARAMETRIC_REPRESENTATION_CONTEXT() REPRESENTATION_CONTEXT('2D SPACE',''
  ) );
#9621 = PCURVE('',#9622,#9627);
#9622 = PLANE('',#9623);
#9623 = AXIS2_PLACEMENT_3D('',#9624,#9625,#9626);
#9624 = CARTESIAN_POINT('',(-0.3254,10.9,10.6104));
#9625 = DIRECTION('',(-0.,1.,0.));
#9626 = DIRECTION('',(0.,0.,1.));
#9627 = DEFINITIONAL_REPRESENTATION('',(#9628),#9632);
#9628 = LINE('',#9629,#9630);
#9629 = CARTESIAN_POINT('',(1.E-02,0.1627));
#9630 = VECTOR('',#9631,1.);
#9631 = DIRECTION('',(0.,-1.));
#9632 = ( GEOMETRIC_REPRESENTATION_CONTEXT(2) 
PARAMETRIC_REPRESENTATION_CONTEXT() REPRESENTATION_CONTEXT('2D SPACE',''
  ) );
#9633 = ORIENTED_EDGE('',*,*,#9634,.F.);
#9634 = EDGE_CURVE('',#9635,#9608,#9637,.T.);
#9635 = VERTEX_POINT('',#9636);
#9636 = CARTESIAN_POINT('',(0.2746,9.005423001658,10.6204));
#9637 = SURFACE_CURVE('',#9638,(#9642,#9648),.PCURVE_S1.);
#9638 = LINE('',#9639,#9640);
#9639 = CARTESIAN_POINT('',(0.2746,3.5465,10.6204));
#9640 = VECTOR('',#9641,1.);
#9641 = DIRECTION('',(-0.,1.,0.));
#9642 = PCURVE('',#4555,#9643);
#9643 = DEFINITIONAL_REPRESENTATION('',(#9644),#9647);
#9644 = B_SPLINE_CURVE_WITH_KNOTS('',1,(#9645,#9646),.UNSPECIFIED.,.F.,
  .F.,(2,2),(3.5465,7.3535),.PIECEWISE_BEZIER_KNOTS.);
#9645 = CARTESIAN_POINT('',(0.2746,7.093));
#9646 = CARTESIAN_POINT('',(0.2746,10.9));
#9647 = ( GEOMETRIC_REPRESENTATION_CONTEXT(2) 
PARAMETRIC_REPRESENTATION_CONTEXT() REPRESENTATION_CONTEXT('2D SPACE',''
  ) );
#9648 = PCURVE('',#9649,#9654);
#9649 = PLANE('',#9650);
#9650 = AXIS2_PLACEMENT_3D('',#9651,#9652,#9653);
#9651 = CARTESIAN_POINT('',(0.2746,7.093,10.6104));
#9652 = DIRECTION('',(1.,0.,-0.));
#9653 = DIRECTION('',(0.,0.,1.));
#9654 = DEFINITIONAL_REPRESENTATION('',(#9655),#9659);
#9655 = LINE('',#9656,#9657);
#9656 = CARTESIAN_POINT('',(1.E-02,3.5465));
#9657 = VECTOR('',#9658,1.);
#9658 = DIRECTION('',(0.,-1.));
#9659 = ( GEOMETRIC_REPRESENTATION_CONTEXT(2) 
PARAMETRIC_REPRESENTATION_CONTEXT() REPRESENTATION_CONTEXT('2D SPACE',''
  ) );
#9660 = ORIENTED_EDGE('',*,*,#9661,.F.);
#9661 = EDGE_CURVE('',#9662,#9635,#9664,.T.);
#9662 = VERTEX_POINT('',#9663);
#9663 = CARTESIAN_POINT('',(3.600978166027,8.589625730905,10.6204));
#9664 = SURFACE_CURVE('',#9665,(#9669,#9675),.PCURVE_S1.);
#9665 = LINE('',#9666,#9667);
#9666 = CARTESIAN_POINT('',(0.43128325857,8.985837594337,10.6204));
#9667 = VECTOR('',#9668,1.);
#9668 = DIRECTION('',(-0.992277876714,0.124034734589,0.));
#9669 = PCURVE('',#4555,#9670);
#9670 = DEFINITIONAL_REPRESENTATION('',(#9671),#9674);
#9671 = B_SPLINE_CURVE_WITH_KNOTS('',1,(#9672,#9673),.UNSPECIFIED.,.F.,
  .F.,(2,2),(-3.194362165924,0.686603144999),.PIECEWISE_BEZIER_KNOTS.);
#9672 = CARTESIAN_POINT('',(3.600978166027,8.589625730905));
#9673 = CARTESIAN_POINT('',(-0.250017852295,9.071000233195));
#9674 = ( GEOMETRIC_REPRESENTATION_CONTEXT(2) 
PARAMETRIC_REPRESENTATION_CONTEXT() REPRESENTATION_CONTEXT('2D SPACE',''
  ) );
#9675 = PCURVE('',#9676,#9681);
#9676 = PLANE('',#9677);
#9677 = AXIS2_PLACEMENT_3D('',#9678,#9679,#9680);
#9678 = CARTESIAN_POINT('',(1.703326301498,8.826832213971,
    11.298462849415));
#9679 = DIRECTION('',(-0.124034734589,-0.992277876714,
    -4.086235540863E-16));
#9680 = DIRECTION('',(-0.992277876714,0.124034734589,-6.162975822039E-33
    ));
#9681 = DEFINITIONAL_REPRESENTATION('',(#9682),#9686);
#9682 = LINE('',#9683,#9684);
#9683 = CARTESIAN_POINT('',(1.281942359877,0.678062849415));
#9684 = VECTOR('',#9685,1.);
#9685 = DIRECTION('',(1.,-4.06799065285E-32));
#9686 = ( GEOMETRIC_REPRESENTATION_CONTEXT(2) 
PARAMETRIC_REPRESENTATION_CONTEXT() REPRESENTATION_CONTEXT('2D SPACE',''
  ) );
#9687 = ORIENTED_EDGE('',*,*,#9688,.F.);
#9688 = EDGE_CURVE('',#9689,#9662,#9691,.T.);
#9689 = VERTEX_POINT('',#9690);
#9690 = CARTESIAN_POINT('',(8.44,3.750603896932,10.6204));
#9691 = SURFACE_CURVE('',#9692,(#9696,#9702),.PCURVE_S1.);
#9692 = LINE('',#9693,#9694);
#9693 = CARTESIAN_POINT('',(4.848140057247,7.342463839685,10.6204));
#9694 = VECTOR('',#9695,1.);
#9695 = DIRECTION('',(-0.707106781187,0.707106781187,0.));
#9696 = PCURVE('',#4555,#9697);
#9697 = DEFINITIONAL_REPRESENTATION('',(#9698),#9701);
#9698 = B_SPLINE_CURVE_WITH_KNOTS('',1,(#9699,#9700),.UNSPECIFIED.,.F.,
  .F.,(2,2),(-5.079657045186,1.763753261037),.PIECEWISE_BEZIER_KNOTS.);
#9699 = CARTESIAN_POINT('',(8.44,3.750603896932));
#9700 = CARTESIAN_POINT('',(3.600978166027,8.589625730905));
#9701 = ( GEOMETRIC_REPRESENTATION_CONTEXT(2) 
PARAMETRIC_REPRESENTATION_CONTEXT() REPRESENTATION_CONTEXT('2D SPACE',''
  ) );
#9702 = PCURVE('',#9703,#9708);
#9703 = PLANE('',#9704);
#9704 = AXIS2_PLACEMENT_3D('',#9705,#9706,#9707);
#9705 = CARTESIAN_POINT('',(6.020489083014,6.170114813918,11.2704));
#9706 = DIRECTION('',(-0.707106781187,-0.707106781187,-0.));
#9707 = DIRECTION('',(0.707106781187,-0.707106781187,0.));
#9708 = DEFINITIONAL_REPRESENTATION('',(#9709),#9713);
#9709 = LINE('',#9710,#9711);
#9710 = CARTESIAN_POINT('',(-1.657951892075,-0.65));
#9711 = VECTOR('',#9712,1.);
#9712 = DIRECTION('',(-1.,0.));
#9713 = ( GEOMETRIC_REPRESENTATION_CONTEXT(2) 
PARAMETRIC_REPRESENTATION_CONTEXT() REPRESENTATION_CONTEXT('2D SPACE',''
  ) );
#9714 = ORIENTED_EDGE('',*,*,#9715,.F.);
#9715 = EDGE_CURVE('',#9392,#9689,#9716,.T.);
#9716 = SURFACE_CURVE('',#9717,(#9721,#9727),.PCURVE_S1.);
#9717 = LINE('',#9718,#9719);
#9718 = CARTESIAN_POINT('',(8.44,1.875301948466,10.6204));
#9719 = VECTOR('',#9720,1.);
#9720 = DIRECTION('',(-0.,1.,0.));
#9721 = PCURVE('',#4555,#9722);
#9722 = DEFINITIONAL_REPRESENTATION('',(#9723),#9726);
#9723 = B_SPLINE_CURVE_WITH_KNOTS('',1,(#9724,#9725),.UNSPECIFIED.,.F.,
  .F.,(2,2),(-5.371905845398,1.875301948466),.PIECEWISE_BEZIER_KNOTS.);
#9724 = CARTESIAN_POINT('',(8.44,-3.496603896932));
#9725 = CARTESIAN_POINT('',(8.44,3.750603896932));
#9726 = ( GEOMETRIC_REPRESENTATION_CONTEXT(2) 
PARAMETRIC_REPRESENTATION_CONTEXT() REPRESENTATION_CONTEXT('2D SPACE',''
  ) );
#9727 = PCURVE('',#9728,#9733);
#9728 = PLANE('',#9729);
#9729 = AXIS2_PLACEMENT_3D('',#9730,#9731,#9732);
#9730 = CARTESIAN_POINT('',(8.44,0.127,11.2704));
#9731 = DIRECTION('',(-1.,-0.,-0.));
#9732 = DIRECTION('',(0.,0.,-1.));
#9733 = DEFINITIONAL_REPRESENTATION('',(#9734),#9738);
#9734 = LINE('',#9735,#9736);
#9735 = CARTESIAN_POINT('',(0.65,-1.748301948466));
#9736 = VECTOR('',#9737,1.);
#9737 = DIRECTION('',(0.,-1.));
#9738 = ( GEOMETRIC_REPRESENTATION_CONTEXT(2) 
PARAMETRIC_REPRESENTATION_CONTEXT() REPRESENTATION_CONTEXT('2D SPACE',''
  ) );
#9739 = ADVANCED_FACE('',(#9740),#6323,.F.);
#9740 = FACE_BOUND('',#9741,.F.);
#9741 = EDGE_LOOP('',(#9742,#9743,#9764,#9765));
#9742 = ORIENTED_EDGE('',*,*,#8070,.T.);
#9743 = ORIENTED_EDGE('',*,*,#9744,.T.);
#9744 = EDGE_CURVE('',#8071,#6280,#9745,.T.);
#9745 = SURFACE_CURVE('',#9746,(#9750,#9757),.PCURVE_S1.);
#9746 = LINE('',#9747,#9748);
#9747 = CARTESIAN_POINT('',(10.398225507814,-2.026745111907,12.2704));
#9748 = VECTOR('',#9749,1.);
#9749 = DIRECTION('',(0.,0.,1.));
#9750 = PCURVE('',#6323,#9751);
#9751 = DEFINITIONAL_REPRESENTATION('',(#9752),#9756);
#9752 = LINE('',#9753,#9754);
#9753 = CARTESIAN_POINT('',(0.,0.));
#9754 = VECTOR('',#9755,1.);
#9755 = DIRECTION('',(0.,-1.));
#9756 = ( GEOMETRIC_REPRESENTATION_CONTEXT(2) 
PARAMETRIC_REPRESENTATION_CONTEXT() REPRESENTATION_CONTEXT('2D SPACE',''
  ) );
#9757 = PCURVE('',#6295,#9758);
#9758 = DEFINITIONAL_REPRESENTATION('',(#9759),#9763);
#9759 = LINE('',#9760,#9761);
#9760 = CARTESIAN_POINT('',(0.877475526724,0.));
#9761 = VECTOR('',#9762,1.);
#9762 = DIRECTION('',(0.,-1.));
#9763 = ( GEOMETRIC_REPRESENTATION_CONTEXT(2) 
PARAMETRIC_REPRESENTATION_CONTEXT() REPRESENTATION_CONTEXT('2D SPACE',''
  ) );
#9764 = ORIENTED_EDGE('',*,*,#6307,.T.);
#9765 = ORIENTED_EDGE('',*,*,#8018,.F.);
#9766 = ADVANCED_FACE('',(#9767),#6295,.F.);
#9767 = FACE_BOUND('',#9768,.F.);
#9768 = EDGE_LOOP('',(#9769,#9770,#9791,#9792));
#9769 = ORIENTED_EDGE('',*,*,#8091,.T.);
#9770 = ORIENTED_EDGE('',*,*,#9771,.T.);
#9771 = EDGE_CURVE('',#8092,#6252,#9772,.T.);
#9772 = SURFACE_CURVE('',#9773,(#9777,#9784),.PCURVE_S1.);
#9773 = LINE('',#9774,#9775);
#9774 = CARTESIAN_POINT('',(10.194888076543,-2.880335873949,12.2704));
#9775 = VECTOR('',#9776,1.);
#9776 = DIRECTION('',(0.,0.,1.));
#9777 = PCURVE('',#6295,#9778);
#9778 = DEFINITIONAL_REPRESENTATION('',(#9779),#9783);
#9779 = LINE('',#9780,#9781);
#9780 = CARTESIAN_POINT('',(0.,0.));
#9781 = VECTOR('',#9782,1.);
#9782 = DIRECTION('',(0.,-1.));
#9783 = ( GEOMETRIC_REPRESENTATION_CONTEXT(2) 
PARAMETRIC_REPRESENTATION_CONTEXT() REPRESENTATION_CONTEXT('2D SPACE',''
  ) );
#9784 = PCURVE('',#6267,#9785);
#9785 = DEFINITIONAL_REPRESENTATION('',(#9786),#9790);
#9786 = LINE('',#9787,#9788);
#9787 = CARTESIAN_POINT('',(0.877599709435,0.));
#9788 = VECTOR('',#9789,1.);
#9789 = DIRECTION('',(0.,-1.));
#9790 = ( GEOMETRIC_REPRESENTATION_CONTEXT(2) 
PARAMETRIC_REPRESENTATION_CONTEXT() REPRESENTATION_CONTEXT('2D SPACE',''
  ) );
#9791 = ORIENTED_EDGE('',*,*,#6279,.T.);
#9792 = ORIENTED_EDGE('',*,*,#9744,.F.);
#9793 = ADVANCED_FACE('',(#9794),#6267,.F.);
#9794 = FACE_BOUND('',#9795,.F.);
#9795 = EDGE_LOOP('',(#9796,#9797,#9818,#9819));
#9796 = ORIENTED_EDGE('',*,*,#8112,.T.);
#9797 = ORIENTED_EDGE('',*,*,#9798,.T.);
#9798 = EDGE_CURVE('',#8113,#6224,#9799,.T.);
#9799 = SURFACE_CURVE('',#9800,(#9804,#9811),.PCURVE_S1.);
#9800 = LINE('',#9801,#9802);
#9801 = CARTESIAN_POINT('',(9.921495854305,-3.71426509326,12.2704));
#9802 = VECTOR('',#9803,1.);
#9803 = DIRECTION('',(0.,0.,1.));
#9804 = PCURVE('',#6267,#9805);
#9805 = DEFINITIONAL_REPRESENTATION('',(#9806),#9810);
#9806 = LINE('',#9807,#9808);
#9807 = CARTESIAN_POINT('',(0.,0.));
#9808 = VECTOR('',#9809,1.);
#9809 = DIRECTION('',(0.,-1.));
#9810 = ( GEOMETRIC_REPRESENTATION_CONTEXT(2) 
PARAMETRIC_REPRESENTATION_CONTEXT() REPRESENTATION_CONTEXT('2D SPACE',''
  ) );
#9811 = PCURVE('',#6239,#9812);
#9812 = DEFINITIONAL_REPRESENTATION('',(#9813),#9817);
#9813 = LINE('',#9814,#9815);
#9814 = CARTESIAN_POINT('',(0.877434179868,0.));
#9815 = VECTOR('',#9816,1.);
#9816 = DIRECTION('',(0.,-1.));
#9817 = ( GEOMETRIC_REPRESENTATION_CONTEXT(2) 
PARAMETRIC_REPRESENTATION_CONTEXT() REPRESENTATION_CONTEXT('2D SPACE',''
  ) );
#9818 = ORIENTED_EDGE('',*,*,#6251,.T.);
#9819 = ORIENTED_EDGE('',*,*,#9771,.F.);
#9820 = ADVANCED_FACE('',(#9821),#6239,.F.);
#9821 = FACE_BOUND('',#9822,.F.);
#9822 = EDGE_LOOP('',(#9823,#9824,#9845,#9846));
#9823 = ORIENTED_EDGE('',*,*,#8133,.T.);
#9824 = ORIENTED_EDGE('',*,*,#9825,.T.);
#9825 = EDGE_CURVE('',#8134,#6196,#9826,.T.);
#9826 = SURFACE_CURVE('',#9827,(#9831,#9838),.PCURVE_S1.);
#9827 = LINE('',#9828,#9829);
#9828 = CARTESIAN_POINT('',(9.580109610616,-4.522563412335,12.2704));
#9829 = VECTOR('',#9830,1.);
#9830 = DIRECTION('',(0.,0.,1.));
#9831 = PCURVE('',#6239,#9832);
#9832 = DEFINITIONAL_REPRESENTATION('',(#9833),#9837);
#9833 = LINE('',#9834,#9835);
#9834 = CARTESIAN_POINT('',(0.,0.));
#9835 = VECTOR('',#9836,1.);
#9836 = DIRECTION('',(0.,-1.));
#9837 = ( GEOMETRIC_REPRESENTATION_CONTEXT(2) 
PARAMETRIC_REPRESENTATION_CONTEXT() REPRESENTATION_CONTEXT('2D SPACE',''
  ) );
#9838 = PCURVE('',#6211,#9839);
#9839 = DEFINITIONAL_REPRESENTATION('',(#9840),#9844);
#9840 = LINE('',#9841,#9842);
#9841 = CARTESIAN_POINT('',(0.877538739886,0.));
#9842 = VECTOR('',#9843,1.);
#9843 = DIRECTION('',(0.,-1.));
#9844 = ( GEOMETRIC_REPRESENTATION_CONTEXT(2) 
PARAMETRIC_REPRESENTATION_CONTEXT() REPRESENTATION_CONTEXT('2D SPACE',''
  ) );
#9845 = ORIENTED_EDGE('',*,*,#6223,.T.);
#9846 = ORIENTED_EDGE('',*,*,#9798,.F.);
#9847 = ADVANCED_FACE('',(#9848),#6211,.F.);
#9848 = FACE_BOUND('',#9849,.F.);
#9849 = EDGE_LOOP('',(#9850,#9851,#9872,#9873));
#9850 = ORIENTED_EDGE('',*,*,#8154,.T.);
#9851 = ORIENTED_EDGE('',*,*,#9852,.T.);
#9852 = EDGE_CURVE('',#8155,#6168,#9853,.T.);
#9853 = SURFACE_CURVE('',#9854,(#9858,#9865),.PCURVE_S1.);
#9854 = LINE('',#9855,#9856);
#9855 = CARTESIAN_POINT('',(9.172886525152,-5.299894486373,12.2704));
#9856 = VECTOR('',#9857,1.);
#9857 = DIRECTION('',(0.,0.,1.));
#9858 = PCURVE('',#6211,#9859);
#9859 = DEFINITIONAL_REPRESENTATION('',(#9860),#9864);
#9860 = LINE('',#9861,#9862);
#9861 = CARTESIAN_POINT('',(0.,0.));
#9862 = VECTOR('',#9863,1.);
#9863 = DIRECTION('',(0.,-1.));
#9864 = ( GEOMETRIC_REPRESENTATION_CONTEXT(2) 
PARAMETRIC_REPRESENTATION_CONTEXT() REPRESENTATION_CONTEXT('2D SPACE',''
  ) );
#9865 = PCURVE('',#6183,#9866);
#9866 = DEFINITIONAL_REPRESENTATION('',(#9867),#9871);
#9867 = LINE('',#9868,#9869);
#9868 = CARTESIAN_POINT('',(0.877563558952,0.));
#9869 = VECTOR('',#9870,1.);
#9870 = DIRECTION('',(0.,-1.));
#9871 = ( GEOMETRIC_REPRESENTATION_CONTEXT(2) 
PARAMETRIC_REPRESENTATION_CONTEXT() REPRESENTATION_CONTEXT('2D SPACE',''
  ) );
#9872 = ORIENTED_EDGE('',*,*,#6195,.T.);
#9873 = ORIENTED_EDGE('',*,*,#9825,.F.);
#9874 = ADVANCED_FACE('',(#9875),#6183,.F.);
#9875 = FACE_BOUND('',#9876,.F.);
#9876 = EDGE_LOOP('',(#9877,#9878,#9899,#9900));
#9877 = ORIENTED_EDGE('',*,*,#8175,.T.);
#9878 = ORIENTED_EDGE('',*,*,#9879,.T.);
#9879 = EDGE_CURVE('',#8176,#6140,#9880,.T.);
#9880 = SURFACE_CURVE('',#9881,(#9885,#9892),.PCURVE_S1.);
#9881 = LINE('',#9882,#9883);
#9882 = CARTESIAN_POINT('',(8.702789995373,-6.040925560411,12.2704));
#9883 = VECTOR('',#9884,1.);
#9884 = DIRECTION('',(0.,0.,1.));
#9885 = PCURVE('',#6183,#9886);
#9886 = DEFINITIONAL_REPRESENTATION('',(#9887),#9891);
#9887 = LINE('',#9888,#9889);
#9888 = CARTESIAN_POINT('',(0.,0.));
#9889 = VECTOR('',#9890,1.);
#9890 = DIRECTION('',(0.,-1.));
#9891 = ( GEOMETRIC_REPRESENTATION_CONTEXT(2) 
PARAMETRIC_REPRESENTATION_CONTEXT() REPRESENTATION_CONTEXT('2D SPACE',''
  ) );
#9892 = PCURVE('',#6155,#9893);
#9893 = DEFINITIONAL_REPRESENTATION('',(#9894),#9898);
#9894 = LINE('',#9895,#9896);
#9895 = CARTESIAN_POINT('',(0.877508575457,0.));
#9896 = VECTOR('',#9897,1.);
#9897 = DIRECTION('',(0.,-1.));
#9898 = ( GEOMETRIC_REPRESENTATION_CONTEXT(2) 
PARAMETRIC_REPRESENTATION_CONTEXT() REPRESENTATION_CONTEXT('2D SPACE',''
  ) );
#9899 = ORIENTED_EDGE('',*,*,#6167,.T.);
#9900 = ORIENTED_EDGE('',*,*,#9852,.F.);
#9901 = ADVANCED_FACE('',(#9902),#6155,.F.);
#9902 = FACE_BOUND('',#9903,.F.);
#9903 = EDGE_LOOP('',(#9904,#9905,#9926,#9927));
#9904 = ORIENTED_EDGE('',*,*,#8196,.T.);
#9905 = ORIENTED_EDGE('',*,*,#9906,.T.);
#9906 = EDGE_CURVE('',#8197,#6112,#9907,.T.);
#9907 = SURFACE_CURVE('',#9908,(#9912,#9919),.PCURVE_S1.);
#9908 = LINE('',#9909,#9910);
#9909 = CARTESIAN_POINT('',(8.172956623821,-6.740423879486,12.2704));
#9910 = VECTOR('',#9911,1.);
#9911 = DIRECTION('',(0.,0.,1.));
#9912 = PCURVE('',#6155,#9913);
#9913 = DEFINITIONAL_REPRESENTATION('',(#9914),#9918);
#9914 = LINE('',#9915,#9916);
#9915 = CARTESIAN_POINT('',(0.,0.));
#9916 = VECTOR('',#9917,1.);
#9917 = DIRECTION('',(0.,-1.));
#9918 = ( GEOMETRIC_REPRESENTATION_CONTEXT(2) 
PARAMETRIC_REPRESENTATION_CONTEXT() REPRESENTATION_CONTEXT('2D SPACE',''
  ) );
#9919 = PCURVE('',#6127,#9920);
#9920 = DEFINITIONAL_REPRESENTATION('',(#9921),#9925);
#9921 = LINE('',#9922,#9923);
#9922 = CARTESIAN_POINT('',(0.877506797694,0.));
#9923 = VECTOR('',#9924,1.);
#9924 = DIRECTION('',(0.,-1.));
#9925 = ( GEOMETRIC_REPRESENTATION_CONTEXT(2) 
PARAMETRIC_REPRESENTATION_CONTEXT() REPRESENTATION_CONTEXT('2D SPACE',''
  ) );
#9926 = ORIENTED_EDGE('',*,*,#6139,.T.);
#9927 = ORIENTED_EDGE('',*,*,#9879,.F.);
#9928 = ADVANCED_FACE('',(#9929),#6127,.F.);
#9929 = FACE_BOUND('',#9930,.F.);
#9930 = EDGE_LOOP('',(#9931,#9932,#9953,#9954));
#9931 = ORIENTED_EDGE('',*,*,#8217,.T.);
#9932 = ORIENTED_EDGE('',*,*,#9933,.T.);
#9933 = EDGE_CURVE('',#8218,#6084,#9934,.T.);
#9934 = SURFACE_CURVE('',#9935,(#9939,#9946),.PCURVE_S1.);
#9935 = LINE('',#9936,#9937);
#9936 = CARTESIAN_POINT('',(7.587115833357,-7.393729893716,12.2704));
#9937 = VECTOR('',#9938,1.);
#9938 = DIRECTION('',(0.,0.,1.));
#9939 = PCURVE('',#6127,#9940);
#9940 = DEFINITIONAL_REPRESENTATION('',(#9941),#9945);
#9941 = LINE('',#9942,#9943);
#9942 = CARTESIAN_POINT('',(0.,0.));
#9943 = VECTOR('',#9944,1.);
#9944 = DIRECTION('',(0.,-1.));
#9945 = ( GEOMETRIC_REPRESENTATION_CONTEXT(2) 
PARAMETRIC_REPRESENTATION_CONTEXT() REPRESENTATION_CONTEXT('2D SPACE',''
  ) );
#9946 = PCURVE('',#6099,#9947);
#9947 = DEFINITIONAL_REPRESENTATION('',(#9948),#9952);
#9948 = LINE('',#9949,#9950);
#9949 = CARTESIAN_POINT('',(0.878067992811,0.));
#9950 = VECTOR('',#9951,1.);
#9951 = DIRECTION('',(0.,-1.));
#9952 = ( GEOMETRIC_REPRESENTATION_CONTEXT(2) 
PARAMETRIC_REPRESENTATION_CONTEXT() REPRESENTATION_CONTEXT('2D SPACE',''
  ) );
#9953 = ORIENTED_EDGE('',*,*,#6111,.T.);
#9954 = ORIENTED_EDGE('',*,*,#9906,.F.);
#9955 = ADVANCED_FACE('',(#9956),#6099,.F.);
#9956 = FACE_BOUND('',#9957,.F.);
#9957 = EDGE_LOOP('',(#9958,#9959,#9980,#9981));
#9958 = ORIENTED_EDGE('',*,*,#8238,.T.);
#9959 = ORIENTED_EDGE('',*,*,#9960,.T.);
#9960 = EDGE_CURVE('',#8239,#6056,#9961,.T.);
#9961 = SURFACE_CURVE('',#9962,(#9966,#9973),.PCURVE_S1.);
#9962 = LINE('',#9963,#9964);
#9963 = CARTESIAN_POINT('',(6.950895123057,-7.998896488783,12.2704));
#9964 = VECTOR('',#9965,1.);
#9965 = DIRECTION('',(0.,0.,1.));
#9966 = PCURVE('',#6099,#9967);
#9967 = DEFINITIONAL_REPRESENTATION('',(#9968),#9972);
#9968 = LINE('',#9969,#9970);
#9969 = CARTESIAN_POINT('',(0.,0.));
#9970 = VECTOR('',#9971,1.);
#9971 = DIRECTION('',(0.,-1.));
#9972 = ( GEOMETRIC_REPRESENTATION_CONTEXT(2) 
PARAMETRIC_REPRESENTATION_CONTEXT() REPRESENTATION_CONTEXT('2D SPACE',''
  ) );
#9973 = PCURVE('',#6071,#9974);
#9974 = DEFINITIONAL_REPRESENTATION('',(#9975),#9979);
#9975 = LINE('',#9976,#9977);
#9976 = CARTESIAN_POINT('',(1.166808454717,0.));
#9977 = VECTOR('',#9978,1.);
#9978 = DIRECTION('',(0.,-1.));
#9979 = ( GEOMETRIC_REPRESENTATION_CONTEXT(2) 
PARAMETRIC_REPRESENTATION_CONTEXT() REPRESENTATION_CONTEXT('2D SPACE',''
  ) );
#9980 = ORIENTED_EDGE('',*,*,#6083,.T.);
#9981 = ORIENTED_EDGE('',*,*,#9933,.F.);
#9982 = ADVANCED_FACE('',(#9983),#6071,.F.);
#9983 = FACE_BOUND('',#9984,.F.);
#9984 = EDGE_LOOP('',(#9985,#9986,#10007,#10008));
#9985 = ORIENTED_EDGE('',*,*,#8259,.T.);
#9986 = ORIENTED_EDGE('',*,*,#9987,.T.);
#9987 = EDGE_CURVE('',#8260,#6028,#9988,.T.);
#9988 = SURFACE_CURVE('',#9989,(#9993,#10000),.PCURVE_S1.);
#9989 = LINE('',#9990,#9991);
#9990 = CARTESIAN_POINT('',(6.02745926664,-8.712134309628,12.2704));
#9991 = VECTOR('',#9992,1.);
#9992 = DIRECTION('',(0.,0.,1.));
#9993 = PCURVE('',#6071,#9994);
#9994 = DEFINITIONAL_REPRESENTATION('',(#9995),#9999);
#9995 = LINE('',#9996,#9997);
#9996 = CARTESIAN_POINT('',(0.,0.));
#9997 = VECTOR('',#9998,1.);
#9998 = DIRECTION('',(0.,-1.));
#9999 = ( GEOMETRIC_REPRESENTATION_CONTEXT(2) 
PARAMETRIC_REPRESENTATION_CONTEXT() REPRESENTATION_CONTEXT('2D SPACE',''
  ) );
#10000 = PCURVE('',#6043,#10001);
#10001 = DEFINITIONAL_REPRESENTATION('',(#10002),#10006);
#10002 = LINE('',#10003,#10004);
#10003 = CARTESIAN_POINT('',(0.877471378451,0.));
#10004 = VECTOR('',#10005,1.);
#10005 = DIRECTION('',(0.,-1.));
#10006 = ( GEOMETRIC_REPRESENTATION_CONTEXT(2) 
PARAMETRIC_REPRESENTATION_CONTEXT() REPRESENTATION_CONTEXT('2D SPACE',''
  ) );
#10007 = ORIENTED_EDGE('',*,*,#6055,.T.);
#10008 = ORIENTED_EDGE('',*,*,#9960,.F.);
#10009 = ADVANCED_FACE('',(#10010),#6043,.F.);
#10010 = FACE_BOUND('',#10011,.F.);
#10011 = EDGE_LOOP('',(#10012,#10013,#10034,#10035));
#10012 = ORIENTED_EDGE('',*,*,#8280,.T.);
#10013 = ORIENTED_EDGE('',*,*,#10014,.T.);
#10014 = EDGE_CURVE('',#8281,#6000,#10015,.T.);
#10015 = SURFACE_CURVE('',#10016,(#10020,#10027),.PCURVE_S1.);
#10016 = LINE('',#10017,#10018);
#10017 = CARTESIAN_POINT('',(5.285757504436,-9.180999445828,12.2704));
#10018 = VECTOR('',#10019,1.);
#10019 = DIRECTION('',(0.,0.,1.));
#10020 = PCURVE('',#6043,#10021);
#10021 = DEFINITIONAL_REPRESENTATION('',(#10022),#10026);
#10022 = LINE('',#10023,#10024);
#10023 = CARTESIAN_POINT('',(0.,0.));
#10024 = VECTOR('',#10025,1.);
#10025 = DIRECTION('',(0.,-1.));
#10026 = ( GEOMETRIC_REPRESENTATION_CONTEXT(2) 
PARAMETRIC_REPRESENTATION_CONTEXT() REPRESENTATION_CONTEXT('2D SPACE',''
  ) );
#10027 = PCURVE('',#6015,#10028);
#10028 = DEFINITIONAL_REPRESENTATION('',(#10029),#10033);
#10029 = LINE('',#10030,#10031);
#10030 = CARTESIAN_POINT('',(0.120884903938,0.));
#10031 = VECTOR('',#10032,1.);
#10032 = DIRECTION('',(0.,-1.));
#10033 = ( GEOMETRIC_REPRESENTATION_CONTEXT(2) 
PARAMETRIC_REPRESENTATION_CONTEXT() REPRESENTATION_CONTEXT('2D SPACE',''
  ) );
#10034 = ORIENTED_EDGE('',*,*,#6027,.T.);
#10035 = ORIENTED_EDGE('',*,*,#9987,.F.);
#10036 = ADVANCED_FACE('',(#10037),#6015,.F.);
#10037 = FACE_BOUND('',#10038,.F.);
#10038 = EDGE_LOOP('',(#10039,#10040,#10061,#10062));
#10039 = ORIENTED_EDGE('',*,*,#8301,.T.);
#10040 = ORIENTED_EDGE('',*,*,#10041,.T.);
#10041 = EDGE_CURVE('',#8302,#5972,#10042,.T.);
#10042 = SURFACE_CURVE('',#10043,(#10047,#10054),.PCURVE_S1.);
#10043 = LINE('',#10044,#10045);
#10044 = CARTESIAN_POINT('',(5.3122805899,-9.063060114231,12.2704));
#10045 = VECTOR('',#10046,1.);
#10046 = DIRECTION('',(0.,0.,1.));
#10047 = PCURVE('',#6015,#10048);
#10048 = DEFINITIONAL_REPRESENTATION('',(#10049),#10053);
#10049 = LINE('',#10050,#10051);
#10050 = CARTESIAN_POINT('',(0.,0.));
#10051 = VECTOR('',#10052,1.);
#10052 = DIRECTION('',(0.,-1.));
#10053 = ( GEOMETRIC_REPRESENTATION_CONTEXT(2) 
PARAMETRIC_REPRESENTATION_CONTEXT() REPRESENTATION_CONTEXT('2D SPACE',''
  ) );
#10054 = PCURVE('',#5987,#10055);
#10055 = DEFINITIONAL_REPRESENTATION('',(#10056),#10060);
#10056 = LINE('',#10057,#10058);
#10057 = CARTESIAN_POINT('',(4.615419807558E-02,0.));
#10058 = VECTOR('',#10059,1.);
#10059 = DIRECTION('',(0.,-1.));
#10060 = ( GEOMETRIC_REPRESENTATION_CONTEXT(2) 
PARAMETRIC_REPRESENTATION_CONTEXT() REPRESENTATION_CONTEXT('2D SPACE',''
  ) );
#10061 = ORIENTED_EDGE('',*,*,#5999,.T.);
#10062 = ORIENTED_EDGE('',*,*,#10014,.F.);
#10063 = ADVANCED_FACE('',(#10064),#5987,.F.);
#10064 = FACE_BOUND('',#10065,.F.);
#10065 = EDGE_LOOP('',(#10066,#10067,#10088,#10089));
#10066 = ORIENTED_EDGE('',*,*,#8322,.T.);
#10067 = ORIENTED_EDGE('',*,*,#10068,.T.);
#10068 = EDGE_CURVE('',#8323,#5944,#10069,.T.);
#10069 = SURFACE_CURVE('',#10070,(#10074,#10081),.PCURVE_S1.);
#10070 = LINE('',#10071,#10072);
#10071 = CARTESIAN_POINT('',(5.27354405642,-9.088153758327,12.2704));
#10072 = VECTOR('',#10073,1.);
#10073 = DIRECTION('',(0.,0.,1.));
#10074 = PCURVE('',#5987,#10075);
#10075 = DEFINITIONAL_REPRESENTATION('',(#10076),#10080);
#10076 = LINE('',#10077,#10078);
#10077 = CARTESIAN_POINT('',(0.,0.));
#10078 = VECTOR('',#10079,1.);
#10079 = DIRECTION('',(0.,-1.));
#10080 = ( GEOMETRIC_REPRESENTATION_CONTEXT(2) 
PARAMETRIC_REPRESENTATION_CONTEXT() REPRESENTATION_CONTEXT('2D SPACE',''
  ) );
#10081 = PCURVE('',#5959,#10082);
#10082 = DEFINITIONAL_REPRESENTATION('',(#10083),#10087);
#10083 = LINE('',#10084,#10085);
#10084 = CARTESIAN_POINT('',(6.48156422247,0.));
#10085 = VECTOR('',#10086,1.);
#10086 = DIRECTION('',(0.,-1.));
#10087 = ( GEOMETRIC_REPRESENTATION_CONTEXT(2) 
PARAMETRIC_REPRESENTATION_CONTEXT() REPRESENTATION_CONTEXT('2D SPACE',''
  ) );
#10088 = ORIENTED_EDGE('',*,*,#5971,.T.);
#10089 = ORIENTED_EDGE('',*,*,#10041,.F.);
#10090 = ADVANCED_FACE('',(#10091),#5959,.F.);
#10091 = FACE_BOUND('',#10092,.F.);
#10092 = EDGE_LOOP('',(#10093,#10094,#10115,#10116));
#10093 = ORIENTED_EDGE('',*,*,#8343,.T.);
#10094 = ORIENTED_EDGE('',*,*,#10095,.T.);
#10095 = EDGE_CURVE('',#8344,#5916,#10096,.T.);
#10096 = SURFACE_CURVE('',#10097,(#10101,#10108),.PCURVE_S1.);
#10097 = LINE('',#10098,#10099);
#10098 = CARTESIAN_POINT('',(1.743460747025,-3.652237405151,12.2704));
#10099 = VECTOR('',#10100,1.);
#10100 = DIRECTION('',(0.,0.,1.));
#10101 = PCURVE('',#5959,#10102);
#10102 = DEFINITIONAL_REPRESENTATION('',(#10103),#10107);
#10103 = LINE('',#10104,#10105);
#10104 = CARTESIAN_POINT('',(0.,0.));
#10105 = VECTOR('',#10106,1.);
#10106 = DIRECTION('',(0.,-1.));
#10107 = ( GEOMETRIC_REPRESENTATION_CONTEXT(2) 
PARAMETRIC_REPRESENTATION_CONTEXT() REPRESENTATION_CONTEXT('2D SPACE',''
  ) );
#10108 = PCURVE('',#5931,#10109);
#10109 = DEFINITIONAL_REPRESENTATION('',(#10110),#10114);
#10110 = LINE('',#10111,#10112);
#10111 = CARTESIAN_POINT('',(0.301203253634,0.));
#10112 = VECTOR('',#10113,1.);
#10113 = DIRECTION('',(0.,-1.));
#10114 = ( GEOMETRIC_REPRESENTATION_CONTEXT(2) 
PARAMETRIC_REPRESENTATION_CONTEXT() REPRESENTATION_CONTEXT('2D SPACE',''
  ) );
#10115 = ORIENTED_EDGE('',*,*,#5943,.T.);
#10116 = ORIENTED_EDGE('',*,*,#10068,.F.);
#10117 = ADVANCED_FACE('',(#10118),#5931,.F.);
#10118 = FACE_BOUND('',#10119,.F.);
#10119 = EDGE_LOOP('',(#10120,#10121,#10142,#10143));
#10120 = ORIENTED_EDGE('',*,*,#8364,.T.);
#10121 = ORIENTED_EDGE('',*,*,#10122,.T.);
#10122 = EDGE_CURVE('',#8365,#5888,#10123,.T.);
#10123 = SURFACE_CURVE('',#10124,(#10128,#10135),.PCURVE_S1.);
#10124 = LINE('',#10125,#10126);
#10125 = CARTESIAN_POINT('',(1.467022584505,-3.771842347786,12.2704));
#10126 = VECTOR('',#10127,1.);
#10127 = DIRECTION('',(0.,0.,1.));
#10128 = PCURVE('',#5931,#10129);
#10129 = DEFINITIONAL_REPRESENTATION('',(#10130),#10134);
#10130 = LINE('',#10131,#10132);
#10131 = CARTESIAN_POINT('',(0.,0.));
#10132 = VECTOR('',#10133,1.);
#10133 = DIRECTION('',(0.,-1.));
#10134 = ( GEOMETRIC_REPRESENTATION_CONTEXT(2) 
PARAMETRIC_REPRESENTATION_CONTEXT() REPRESENTATION_CONTEXT('2D SPACE',''
  ) );
#10135 = PCURVE('',#5903,#10136);
#10136 = DEFINITIONAL_REPRESENTATION('',(#10137),#10141);
#10137 = LINE('',#10138,#10139);
#10138 = CARTESIAN_POINT('',(0.542195767228,0.));
#10139 = VECTOR('',#10140,1.);
#10140 = DIRECTION('',(0.,-1.));
#10141 = ( GEOMETRIC_REPRESENTATION_CONTEXT(2) 
PARAMETRIC_REPRESENTATION_CONTEXT() REPRESENTATION_CONTEXT('2D SPACE',''
  ) );
#10142 = ORIENTED_EDGE('',*,*,#5915,.T.);
#10143 = ORIENTED_EDGE('',*,*,#10095,.F.);
#10144 = ADVANCED_FACE('',(#10145),#5903,.F.);
#10145 = FACE_BOUND('',#10146,.F.);
#10146 = EDGE_LOOP('',(#10147,#10148,#10169,#10170));
#10147 = ORIENTED_EDGE('',*,*,#8385,.T.);
#10148 = ORIENTED_EDGE('',*,*,#10149,.T.);
#10149 = EDGE_CURVE('',#8386,#5860,#10150,.T.);
#10150 = SURFACE_CURVE('',#10151,(#10155,#10162),.PCURVE_S1.);
#10151 = LINE('',#10152,#10153);
#10152 = CARTESIAN_POINT('',(0.949677863857,-3.934109688977,12.2704));
#10153 = VECTOR('',#10154,1.);
#10154 = DIRECTION('',(0.,0.,1.));
#10155 = PCURVE('',#5903,#10156);
#10156 = DEFINITIONAL_REPRESENTATION('',(#10157),#10161);
#10157 = LINE('',#10158,#10159);
#10158 = CARTESIAN_POINT('',(0.,0.));
#10159 = VECTOR('',#10160,1.);
#10160 = DIRECTION('',(0.,-1.));
#10161 = ( GEOMETRIC_REPRESENTATION_CONTEXT(2) 
PARAMETRIC_REPRESENTATION_CONTEXT() REPRESENTATION_CONTEXT('2D SPACE',''
  ) );
#10162 = PCURVE('',#5875,#10163);
#10163 = DEFINITIONAL_REPRESENTATION('',(#10164),#10168);
#10164 = LINE('',#10165,#10166);
#10165 = CARTESIAN_POINT('',(0.542095803341,0.));
#10166 = VECTOR('',#10167,1.);
#10167 = DIRECTION('',(0.,-1.));
#10168 = ( GEOMETRIC_REPRESENTATION_CONTEXT(2) 
PARAMETRIC_REPRESENTATION_CONTEXT() REPRESENTATION_CONTEXT('2D SPACE',''
  ) );
#10169 = ORIENTED_EDGE('',*,*,#5887,.T.);
#10170 = ORIENTED_EDGE('',*,*,#10122,.F.);
#10171 = ADVANCED_FACE('',(#10172),#5875,.F.);
#10172 = FACE_BOUND('',#10173,.F.);
#10173 = EDGE_LOOP('',(#10174,#10175,#10196,#10197));
#10174 = ORIENTED_EDGE('',*,*,#8406,.T.);
#10175 = ORIENTED_EDGE('',*,*,#10176,.T.);
#10176 = EDGE_CURVE('',#8407,#5832,#10177,.T.);
#10177 = SURFACE_CURVE('',#10178,(#10182,#10189),.PCURVE_S1.);
#10178 = LINE('',#10179,#10180);
#10179 = CARTESIAN_POINT('',(0.415381873019,-4.025737491388,12.2704));
#10180 = VECTOR('',#10181,1.);
#10181 = DIRECTION('',(0.,0.,1.));
#10182 = PCURVE('',#5875,#10183);
#10183 = DEFINITIONAL_REPRESENTATION('',(#10184),#10188);
#10184 = LINE('',#10185,#10186);
#10185 = CARTESIAN_POINT('',(0.,0.));
#10186 = VECTOR('',#10187,1.);
#10187 = DIRECTION('',(0.,-1.));
#10188 = ( GEOMETRIC_REPRESENTATION_CONTEXT(2) 
PARAMETRIC_REPRESENTATION_CONTEXT() REPRESENTATION_CONTEXT('2D SPACE',''
  ) );
#10189 = PCURVE('',#5847,#10190);
#10190 = DEFINITIONAL_REPRESENTATION('',(#10191),#10195);
#10191 = LINE('',#10192,#10193);
#10192 = CARTESIAN_POINT('',(0.542136089926,0.));
#10193 = VECTOR('',#10194,1.);
#10194 = DIRECTION('',(0.,-1.));
#10195 = ( GEOMETRIC_REPRESENTATION_CONTEXT(2) 
PARAMETRIC_REPRESENTATION_CONTEXT() REPRESENTATION_CONTEXT('2D SPACE',''
  ) );
#10196 = ORIENTED_EDGE('',*,*,#5859,.T.);
#10197 = ORIENTED_EDGE('',*,*,#10149,.F.);
#10198 = ADVANCED_FACE('',(#10199),#5847,.F.);
#10199 = FACE_BOUND('',#10200,.F.);
#10200 = EDGE_LOOP('',(#10201,#10202,#10223,#10224));
#10201 = ORIENTED_EDGE('',*,*,#8427,.T.);
#10202 = ORIENTED_EDGE('',*,*,#10203,.T.);
#10203 = EDGE_CURVE('',#8428,#5804,#10204,.T.);
#10204 = SURFACE_CURVE('',#10205,(#10209,#10216),.PCURVE_S1.);
#10205 = LINE('',#10206,#10207);
#10206 = CARTESIAN_POINT('',(-0.12640680002,-4.045143000057,12.2704));
#10207 = VECTOR('',#10208,1.);
#10208 = DIRECTION('',(0.,0.,1.));
#10209 = PCURVE('',#5847,#10210);
#10210 = DEFINITIONAL_REPRESENTATION('',(#10211),#10215);
#10211 = LINE('',#10212,#10213);
#10212 = CARTESIAN_POINT('',(0.,0.));
#10213 = VECTOR('',#10214,1.);
#10214 = DIRECTION('',(0.,-1.));
#10215 = ( GEOMETRIC_REPRESENTATION_CONTEXT(2) 
PARAMETRIC_REPRESENTATION_CONTEXT() REPRESENTATION_CONTEXT('2D SPACE',''
  ) );
#10216 = PCURVE('',#5819,#10217);
#10217 = DEFINITIONAL_REPRESENTATION('',(#10218),#10222);
#10218 = LINE('',#10219,#10220);
#10219 = CARTESIAN_POINT('',(0.542065863157,0.));
#10220 = VECTOR('',#10221,1.);
#10221 = DIRECTION('',(0.,-1.));
#10222 = ( GEOMETRIC_REPRESENTATION_CONTEXT(2) 
PARAMETRIC_REPRESENTATION_CONTEXT() REPRESENTATION_CONTEXT('2D SPACE',''
  ) );
#10223 = ORIENTED_EDGE('',*,*,#5831,.T.);
#10224 = ORIENTED_EDGE('',*,*,#10176,.F.);
#10225 = ADVANCED_FACE('',(#10226),#5819,.F.);
#10226 = FACE_BOUND('',#10227,.F.);
#10227 = EDGE_LOOP('',(#10228,#10229,#10250,#10251));
#10228 = ORIENTED_EDGE('',*,*,#8448,.T.);
#10229 = ORIENTED_EDGE('',*,*,#10230,.T.);
#10230 = EDGE_CURVE('',#8449,#5776,#10231,.T.);
#10231 = SURFACE_CURVE('',#10232,(#10236,#10243),.PCURVE_S1.);
#10232 = LINE('',#10233,#10234);
#10233 = CARTESIAN_POINT('',(-0.665850144409,-3.991886280343,12.2704));
#10234 = VECTOR('',#10235,1.);
#10235 = DIRECTION('',(0.,0.,1.));
#10236 = PCURVE('',#5819,#10237);
#10237 = DEFINITIONAL_REPRESENTATION('',(#10238),#10242);
#10238 = LINE('',#10239,#10240);
#10239 = CARTESIAN_POINT('',(0.,0.));
#10240 = VECTOR('',#10241,1.);
#10241 = DIRECTION('',(0.,-1.));
#10242 = ( GEOMETRIC_REPRESENTATION_CONTEXT(2) 
PARAMETRIC_REPRESENTATION_CONTEXT() REPRESENTATION_CONTEXT('2D SPACE',''
  ) );
#10243 = PCURVE('',#5791,#10244);
#10244 = DEFINITIONAL_REPRESENTATION('',(#10245),#10249);
#10245 = LINE('',#10246,#10247);
#10246 = CARTESIAN_POINT('',(0.542139262552,0.));
#10247 = VECTOR('',#10248,1.);
#10248 = DIRECTION('',(0.,-1.));
#10249 = ( GEOMETRIC_REPRESENTATION_CONTEXT(2) 
PARAMETRIC_REPRESENTATION_CONTEXT() REPRESENTATION_CONTEXT('2D SPACE',''
  ) );
#10250 = ORIENTED_EDGE('',*,*,#5803,.T.);
#10251 = ORIENTED_EDGE('',*,*,#10203,.F.);
#10252 = ADVANCED_FACE('',(#10253),#5791,.F.);
#10253 = FACE_BOUND('',#10254,.F.);
#10254 = EDGE_LOOP('',(#10255,#10256,#10277,#10278));
#10255 = ORIENTED_EDGE('',*,*,#8469,.T.);
#10256 = ORIENTED_EDGE('',*,*,#10257,.T.);
#10257 = EDGE_CURVE('',#8470,#5748,#10258,.T.);
#10258 = SURFACE_CURVE('',#10259,(#10263,#10270),.PCURVE_S1.);
#10259 = LINE('',#10260,#10261);
#10260 = CARTESIAN_POINT('',(-1.193427136594,-3.867076435712,12.2704));
#10261 = VECTOR('',#10262,1.);
#10262 = DIRECTION('',(0.,0.,1.));
#10263 = PCURVE('',#5791,#10264);
#10264 = DEFINITIONAL_REPRESENTATION('',(#10265),#10269);
#10265 = LINE('',#10266,#10267);
#10266 = CARTESIAN_POINT('',(0.,0.));
#10267 = VECTOR('',#10268,1.);
#10268 = DIRECTION('',(0.,-1.));
#10269 = ( GEOMETRIC_REPRESENTATION_CONTEXT(2) 
PARAMETRIC_REPRESENTATION_CONTEXT() REPRESENTATION_CONTEXT('2D SPACE',''
  ) );
#10270 = PCURVE('',#5763,#10271);
#10271 = DEFINITIONAL_REPRESENTATION('',(#10272),#10276);
#10272 = LINE('',#10273,#10274);
#10273 = CARTESIAN_POINT('',(3.7816,0.));
#10274 = VECTOR('',#10275,1.);
#10275 = DIRECTION('',(0.,-1.));
#10276 = ( GEOMETRIC_REPRESENTATION_CONTEXT(2) 
PARAMETRIC_REPRESENTATION_CONTEXT() REPRESENTATION_CONTEXT('2D SPACE',''
  ) );
#10277 = ORIENTED_EDGE('',*,*,#5775,.T.);
#10278 = ORIENTED_EDGE('',*,*,#10230,.F.);
#10279 = ADVANCED_FACE('',(#10280),#5763,.F.);
#10280 = FACE_BOUND('',#10281,.F.);
#10281 = EDGE_LOOP('',(#10282,#10283,#10304,#10305));
#10282 = ORIENTED_EDGE('',*,*,#8490,.T.);
#10283 = ORIENTED_EDGE('',*,*,#10284,.T.);
#10284 = EDGE_CURVE('',#8491,#5720,#10285,.T.);
#10285 = SURFACE_CURVE('',#10286,(#10290,#10297),.PCURVE_S1.);
#10286 = LINE('',#10287,#10288);
#10287 = CARTESIAN_POINT('',(-3.084227136594,-7.142038102663,12.2704));
#10288 = VECTOR('',#10289,1.);
#10289 = DIRECTION('',(0.,0.,1.));
#10290 = PCURVE('',#5763,#10291);
#10291 = DEFINITIONAL_REPRESENTATION('',(#10292),#10296);
#10292 = LINE('',#10293,#10294);
#10293 = CARTESIAN_POINT('',(0.,0.));
#10294 = VECTOR('',#10295,1.);
#10295 = DIRECTION('',(0.,-1.));
#10296 = ( GEOMETRIC_REPRESENTATION_CONTEXT(2) 
PARAMETRIC_REPRESENTATION_CONTEXT() REPRESENTATION_CONTEXT('2D SPACE',''
  ) );
#10297 = PCURVE('',#5735,#10298);
#10298 = DEFINITIONAL_REPRESENTATION('',(#10299),#10303);
#10299 = LINE('',#10300,#10301);
#10300 = CARTESIAN_POINT('',(0.704849437823,0.));
#10301 = VECTOR('',#10302,1.);
#10302 = DIRECTION('',(0.,-1.));
#10303 = ( GEOMETRIC_REPRESENTATION_CONTEXT(2) 
PARAMETRIC_REPRESENTATION_CONTEXT() REPRESENTATION_CONTEXT('2D SPACE',''
  ) );
#10304 = ORIENTED_EDGE('',*,*,#5747,.T.);
#10305 = ORIENTED_EDGE('',*,*,#10257,.F.);
#10306 = ADVANCED_FACE('',(#10307),#5735,.F.);
#10307 = FACE_BOUND('',#10308,.F.);
#10308 = EDGE_LOOP('',(#10309,#10310,#10331,#10332));
#10309 = ORIENTED_EDGE('',*,*,#8511,.T.);
#10310 = ORIENTED_EDGE('',*,*,#10311,.T.);
#10311 = EDGE_CURVE('',#8512,#5692,#10312,.T.);
#10312 = SURFACE_CURVE('',#10313,(#10317,#10324),.PCURVE_S1.);
#10313 = LINE('',#10314,#10315);
#10314 = CARTESIAN_POINT('',(-2.425133263181,-7.391854026955,12.2704));
#10315 = VECTOR('',#10316,1.);
#10316 = DIRECTION('',(0.,0.,1.));
#10317 = PCURVE('',#5735,#10318);
#10318 = DEFINITIONAL_REPRESENTATION('',(#10319),#10323);
#10319 = LINE('',#10320,#10321);
#10320 = CARTESIAN_POINT('',(0.,0.));
#10321 = VECTOR('',#10322,1.);
#10322 = DIRECTION('',(0.,-1.));
#10323 = ( GEOMETRIC_REPRESENTATION_CONTEXT(2) 
PARAMETRIC_REPRESENTATION_CONTEXT() REPRESENTATION_CONTEXT('2D SPACE',''
  ) );
#10324 = PCURVE('',#5707,#10325);
#10325 = DEFINITIONAL_REPRESENTATION('',(#10326),#10330);
#10326 = LINE('',#10327,#10328);
#10327 = CARTESIAN_POINT('',(0.751800778132,0.));
#10328 = VECTOR('',#10329,1.);
#10329 = DIRECTION('',(0.,-1.));
#10330 = ( GEOMETRIC_REPRESENTATION_CONTEXT(2) 
PARAMETRIC_REPRESENTATION_CONTEXT() REPRESENTATION_CONTEXT('2D SPACE',''
  ) );
#10331 = ORIENTED_EDGE('',*,*,#5719,.T.);
#10332 = ORIENTED_EDGE('',*,*,#10284,.F.);
#10333 = ADVANCED_FACE('',(#10334),#5707,.F.);
#10334 = FACE_BOUND('',#10335,.F.);
#10335 = EDGE_LOOP('',(#10336,#10337,#10358,#10359));
#10336 = ORIENTED_EDGE('',*,*,#8532,.T.);
#10337 = ORIENTED_EDGE('',*,*,#10338,.T.);
#10338 = EDGE_CURVE('',#8533,#5664,#10339,.T.);
#10339 = SURFACE_CURVE('',#10340,(#10344,#10351),.PCURVE_S1.);
#10340 = LINE('',#10341,#10342);
#10341 = CARTESIAN_POINT('',(-1.700299781928,-7.591405610398,12.2704));
#10342 = VECTOR('',#10343,1.);
#10343 = DIRECTION('',(0.,0.,1.));
#10344 = PCURVE('',#5707,#10345);
#10345 = DEFINITIONAL_REPRESENTATION('',(#10346),#10350);
#10346 = LINE('',#10347,#10348);
#10347 = CARTESIAN_POINT('',(0.,0.));
#10348 = VECTOR('',#10349,1.);
#10349 = DIRECTION('',(0.,-1.));
#10350 = ( GEOMETRIC_REPRESENTATION_CONTEXT(2) 
PARAMETRIC_REPRESENTATION_CONTEXT() REPRESENTATION_CONTEXT('2D SPACE',''
  ) );
#10351 = PCURVE('',#5679,#10352);
#10352 = DEFINITIONAL_REPRESENTATION('',(#10353),#10357);
#10353 = LINE('',#10354,#10355);
#10354 = CARTESIAN_POINT('',(0.751727004969,0.));
#10355 = VECTOR('',#10356,1.);
#10356 = DIRECTION('',(0.,-1.));
#10357 = ( GEOMETRIC_REPRESENTATION_CONTEXT(2) 
PARAMETRIC_REPRESENTATION_CONTEXT() REPRESENTATION_CONTEXT('2D SPACE',''
  ) );
#10358 = ORIENTED_EDGE('',*,*,#5691,.T.);
#10359 = ORIENTED_EDGE('',*,*,#10311,.F.);
#10360 = ADVANCED_FACE('',(#10361),#5679,.F.);
#10361 = FACE_BOUND('',#10362,.F.);
#10362 = EDGE_LOOP('',(#10363,#10364,#10385,#10386));
#10363 = ORIENTED_EDGE('',*,*,#8553,.T.);
#10364 = ORIENTED_EDGE('',*,*,#10365,.T.);
#10365 = EDGE_CURVE('',#8554,#5636,#10366,.T.);
#10366 = SURFACE_CURVE('',#10367,(#10371,#10378),.PCURVE_S1.);
#10367 = LINE('',#10368,#10369);
#10368 = CARTESIAN_POINT('',(-0.959645654477,-7.719955030817,12.2704));
#10369 = VECTOR('',#10370,1.);
#10370 = DIRECTION('',(0.,0.,1.));
#10371 = PCURVE('',#5679,#10372);
#10372 = DEFINITIONAL_REPRESENTATION('',(#10373),#10377);
#10373 = LINE('',#10374,#10375);
#10374 = CARTESIAN_POINT('',(0.,0.));
#10375 = VECTOR('',#10376,1.);
#10376 = DIRECTION('',(0.,-1.));
#10377 = ( GEOMETRIC_REPRESENTATION_CONTEXT(2) 
PARAMETRIC_REPRESENTATION_CONTEXT() REPRESENTATION_CONTEXT('2D SPACE',''
  ) );
#10378 = PCURVE('',#5651,#10379);
#10379 = DEFINITIONAL_REPRESENTATION('',(#10380),#10384);
#10380 = LINE('',#10381,#10382);
#10381 = CARTESIAN_POINT('',(4.619679171761,0.));
#10382 = VECTOR('',#10383,1.);
#10383 = DIRECTION('',(0.,-1.));
#10384 = ( GEOMETRIC_REPRESENTATION_CONTEXT(2) 
PARAMETRIC_REPRESENTATION_CONTEXT() REPRESENTATION_CONTEXT('2D SPACE',''
  ) );
#10385 = ORIENTED_EDGE('',*,*,#5663,.T.);
#10386 = ORIENTED_EDGE('',*,*,#10338,.F.);
#10387 = ADVANCED_FACE('',(#10388),#5651,.F.);
#10388 = FACE_BOUND('',#10389,.F.);
#10389 = EDGE_LOOP('',(#10390,#10391,#10412,#10413));
#10390 = ORIENTED_EDGE('',*,*,#8574,.T.);
#10391 = ORIENTED_EDGE('',*,*,#10392,.T.);
#10392 = EDGE_CURVE('',#8575,#5608,#10393,.T.);
#10393 = SURFACE_CURVE('',#10394,(#10398,#10405),.PCURVE_S1.);
#10394 = LINE('',#10395,#10396);
#10395 = CARTESIAN_POINT('',(3.103673057659,-9.917880574052,12.2704));
#10396 = VECTOR('',#10397,1.);
#10397 = DIRECTION('',(0.,0.,1.));
#10398 = PCURVE('',#5651,#10399);
#10399 = DEFINITIONAL_REPRESENTATION('',(#10400),#10404);
#10400 = LINE('',#10401,#10402);
#10401 = CARTESIAN_POINT('',(0.,0.));
#10402 = VECTOR('',#10403,1.);
#10403 = DIRECTION('',(0.,-1.));
#10404 = ( GEOMETRIC_REPRESENTATION_CONTEXT(2) 
PARAMETRIC_REPRESENTATION_CONTEXT() REPRESENTATION_CONTEXT('2D SPACE',''
  ) );
#10405 = PCURVE('',#5623,#10406);
#10406 = DEFINITIONAL_REPRESENTATION('',(#10407),#10411);
#10407 = LINE('',#10408,#10409);
#10408 = CARTESIAN_POINT('',(0.736889442182,0.));
#10409 = VECTOR('',#10410,1.);
#10410 = DIRECTION('',(0.,-1.));
#10411 = ( GEOMETRIC_REPRESENTATION_CONTEXT(2) 
PARAMETRIC_REPRESENTATION_CONTEXT() REPRESENTATION_CONTEXT('2D SPACE',''
  ) );
#10412 = ORIENTED_EDGE('',*,*,#5635,.T.);
#10413 = ORIENTED_EDGE('',*,*,#10365,.F.);
#10414 = ADVANCED_FACE('',(#10415),#5623,.F.);
#10415 = FACE_BOUND('',#10416,.F.);
#10416 = EDGE_LOOP('',(#10417,#10418,#10439,#10440));
#10417 = ORIENTED_EDGE('',*,*,#8595,.T.);
#10418 = ORIENTED_EDGE('',*,*,#10419,.T.);
#10419 = EDGE_CURVE('',#8596,#5580,#10420,.T.);
#10420 = SURFACE_CURVE('',#10421,(#10425,#10432),.PCURVE_S1.);
#10421 = LINE('',#10422,#10423);
#10422 = CARTESIAN_POINT('',(2.393058501039,-10.11290109071,12.2704));
#10423 = VECTOR('',#10424,1.);
#10424 = DIRECTION('',(0.,0.,1.));
#10425 = PCURVE('',#5623,#10426);
#10426 = DEFINITIONAL_REPRESENTATION('',(#10427),#10431);
#10427 = LINE('',#10428,#10429);
#10428 = CARTESIAN_POINT('',(0.,0.));
#10429 = VECTOR('',#10430,1.);
#10430 = DIRECTION('',(0.,-1.));
#10431 = ( GEOMETRIC_REPRESENTATION_CONTEXT(2) 
PARAMETRIC_REPRESENTATION_CONTEXT() REPRESENTATION_CONTEXT('2D SPACE',''
  ) );
#10432 = PCURVE('',#5595,#10433);
#10433 = DEFINITIONAL_REPRESENTATION('',(#10434),#10438);
#10434 = LINE('',#10435,#10436);
#10435 = CARTESIAN_POINT('',(0.869123052277,0.));
#10436 = VECTOR('',#10437,1.);
#10437 = DIRECTION('',(0.,-1.));
#10438 = ( GEOMETRIC_REPRESENTATION_CONTEXT(2) 
PARAMETRIC_REPRESENTATION_CONTEXT() REPRESENTATION_CONTEXT('2D SPACE',''
  ) );
#10439 = ORIENTED_EDGE('',*,*,#5607,.T.);
#10440 = ORIENTED_EDGE('',*,*,#10392,.F.);
#10441 = ADVANCED_FACE('',(#10442),#5595,.F.);
#10442 = FACE_BOUND('',#10443,.F.);
#10443 = EDGE_LOOP('',(#10444,#10445,#10466,#10467));
#10444 = ORIENTED_EDGE('',*,*,#8616,.T.);
#10445 = ORIENTED_EDGE('',*,*,#10446,.T.);
#10446 = EDGE_CURVE('',#8617,#5552,#10447,.T.);
#10447 = SURFACE_CURVE('',#10448,(#10452,#10459),.PCURVE_S1.);
#10448 = LINE('',#10449,#10450);
#10449 = CARTESIAN_POINT('',(1.539653015833,-10.27744275055,12.2704));
#10450 = VECTOR('',#10451,1.);
#10451 = DIRECTION('',(0.,0.,1.));
#10452 = PCURVE('',#5595,#10453);
#10453 = DEFINITIONAL_REPRESENTATION('',(#10454),#10458);
#10454 = LINE('',#10455,#10456);
#10455 = CARTESIAN_POINT('',(0.,0.));
#10456 = VECTOR('',#10457,1.);
#10457 = DIRECTION('',(0.,-1.));
#10458 = ( GEOMETRIC_REPRESENTATION_CONTEXT(2) 
PARAMETRIC_REPRESENTATION_CONTEXT() REPRESENTATION_CONTEXT('2D SPACE',''
  ) );
#10459 = PCURVE('',#5567,#10460);
#10460 = DEFINITIONAL_REPRESENTATION('',(#10461),#10465);
#10461 = LINE('',#10462,#10463);
#10462 = CARTESIAN_POINT('',(0.869113203213,0.));
#10463 = VECTOR('',#10464,1.);
#10464 = DIRECTION('',(0.,-1.));
#10465 = ( GEOMETRIC_REPRESENTATION_CONTEXT(2) 
PARAMETRIC_REPRESENTATION_CONTEXT() REPRESENTATION_CONTEXT('2D SPACE',''
  ) );
#10466 = ORIENTED_EDGE('',*,*,#5579,.T.);
#10467 = ORIENTED_EDGE('',*,*,#10419,.F.);
#10468 = ADVANCED_FACE('',(#10469),#5567,.F.);
#10469 = FACE_BOUND('',#10470,.F.);
#10470 = EDGE_LOOP('',(#10471,#10472,#10493,#10494));
#10471 = ORIENTED_EDGE('',*,*,#8637,.T.);
#10472 = ORIENTED_EDGE('',*,*,#10473,.T.);
#10473 = EDGE_CURVE('',#8638,#5524,#10474,.T.);
#10474 = SURFACE_CURVE('',#10475,(#10479,#10486),.PCURVE_S1.);
#10475 = LINE('',#10476,#10477);
#10476 = CARTESIAN_POINT('',(0.675503182377,-10.37019416744,12.2704));
#10477 = VECTOR('',#10478,1.);
#10478 = DIRECTION('',(0.,0.,1.));
#10479 = PCURVE('',#5567,#10480);
#10480 = DEFINITIONAL_REPRESENTATION('',(#10481),#10485);
#10481 = LINE('',#10482,#10483);
#10482 = CARTESIAN_POINT('',(0.,0.));
#10483 = VECTOR('',#10484,1.);
#10484 = DIRECTION('',(0.,-1.));
#10485 = ( GEOMETRIC_REPRESENTATION_CONTEXT(2) 
PARAMETRIC_REPRESENTATION_CONTEXT() REPRESENTATION_CONTEXT('2D SPACE',''
  ) );
#10486 = PCURVE('',#5539,#10487);
#10487 = DEFINITIONAL_REPRESENTATION('',(#10488),#10492);
#10488 = LINE('',#10489,#10490);
#10489 = CARTESIAN_POINT('',(0.869121032998,0.));
#10490 = VECTOR('',#10491,1.);
#10491 = DIRECTION('',(0.,-1.));
#10492 = ( GEOMETRIC_REPRESENTATION_CONTEXT(2) 
PARAMETRIC_REPRESENTATION_CONTEXT() REPRESENTATION_CONTEXT('2D SPACE',''
  ) );
#10493 = ORIENTED_EDGE('',*,*,#5551,.T.);
#10494 = ORIENTED_EDGE('',*,*,#10446,.F.);
#10495 = ADVANCED_FACE('',(#10496),#5539,.F.);
#10496 = FACE_BOUND('',#10497,.F.);
#10497 = EDGE_LOOP('',(#10498,#10499,#10520,#10521));
#10498 = ORIENTED_EDGE('',*,*,#8658,.T.);
#10499 = ORIENTED_EDGE('',*,*,#10500,.T.);
#10500 = EDGE_CURVE('',#8659,#5496,#10501,.T.);
#10501 = SURFACE_CURVE('',#10502,(#10506,#10513),.PCURVE_S1.);
#10502 = LINE('',#10503,#10504);
#10503 = CARTESIAN_POINT('',(-0.193384077393,-10.39035104741,12.2704));
#10504 = VECTOR('',#10505,1.);
#10505 = DIRECTION('',(0.,0.,1.));
#10506 = PCURVE('',#5539,#10507);
#10507 = DEFINITIONAL_REPRESENTATION('',(#10508),#10512);
#10508 = LINE('',#10509,#10510);
#10509 = CARTESIAN_POINT('',(0.,0.));
#10510 = VECTOR('',#10511,1.);
#10511 = DIRECTION('',(0.,-1.));
#10512 = ( GEOMETRIC_REPRESENTATION_CONTEXT(2) 
PARAMETRIC_REPRESENTATION_CONTEXT() REPRESENTATION_CONTEXT('2D SPACE',''
  ) );
#10513 = PCURVE('',#5511,#10514);
#10514 = DEFINITIONAL_REPRESENTATION('',(#10515),#10519);
#10515 = LINE('',#10516,#10517);
#10516 = CARTESIAN_POINT('',(0.869070273338,0.));
#10517 = VECTOR('',#10518,1.);
#10518 = DIRECTION('',(0.,-1.));
#10519 = ( GEOMETRIC_REPRESENTATION_CONTEXT(2) 
PARAMETRIC_REPRESENTATION_CONTEXT() REPRESENTATION_CONTEXT('2D SPACE',''
  ) );
#10520 = ORIENTED_EDGE('',*,*,#5523,.T.);
#10521 = ORIENTED_EDGE('',*,*,#10473,.F.);
#10522 = ADVANCED_FACE('',(#10523),#5511,.F.);
#10523 = FACE_BOUND('',#10524,.F.);
#10524 = EDGE_LOOP('',(#10525,#10526,#10547,#10548));
#10525 = ORIENTED_EDGE('',*,*,#8679,.T.);
#10526 = ORIENTED_EDGE('',*,*,#10527,.T.);
#10527 = EDGE_CURVE('',#8680,#5468,#10528,.T.);
#10528 = SURFACE_CURVE('',#10529,(#10533,#10540),.PCURVE_S1.);
#10529 = LINE('',#10530,#10531);
#10530 = CARTESIAN_POINT('',(-1.060868828835,-10.3378787117,12.2704));
#10531 = VECTOR('',#10532,1.);
#10532 = DIRECTION('',(0.,0.,1.));
#10533 = PCURVE('',#5511,#10534);
#10534 = DEFINITIONAL_REPRESENTATION('',(#10535),#10539);
#10535 = LINE('',#10536,#10537);
#10536 = CARTESIAN_POINT('',(0.,0.));
#10537 = VECTOR('',#10538,1.);
#10538 = DIRECTION('',(0.,-1.));
#10539 = ( GEOMETRIC_REPRESENTATION_CONTEXT(2) 
PARAMETRIC_REPRESENTATION_CONTEXT() REPRESENTATION_CONTEXT('2D SPACE',''
  ) );
#10540 = PCURVE('',#5483,#10541);
#10541 = DEFINITIONAL_REPRESENTATION('',(#10542),#10546);
#10542 = LINE('',#10543,#10544);
#10543 = CARTESIAN_POINT('',(0.869147450091,0.));
#10544 = VECTOR('',#10545,1.);
#10545 = DIRECTION('',(0.,-1.));
#10546 = ( GEOMETRIC_REPRESENTATION_CONTEXT(2) 
PARAMETRIC_REPRESENTATION_CONTEXT() REPRESENTATION_CONTEXT('2D SPACE',''
  ) );
#10547 = ORIENTED_EDGE('',*,*,#5495,.T.);
#10548 = ORIENTED_EDGE('',*,*,#10500,.F.);
#10549 = ADVANCED_FACE('',(#10550),#5483,.F.);
#10550 = FACE_BOUND('',#10551,.F.);
#10551 = EDGE_LOOP('',(#10552,#10553,#10574,#10575));
#10552 = ORIENTED_EDGE('',*,*,#8700,.T.);
#10553 = ORIENTED_EDGE('',*,*,#10554,.T.);
#10554 = EDGE_CURVE('',#8701,#5440,#10555,.T.);
#10555 = SURFACE_CURVE('',#10556,(#10560,#10567),.PCURVE_S1.);
#10556 = LINE('',#10557,#10558);
#10557 = CARTESIAN_POINT('',(-1.921011137311,-10.21308889172,12.2704));
#10558 = VECTOR('',#10559,1.);
#10559 = DIRECTION('',(0.,0.,1.));
#10560 = PCURVE('',#5483,#10561);
#10561 = DEFINITIONAL_REPRESENTATION('',(#10562),#10566);
#10562 = LINE('',#10563,#10564);
#10563 = CARTESIAN_POINT('',(0.,0.));
#10564 = VECTOR('',#10565,1.);
#10565 = DIRECTION('',(0.,-1.));
#10566 = ( GEOMETRIC_REPRESENTATION_CONTEXT(2) 
PARAMETRIC_REPRESENTATION_CONTEXT() REPRESENTATION_CONTEXT('2D SPACE',''
  ) );
#10567 = PCURVE('',#5455,#10568);
#10568 = DEFINITIONAL_REPRESENTATION('',(#10569),#10573);
#10569 = LINE('',#10570,#10571);
#10570 = CARTESIAN_POINT('',(0.869063432668,0.));
#10571 = VECTOR('',#10572,1.);
#10572 = DIRECTION('',(0.,-1.));
#10573 = ( GEOMETRIC_REPRESENTATION_CONTEXT(2) 
PARAMETRIC_REPRESENTATION_CONTEXT() REPRESENTATION_CONTEXT('2D SPACE',''
  ) );
#10574 = ORIENTED_EDGE('',*,*,#5467,.T.);
#10575 = ORIENTED_EDGE('',*,*,#10527,.F.);
#10576 = ADVANCED_FACE('',(#10577),#5455,.F.);
#10577 = FACE_BOUND('',#10578,.F.);
#10578 = EDGE_LOOP('',(#10579,#10580,#10601,#10602));
#10579 = ORIENTED_EDGE('',*,*,#8721,.T.);
#10580 = ORIENTED_EDGE('',*,*,#10581,.T.);
#10581 = EDGE_CURVE('',#8722,#5412,#10582,.T.);
#10582 = SURFACE_CURVE('',#10583,(#10587,#10594),.PCURVE_S1.);
#10583 = LINE('',#10584,#10585);
#10584 = CARTESIAN_POINT('',(-2.767638055477,-10.01688972904,12.2704));
#10585 = VECTOR('',#10586,1.);
#10586 = DIRECTION('',(0.,0.,1.));
#10587 = PCURVE('',#5455,#10588);
#10588 = DEFINITIONAL_REPRESENTATION('',(#10589),#10593);
#10589 = LINE('',#10590,#10591);
#10590 = CARTESIAN_POINT('',(0.,0.));
#10591 = VECTOR('',#10592,1.);
#10592 = DIRECTION('',(0.,-1.));
#10593 = ( GEOMETRIC_REPRESENTATION_CONTEXT(2) 
PARAMETRIC_REPRESENTATION_CONTEXT() REPRESENTATION_CONTEXT('2D SPACE',''
  ) );
#10594 = PCURVE('',#5427,#10595);
#10595 = DEFINITIONAL_REPRESENTATION('',(#10596),#10600);
#10596 = LINE('',#10597,#10598);
#10597 = CARTESIAN_POINT('',(0.869183001444,0.));
#10598 = VECTOR('',#10599,1.);
#10599 = DIRECTION('',(0.,-1.));
#10600 = ( GEOMETRIC_REPRESENTATION_CONTEXT(2) 
PARAMETRIC_REPRESENTATION_CONTEXT() REPRESENTATION_CONTEXT('2D SPACE',''
  ) );
#10601 = ORIENTED_EDGE('',*,*,#5439,.T.);
#10602 = ORIENTED_EDGE('',*,*,#10554,.F.);
#10603 = ADVANCED_FACE('',(#10604),#5427,.F.);
#10604 = FACE_BOUND('',#10605,.F.);
#10605 = EDGE_LOOP('',(#10606,#10607,#10628,#10629));
#10606 = ORIENTED_EDGE('',*,*,#8742,.T.);
#10607 = ORIENTED_EDGE('',*,*,#10608,.T.);
#10608 = EDGE_CURVE('',#8743,#5384,#10609,.T.);
#10609 = SURFACE_CURVE('',#10610,(#10614,#10621),.PCURVE_S1.);
#10610 = LINE('',#10611,#10612);
#10611 = CARTESIAN_POINT('',(-3.594999841072,-9.750522377939,12.2704));
#10612 = VECTOR('',#10613,1.);
#10613 = DIRECTION('',(0.,0.,1.));
#10614 = PCURVE('',#5427,#10615);
#10615 = DEFINITIONAL_REPRESENTATION('',(#10616),#10620);
#10616 = LINE('',#10617,#10618);
#10617 = CARTESIAN_POINT('',(0.,0.));
#10618 = VECTOR('',#10619,1.);
#10619 = DIRECTION('',(0.,-1.));
#10620 = ( GEOMETRIC_REPRESENTATION_CONTEXT(2) 
PARAMETRIC_REPRESENTATION_CONTEXT() REPRESENTATION_CONTEXT('2D SPACE',''
  ) );
#10621 = PCURVE('',#5399,#10622);
#10622 = DEFINITIONAL_REPRESENTATION('',(#10623),#10627);
#10623 = LINE('',#10624,#10625);
#10624 = CARTESIAN_POINT('',(0.869069370074,0.));
#10625 = VECTOR('',#10626,1.);
#10626 = DIRECTION('',(0.,-1.));
#10627 = ( GEOMETRIC_REPRESENTATION_CONTEXT(2) 
PARAMETRIC_REPRESENTATION_CONTEXT() REPRESENTATION_CONTEXT('2D SPACE',''
  ) );
#10628 = ORIENTED_EDGE('',*,*,#5411,.T.);
#10629 = ORIENTED_EDGE('',*,*,#10581,.F.);
#10630 = ADVANCED_FACE('',(#10631),#5399,.F.);
#10631 = FACE_BOUND('',#10632,.F.);
#10632 = EDGE_LOOP('',(#10633,#10634,#10655,#10656));
#10633 = ORIENTED_EDGE('',*,*,#8763,.T.);
#10634 = ORIENTED_EDGE('',*,*,#10635,.T.);
#10635 = EDGE_CURVE('',#8764,#5356,#10636,.T.);
#10636 = SURFACE_CURVE('',#10637,(#10641,#10648),.PCURVE_S1.);
#10637 = LINE('',#10638,#10639);
#10638 = CARTESIAN_POINT('',(-4.397127136594,-9.416047607921,12.2704));
#10639 = VECTOR('',#10640,1.);
#10640 = DIRECTION('',(0.,0.,1.));
#10641 = PCURVE('',#5399,#10642);
#10642 = DEFINITIONAL_REPRESENTATION('',(#10643),#10647);
#10643 = LINE('',#10644,#10645);
#10644 = CARTESIAN_POINT('',(0.,0.));
#10645 = VECTOR('',#10646,1.);
#10646 = DIRECTION('',(0.,-1.));
#10647 = ( GEOMETRIC_REPRESENTATION_CONTEXT(2) 
PARAMETRIC_REPRESENTATION_CONTEXT() REPRESENTATION_CONTEXT('2D SPACE',''
  ) );
#10648 = PCURVE('',#5371,#10649);
#10649 = DEFINITIONAL_REPRESENTATION('',(#10650),#10654);
#10650 = LINE('',#10651,#10652);
#10651 = CARTESIAN_POINT('',(0.3469,0.));
#10652 = VECTOR('',#10653,1.);
#10653 = DIRECTION('',(0.,-1.));
#10654 = ( GEOMETRIC_REPRESENTATION_CONTEXT(2) 
PARAMETRIC_REPRESENTATION_CONTEXT() REPRESENTATION_CONTEXT('2D SPACE',''
  ) );
#10655 = ORIENTED_EDGE('',*,*,#5383,.T.);
#10656 = ORIENTED_EDGE('',*,*,#10608,.F.);
#10657 = ADVANCED_FACE('',(#10658),#5371,.F.);
#10658 = FACE_BOUND('',#10659,.F.);
#10659 = EDGE_LOOP('',(#10660,#10661,#10682,#10683));
#10660 = ORIENTED_EDGE('',*,*,#8784,.T.);
#10661 = ORIENTED_EDGE('',*,*,#10662,.T.);
#10662 = EDGE_CURVE('',#8785,#5328,#10663,.T.);
#10663 = SURFACE_CURVE('',#10664,(#10668,#10675),.PCURVE_S1.);
#10664 = LINE('',#10665,#10666);
#10665 = CARTESIAN_POINT('',(-4.570577136594,-9.716471820493,12.2704));
#10666 = VECTOR('',#10667,1.);
#10667 = DIRECTION('',(0.,0.,1.));
#10668 = PCURVE('',#5371,#10669);
#10669 = DEFINITIONAL_REPRESENTATION('',(#10670),#10674);
#10670 = LINE('',#10671,#10672);
#10671 = CARTESIAN_POINT('',(0.,0.));
#10672 = VECTOR('',#10673,1.);
#10673 = DIRECTION('',(0.,-1.));
#10674 = ( GEOMETRIC_REPRESENTATION_CONTEXT(2) 
PARAMETRIC_REPRESENTATION_CONTEXT() REPRESENTATION_CONTEXT('2D SPACE',''
  ) );
#10675 = PCURVE('',#5343,#10676);
#10676 = DEFINITIONAL_REPRESENTATION('',(#10677),#10681);
#10677 = LINE('',#10678,#10679);
#10678 = CARTESIAN_POINT('',(2.,0.));
#10679 = VECTOR('',#10680,1.);
#10680 = DIRECTION('',(0.,-1.));
#10681 = ( GEOMETRIC_REPRESENTATION_CONTEXT(2) 
PARAMETRIC_REPRESENTATION_CONTEXT() REPRESENTATION_CONTEXT('2D SPACE',''
  ) );
#10682 = ORIENTED_EDGE('',*,*,#5355,.T.);
#10683 = ORIENTED_EDGE('',*,*,#10635,.F.);
#10684 = ADVANCED_FACE('',(#10685),#5343,.F.);
#10685 = FACE_BOUND('',#10686,.F.);
#10686 = EDGE_LOOP('',(#10687,#10688,#10709,#10710));
#10687 = ORIENTED_EDGE('',*,*,#8805,.T.);
#10688 = ORIENTED_EDGE('',*,*,#10689,.T.);
#10689 = EDGE_CURVE('',#8806,#5300,#10690,.T.);
#10690 = SURFACE_CURVE('',#10691,(#10695,#10702),.PCURVE_S1.);
#10691 = LINE('',#10692,#10693);
#10692 = CARTESIAN_POINT('',(-6.302627944163,-8.716471820493,12.2704));
#10693 = VECTOR('',#10694,1.);
#10694 = DIRECTION('',(0.,0.,1.));
#10695 = PCURVE('',#5343,#10696);
#10696 = DEFINITIONAL_REPRESENTATION('',(#10697),#10701);
#10697 = LINE('',#10698,#10699);
#10698 = CARTESIAN_POINT('',(0.,0.));
#10699 = VECTOR('',#10700,1.);
#10700 = DIRECTION('',(0.,-1.));
#10701 = ( GEOMETRIC_REPRESENTATION_CONTEXT(2) 
PARAMETRIC_REPRESENTATION_CONTEXT() REPRESENTATION_CONTEXT('2D SPACE',''
  ) );
#10702 = PCURVE('',#5315,#10703);
#10703 = DEFINITIONAL_REPRESENTATION('',(#10704),#10708);
#10704 = LINE('',#10705,#10706);
#10705 = CARTESIAN_POINT('',(0.3662,0.));
#10706 = VECTOR('',#10707,1.);
#10707 = DIRECTION('',(0.,-1.));
#10708 = ( GEOMETRIC_REPRESENTATION_CONTEXT(2) 
PARAMETRIC_REPRESENTATION_CONTEXT() REPRESENTATION_CONTEXT('2D SPACE',''
  ) );
#10709 = ORIENTED_EDGE('',*,*,#5327,.T.);
#10710 = ORIENTED_EDGE('',*,*,#10662,.F.);
#10711 = ADVANCED_FACE('',(#10712),#5315,.F.);
#10712 = FACE_BOUND('',#10713,.F.);
#10713 = EDGE_LOOP('',(#10714,#10715,#10736,#10737));
#10714 = ORIENTED_EDGE('',*,*,#8826,.T.);
#10715 = ORIENTED_EDGE('',*,*,#10716,.T.);
#10716 = EDGE_CURVE('',#8827,#5272,#10717,.T.);
#10717 = SURFACE_CURVE('',#10718,(#10722,#10729),.PCURVE_S1.);
#10718 = LINE('',#10719,#10720);
#10719 = CARTESIAN_POINT('',(-6.119527944163,-8.399333317628,12.2704));
#10720 = VECTOR('',#10721,1.);
#10721 = DIRECTION('',(0.,0.,1.));
#10722 = PCURVE('',#5315,#10723);
#10723 = DEFINITIONAL_REPRESENTATION('',(#10724),#10728);
#10724 = LINE('',#10725,#10726);
#10725 = CARTESIAN_POINT('',(0.,0.));
#10726 = VECTOR('',#10727,1.);
#10727 = DIRECTION('',(0.,-1.));
#10728 = ( GEOMETRIC_REPRESENTATION_CONTEXT(2) 
PARAMETRIC_REPRESENTATION_CONTEXT() REPRESENTATION_CONTEXT('2D SPACE',''
  ) );
#10729 = PCURVE('',#5287,#10730);
#10730 = DEFINITIONAL_REPRESENTATION('',(#10731),#10735);
#10731 = LINE('',#10732,#10733);
#10732 = CARTESIAN_POINT('',(0.536056163102,0.));
#10733 = VECTOR('',#10734,1.);
#10734 = DIRECTION('',(0.,-1.));
#10735 = ( GEOMETRIC_REPRESENTATION_CONTEXT(2) 
PARAMETRIC_REPRESENTATION_CONTEXT() REPRESENTATION_CONTEXT('2D SPACE',''
  ) );
#10736 = ORIENTED_EDGE('',*,*,#5299,.T.);
#10737 = ORIENTED_EDGE('',*,*,#10689,.F.);
#10738 = ADVANCED_FACE('',(#10739),#5287,.F.);
#10739 = FACE_BOUND('',#10740,.F.);
#10740 = EDGE_LOOP('',(#10741,#10742,#10763,#10764));
#10741 = ORIENTED_EDGE('',*,*,#8847,.T.);
#10742 = ORIENTED_EDGE('',*,*,#10743,.T.);
#10743 = EDGE_CURVE('',#8848,#5244,#10744,.T.);
#10744 = SURFACE_CURVE('',#10745,(#10749,#10756),.PCURVE_S1.);
#10745 = LINE('',#10746,#10747);
#10746 = CARTESIAN_POINT('',(-6.544483843734,-8.072578526661,12.2704));
#10747 = VECTOR('',#10748,1.);
#10748 = DIRECTION('',(0.,0.,1.));
#10749 = PCURVE('',#5287,#10750);
#10750 = DEFINITIONAL_REPRESENTATION('',(#10751),#10755);
#10751 = LINE('',#10752,#10753);
#10752 = CARTESIAN_POINT('',(0.,0.));
#10753 = VECTOR('',#10754,1.);
#10754 = DIRECTION('',(0.,-1.));
#10755 = ( GEOMETRIC_REPRESENTATION_CONTEXT(2) 
PARAMETRIC_REPRESENTATION_CONTEXT() REPRESENTATION_CONTEXT('2D SPACE',''
  ) );
#10756 = PCURVE('',#5259,#10757);
#10757 = DEFINITIONAL_REPRESENTATION('',(#10758),#10762);
#10758 = LINE('',#10759,#10760);
#10759 = CARTESIAN_POINT('',(0.869129708386,0.));
#10760 = VECTOR('',#10761,1.);
#10761 = DIRECTION('',(0.,-1.));
#10762 = ( GEOMETRIC_REPRESENTATION_CONTEXT(2) 
PARAMETRIC_REPRESENTATION_CONTEXT() REPRESENTATION_CONTEXT('2D SPACE',''
  ) );
#10763 = ORIENTED_EDGE('',*,*,#5271,.T.);
#10764 = ORIENTED_EDGE('',*,*,#10716,.F.);
#10765 = ADVANCED_FACE('',(#10766),#5259,.F.);
#10766 = FACE_BOUND('',#10767,.F.);
#10767 = EDGE_LOOP('',(#10768,#10769,#10790,#10791));
#10768 = ORIENTED_EDGE('',*,*,#8868,.T.);
#10769 = ORIENTED_EDGE('',*,*,#10770,.T.);
#10770 = EDGE_CURVE('',#8869,#5216,#10771,.T.);
#10771 = SURFACE_CURVE('',#10772,(#10776,#10783),.PCURVE_S1.);
#10772 = LINE('',#10773,#10774);
#10773 = CARTESIAN_POINT('',(-7.196150885218,-7.497498952129,12.2704));
#10774 = VECTOR('',#10775,1.);
#10775 = DIRECTION('',(0.,0.,1.));
#10776 = PCURVE('',#5259,#10777);
#10777 = DEFINITIONAL_REPRESENTATION('',(#10778),#10782);
#10778 = LINE('',#10779,#10780);
#10779 = CARTESIAN_POINT('',(0.,0.));
#10780 = VECTOR('',#10781,1.);
#10781 = DIRECTION('',(0.,-1.));
#10782 = ( GEOMETRIC_REPRESENTATION_CONTEXT(2) 
PARAMETRIC_REPRESENTATION_CONTEXT() REPRESENTATION_CONTEXT('2D SPACE',''
  ) );
#10783 = PCURVE('',#5231,#10784);
#10784 = DEFINITIONAL_REPRESENTATION('',(#10785),#10789);
#10785 = LINE('',#10786,#10787);
#10786 = CARTESIAN_POINT('',(0.869104188231,0.));
#10787 = VECTOR('',#10788,1.);
#10788 = DIRECTION('',(0.,-1.));
#10789 = ( GEOMETRIC_REPRESENTATION_CONTEXT(2) 
PARAMETRIC_REPRESENTATION_CONTEXT() REPRESENTATION_CONTEXT('2D SPACE',''
  ) );
#10790 = ORIENTED_EDGE('',*,*,#5243,.T.);
#10791 = ORIENTED_EDGE('',*,*,#10743,.F.);
#10792 = ADVANCED_FACE('',(#10793),#5231,.F.);
#10793 = FACE_BOUND('',#10794,.F.);
#10794 = EDGE_LOOP('',(#10795,#10796,#10817,#10818));
#10795 = ORIENTED_EDGE('',*,*,#8889,.T.);
#10796 = ORIENTED_EDGE('',*,*,#10797,.T.);
#10797 = EDGE_CURVE('',#8890,#5188,#10798,.T.);
#10798 = SURFACE_CURVE('',#10799,(#10803,#10810),.PCURVE_S1.);
#10799 = LINE('',#10800,#10801);
#10800 = CARTESIAN_POINT('',(-7.797449084676,-6.86997798409,12.2704));
#10801 = VECTOR('',#10802,1.);
#10802 = DIRECTION('',(0.,0.,1.));
#10803 = PCURVE('',#5231,#10804);
#10804 = DEFINITIONAL_REPRESENTATION('',(#10805),#10809);
#10805 = LINE('',#10806,#10807);
#10806 = CARTESIAN_POINT('',(0.,0.));
#10807 = VECTOR('',#10808,1.);
#10808 = DIRECTION('',(0.,-1.));
#10809 = ( GEOMETRIC_REPRESENTATION_CONTEXT(2) 
PARAMETRIC_REPRESENTATION_CONTEXT() REPRESENTATION_CONTEXT('2D SPACE',''
  ) );
#10810 = PCURVE('',#5203,#10811);
#10811 = DEFINITIONAL_REPRESENTATION('',(#10812),#10816);
#10812 = LINE('',#10813,#10814);
#10813 = CARTESIAN_POINT('',(0.869081267776,0.));
#10814 = VECTOR('',#10815,1.);
#10815 = DIRECTION('',(0.,-1.));
#10816 = ( GEOMETRIC_REPRESENTATION_CONTEXT(2) 
PARAMETRIC_REPRESENTATION_CONTEXT() REPRESENTATION_CONTEXT('2D SPACE',''
  ) );
#10817 = ORIENTED_EDGE('',*,*,#5215,.T.);
#10818 = ORIENTED_EDGE('',*,*,#10770,.F.);
#10819 = ADVANCED_FACE('',(#10820),#5203,.F.);
#10820 = FACE_BOUND('',#10821,.F.);
#10821 = EDGE_LOOP('',(#10822,#10823,#10844,#10845));
#10822 = ORIENTED_EDGE('',*,*,#8910,.T.);
#10823 = ORIENTED_EDGE('',*,*,#10824,.T.);
#10824 = EDGE_CURVE('',#8911,#5160,#10825,.T.);
#10825 = SURFACE_CURVE('',#10826,(#10830,#10837),.PCURVE_S1.);
#10826 = LINE('',#10827,#10828);
#10827 = CARTESIAN_POINT('',(-8.344255494766,-6.194474468271,12.2704));
#10828 = VECTOR('',#10829,1.);
#10829 = DIRECTION('',(0.,0.,1.));
#10830 = PCURVE('',#5203,#10831);
#10831 = DEFINITIONAL_REPRESENTATION('',(#10832),#10836);
#10832 = LINE('',#10833,#10834);
#10833 = CARTESIAN_POINT('',(0.,0.));
#10834 = VECTOR('',#10835,1.);
#10835 = DIRECTION('',(0.,-1.));
#10836 = ( GEOMETRIC_REPRESENTATION_CONTEXT(2) 
PARAMETRIC_REPRESENTATION_CONTEXT() REPRESENTATION_CONTEXT('2D SPACE',''
  ) );
#10837 = PCURVE('',#5175,#10838);
#10838 = DEFINITIONAL_REPRESENTATION('',(#10839),#10843);
#10839 = LINE('',#10840,#10841);
#10840 = CARTESIAN_POINT('',(0.869100868714,0.));
#10841 = VECTOR('',#10842,1.);
#10842 = DIRECTION('',(0.,-1.));
#10843 = ( GEOMETRIC_REPRESENTATION_CONTEXT(2) 
PARAMETRIC_REPRESENTATION_CONTEXT() REPRESENTATION_CONTEXT('2D SPACE',''
  ) );
#10844 = ORIENTED_EDGE('',*,*,#5187,.T.);
#10845 = ORIENTED_EDGE('',*,*,#10797,.F.);
#10846 = ADVANCED_FACE('',(#10847),#5175,.F.);
#10847 = FACE_BOUND('',#10848,.F.);
#10848 = EDGE_LOOP('',(#10849,#10850,#10871,#10872));
#10849 = ORIENTED_EDGE('',*,*,#8931,.T.);
#10850 = ORIENTED_EDGE('',*,*,#10851,.T.);
#10851 = EDGE_CURVE('',#8932,#5132,#10852,.T.);
#10852 = SURFACE_CURVE('',#10853,(#10857,#10864),.PCURVE_S1.);
#10853 = LINE('',#10854,#10855);
#10854 = CARTESIAN_POINT('',(-8.832633770687,-5.475570455479,12.2704));
#10855 = VECTOR('',#10856,1.);
#10856 = DIRECTION('',(0.,0.,1.));
#10857 = PCURVE('',#5175,#10858);
#10858 = DEFINITIONAL_REPRESENTATION('',(#10859),#10863);
#10859 = LINE('',#10860,#10861);
#10860 = CARTESIAN_POINT('',(0.,0.));
#10861 = VECTOR('',#10862,1.);
#10862 = DIRECTION('',(0.,-1.));
#10863 = ( GEOMETRIC_REPRESENTATION_CONTEXT(2) 
PARAMETRIC_REPRESENTATION_CONTEXT() REPRESENTATION_CONTEXT('2D SPACE',''
  ) );
#10864 = PCURVE('',#5147,#10865);
#10865 = DEFINITIONAL_REPRESENTATION('',(#10866),#10870);
#10866 = LINE('',#10867,#10868);
#10867 = CARTESIAN_POINT('',(0.869121032998,0.));
#10868 = VECTOR('',#10869,1.);
#10869 = DIRECTION('',(0.,-1.));
#10870 = ( GEOMETRIC_REPRESENTATION_CONTEXT(2) 
PARAMETRIC_REPRESENTATION_CONTEXT() REPRESENTATION_CONTEXT('2D SPACE',''
  ) );
#10871 = ORIENTED_EDGE('',*,*,#5159,.T.);
#10872 = ORIENTED_EDGE('',*,*,#10824,.F.);
#10873 = ADVANCED_FACE('',(#10874),#5147,.F.);
#10874 = FACE_BOUND('',#10875,.F.);
#10875 = EDGE_LOOP('',(#10876,#10877,#10898,#10899));
#10876 = ORIENTED_EDGE('',*,*,#8952,.T.);
#10877 = ORIENTED_EDGE('',*,*,#10878,.T.);
#10878 = EDGE_CURVE('',#8953,#5104,#10879,.T.);
#10879 = SURFACE_CURVE('',#10880,(#10884,#10891),.PCURVE_S1.);
#10880 = LINE('',#10881,#10882);
#10881 = CARTESIAN_POINT('',(-9.259307375258,-4.718390816845,12.2704));
#10882 = VECTOR('',#10883,1.);
#10883 = DIRECTION('',(0.,0.,1.));
#10884 = PCURVE('',#5147,#10885);
#10885 = DEFINITIONAL_REPRESENTATION('',(#10886),#10890);
#10886 = LINE('',#10887,#10888);
#10887 = CARTESIAN_POINT('',(0.,0.));
#10888 = VECTOR('',#10889,1.);
#10889 = DIRECTION('',(0.,-1.));
#10890 = ( GEOMETRIC_REPRESENTATION_CONTEXT(2) 
PARAMETRIC_REPRESENTATION_CONTEXT() REPRESENTATION_CONTEXT('2D SPACE',''
  ) );
#10891 = PCURVE('',#5119,#10892);
#10892 = DEFINITIONAL_REPRESENTATION('',(#10893),#10897);
#10893 = LINE('',#10894,#10895);
#10894 = CARTESIAN_POINT('',(0.869128189625,0.));
#10895 = VECTOR('',#10896,1.);
#10896 = DIRECTION('',(0.,-1.));
#10897 = ( GEOMETRIC_REPRESENTATION_CONTEXT(2) 
PARAMETRIC_REPRESENTATION_CONTEXT() REPRESENTATION_CONTEXT('2D SPACE',''
  ) );
#10898 = ORIENTED_EDGE('',*,*,#5131,.T.);
#10899 = ORIENTED_EDGE('',*,*,#10851,.F.);
#10900 = ADVANCED_FACE('',(#10901),#5119,.F.);
#10901 = FACE_BOUND('',#10902,.F.);
#10902 = EDGE_LOOP('',(#10903,#10904,#10925,#10926));
#10903 = ORIENTED_EDGE('',*,*,#8973,.T.);
#10904 = ORIENTED_EDGE('',*,*,#10905,.T.);
#10905 = EDGE_CURVE('',#8974,#5076,#10906,.T.);
#10906 = SURFACE_CURVE('',#10907,(#10911,#10918),.PCURVE_S1.);
#10907 = LINE('',#10908,#10909);
#10908 = CARTESIAN_POINT('',(-9.62118637384,-3.92818362858,12.2704));
#10909 = VECTOR('',#10910,1.);
#10910 = DIRECTION('',(0.,0.,1.));
#10911 = PCURVE('',#5119,#10912);
#10912 = DEFINITIONAL_REPRESENTATION('',(#10913),#10917);
#10913 = LINE('',#10914,#10915);
#10914 = CARTESIAN_POINT('',(0.,0.));
#10915 = VECTOR('',#10916,1.);
#10916 = DIRECTION('',(0.,-1.));
#10917 = ( GEOMETRIC_REPRESENTATION_CONTEXT(2) 
PARAMETRIC_REPRESENTATION_CONTEXT() REPRESENTATION_CONTEXT('2D SPACE',''
  ) );
#10918 = PCURVE('',#5091,#10919);
#10919 = DEFINITIONAL_REPRESENTATION('',(#10920),#10924);
#10920 = LINE('',#10921,#10922);
#10921 = CARTESIAN_POINT('',(0.869056873858,0.));
#10922 = VECTOR('',#10923,1.);
#10923 = DIRECTION('',(0.,-1.));
#10924 = ( GEOMETRIC_REPRESENTATION_CONTEXT(2) 
PARAMETRIC_REPRESENTATION_CONTEXT() REPRESENTATION_CONTEXT('2D SPACE',''
  ) );
#10925 = ORIENTED_EDGE('',*,*,#5103,.T.);
#10926 = ORIENTED_EDGE('',*,*,#10878,.F.);
#10927 = ADVANCED_FACE('',(#10928),#5091,.F.);
#10928 = FACE_BOUND('',#10929,.F.);
#10929 = EDGE_LOOP('',(#10930,#10931,#10952,#10953));
#10930 = ORIENTED_EDGE('',*,*,#8994,.T.);
#10931 = ORIENTED_EDGE('',*,*,#10932,.T.);
#10932 = EDGE_CURVE('',#8995,#5048,#10933,.T.);
#10933 = SURFACE_CURVE('',#10934,(#10938,#10945),.PCURVE_S1.);
#10934 = LINE('',#10935,#10936);
#10935 = CARTESIAN_POINT('',(-9.915740639412,-3.110566582137,12.2704));
#10936 = VECTOR('',#10937,1.);
#10937 = DIRECTION('',(0.,0.,1.));
#10938 = PCURVE('',#5091,#10939);
#10939 = DEFINITIONAL_REPRESENTATION('',(#10940),#10944);
#10940 = LINE('',#10941,#10942);
#10941 = CARTESIAN_POINT('',(0.,0.));
#10942 = VECTOR('',#10943,1.);
#10943 = DIRECTION('',(0.,-1.));
#10944 = ( GEOMETRIC_REPRESENTATION_CONTEXT(2) 
PARAMETRIC_REPRESENTATION_CONTEXT() REPRESENTATION_CONTEXT('2D SPACE',''
  ) );
#10945 = PCURVE('',#5063,#10946);
#10946 = DEFINITIONAL_REPRESENTATION('',(#10947),#10951);
#10947 = LINE('',#10948,#10949);
#10948 = CARTESIAN_POINT('',(0.869175701455,0.));
#10949 = VECTOR('',#10950,1.);
#10950 = DIRECTION('',(0.,-1.));
#10951 = ( GEOMETRIC_REPRESENTATION_CONTEXT(2) 
PARAMETRIC_REPRESENTATION_CONTEXT() REPRESENTATION_CONTEXT('2D SPACE',''
  ) );
#10952 = ORIENTED_EDGE('',*,*,#5075,.T.);
#10953 = ORIENTED_EDGE('',*,*,#10905,.F.);
#10954 = ADVANCED_FACE('',(#10955),#5063,.F.);
#10955 = FACE_BOUND('',#10956,.F.);
#10956 = EDGE_LOOP('',(#10957,#10958,#10979,#10980));
#10957 = ORIENTED_EDGE('',*,*,#9015,.T.);
#10958 = ORIENTED_EDGE('',*,*,#10959,.T.);
#10959 = EDGE_CURVE('',#9016,#5020,#10960,.T.);
#10960 = SURFACE_CURVE('',#10961,(#10965,#10972),.PCURVE_S1.);
#10961 = LINE('',#10962,#10963);
#10962 = CARTESIAN_POINT('',(-10.14097305765,-2.271080574052,12.2704));
#10963 = VECTOR('',#10964,1.);
#10964 = DIRECTION('',(0.,0.,1.));
#10965 = PCURVE('',#5063,#10966);
#10966 = DEFINITIONAL_REPRESENTATION('',(#10967),#10971);
#10967 = LINE('',#10968,#10969);
#10968 = CARTESIAN_POINT('',(0.,0.));
#10969 = VECTOR('',#10970,1.);
#10970 = DIRECTION('',(0.,-1.));
#10971 = ( GEOMETRIC_REPRESENTATION_CONTEXT(2) 
PARAMETRIC_REPRESENTATION_CONTEXT() REPRESENTATION_CONTEXT('2D SPACE',''
  ) );
#10972 = PCURVE('',#5035,#10973);
#10973 = DEFINITIONAL_REPRESENTATION('',(#10974),#10978);
#10974 = LINE('',#10975,#10976);
#10975 = CARTESIAN_POINT('',(4.619679171761,0.));
#10976 = VECTOR('',#10977,1.);
#10977 = DIRECTION('',(0.,-1.));
#10978 = ( GEOMETRIC_REPRESENTATION_CONTEXT(2) 
PARAMETRIC_REPRESENTATION_CONTEXT() REPRESENTATION_CONTEXT('2D SPACE',''
  ) );
#10979 = ORIENTED_EDGE('',*,*,#5047,.T.);
#10980 = ORIENTED_EDGE('',*,*,#10932,.F.);
#10981 = ADVANCED_FACE('',(#10982),#5035,.F.);
#10982 = FACE_BOUND('',#10983,.F.);
#10983 = EDGE_LOOP('',(#10984,#10985,#11006,#11007));
#10984 = ORIENTED_EDGE('',*,*,#9036,.T.);
#10985 = ORIENTED_EDGE('',*,*,#10986,.T.);
#10986 = EDGE_CURVE('',#9037,#4992,#10987,.T.);
#10987 = SURFACE_CURVE('',#10988,(#10992,#10999),.PCURVE_S1.);
#10988 = LINE('',#10989,#10990);
#10989 = CARTESIAN_POINT('',(-6.205854345523,-4.691055030817,12.2704));
#10990 = VECTOR('',#10991,1.);
#10991 = DIRECTION('',(0.,0.,1.));
#10992 = PCURVE('',#5035,#10993);
#10993 = DEFINITIONAL_REPRESENTATION('',(#10994),#10998);
#10994 = LINE('',#10995,#10996);
#10995 = CARTESIAN_POINT('',(0.,0.));
#10996 = VECTOR('',#10997,1.);
#10997 = DIRECTION('',(0.,-1.));
#10998 = ( GEOMETRIC_REPRESENTATION_CONTEXT(2) 
PARAMETRIC_REPRESENTATION_CONTEXT() REPRESENTATION_CONTEXT('2D SPACE',''
  ) );
#10999 = PCURVE('',#5007,#11000);
#11000 = DEFINITIONAL_REPRESENTATION('',(#11001),#11005);
#11001 = LINE('',#11002,#11003);
#11002 = CARTESIAN_POINT('',(0.503331799115,0.));
#11003 = VECTOR('',#11004,1.);
#11004 = DIRECTION('',(0.,-1.));
#11005 = ( GEOMETRIC_REPRESENTATION_CONTEXT(2) 
PARAMETRIC_REPRESENTATION_CONTEXT() REPRESENTATION_CONTEXT('2D SPACE',''
  ) );
#11006 = ORIENTED_EDGE('',*,*,#5019,.T.);
#11007 = ORIENTED_EDGE('',*,*,#10959,.F.);
#11008 = ADVANCED_FACE('',(#11009),#5007,.F.);
#11009 = FACE_BOUND('',#11010,.F.);
#11010 = EDGE_LOOP('',(#11011,#11012,#11033,#11034));
#11011 = ORIENTED_EDGE('',*,*,#9057,.T.);
#11012 = ORIENTED_EDGE('',*,*,#11013,.T.);
#11013 = EDGE_CURVE('',#9058,#4964,#11014,.T.);
#11014 = SURFACE_CURVE('',#11015,(#11019,#11026),.PCURVE_S1.);
#11015 = LINE('',#11016,#11017);
#11016 = CARTESIAN_POINT('',(-5.889532213365,-5.082569026362,12.2704));
#11017 = VECTOR('',#11018,1.);
#11018 = DIRECTION('',(0.,0.,1.));
#11019 = PCURVE('',#5007,#11020);
#11020 = DEFINITIONAL_REPRESENTATION('',(#11021),#11025);
#11021 = LINE('',#11022,#11023);
#11022 = CARTESIAN_POINT('',(0.,0.));
#11023 = VECTOR('',#11024,1.);
#11024 = DIRECTION('',(0.,-1.));
#11025 = ( GEOMETRIC_REPRESENTATION_CONTEXT(2) 
PARAMETRIC_REPRESENTATION_CONTEXT() REPRESENTATION_CONTEXT('2D SPACE',''
  ) );
#11026 = PCURVE('',#4979,#11027);
#11027 = DEFINITIONAL_REPRESENTATION('',(#11028),#11032);
#11028 = LINE('',#11029,#11030);
#11029 = CARTESIAN_POINT('',(0.751747856665,0.));
#11030 = VECTOR('',#11031,1.);
#11031 = DIRECTION('',(0.,-1.));
#11032 = ( GEOMETRIC_REPRESENTATION_CONTEXT(2) 
PARAMETRIC_REPRESENTATION_CONTEXT() REPRESENTATION_CONTEXT('2D SPACE',''
  ) );
#11033 = ORIENTED_EDGE('',*,*,#4991,.T.);
#11034 = ORIENTED_EDGE('',*,*,#10986,.F.);
#11035 = ADVANCED_FACE('',(#11036),#4979,.F.);
#11036 = FACE_BOUND('',#11037,.F.);
#11037 = EDGE_LOOP('',(#11038,#11039,#11060,#11061));
#11038 = ORIENTED_EDGE('',*,*,#9078,.T.);
#11039 = ORIENTED_EDGE('',*,*,#11040,.T.);
#11040 = EDGE_CURVE('',#9079,#4936,#11041,.T.);
#11041 = SURFACE_CURVE('',#11042,(#11046,#11053),.PCURVE_S1.);
#11042 = LINE('',#11043,#11044);
#11043 = CARTESIAN_POINT('',(-5.371527897237,-5.627359232287,12.2704));
#11044 = VECTOR('',#11045,1.);
#11045 = DIRECTION('',(0.,0.,1.));
#11046 = PCURVE('',#4979,#11047);
#11047 = DEFINITIONAL_REPRESENTATION('',(#11048),#11052);
#11048 = LINE('',#11049,#11050);
#11049 = CARTESIAN_POINT('',(0.,0.));
#11050 = VECTOR('',#11051,1.);
#11051 = DIRECTION('',(0.,-1.));
#11052 = ( GEOMETRIC_REPRESENTATION_CONTEXT(2) 
PARAMETRIC_REPRESENTATION_CONTEXT() REPRESENTATION_CONTEXT('2D SPACE',''
  ) );
#11053 = PCURVE('',#4951,#11054);
#11054 = DEFINITIONAL_REPRESENTATION('',(#11055),#11059);
#11055 = LINE('',#11056,#11057);
#11056 = CARTESIAN_POINT('',(0.751771295009,0.));
#11057 = VECTOR('',#11058,1.);
#11058 = DIRECTION('',(0.,-1.));
#11059 = ( GEOMETRIC_REPRESENTATION_CONTEXT(2) 
PARAMETRIC_REPRESENTATION_CONTEXT() REPRESENTATION_CONTEXT('2D SPACE',''
  ) );
#11060 = ORIENTED_EDGE('',*,*,#4963,.T.);
#11061 = ORIENTED_EDGE('',*,*,#11013,.F.);
#11062 = ADVANCED_FACE('',(#11063),#4951,.F.);
#11063 = FACE_BOUND('',#11064,.F.);
#11064 = EDGE_LOOP('',(#11065,#11066,#11087,#11088));
#11065 = ORIENTED_EDGE('',*,*,#9099,.T.);
#11066 = ORIENTED_EDGE('',*,*,#11067,.T.);
#11067 = EDGE_CURVE('',#9100,#4908,#11068,.T.);
#11068 = SURFACE_CURVE('',#11069,(#11073,#11080),.PCURVE_S1.);
#11069 = LINE('',#11070,#11071);
#11070 = CARTESIAN_POINT('',(-4.803327944163,-6.119608044705,12.2704));
#11071 = VECTOR('',#11072,1.);
#11072 = DIRECTION('',(0.,0.,1.));
#11073 = PCURVE('',#4951,#11074);
#11074 = DEFINITIONAL_REPRESENTATION('',(#11075),#11079);
#11075 = LINE('',#11076,#11077);
#11076 = CARTESIAN_POINT('',(0.,0.));
#11077 = VECTOR('',#11078,1.);
#11078 = DIRECTION('',(0.,-1.));
#11079 = ( GEOMETRIC_REPRESENTATION_CONTEXT(2) 
PARAMETRIC_REPRESENTATION_CONTEXT() REPRESENTATION_CONTEXT('2D SPACE',''
  ) );
#11080 = PCURVE('',#4923,#11081);
#11081 = DEFINITIONAL_REPRESENTATION('',(#11082),#11086);
#11082 = LINE('',#11083,#11084);
#11083 = CARTESIAN_POINT('',(3.8067,0.));
#11084 = VECTOR('',#11085,1.);
#11085 = DIRECTION('',(0.,-1.));
#11086 = ( GEOMETRIC_REPRESENTATION_CONTEXT(2) 
PARAMETRIC_REPRESENTATION_CONTEXT() REPRESENTATION_CONTEXT('2D SPACE',''
  ) );
#11087 = ORIENTED_EDGE('',*,*,#4935,.T.);
#11088 = ORIENTED_EDGE('',*,*,#11040,.F.);
#11089 = ADVANCED_FACE('',(#11090),#4923,.F.);
#11090 = FACE_BOUND('',#11091,.F.);
#11091 = EDGE_LOOP('',(#11092,#11093,#11114,#11115));
#11092 = ORIENTED_EDGE('',*,*,#9120,.T.);
#11093 = ORIENTED_EDGE('',*,*,#11094,.T.);
#11094 = EDGE_CURVE('',#9121,#4880,#11095,.T.);
#11095 = SURFACE_CURVE('',#11096,(#11100,#11107),.PCURVE_S1.);
#11096 = LINE('',#11097,#11098);
#11097 = CARTESIAN_POINT('',(-2.899977944163,-2.822909140119,12.2704));
#11098 = VECTOR('',#11099,1.);
#11099 = DIRECTION('',(0.,0.,1.));
#11100 = PCURVE('',#4923,#11101);
#11101 = DEFINITIONAL_REPRESENTATION('',(#11102),#11106);
#11102 = LINE('',#11103,#11104);
#11103 = CARTESIAN_POINT('',(0.,0.));
#11104 = VECTOR('',#11105,1.);
#11105 = DIRECTION('',(0.,-1.));
#11106 = ( GEOMETRIC_REPRESENTATION_CONTEXT(2) 
PARAMETRIC_REPRESENTATION_CONTEXT() REPRESENTATION_CONTEXT('2D SPACE',''
  ) );
#11107 = PCURVE('',#4895,#11108);
#11108 = DEFINITIONAL_REPRESENTATION('',(#11109),#11113);
#11109 = LINE('',#11110,#11111);
#11110 = CARTESIAN_POINT('',(0.20951472502,0.));
#11111 = VECTOR('',#11112,1.);
#11112 = DIRECTION('',(0.,-1.));
#11113 = ( GEOMETRIC_REPRESENTATION_CONTEXT(2) 
PARAMETRIC_REPRESENTATION_CONTEXT() REPRESENTATION_CONTEXT('2D SPACE',''
  ) );
#11114 = ORIENTED_EDGE('',*,*,#4907,.T.);
#11115 = ORIENTED_EDGE('',*,*,#11067,.F.);
#11116 = ADVANCED_FACE('',(#11117),#4895,.F.);
#11117 = FACE_BOUND('',#11118,.F.);
#11118 = EDGE_LOOP('',(#11119,#11120,#11141,#11142));
#11119 = ORIENTED_EDGE('',*,*,#9141,.T.);
#11120 = ORIENTED_EDGE('',*,*,#11121,.T.);
#11121 = EDGE_CURVE('',#9142,#4852,#11122,.T.);
#11122 = SURFACE_CURVE('',#11123,(#11127,#11134),.PCURVE_S1.);
#11123 = LINE('',#11124,#11125);
#11124 = CARTESIAN_POINT('',(-3.04221962746,-2.669078962544,12.2704));
#11125 = VECTOR('',#11126,1.);
#11126 = DIRECTION('',(0.,0.,1.));
#11127 = PCURVE('',#4895,#11128);
#11128 = DEFINITIONAL_REPRESENTATION('',(#11129),#11133);
#11129 = LINE('',#11130,#11131);
#11130 = CARTESIAN_POINT('',(0.,0.));
#11131 = VECTOR('',#11132,1.);
#11132 = DIRECTION('',(0.,-1.));
#11133 = ( GEOMETRIC_REPRESENTATION_CONTEXT(2) 
PARAMETRIC_REPRESENTATION_CONTEXT() REPRESENTATION_CONTEXT('2D SPACE',''
  ) );
#11134 = PCURVE('',#4867,#11135);
#11135 = DEFINITIONAL_REPRESENTATION('',(#11136),#11140);
#11136 = LINE('',#11137,#11138);
#11137 = CARTESIAN_POINT('',(0.542169346238,0.));
#11138 = VECTOR('',#11139,1.);
#11139 = DIRECTION('',(0.,-1.));
#11140 = ( GEOMETRIC_REPRESENTATION_CONTEXT(2) 
PARAMETRIC_REPRESENTATION_CONTEXT() REPRESENTATION_CONTEXT('2D SPACE',''
  ) );
#11141 = ORIENTED_EDGE('',*,*,#4879,.T.);
#11142 = ORIENTED_EDGE('',*,*,#11094,.F.);
#11143 = ADVANCED_FACE('',(#11144),#4867,.F.);
#11144 = FACE_BOUND('',#11145,.F.);
#11145 = EDGE_LOOP('',(#11146,#11147,#11168,#11169));
#11146 = ORIENTED_EDGE('',*,*,#9162,.T.);
#11147 = ORIENTED_EDGE('',*,*,#11148,.T.);
#11148 = EDGE_CURVE('',#9163,#4824,#11149,.T.);
#11149 = SURFACE_CURVE('',#11150,(#11154,#11161),.PCURVE_S1.);
#11150 = LINE('',#11151,#11152);
#11151 = CARTESIAN_POINT('',(-3.371651944595,-2.238472473476,12.2704));
#11152 = VECTOR('',#11153,1.);
#11153 = DIRECTION('',(0.,0.,1.));
#11154 = PCURVE('',#4867,#11155);
#11155 = DEFINITIONAL_REPRESENTATION('',(#11156),#11160);
#11156 = LINE('',#11157,#11158);
#11157 = CARTESIAN_POINT('',(0.,0.));
#11158 = VECTOR('',#11159,1.);
#11159 = DIRECTION('',(0.,-1.));
#11160 = ( GEOMETRIC_REPRESENTATION_CONTEXT(2) 
PARAMETRIC_REPRESENTATION_CONTEXT() REPRESENTATION_CONTEXT('2D SPACE',''
  ) );
#11161 = PCURVE('',#4839,#11162);
#11162 = DEFINITIONAL_REPRESENTATION('',(#11163),#11167);
#11163 = LINE('',#11164,#11165);
#11164 = CARTESIAN_POINT('',(0.542078850353,0.));
#11165 = VECTOR('',#11166,1.);
#11166 = DIRECTION('',(0.,-1.));
#11167 = ( GEOMETRIC_REPRESENTATION_CONTEXT(2) 
PARAMETRIC_REPRESENTATION_CONTEXT() REPRESENTATION_CONTEXT('2D SPACE',''
  ) );
#11168 = ORIENTED_EDGE('',*,*,#4851,.T.);
#11169 = ORIENTED_EDGE('',*,*,#11121,.F.);
#11170 = ADVANCED_FACE('',(#11171),#4839,.F.);
#11171 = FACE_BOUND('',#11172,.F.);
#11172 = EDGE_LOOP('',(#11173,#11174,#11195,#11196));
#11173 = ORIENTED_EDGE('',*,*,#9183,.T.);
#11174 = ORIENTED_EDGE('',*,*,#11175,.T.);
#11175 = EDGE_CURVE('',#9184,#4796,#11176,.T.);
#11176 = SURFACE_CURVE('',#11177,(#11181,#11188),.PCURVE_S1.);
#11177 = LINE('',#11178,#11179);
#11178 = CARTESIAN_POINT('',(-3.640525038647,-1.767774333162,12.2704));
#11179 = VECTOR('',#11180,1.);
#11180 = DIRECTION('',(0.,0.,1.));
#11181 = PCURVE('',#4839,#11182);
#11182 = DEFINITIONAL_REPRESENTATION('',(#11183),#11187);
#11183 = LINE('',#11184,#11185);
#11184 = CARTESIAN_POINT('',(0.,0.));
#11185 = VECTOR('',#11186,1.);
#11186 = DIRECTION('',(0.,-1.));
#11187 = ( GEOMETRIC_REPRESENTATION_CONTEXT(2) 
PARAMETRIC_REPRESENTATION_CONTEXT() REPRESENTATION_CONTEXT('2D SPACE',''
  ) );
#11188 = PCURVE('',#4811,#11189);
#11189 = DEFINITIONAL_REPRESENTATION('',(#11190),#11194);
#11190 = LINE('',#11191,#11192);
#11191 = CARTESIAN_POINT('',(0.542153714365,0.));
#11192 = VECTOR('',#11193,1.);
#11193 = DIRECTION('',(0.,-1.));
#11194 = ( GEOMETRIC_REPRESENTATION_CONTEXT(2) 
PARAMETRIC_REPRESENTATION_CONTEXT() REPRESENTATION_CONTEXT('2D SPACE',''
  ) );
#11195 = ORIENTED_EDGE('',*,*,#4823,.T.);
#11196 = ORIENTED_EDGE('',*,*,#11148,.F.);
#11197 = ADVANCED_FACE('',(#11198),#4811,.F.);
#11198 = FACE_BOUND('',#11199,.F.);
#11199 = EDGE_LOOP('',(#11200,#11201,#11222,#11223));
#11200 = ORIENTED_EDGE('',*,*,#9204,.T.);
#11201 = ORIENTED_EDGE('',*,*,#11202,.T.);
#11202 = EDGE_CURVE('',#9205,#4768,#11203,.T.);
#11203 = SURFACE_CURVE('',#11204,(#11208,#11215),.PCURVE_S1.);
#11204 = LINE('',#11205,#11206);
#11205 = CARTESIAN_POINT('',(-3.844187501305,-1.265328066081,12.2704));
#11206 = VECTOR('',#11207,1.);
#11207 = DIRECTION('',(0.,0.,1.));
#11208 = PCURVE('',#4811,#11209);
#11209 = DEFINITIONAL_REPRESENTATION('',(#11210),#11214);
#11210 = LINE('',#11211,#11212);
#11211 = CARTESIAN_POINT('',(0.,0.));
#11212 = VECTOR('',#11213,1.);
#11213 = DIRECTION('',(0.,-1.));
#11214 = ( GEOMETRIC_REPRESENTATION_CONTEXT(2) 
PARAMETRIC_REPRESENTATION_CONTEXT() REPRESENTATION_CONTEXT('2D SPACE',''
  ) );
#11215 = PCURVE('',#4783,#11216);
#11216 = DEFINITIONAL_REPRESENTATION('',(#11217),#11221);
#11217 = LINE('',#11218,#11219);
#11218 = CARTESIAN_POINT('',(0.54210059952,0.));
#11219 = VECTOR('',#11220,1.);
#11220 = DIRECTION('',(0.,-1.));
#11221 = ( GEOMETRIC_REPRESENTATION_CONTEXT(2) 
PARAMETRIC_REPRESENTATION_CONTEXT() REPRESENTATION_CONTEXT('2D SPACE',''
  ) );
#11222 = ORIENTED_EDGE('',*,*,#4795,.T.);
#11223 = ORIENTED_EDGE('',*,*,#11175,.F.);
#11224 = ADVANCED_FACE('',(#11225),#4783,.F.);
#11225 = FACE_BOUND('',#11226,.F.);
#11226 = EDGE_LOOP('',(#11227,#11228,#11249,#11250));
#11227 = ORIENTED_EDGE('',*,*,#9225,.T.);
#11228 = ORIENTED_EDGE('',*,*,#11229,.T.);
#11229 = EDGE_CURVE('',#9226,#4740,#11230,.T.);
#11230 = SURFACE_CURVE('',#11231,(#11235,#11242),.PCURVE_S1.);
#11231 = LINE('',#11232,#11233);
#11232 = CARTESIAN_POINT('',(-3.978747731879,-0.740193222115,12.2704));
#11233 = VECTOR('',#11234,1.);
#11234 = DIRECTION('',(0.,0.,1.));
#11235 = PCURVE('',#4783,#11236);
#11236 = DEFINITIONAL_REPRESENTATION('',(#11237),#11241);
#11237 = LINE('',#11238,#11239);
#11238 = CARTESIAN_POINT('',(0.,0.));
#11239 = VECTOR('',#11240,1.);
#11240 = DIRECTION('',(0.,-1.));
#11241 = ( GEOMETRIC_REPRESENTATION_CONTEXT(2) 
PARAMETRIC_REPRESENTATION_CONTEXT() REPRESENTATION_CONTEXT('2D SPACE',''
  ) );
#11242 = PCURVE('',#4755,#11243);
#11243 = DEFINITIONAL_REPRESENTATION('',(#11244),#11248);
#11244 = LINE('',#11245,#11246);
#11245 = CARTESIAN_POINT('',(6.761348942334,0.));
#11246 = VECTOR('',#11247,1.);
#11247 = DIRECTION('',(0.,-1.));
#11248 = ( GEOMETRIC_REPRESENTATION_CONTEXT(2) 
PARAMETRIC_REPRESENTATION_CONTEXT() REPRESENTATION_CONTEXT('2D SPACE',''
  ) );
#11249 = ORIENTED_EDGE('',*,*,#4767,.T.);
#11250 = ORIENTED_EDGE('',*,*,#11202,.F.);
#11251 = ADVANCED_FACE('',(#11252),#4755,.F.);
#11252 = FACE_BOUND('',#11253,.F.);
#11253 = EDGE_LOOP('',(#11254,#11255,#11256,#11275));
#11254 = ORIENTED_EDGE('',*,*,#11229,.F.);
#11255 = ORIENTED_EDGE('',*,*,#9246,.T.);
#11256 = ORIENTED_EDGE('',*,*,#11257,.T.);
#11257 = EDGE_CURVE('',#8044,#4716,#11258,.T.);
#11258 = SURFACE_CURVE('',#11259,(#11263,#11269),.PCURVE_S1.);
#11259 = LINE('',#11260,#11261);
#11260 = CARTESIAN_POINT('',(-9.936665372905,-0.427963705857,11.2204));
#11261 = VECTOR('',#11262,1.);
#11262 = DIRECTION('',(0.,0.,1.));
#11263 = PCURVE('',#4755,#11264);
#11264 = DEFINITIONAL_REPRESENTATION('',(#11265),#11268);
#11265 = B_SPLINE_CURVE_WITH_KNOTS('',1,(#11266,#11267),.UNSPECIFIED.,
  .F.,.F.,(2,2),(1.04,1.76),.PIECEWISE_BEZIER_KNOTS.);
#11266 = CARTESIAN_POINT('',(0.795255590058,1.E-02));
#11267 = CARTESIAN_POINT('',(0.795255590058,-0.71));
#11268 = ( GEOMETRIC_REPRESENTATION_CONTEXT(2) 
PARAMETRIC_REPRESENTATION_CONTEXT() REPRESENTATION_CONTEXT('2D SPACE',''
  ) );
#11269 = PCURVE('',#103,#11270);
#11270 = DEFINITIONAL_REPRESENTATION('',(#11271),#11274);
#11271 = B_SPLINE_CURVE_WITH_KNOTS('',1,(#11272,#11273),.UNSPECIFIED.,
  .F.,.F.,(2,2),(1.04,1.76),.PIECEWISE_BEZIER_KNOTS.);
#11272 = CARTESIAN_POINT('',(5.883576592984,1.04));
#11273 = CARTESIAN_POINT('',(5.883576592984,1.76));
#11274 = ( GEOMETRIC_REPRESENTATION_CONTEXT(2) 
PARAMETRIC_REPRESENTATION_CONTEXT() REPRESENTATION_CONTEXT('2D SPACE',''
  ) );
#11275 = ORIENTED_EDGE('',*,*,#4739,.T.);
#11276 = ADVANCED_FACE('',(#11277),#6429,.F.);
#11277 = FACE_BOUND('',#11278,.F.);
#11278 = EDGE_LOOP('',(#11279,#11307,#11328,#11329));
#11279 = ORIENTED_EDGE('',*,*,#11280,.T.);
#11280 = EDGE_CURVE('',#11281,#11283,#11285,.T.);
#11281 = VERTEX_POINT('',#11282);
#11282 = CARTESIAN_POINT('',(-2.341827944163,-1.856164981875,12.3204));
#11283 = VERTEX_POINT('',#11284);
#11284 = CARTESIAN_POINT('',(-1.764527944163,-0.856252050665,12.3204));
#11285 = SURFACE_CURVE('',#11286,(#11290,#11296),.PCURVE_S1.);
#11286 = LINE('',#11287,#11288);
#11287 = CARTESIAN_POINT('',(-1.358577944163,-0.153126025333,12.3204));
#11288 = VECTOR('',#11289,1.);
#11289 = DIRECTION('',(0.5,0.866025403784,-0.));
#11290 = PCURVE('',#6429,#11291);
#11291 = DEFINITIONAL_REPRESENTATION('',(#11292),#11295);
#11292 = B_SPLINE_CURVE_WITH_KNOTS('',1,(#11293,#11294),.UNSPECIFIED.,
  .F.,.F.,(2,2),(-1.9665,-0.8119),.PIECEWISE_BEZIER_KNOTS.);
#11293 = CARTESIAN_POINT('',(1.1546,-5.E-02));
#11294 = CARTESIAN_POINT('',(0.,-5.E-02));
#11295 = ( GEOMETRIC_REPRESENTATION_CONTEXT(2) 
PARAMETRIC_REPRESENTATION_CONTEXT() REPRESENTATION_CONTEXT('2D SPACE',''
  ) );
#11296 = PCURVE('',#11297,#11302);
#11297 = PLANE('',#11298);
#11298 = AXIS2_PLACEMENT_3D('',#11299,#11300,#11301);
#11299 = CARTESIAN_POINT('',(0.,0.,12.3204));
#11300 = DIRECTION('',(0.,0.,1.));
#11301 = DIRECTION('',(1.,0.,-0.));
#11302 = DEFINITIONAL_REPRESENTATION('',(#11303),#11306);
#11303 = B_SPLINE_CURVE_WITH_KNOTS('',1,(#11304,#11305),.UNSPECIFIED.,
  .F.,.F.,(2,2),(-1.9665,-0.8119),.PIECEWISE_BEZIER_KNOTS.);
#11304 = CARTESIAN_POINT('',(-2.341827944163,-1.856164981875));
#11305 = CARTESIAN_POINT('',(-1.764527944163,-0.856252050665));
#11306 = ( GEOMETRIC_REPRESENTATION_CONTEXT(2) 
PARAMETRIC_REPRESENTATION_CONTEXT() REPRESENTATION_CONTEXT('2D SPACE',''
  ) );
#11307 = ORIENTED_EDGE('',*,*,#11308,.T.);
#11308 = EDGE_CURVE('',#11283,#6412,#11309,.T.);
#11309 = SURFACE_CURVE('',#11310,(#11314,#11321),.PCURVE_S1.);
#11310 = LINE('',#11311,#11312);
#11311 = CARTESIAN_POINT('',(-1.764527944163,-0.856252050665,12.2704));
#11312 = VECTOR('',#11313,1.);
#11313 = DIRECTION('',(0.,0.,1.));
#11314 = PCURVE('',#6429,#11315);
#11315 = DEFINITIONAL_REPRESENTATION('',(#11316),#11320);
#11316 = LINE('',#11317,#11318);
#11317 = CARTESIAN_POINT('',(0.,0.));
#11318 = VECTOR('',#11319,1.);
#11319 = DIRECTION('',(0.,-1.));
#11320 = ( GEOMETRIC_REPRESENTATION_CONTEXT(2) 
PARAMETRIC_REPRESENTATION_CONTEXT() REPRESENTATION_CONTEXT('2D SPACE',''
  ) );
#11321 = PCURVE('',#6539,#11322);
#11322 = DEFINITIONAL_REPRESENTATION('',(#11323),#11327);
#11323 = LINE('',#11324,#11325);
#11324 = CARTESIAN_POINT('',(1.116813775882,0.));
#11325 = VECTOR('',#11326,1.);
#11326 = DIRECTION('',(0.,-1.));
#11327 = ( GEOMETRIC_REPRESENTATION_CONTEXT(2) 
PARAMETRIC_REPRESENTATION_CONTEXT() REPRESENTATION_CONTEXT('2D SPACE',''
  ) );
#11328 = ORIENTED_EDGE('',*,*,#6411,.T.);
#11329 = ORIENTED_EDGE('',*,*,#11330,.F.);
#11330 = EDGE_CURVE('',#11281,#6414,#11331,.T.);
#11331 = SURFACE_CURVE('',#11332,(#11336,#11343),.PCURVE_S1.);
#11332 = LINE('',#11333,#11334);
#11333 = CARTESIAN_POINT('',(-2.341827944163,-1.856164981875,12.2704));
#11334 = VECTOR('',#11335,1.);
#11335 = DIRECTION('',(0.,0.,1.));
#11336 = PCURVE('',#6429,#11337);
#11337 = DEFINITIONAL_REPRESENTATION('',(#11338),#11342);
#11338 = LINE('',#11339,#11340);
#11339 = CARTESIAN_POINT('',(1.1546,0.));
#11340 = VECTOR('',#11341,1.);
#11341 = DIRECTION('',(0.,-1.));
#11342 = ( GEOMETRIC_REPRESENTATION_CONTEXT(2) 
PARAMETRIC_REPRESENTATION_CONTEXT() REPRESENTATION_CONTEXT('2D SPACE',''
  ) );
#11343 = PCURVE('',#6457,#11344);
#11344 = DEFINITIONAL_REPRESENTATION('',(#11345),#11349);
#11345 = LINE('',#11346,#11347);
#11346 = CARTESIAN_POINT('',(0.,0.));
#11347 = VECTOR('',#11348,1.);
#11348 = DIRECTION('',(0.,-1.));
#11349 = ( GEOMETRIC_REPRESENTATION_CONTEXT(2) 
PARAMETRIC_REPRESENTATION_CONTEXT() REPRESENTATION_CONTEXT('2D SPACE',''
  ) );
#11350 = ADVANCED_FACE('',(#11351),#6539,.F.);
#11351 = FACE_BOUND('',#11352,.F.);
#11352 = EDGE_LOOP('',(#11353,#11374,#11395,#11396));
#11353 = ORIENTED_EDGE('',*,*,#11354,.T.);
#11354 = EDGE_CURVE('',#11283,#11355,#11357,.T.);
#11355 = VERTEX_POINT('',#11356);
#11356 = CARTESIAN_POINT('',(-2.879809823469,-0.797776930384,12.3204));
#11357 = SURFACE_CURVE('',#11358,(#11362,#11368),.PCURVE_S1.);
#11358 = LINE('',#11359,#11360);
#11359 = CARTESIAN_POINT('',(-1.46470904881,-0.871971794968,12.3204));
#11360 = VECTOR('',#11361,1.);
#11361 = DIRECTION('',(-0.998628333023,5.235888161847E-02,0.));
#11362 = PCURVE('',#6539,#11363);
#11363 = DEFINITIONAL_REPRESENTATION('',(#11364),#11367);
#11364 = B_SPLINE_CURVE_WITH_KNOTS('',1,(#11365,#11366),.UNSPECIFIED.,
  .F.,.F.,(2,2),(0.300230711906,1.417044487789),
  .PIECEWISE_BEZIER_KNOTS.);
#11365 = CARTESIAN_POINT('',(1.116813775882,-5.E-02));
#11366 = CARTESIAN_POINT('',(0.,-5.E-02));
#11367 = ( GEOMETRIC_REPRESENTATION_CONTEXT(2) 
PARAMETRIC_REPRESENTATION_CONTEXT() REPRESENTATION_CONTEXT('2D SPACE',''
  ) );
#11368 = PCURVE('',#11297,#11369);
#11369 = DEFINITIONAL_REPRESENTATION('',(#11370),#11373);
#11370 = B_SPLINE_CURVE_WITH_KNOTS('',1,(#11371,#11372),.UNSPECIFIED.,
  .F.,.F.,(2,2),(0.300230711906,1.417044487789),
  .PIECEWISE_BEZIER_KNOTS.);
#11371 = CARTESIAN_POINT('',(-1.764527944163,-0.856252050665));
#11372 = CARTESIAN_POINT('',(-2.879809823469,-0.797776930384));
#11373 = ( GEOMETRIC_REPRESENTATION_CONTEXT(2) 
PARAMETRIC_REPRESENTATION_CONTEXT() REPRESENTATION_CONTEXT('2D SPACE',''
  ) );
#11374 = ORIENTED_EDGE('',*,*,#11375,.T.);
#11375 = EDGE_CURVE('',#11355,#6498,#11376,.T.);
#11376 = SURFACE_CURVE('',#11377,(#11381,#11388),.PCURVE_S1.);
#11377 = LINE('',#11378,#11379);
#11378 = CARTESIAN_POINT('',(-2.879809823469,-0.797776930384,12.2704));
#11379 = VECTOR('',#11380,1.);
#11380 = DIRECTION('',(0.,0.,1.));
#11381 = PCURVE('',#6539,#11382);
#11382 = DEFINITIONAL_REPRESENTATION('',(#11383),#11387);
#11383 = LINE('',#11384,#11385);
#11384 = CARTESIAN_POINT('',(0.,0.));
#11385 = VECTOR('',#11386,1.);
#11386 = DIRECTION('',(0.,-1.));
#11387 = ( GEOMETRIC_REPRESENTATION_CONTEXT(2) 
PARAMETRIC_REPRESENTATION_CONTEXT() REPRESENTATION_CONTEXT('2D SPACE',''
  ) );
#11388 = PCURVE('',#6513,#11389);
#11389 = DEFINITIONAL_REPRESENTATION('',(#11390),#11394);
#11390 = LINE('',#11391,#11392);
#11391 = CARTESIAN_POINT('',(0.262769347527,0.));
#11392 = VECTOR('',#11393,1.);
#11393 = DIRECTION('',(0.,-1.));
#11394 = ( GEOMETRIC_REPRESENTATION_CONTEXT(2) 
PARAMETRIC_REPRESENTATION_CONTEXT() REPRESENTATION_CONTEXT('2D SPACE',''
  ) );
#11395 = ORIENTED_EDGE('',*,*,#6525,.T.);
#11396 = ORIENTED_EDGE('',*,*,#11308,.F.);
#11397 = ADVANCED_FACE('',(#11398),#6457,.F.);
#11398 = FACE_BOUND('',#11399,.F.);
#11399 = EDGE_LOOP('',(#11400,#11421,#11422,#11423));
#11400 = ORIENTED_EDGE('',*,*,#11401,.T.);
#11401 = EDGE_CURVE('',#11402,#11281,#11404,.T.);
#11402 = VERTEX_POINT('',#11403);
#11403 = CARTESIAN_POINT('',(-2.601786370566,-1.46982618426,12.3204));
#11404 = SURFACE_CURVE('',#11405,(#11409,#11415),.PCURVE_S1.);
#11405 = LINE('',#11406,#11407);
#11406 = CARTESIAN_POINT('',(-2.406765169098,-1.759658129803,12.3204));
#11407 = VECTOR('',#11408,1.);
#11408 = DIRECTION('',(0.558262113898,-0.829664638385,0.));
#11409 = PCURVE('',#6457,#11410);
#11410 = DEFINITIONAL_REPRESENTATION('',(#11411),#11414);
#11411 = B_SPLINE_CURVE_WITH_KNOTS('',1,(#11412,#11413),.UNSPECIFIED.,
  .F.,.F.,(2,2),(-0.349336264477,0.116320314989),
  .PIECEWISE_BEZIER_KNOTS.);
#11412 = CARTESIAN_POINT('',(0.465656579466,-5.E-02));
#11413 = CARTESIAN_POINT('',(0.,-5.E-02));
#11414 = ( GEOMETRIC_REPRESENTATION_CONTEXT(2) 
PARAMETRIC_REPRESENTATION_CONTEXT() REPRESENTATION_CONTEXT('2D SPACE',''
  ) );
#11415 = PCURVE('',#11297,#11416);
#11416 = DEFINITIONAL_REPRESENTATION('',(#11417),#11420);
#11417 = B_SPLINE_CURVE_WITH_KNOTS('',1,(#11418,#11419),.UNSPECIFIED.,
  .F.,.F.,(2,2),(-0.349336264477,0.116320314989),
  .PIECEWISE_BEZIER_KNOTS.);
#11418 = CARTESIAN_POINT('',(-2.601786370566,-1.46982618426));
#11419 = CARTESIAN_POINT('',(-2.341827944163,-1.856164981875));
#11420 = ( GEOMETRIC_REPRESENTATION_CONTEXT(2) 
PARAMETRIC_REPRESENTATION_CONTEXT() REPRESENTATION_CONTEXT('2D SPACE',''
  ) );
#11421 = ORIENTED_EDGE('',*,*,#11330,.T.);
#11422 = ORIENTED_EDGE('',*,*,#6441,.T.);
#11423 = ORIENTED_EDGE('',*,*,#11424,.F.);
#11424 = EDGE_CURVE('',#11402,#6442,#11425,.T.);
#11425 = SURFACE_CURVE('',#11426,(#11430,#11437),.PCURVE_S1.);
#11426 = LINE('',#11427,#11428);
#11427 = CARTESIAN_POINT('',(-2.601786370566,-1.46982618426,12.2704));
#11428 = VECTOR('',#11429,1.);
#11429 = DIRECTION('',(0.,0.,1.));
#11430 = PCURVE('',#6457,#11431);
#11431 = DEFINITIONAL_REPRESENTATION('',(#11432),#11436);
#11432 = LINE('',#11433,#11434);
#11433 = CARTESIAN_POINT('',(0.465656579466,0.));
#11434 = VECTOR('',#11435,1.);
#11435 = DIRECTION('',(0.,-1.));
#11436 = ( GEOMETRIC_REPRESENTATION_CONTEXT(2) 
PARAMETRIC_REPRESENTATION_CONTEXT() REPRESENTATION_CONTEXT('2D SPACE',''
  ) );
#11437 = PCURVE('',#6485,#11438);
#11438 = DEFINITIONAL_REPRESENTATION('',(#11439),#11443);
#11439 = LINE('',#11440,#11441);
#11440 = CARTESIAN_POINT('',(0.,0.));
#11441 = VECTOR('',#11442,1.);
#11442 = DIRECTION('',(0.,-1.));
#11443 = ( GEOMETRIC_REPRESENTATION_CONTEXT(2) 
PARAMETRIC_REPRESENTATION_CONTEXT() REPRESENTATION_CONTEXT('2D SPACE',''
  ) );
#11444 = ADVANCED_FACE('',(#11445),#6513,.F.);
#11445 = FACE_BOUND('',#11446,.F.);
#11446 = EDGE_LOOP('',(#11447,#11468,#11489,#11490));
#11447 = ORIENTED_EDGE('',*,*,#11448,.T.);
#11448 = EDGE_CURVE('',#11355,#11449,#11451,.T.);
#11449 = VERTEX_POINT('',#11450);
#11450 = CARTESIAN_POINT('',(-2.79857506211,-1.047674196369,12.3204));
#11451 = SURFACE_CURVE('',#11452,(#11456,#11462),.PCURVE_S1.);
#11452 = LINE('',#11453,#11454);
#11453 = CARTESIAN_POINT('',(-2.818851678076,-0.985298548203,12.3204));
#11454 = VECTOR('',#11455,1.);
#11455 = DIRECTION('',(0.309148544621,-0.95101376297,0.));
#11456 = PCURVE('',#6513,#11457);
#11457 = DEFINITIONAL_REPRESENTATION('',(#11458),#11461);
#11458 = B_SPLINE_CURVE_WITH_KNOTS('',1,(#11459,#11460),.UNSPECIFIED.,
  .F.,.F.,(2,2),(-0.197180761331,6.558858619611E-02),
  .PIECEWISE_BEZIER_KNOTS.);
#11459 = CARTESIAN_POINT('',(0.262769347527,-5.E-02));
#11460 = CARTESIAN_POINT('',(0.,-5.E-02));
#11461 = ( GEOMETRIC_REPRESENTATION_CONTEXT(2) 
PARAMETRIC_REPRESENTATION_CONTEXT() REPRESENTATION_CONTEXT('2D SPACE',''
  ) );
#11462 = PCURVE('',#11297,#11463);
#11463 = DEFINITIONAL_REPRESENTATION('',(#11464),#11467);
#11464 = B_SPLINE_CURVE_WITH_KNOTS('',1,(#11465,#11466),.UNSPECIFIED.,
  .F.,.F.,(2,2),(-0.197180761331,6.558858619611E-02),
  .PIECEWISE_BEZIER_KNOTS.);
#11465 = CARTESIAN_POINT('',(-2.879809823469,-0.797776930384));
#11466 = CARTESIAN_POINT('',(-2.79857506211,-1.047674196369));
#11467 = ( GEOMETRIC_REPRESENTATION_CONTEXT(2) 
PARAMETRIC_REPRESENTATION_CONTEXT() REPRESENTATION_CONTEXT('2D SPACE',''
  ) );
#11468 = ORIENTED_EDGE('',*,*,#11469,.T.);
#11469 = EDGE_CURVE('',#11449,#6470,#11470,.T.);
#11470 = SURFACE_CURVE('',#11471,(#11475,#11482),.PCURVE_S1.);
#11471 = LINE('',#11472,#11473);
#11472 = CARTESIAN_POINT('',(-2.79857506211,-1.047674196369,12.2704));
#11473 = VECTOR('',#11474,1.);
#11474 = DIRECTION('',(0.,0.,1.));
#11475 = PCURVE('',#6513,#11476);
#11476 = DEFINITIONAL_REPRESENTATION('',(#11477),#11481);
#11477 = LINE('',#11478,#11479);
#11478 = CARTESIAN_POINT('',(0.,0.));
#11479 = VECTOR('',#11480,1.);
#11480 = DIRECTION('',(0.,-1.));
#11481 = ( GEOMETRIC_REPRESENTATION_CONTEXT(2) 
PARAMETRIC_REPRESENTATION_CONTEXT() REPRESENTATION_CONTEXT('2D SPACE',''
  ) );
#11482 = PCURVE('',#6485,#11483);
#11483 = DEFINITIONAL_REPRESENTATION('',(#11484),#11488);
#11484 = LINE('',#11485,#11486);
#11485 = CARTESIAN_POINT('',(0.465766132302,0.));
#11486 = VECTOR('',#11487,1.);
#11487 = DIRECTION('',(0.,-1.));
#11488 = ( GEOMETRIC_REPRESENTATION_CONTEXT(2) 
PARAMETRIC_REPRESENTATION_CONTEXT() REPRESENTATION_CONTEXT('2D SPACE',''
  ) );
#11489 = ORIENTED_EDGE('',*,*,#6497,.T.);
#11490 = ORIENTED_EDGE('',*,*,#11375,.F.);
#11491 = ADVANCED_FACE('',(#11492),#6485,.F.);
#11492 = FACE_BOUND('',#11493,.F.);
#11493 = EDGE_LOOP('',(#11494,#11513,#11514,#11515));
#11494 = ORIENTED_EDGE('',*,*,#11495,.T.);
#11495 = EDGE_CURVE('',#11449,#11402,#11496,.T.);
#11496 = SURFACE_CURVE('',#11497,(#11501,#11507),.PCURVE_S1.);
#11497 = LINE('',#11498,#11499);
#11498 = CARTESIAN_POINT('',(-2.650992099853,-1.364269832057,12.3204));
#11499 = VECTOR('',#11500,1.);
#11500 = DIRECTION('',(0.422505368888,-0.906360421279,0.));
#11501 = PCURVE('',#6485,#11502);
#11502 = DEFINITIONAL_REPRESENTATION('',(#11503),#11506);
#11503 = B_SPLINE_CURVE_WITH_KNOTS('',1,(#11504,#11505),.UNSPECIFIED.,
  .F.,.F.,(2,2),(-0.349304347647,0.116461784655),
  .PIECEWISE_BEZIER_KNOTS.);
#11504 = CARTESIAN_POINT('',(0.465766132302,-5.E-02));
#11505 = CARTESIAN_POINT('',(0.,-5.E-02));
#11506 = ( GEOMETRIC_REPRESENTATION_CONTEXT(2) 
PARAMETRIC_REPRESENTATION_CONTEXT() REPRESENTATION_CONTEXT('2D SPACE',''
  ) );
#11507 = PCURVE('',#11297,#11508);
#11508 = DEFINITIONAL_REPRESENTATION('',(#11509),#11512);
#11509 = B_SPLINE_CURVE_WITH_KNOTS('',1,(#11510,#11511),.UNSPECIFIED.,
  .F.,.F.,(2,2),(-0.349304347647,0.116461784655),
  .PIECEWISE_BEZIER_KNOTS.);
#11510 = CARTESIAN_POINT('',(-2.79857506211,-1.047674196369));
#11511 = CARTESIAN_POINT('',(-2.601786370566,-1.46982618426));
#11512 = ( GEOMETRIC_REPRESENTATION_CONTEXT(2) 
PARAMETRIC_REPRESENTATION_CONTEXT() REPRESENTATION_CONTEXT('2D SPACE',''
  ) );
#11513 = ORIENTED_EDGE('',*,*,#11424,.T.);
#11514 = ORIENTED_EDGE('',*,*,#6469,.T.);
#11515 = ORIENTED_EDGE('',*,*,#11469,.F.);
#11516 = ADVANCED_FACE('',(#11517),#6571,.F.);
#11517 = FACE_BOUND('',#11518,.F.);
#11518 = EDGE_LOOP('',(#11519,#11547,#11568,#11569));
#11519 = ORIENTED_EDGE('',*,*,#11520,.T.);
#11520 = EDGE_CURVE('',#11521,#11523,#11525,.T.);
#11521 = VERTEX_POINT('',#11522);
#11522 = CARTESIAN_POINT('',(0.718077841722,-2.900652694348,12.3204));
#11523 = VERTEX_POINT('',#11524);
#11524 = CARTESIAN_POINT('',(1.160076101653,-2.753889251291,12.3204));
#11525 = SURFACE_CURVE('',#11526,(#11530,#11536),.PCURVE_S1.);
#11526 = LINE('',#11527,#11528);
#11527 = CARTESIAN_POINT('',(1.049443709147,-2.790624216809,12.3204));
#11528 = VECTOR('',#11529,1.);
#11529 = DIRECTION('',(0.949049383434,0.315127383456,-0.));
#11530 = PCURVE('',#6571,#11531);
#11531 = DEFINITIONAL_REPRESENTATION('',(#11532),#11535);
#11532 = B_SPLINE_CURVE_WITH_KNOTS('',1,(#11533,#11534),.UNSPECIFIED.,
  .F.,.F.,(2,2),(-0.349155558403,0.116571797461),
  .PIECEWISE_BEZIER_KNOTS.);
#11533 = CARTESIAN_POINT('',(0.465727355864,-5.E-02));
#11534 = CARTESIAN_POINT('',(0.,-5.E-02));
#11535 = ( GEOMETRIC_REPRESENTATION_CONTEXT(2) 
PARAMETRIC_REPRESENTATION_CONTEXT() REPRESENTATION_CONTEXT('2D SPACE',''
  ) );
#11536 = PCURVE('',#11537,#11542);
#11537 = PLANE('',#11538);
#11538 = AXIS2_PLACEMENT_3D('',#11539,#11540,#11541);
#11539 = CARTESIAN_POINT('',(0.,0.,12.3204));
#11540 = DIRECTION('',(0.,0.,1.));
#11541 = DIRECTION('',(1.,0.,-0.));
#11542 = DEFINITIONAL_REPRESENTATION('',(#11543),#11546);
#11543 = B_SPLINE_CURVE_WITH_KNOTS('',1,(#11544,#11545),.UNSPECIFIED.,
  .F.,.F.,(2,2),(-0.349155558403,0.116571797461),
  .PIECEWISE_BEZIER_KNOTS.);
#11544 = CARTESIAN_POINT('',(0.718077841722,-2.900652694348));
#11545 = CARTESIAN_POINT('',(1.160076101653,-2.753889251291));
#11546 = ( GEOMETRIC_REPRESENTATION_CONTEXT(2) 
PARAMETRIC_REPRESENTATION_CONTEXT() REPRESENTATION_CONTEXT('2D SPACE',''
  ) );
#11547 = ORIENTED_EDGE('',*,*,#11548,.T.);
#11548 = EDGE_CURVE('',#11523,#6554,#11549,.T.);
#11549 = SURFACE_CURVE('',#11550,(#11554,#11561),.PCURVE_S1.);
#11550 = LINE('',#11551,#11552);
#11551 = CARTESIAN_POINT('',(1.160076101653,-2.753889251291,12.2704));
#11552 = VECTOR('',#11553,1.);
#11553 = DIRECTION('',(0.,0.,1.));
#11554 = PCURVE('',#6571,#11555);
#11555 = DEFINITIONAL_REPRESENTATION('',(#11556),#11560);
#11556 = LINE('',#11557,#11558);
#11557 = CARTESIAN_POINT('',(0.,0.));
#11558 = VECTOR('',#11559,1.);
#11559 = DIRECTION('',(0.,-1.));
#11560 = ( GEOMETRIC_REPRESENTATION_CONTEXT(2) 
PARAMETRIC_REPRESENTATION_CONTEXT() REPRESENTATION_CONTEXT('2D SPACE',''
  ) );
#11561 = PCURVE('',#6709,#11562);
#11562 = DEFINITIONAL_REPRESENTATION('',(#11563),#11567);
#11563 = LINE('',#11564,#11565);
#11564 = CARTESIAN_POINT('',(1.662832694531,0.));
#11565 = VECTOR('',#11566,1.);
#11566 = DIRECTION('',(0.,-1.));
#11567 = ( GEOMETRIC_REPRESENTATION_CONTEXT(2) 
PARAMETRIC_REPRESENTATION_CONTEXT() REPRESENTATION_CONTEXT('2D SPACE',''
  ) );
#11568 = ORIENTED_EDGE('',*,*,#6553,.T.);
#11569 = ORIENTED_EDGE('',*,*,#11570,.F.);
#11570 = EDGE_CURVE('',#11521,#6556,#11571,.T.);
#11571 = SURFACE_CURVE('',#11572,(#11576,#11583),.PCURVE_S1.);
#11572 = LINE('',#11573,#11574);
#11573 = CARTESIAN_POINT('',(0.718077841722,-2.900652694348,12.2704));
#11574 = VECTOR('',#11575,1.);
#11575 = DIRECTION('',(0.,0.,1.));
#11576 = PCURVE('',#6571,#11577);
#11577 = DEFINITIONAL_REPRESENTATION('',(#11578),#11582);
#11578 = LINE('',#11579,#11580);
#11579 = CARTESIAN_POINT('',(0.465727355864,0.));
#11580 = VECTOR('',#11581,1.);
#11581 = DIRECTION('',(0.,-1.));
#11582 = ( GEOMETRIC_REPRESENTATION_CONTEXT(2) 
PARAMETRIC_REPRESENTATION_CONTEXT() REPRESENTATION_CONTEXT('2D SPACE',''
  ) );
#11583 = PCURVE('',#6599,#11584);
#11584 = DEFINITIONAL_REPRESENTATION('',(#11585),#11589);
#11585 = LINE('',#11586,#11587);
#11586 = CARTESIAN_POINT('',(0.,0.));
#11587 = VECTOR('',#11588,1.);
#11588 = DIRECTION('',(0.,-1.));
#11589 = ( GEOMETRIC_REPRESENTATION_CONTEXT(2) 
PARAMETRIC_REPRESENTATION_CONTEXT() REPRESENTATION_CONTEXT('2D SPACE',''
  ) );
#11590 = ADVANCED_FACE('',(#11591),#6709,.F.);
#11591 = FACE_BOUND('',#11592,.F.);
#11592 = EDGE_LOOP('',(#11593,#11614,#11635,#11636));
#11593 = ORIENTED_EDGE('',*,*,#11594,.T.);
#11594 = EDGE_CURVE('',#11523,#11595,#11597,.T.);
#11595 = VERTEX_POINT('',#11596);
#11596 = CARTESIAN_POINT('',(0.254422863406,-1.359326673974,12.3204));
#11597 = SURFACE_CURVE('',#11598,(#11602,#11608),.PCURVE_S1.);
#11598 = LINE('',#11599,#11600);
#11599 = CARTESIAN_POINT('',(-9.376646960641E-02,-0.823170236682,12.3204
    ));
#11600 = VECTOR('',#11601,1.);
#11601 = DIRECTION('',(-0.544644834821,0.838666801479,0.));
#11602 = PCURVE('',#6709,#11603);
#11603 = DEFINITIONAL_REPRESENTATION('',(#11604),#11607);
#11604 = B_SPLINE_CURVE_WITH_KNOTS('',1,(#11605,#11606),.UNSPECIFIED.,
  .F.,.F.,(2,2),(-2.302128820651,-0.639296126121),
  .PIECEWISE_BEZIER_KNOTS.);
#11605 = CARTESIAN_POINT('',(1.662832694531,-5.E-02));
#11606 = CARTESIAN_POINT('',(0.,-5.E-02));
#11607 = ( GEOMETRIC_REPRESENTATION_CONTEXT(2) 
PARAMETRIC_REPRESENTATION_CONTEXT() REPRESENTATION_CONTEXT('2D SPACE',''
  ) );
#11608 = PCURVE('',#11537,#11609);
#11609 = DEFINITIONAL_REPRESENTATION('',(#11610),#11613);
#11610 = B_SPLINE_CURVE_WITH_KNOTS('',1,(#11611,#11612),.UNSPECIFIED.,
  .F.,.F.,(2,2),(-2.302128820651,-0.639296126121),
  .PIECEWISE_BEZIER_KNOTS.);
#11611 = CARTESIAN_POINT('',(1.160076101653,-2.753889251291));
#11612 = CARTESIAN_POINT('',(0.254422863406,-1.359326673974));
#11613 = ( GEOMETRIC_REPRESENTATION_CONTEXT(2) 
PARAMETRIC_REPRESENTATION_CONTEXT() REPRESENTATION_CONTEXT('2D SPACE',''
  ) );
#11614 = ORIENTED_EDGE('',*,*,#11615,.T.);
#11615 = EDGE_CURVE('',#11595,#6668,#11616,.T.);
#11616 = SURFACE_CURVE('',#11617,(#11621,#11628),.PCURVE_S1.);
#11617 = LINE('',#11618,#11619);
#11618 = CARTESIAN_POINT('',(0.254422863406,-1.359326673974,12.2704));
#11619 = VECTOR('',#11620,1.);
#11620 = DIRECTION('',(0.,0.,1.));
#11621 = PCURVE('',#6709,#11622);
#11622 = DEFINITIONAL_REPRESENTATION('',(#11623),#11627);
#11623 = LINE('',#11624,#11625);
#11624 = CARTESIAN_POINT('',(0.,0.));
#11625 = VECTOR('',#11626,1.);
#11626 = DIRECTION('',(0.,-1.));
#11627 = ( GEOMETRIC_REPRESENTATION_CONTEXT(2) 
PARAMETRIC_REPRESENTATION_CONTEXT() REPRESENTATION_CONTEXT('2D SPACE',''
  ) );
#11628 = PCURVE('',#6683,#11629);
#11629 = DEFINITIONAL_REPRESENTATION('',(#11630),#11634);
#11630 = LINE('',#11631,#11632);
#11631 = CARTESIAN_POINT('',(1.7995,0.));
#11632 = VECTOR('',#11633,1.);
#11633 = DIRECTION('',(0.,-1.));
#11634 = ( GEOMETRIC_REPRESENTATION_CONTEXT(2) 
PARAMETRIC_REPRESENTATION_CONTEXT() REPRESENTATION_CONTEXT('2D SPACE',''
  ) );
#11635 = ORIENTED_EDGE('',*,*,#6695,.T.);
#11636 = ORIENTED_EDGE('',*,*,#11548,.F.);
#11637 = ADVANCED_FACE('',(#11638),#6599,.F.);
#11638 = FACE_BOUND('',#11639,.F.);
#11639 = EDGE_LOOP('',(#11640,#11661,#11662,#11663));
#11640 = ORIENTED_EDGE('',*,*,#11641,.T.);
#11641 = EDGE_CURVE('',#11642,#11521,#11644,.T.);
#11642 = VERTEX_POINT('',#11643);
#11643 = CARTESIAN_POINT('',(0.258618503981,-2.977059611328,12.3204));
#11644 = SURFACE_CURVE('',#11645,(#11649,#11655),.PCURVE_S1.);
#11645 = LINE('',#11646,#11647);
#11646 = CARTESIAN_POINT('',(0.603396004518,-2.91972399162,12.3204));
#11647 = VECTOR('',#11648,1.);
#11648 = DIRECTION('',(0.98645292179,0.164044607016,-0.));
#11649 = PCURVE('',#6599,#11650);
#11650 = DEFINITIONAL_REPRESENTATION('',(#11651),#11654);
#11651 = B_SPLINE_CURVE_WITH_KNOTS('',1,(#11652,#11653),.UNSPECIFIED.,
  .F.,.F.,(2,2),(-0.349512371976,0.116256776852),
  .PIECEWISE_BEZIER_KNOTS.);
#11652 = CARTESIAN_POINT('',(0.465769148828,-5.E-02));
#11653 = CARTESIAN_POINT('',(0.,-5.E-02));
#11654 = ( GEOMETRIC_REPRESENTATION_CONTEXT(2) 
PARAMETRIC_REPRESENTATION_CONTEXT() REPRESENTATION_CONTEXT('2D SPACE',''
  ) );
#11655 = PCURVE('',#11537,#11656);
#11656 = DEFINITIONAL_REPRESENTATION('',(#11657),#11660);
#11657 = B_SPLINE_CURVE_WITH_KNOTS('',1,(#11658,#11659),.UNSPECIFIED.,
  .F.,.F.,(2,2),(-0.349512371976,0.116256776852),
  .PIECEWISE_BEZIER_KNOTS.);
#11658 = CARTESIAN_POINT('',(0.258618503981,-2.977059611328));
#11659 = CARTESIAN_POINT('',(0.718077841722,-2.900652694348));
#11660 = ( GEOMETRIC_REPRESENTATION_CONTEXT(2) 
PARAMETRIC_REPRESENTATION_CONTEXT() REPRESENTATION_CONTEXT('2D SPACE',''
  ) );
#11661 = ORIENTED_EDGE('',*,*,#11570,.T.);
#11662 = ORIENTED_EDGE('',*,*,#6583,.T.);
#11663 = ORIENTED_EDGE('',*,*,#11664,.F.);
#11664 = EDGE_CURVE('',#11642,#6584,#11665,.T.);
#11665 = SURFACE_CURVE('',#11666,(#11670,#11677),.PCURVE_S1.);
#11666 = LINE('',#11667,#11668);
#11667 = CARTESIAN_POINT('',(0.258618503981,-2.977059611328,12.2704));
#11668 = VECTOR('',#11669,1.);
#11669 = DIRECTION('',(0.,0.,1.));
#11670 = PCURVE('',#6599,#11671);
#11671 = DEFINITIONAL_REPRESENTATION('',(#11672),#11676);
#11672 = LINE('',#11673,#11674);
#11673 = CARTESIAN_POINT('',(0.465769148828,0.));
#11674 = VECTOR('',#11675,1.);
#11675 = DIRECTION('',(0.,-1.));
#11676 = ( GEOMETRIC_REPRESENTATION_CONTEXT(2) 
PARAMETRIC_REPRESENTATION_CONTEXT() REPRESENTATION_CONTEXT('2D SPACE',''
  ) );
#11677 = PCURVE('',#6627,#11678);
#11678 = DEFINITIONAL_REPRESENTATION('',(#11679),#11683);
#11679 = LINE('',#11680,#11681);
#11680 = CARTESIAN_POINT('',(0.,0.));
#11681 = VECTOR('',#11682,1.);
#11682 = DIRECTION('',(0.,-1.));
#11683 = ( GEOMETRIC_REPRESENTATION_CONTEXT(2) 
PARAMETRIC_REPRESENTATION_CONTEXT() REPRESENTATION_CONTEXT('2D SPACE',''
  ) );
#11684 = ADVANCED_FACE('',(#11685),#6683,.F.);
#11685 = FACE_BOUND('',#11686,.F.);
#11686 = EDGE_LOOP('',(#11687,#11708,#11729,#11730));
#11687 = ORIENTED_EDGE('',*,*,#11688,.T.);
#11688 = EDGE_CURVE('',#11595,#11689,#11691,.T.);
#11689 = VERTEX_POINT('',#11690);
#11690 = CARTESIAN_POINT('',(-0.645327136594,-2.917739388084,12.3204));
#11691 = SURFACE_CURVE('',#11692,(#11696,#11702),.PCURVE_S1.);
#11692 = LINE('',#11693,#11694);
#11693 = CARTESIAN_POINT('',(6.7047863406E-02,-1.683869694042,12.3204));
#11694 = VECTOR('',#11695,1.);
#11695 = DIRECTION('',(-0.5,-0.866025403784,0.));
#11696 = PCURVE('',#6683,#11697);
#11697 = DEFINITIONAL_REPRESENTATION('',(#11698),#11701);
#11698 = B_SPLINE_CURVE_WITH_KNOTS('',1,(#11699,#11700),.UNSPECIFIED.,
  .F.,.F.,(2,2),(-0.37475,1.42475),.PIECEWISE_BEZIER_KNOTS.);
#11699 = CARTESIAN_POINT('',(1.7995,-5.E-02));
#11700 = CARTESIAN_POINT('',(0.,-5.E-02));
#11701 = ( GEOMETRIC_REPRESENTATION_CONTEXT(2) 
PARAMETRIC_REPRESENTATION_CONTEXT() REPRESENTATION_CONTEXT('2D SPACE',''
  ) );
#11702 = PCURVE('',#11537,#11703);
#11703 = DEFINITIONAL_REPRESENTATION('',(#11704),#11707);
#11704 = B_SPLINE_CURVE_WITH_KNOTS('',1,(#11705,#11706),.UNSPECIFIED.,
  .F.,.F.,(2,2),(-0.37475,1.42475),.PIECEWISE_BEZIER_KNOTS.);
#11705 = CARTESIAN_POINT('',(0.254422863406,-1.359326673974));
#11706 = CARTESIAN_POINT('',(-0.645327136594,-2.917739388084));
#11707 = ( GEOMETRIC_REPRESENTATION_CONTEXT(2) 
PARAMETRIC_REPRESENTATION_CONTEXT() REPRESENTATION_CONTEXT('2D SPACE',''
  ) );
#11708 = ORIENTED_EDGE('',*,*,#11709,.T.);
#11709 = EDGE_CURVE('',#11689,#6640,#11710,.T.);
#11710 = SURFACE_CURVE('',#11711,(#11715,#11722),.PCURVE_S1.);
#11711 = LINE('',#11712,#11713);
#11712 = CARTESIAN_POINT('',(-0.645327136594,-2.917739388084,12.2704));
#11713 = VECTOR('',#11714,1.);
#11714 = DIRECTION('',(0.,0.,1.));
#11715 = PCURVE('',#6683,#11716);
#11716 = DEFINITIONAL_REPRESENTATION('',(#11717),#11721);
#11717 = LINE('',#11718,#11719);
#11718 = CARTESIAN_POINT('',(0.,0.));
#11719 = VECTOR('',#11720,1.);
#11720 = DIRECTION('',(0.,-1.));
#11721 = ( GEOMETRIC_REPRESENTATION_CONTEXT(2) 
PARAMETRIC_REPRESENTATION_CONTEXT() REPRESENTATION_CONTEXT('2D SPACE',''
  ) );
#11722 = PCURVE('',#6655,#11723);
#11723 = DEFINITIONAL_REPRESENTATION('',(#11724),#11728);
#11724 = LINE('',#11725,#11726);
#11725 = CARTESIAN_POINT('',(0.442809134955,0.));
#11726 = VECTOR('',#11727,1.);
#11727 = DIRECTION('',(0.,-1.));
#11728 = ( GEOMETRIC_REPRESENTATION_CONTEXT(2) 
PARAMETRIC_REPRESENTATION_CONTEXT() REPRESENTATION_CONTEXT('2D SPACE',''
  ) );
#11729 = ORIENTED_EDGE('',*,*,#6667,.T.);
#11730 = ORIENTED_EDGE('',*,*,#11615,.F.);
#11731 = ADVANCED_FACE('',(#11732),#6627,.F.);
#11732 = FACE_BOUND('',#11733,.F.);
#11733 = EDGE_LOOP('',(#11734,#11755,#11756,#11757));
#11734 = ORIENTED_EDGE('',*,*,#11735,.T.);
#11735 = EDGE_CURVE('',#11736,#11642,#11738,.T.);
#11736 = VERTEX_POINT('',#11737);
#11737 = CARTESIAN_POINT('',(-0.207067490558,-2.981051414242,12.3204));
#11738 = SURFACE_CURVE('',#11739,(#11743,#11749),.PCURVE_S1.);
#11739 = LINE('',#11740,#11741);
#11740 = CARTESIAN_POINT('',(0.142077309017,-2.978058588078,12.3204));
#11741 = VECTOR('',#11742,1.);
#11742 = DIRECTION('',(0.99996326349,8.571561773739E-03,-0.));
#11743 = PCURVE('',#6627,#11744);
#11744 = DEFINITIONAL_REPRESENTATION('',(#11745),#11748);
#11745 = B_SPLINE_CURVE_WITH_KNOTS('',1,(#11746,#11747),.UNSPECIFIED.,
  .F.,.F.,(2,2),(-0.349157626407,0.116545476438),
  .PIECEWISE_BEZIER_KNOTS.);
#11746 = CARTESIAN_POINT('',(0.465703102846,-5.E-02));
#11747 = CARTESIAN_POINT('',(0.,-5.E-02));
#11748 = ( GEOMETRIC_REPRESENTATION_CONTEXT(2) 
PARAMETRIC_REPRESENTATION_CONTEXT() REPRESENTATION_CONTEXT('2D SPACE',''
  ) );
#11749 = PCURVE('',#11537,#11750);
#11750 = DEFINITIONAL_REPRESENTATION('',(#11751),#11754);
#11751 = B_SPLINE_CURVE_WITH_KNOTS('',1,(#11752,#11753),.UNSPECIFIED.,
  .F.,.F.,(2,2),(-0.349157626407,0.116545476438),
  .PIECEWISE_BEZIER_KNOTS.);
#11752 = CARTESIAN_POINT('',(-0.207067490558,-2.981051414242));
#11753 = CARTESIAN_POINT('',(0.258618503981,-2.977059611328));
#11754 = ( GEOMETRIC_REPRESENTATION_CONTEXT(2) 
PARAMETRIC_REPRESENTATION_CONTEXT() REPRESENTATION_CONTEXT('2D SPACE',''
  ) );
#11755 = ORIENTED_EDGE('',*,*,#11664,.T.);
#11756 = ORIENTED_EDGE('',*,*,#6611,.T.);
#11757 = ORIENTED_EDGE('',*,*,#11758,.F.);
#11758 = EDGE_CURVE('',#11736,#6612,#11759,.T.);
#11759 = SURFACE_CURVE('',#11760,(#11764,#11771),.PCURVE_S1.);
#11760 = LINE('',#11761,#11762);
#11761 = CARTESIAN_POINT('',(-0.207067490558,-2.981051414242,12.2704));
#11762 = VECTOR('',#11763,1.);
#11763 = DIRECTION('',(0.,0.,1.));
#11764 = PCURVE('',#6627,#11765);
#11765 = DEFINITIONAL_REPRESENTATION('',(#11766),#11770);
#11766 = LINE('',#11767,#11768);
#11767 = CARTESIAN_POINT('',(0.465703102846,0.));
#11768 = VECTOR('',#11769,1.);
#11769 = DIRECTION('',(0.,-1.));
#11770 = ( GEOMETRIC_REPRESENTATION_CONTEXT(2) 
PARAMETRIC_REPRESENTATION_CONTEXT() REPRESENTATION_CONTEXT('2D SPACE',''
  ) );
#11771 = PCURVE('',#6655,#11772);
#11772 = DEFINITIONAL_REPRESENTATION('',(#11773),#11777);
#11773 = LINE('',#11774,#11775);
#11774 = CARTESIAN_POINT('',(0.,0.));
#11775 = VECTOR('',#11776,1.);
#11776 = DIRECTION('',(0.,-1.));
#11777 = ( GEOMETRIC_REPRESENTATION_CONTEXT(2) 
PARAMETRIC_REPRESENTATION_CONTEXT() REPRESENTATION_CONTEXT('2D SPACE',''
  ) );
#11778 = ADVANCED_FACE('',(#11779),#6655,.F.);
#11779 = FACE_BOUND('',#11780,.F.);
#11780 = EDGE_LOOP('',(#11781,#11800,#11801,#11802));
#11781 = ORIENTED_EDGE('',*,*,#11782,.T.);
#11782 = EDGE_CURVE('',#11689,#11736,#11783,.T.);
#11783 = SURFACE_CURVE('',#11784,(#11788,#11794),.PCURVE_S1.);
#11784 = LINE('',#11785,#11786);
#11785 = CARTESIAN_POINT('',(-0.316573300247,-2.965231945691,12.3204));
#11786 = VECTOR('',#11787,1.);
#11787 = DIRECTION('',(0.989725846736,-0.142978139249,0.));
#11788 = PCURVE('',#6655,#11789);
#11789 = DEFINITIONAL_REPRESENTATION('',(#11790),#11793);
#11790 = B_SPLINE_CURVE_WITH_KNOTS('',1,(#11791,#11792),.UNSPECIFIED.,
  .F.,.F.,(2,2),(-0.332166566561,0.110642568394),
  .PIECEWISE_BEZIER_KNOTS.);
#11791 = CARTESIAN_POINT('',(0.442809134955,-5.E-02));
#11792 = CARTESIAN_POINT('',(0.,-5.E-02));
#11793 = ( GEOMETRIC_REPRESENTATION_CONTEXT(2) 
PARAMETRIC_REPRESENTATION_CONTEXT() REPRESENTATION_CONTEXT('2D SPACE',''
  ) );
#11794 = PCURVE('',#11537,#11795);
#11795 = DEFINITIONAL_REPRESENTATION('',(#11796),#11799);
#11796 = B_SPLINE_CURVE_WITH_KNOTS('',1,(#11797,#11798),.UNSPECIFIED.,
  .F.,.F.,(2,2),(-0.332166566561,0.110642568394),
  .PIECEWISE_BEZIER_KNOTS.);
#11797 = CARTESIAN_POINT('',(-0.645327136594,-2.917739388084));
#11798 = CARTESIAN_POINT('',(-0.207067490558,-2.981051414242));
#11799 = ( GEOMETRIC_REPRESENTATION_CONTEXT(2) 
PARAMETRIC_REPRESENTATION_CONTEXT() REPRESENTATION_CONTEXT('2D SPACE',''
  ) );
#11800 = ORIENTED_EDGE('',*,*,#11758,.T.);
#11801 = ORIENTED_EDGE('',*,*,#6639,.T.);
#11802 = ORIENTED_EDGE('',*,*,#11709,.F.);
#11803 = ADVANCED_FACE('',(#11804),#6741,.F.);
#11804 = FACE_BOUND('',#11805,.F.);
#11805 = EDGE_LOOP('',(#11806,#11834,#11855,#11856));
#11806 = ORIENTED_EDGE('',*,*,#11807,.T.);
#11807 = EDGE_CURVE('',#11808,#11810,#11812,.T.);
#11808 = VERTEX_POINT('',#11809);
#11809 = CARTESIAN_POINT('',(-9.563776760827,1.555252738,12.3204));
#11810 = VERTEX_POINT('',#11811);
#11811 = CARTESIAN_POINT('',(-3.847350791365,1.255592954815,12.3204));
#11812 = SURFACE_CURVE('',#11813,(#11817,#11823),.PCURVE_S1.);
#11813 = LINE('',#11814,#11815);
#11814 = CARTESIAN_POINT('',(-1.896127634893,1.153308221113,12.3204));
#11815 = VECTOR('',#11816,1.);
#11816 = DIRECTION('',(0.998628853618,-5.234895148759E-02,0.));
#11817 = PCURVE('',#6741,#11818);
#11818 = DEFINITIONAL_REPRESENTATION('',(#11819),#11822);
#11819 = B_SPLINE_CURVE_WITH_KNOTS('',1,(#11820,#11821),.UNSPECIFIED.,
  .F.,.F.,(2,2),(-7.678177030592,-1.953902242463),
  .PIECEWISE_BEZIER_KNOTS.);
#11820 = CARTESIAN_POINT('',(5.724274788128,-5.E-02));
#11821 = CARTESIAN_POINT('',(0.,-5.E-02));
#11822 = ( GEOMETRIC_REPRESENTATION_CONTEXT(2) 
PARAMETRIC_REPRESENTATION_CONTEXT() REPRESENTATION_CONTEXT('2D SPACE',''
  ) );
#11823 = PCURVE('',#11824,#11829);
#11824 = PLANE('',#11825);
#11825 = AXIS2_PLACEMENT_3D('',#11826,#11827,#11828);
#11826 = CARTESIAN_POINT('',(0.,0.,12.3204));
#11827 = DIRECTION('',(0.,0.,1.));
#11828 = DIRECTION('',(1.,0.,-0.));
#11829 = DEFINITIONAL_REPRESENTATION('',(#11830),#11833);
#11830 = B_SPLINE_CURVE_WITH_KNOTS('',1,(#11831,#11832),.UNSPECIFIED.,
  .F.,.F.,(2,2),(-7.678177030592,-1.953902242463),
  .PIECEWISE_BEZIER_KNOTS.);
#11831 = CARTESIAN_POINT('',(-9.563776760827,1.555252738));
#11832 = CARTESIAN_POINT('',(-3.847350791365,1.255592954815));
#11833 = ( GEOMETRIC_REPRESENTATION_CONTEXT(2) 
PARAMETRIC_REPRESENTATION_CONTEXT() REPRESENTATION_CONTEXT('2D SPACE',''
  ) );
#11834 = ORIENTED_EDGE('',*,*,#11835,.T.);
#11835 = EDGE_CURVE('',#11810,#6724,#11836,.T.);
#11836 = SURFACE_CURVE('',#11837,(#11841,#11848),.PCURVE_S1.);
#11837 = LINE('',#11838,#11839);
#11838 = CARTESIAN_POINT('',(-3.847350791365,1.255592954815,12.2704));
#11839 = VECTOR('',#11840,1.);
#11840 = DIRECTION('',(0.,0.,1.));
#11841 = PCURVE('',#6741,#11842);
#11842 = DEFINITIONAL_REPRESENTATION('',(#11843),#11847);
#11843 = LINE('',#11844,#11845);
#11844 = CARTESIAN_POINT('',(0.,0.));
#11845 = VECTOR('',#11846,1.);
#11846 = DIRECTION('',(0.,-1.));
#11847 = ( GEOMETRIC_REPRESENTATION_CONTEXT(2) 
PARAMETRIC_REPRESENTATION_CONTEXT() REPRESENTATION_CONTEXT('2D SPACE',''
  ) );
#11848 = PCURVE('',#7131,#11849);
#11849 = DEFINITIONAL_REPRESENTATION('',(#11850),#11854);
#11850 = LINE('',#11851,#11852);
#11851 = CARTESIAN_POINT('',(0.5928813878,0.));
#11852 = VECTOR('',#11853,1.);
#11853 = DIRECTION('',(0.,-1.));
#11854 = ( GEOMETRIC_REPRESENTATION_CONTEXT(2) 
PARAMETRIC_REPRESENTATION_CONTEXT() REPRESENTATION_CONTEXT('2D SPACE',''
  ) );
#11855 = ORIENTED_EDGE('',*,*,#6723,.T.);
#11856 = ORIENTED_EDGE('',*,*,#11857,.F.);
#11857 = EDGE_CURVE('',#11808,#6726,#11858,.T.);
#11858 = SURFACE_CURVE('',#11859,(#11863,#11870),.PCURVE_S1.);
#11859 = LINE('',#11860,#11861);
#11860 = CARTESIAN_POINT('',(-9.563776760827,1.555252738,12.2704));
#11861 = VECTOR('',#11862,1.);
#11862 = DIRECTION('',(0.,0.,1.));
#11863 = PCURVE('',#6741,#11864);
#11864 = DEFINITIONAL_REPRESENTATION('',(#11865),#11869);
#11865 = LINE('',#11866,#11867);
#11866 = CARTESIAN_POINT('',(5.724274788128,0.));
#11867 = VECTOR('',#11868,1.);
#11868 = DIRECTION('',(0.,-1.));
#11869 = ( GEOMETRIC_REPRESENTATION_CONTEXT(2) 
PARAMETRIC_REPRESENTATION_CONTEXT() REPRESENTATION_CONTEXT('2D SPACE',''
  ) );
#11870 = PCURVE('',#6769,#11871);
#11871 = DEFINITIONAL_REPRESENTATION('',(#11872),#11876);
#11872 = LINE('',#11873,#11874);
#11873 = CARTESIAN_POINT('',(0.,0.));
#11874 = VECTOR('',#11875,1.);
#11875 = DIRECTION('',(0.,-1.));
#11876 = ( GEOMETRIC_REPRESENTATION_CONTEXT(2) 
PARAMETRIC_REPRESENTATION_CONTEXT() REPRESENTATION_CONTEXT('2D SPACE',''
  ) );
#11877 = ADVANCED_FACE('',(#11878),#7131,.F.);
#11878 = FACE_BOUND('',#11879,.F.);
#11879 = EDGE_LOOP('',(#11880,#11901,#11922,#11923));
#11880 = ORIENTED_EDGE('',*,*,#11881,.T.);
#11881 = EDGE_CURVE('',#11810,#11882,#11884,.T.);
#11882 = VERTEX_POINT('',#11883);
#11883 = CARTESIAN_POINT('',(-3.622623016047,1.804232879538,12.3204));
#11884 = SURFACE_CURVE('',#11885,(#11889,#11895),.PCURVE_S1.);
#11885 = LINE('',#11886,#11887);
#11886 = CARTESIAN_POINT('',(-3.678810077666,1.667060404024,12.3204));
#11887 = VECTOR('',#11888,1.);
#11888 = DIRECTION('',(0.379043397116,0.925378897049,-0.));
#11889 = PCURVE('',#7131,#11890);
#11890 = DEFINITIONAL_REPRESENTATION('',(#11891),#11894);
#11891 = B_SPLINE_CURVE_WITH_KNOTS('',1,(#11892,#11893),.UNSPECIFIED.,
  .F.,.F.,(2,2),(-0.444647538993,0.148233848808),
  .PIECEWISE_BEZIER_KNOTS.);
#11892 = CARTESIAN_POINT('',(0.5928813878,-5.E-02));
#11893 = CARTESIAN_POINT('',(0.,-5.E-02));
#11894 = ( GEOMETRIC_REPRESENTATION_CONTEXT(2) 
PARAMETRIC_REPRESENTATION_CONTEXT() REPRESENTATION_CONTEXT('2D SPACE',''
  ) );
#11895 = PCURVE('',#11824,#11896);
#11896 = DEFINITIONAL_REPRESENTATION('',(#11897),#11900);
#11897 = B_SPLINE_CURVE_WITH_KNOTS('',1,(#11898,#11899),.UNSPECIFIED.,
  .F.,.F.,(2,2),(-0.444647538993,0.148233848808),
  .PIECEWISE_BEZIER_KNOTS.);
#11898 = CARTESIAN_POINT('',(-3.847350791365,1.255592954815));
#11899 = CARTESIAN_POINT('',(-3.622623016047,1.804232879538));
#11900 = ( GEOMETRIC_REPRESENTATION_CONTEXT(2) 
PARAMETRIC_REPRESENTATION_CONTEXT() REPRESENTATION_CONTEXT('2D SPACE',''
  ) );
#11901 = ORIENTED_EDGE('',*,*,#11902,.T.);
#11902 = EDGE_CURVE('',#11882,#7090,#11903,.T.);
#11903 = SURFACE_CURVE('',#11904,(#11908,#11915),.PCURVE_S1.);
#11904 = LINE('',#11905,#11906);
#11905 = CARTESIAN_POINT('',(-3.622623016047,1.804232879538,12.2704));
#11906 = VECTOR('',#11907,1.);
#11907 = DIRECTION('',(0.,0.,1.));
#11908 = PCURVE('',#7131,#11909);
#11909 = DEFINITIONAL_REPRESENTATION('',(#11910),#11914);
#11910 = LINE('',#11911,#11912);
#11911 = CARTESIAN_POINT('',(0.,0.));
#11912 = VECTOR('',#11913,1.);
#11913 = DIRECTION('',(0.,-1.));
#11914 = ( GEOMETRIC_REPRESENTATION_CONTEXT(2) 
PARAMETRIC_REPRESENTATION_CONTEXT() REPRESENTATION_CONTEXT('2D SPACE',''
  ) );
#11915 = PCURVE('',#7105,#11916);
#11916 = DEFINITIONAL_REPRESENTATION('',(#11917),#11921);
#11917 = LINE('',#11918,#11919);
#11918 = CARTESIAN_POINT('',(0.542208299457,0.));
#11919 = VECTOR('',#11920,1.);
#11920 = DIRECTION('',(0.,-1.));
#11921 = ( GEOMETRIC_REPRESENTATION_CONTEXT(2) 
PARAMETRIC_REPRESENTATION_CONTEXT() REPRESENTATION_CONTEXT('2D SPACE',''
  ) );
#11922 = ORIENTED_EDGE('',*,*,#7117,.T.);
#11923 = ORIENTED_EDGE('',*,*,#11835,.F.);
#11924 = ADVANCED_FACE('',(#11925),#6769,.F.);
#11925 = FACE_BOUND('',#11926,.F.);
#11926 = EDGE_LOOP('',(#11927,#11948,#11949,#11950));
#11927 = ORIENTED_EDGE('',*,*,#11928,.T.);
#11928 = EDGE_CURVE('',#11929,#11808,#11931,.T.);
#11929 = VERTEX_POINT('',#11930);
#11930 = CARTESIAN_POINT('',(-9.393401249644,2.376951779736,12.3204));
#11931 = SURFACE_CURVE('',#11932,(#11936,#11942),.PCURVE_S1.);
#11932 = LINE('',#11933,#11934);
#11933 = CARTESIAN_POINT('',(-9.521258475346,1.760312926486,12.3204));
#11934 = VECTOR('',#11935,1.);
#11935 = DIRECTION('',(-0.203027038326,-0.979173131631,0.));
#11936 = PCURVE('',#6769,#11937);
#11937 = DEFINITIONAL_REPRESENTATION('',(#11938),#11941);
#11938 = B_SPLINE_CURVE_WITH_KNOTS('',1,(#11939,#11940),.UNSPECIFIED.,
  .F.,.F.,(2,2),(-0.629754670885,0.209421788508),
  .PIECEWISE_BEZIER_KNOTS.);
#11939 = CARTESIAN_POINT('',(0.839176459393,-5.E-02));
#11940 = CARTESIAN_POINT('',(0.,-5.E-02));
#11941 = ( GEOMETRIC_REPRESENTATION_CONTEXT(2) 
PARAMETRIC_REPRESENTATION_CONTEXT() REPRESENTATION_CONTEXT('2D SPACE',''
  ) );
#11942 = PCURVE('',#11824,#11943);
#11943 = DEFINITIONAL_REPRESENTATION('',(#11944),#11947);
#11944 = B_SPLINE_CURVE_WITH_KNOTS('',1,(#11945,#11946),.UNSPECIFIED.,
  .F.,.F.,(2,2),(-0.629754670885,0.209421788508),
  .PIECEWISE_BEZIER_KNOTS.);
#11945 = CARTESIAN_POINT('',(-9.393401249644,2.376951779736));
#11946 = CARTESIAN_POINT('',(-9.563776760827,1.555252738));
#11947 = ( GEOMETRIC_REPRESENTATION_CONTEXT(2) 
PARAMETRIC_REPRESENTATION_CONTEXT() REPRESENTATION_CONTEXT('2D SPACE',''
  ) );
#11948 = ORIENTED_EDGE('',*,*,#11857,.T.);
#11949 = ORIENTED_EDGE('',*,*,#6753,.T.);
#11950 = ORIENTED_EDGE('',*,*,#11951,.F.);
#11951 = EDGE_CURVE('',#11929,#6754,#11952,.T.);
#11952 = SURFACE_CURVE('',#11953,(#11957,#11964),.PCURVE_S1.);
#11953 = LINE('',#11954,#11955);
#11954 = CARTESIAN_POINT('',(-9.393401249644,2.376951779736,12.2704));
#11955 = VECTOR('',#11956,1.);
#11956 = DIRECTION('',(0.,0.,1.));
#11957 = PCURVE('',#6769,#11958);
#11958 = DEFINITIONAL_REPRESENTATION('',(#11959),#11963);
#11959 = LINE('',#11960,#11961);
#11960 = CARTESIAN_POINT('',(0.839176459393,0.));
#11961 = VECTOR('',#11962,1.);
#11962 = DIRECTION('',(0.,-1.));
#11963 = ( GEOMETRIC_REPRESENTATION_CONTEXT(2) 
PARAMETRIC_REPRESENTATION_CONTEXT() REPRESENTATION_CONTEXT('2D SPACE',''
  ) );
#11964 = PCURVE('',#6797,#11965);
#11965 = DEFINITIONAL_REPRESENTATION('',(#11966),#11970);
#11966 = LINE('',#11967,#11968);
#11967 = CARTESIAN_POINT('',(0.,0.));
#11968 = VECTOR('',#11969,1.);
#11969 = DIRECTION('',(0.,-1.));
#11970 = ( GEOMETRIC_REPRESENTATION_CONTEXT(2) 
PARAMETRIC_REPRESENTATION_CONTEXT() REPRESENTATION_CONTEXT('2D SPACE',''
  ) );
#11971 = ADVANCED_FACE('',(#11972),#7105,.F.);
#11972 = FACE_BOUND('',#11973,.F.);
#11973 = EDGE_LOOP('',(#11974,#11995,#12016,#12017));
#11974 = ORIENTED_EDGE('',*,*,#11975,.T.);
#11975 = EDGE_CURVE('',#11882,#11976,#11978,.T.);
#11976 = VERTEX_POINT('',#11977);
#11977 = CARTESIAN_POINT('',(-3.348924939836,2.27229185347,12.3204));
#11978 = SURFACE_CURVE('',#11979,(#11983,#11989),.PCURVE_S1.);
#11979 = LINE('',#11980,#11981);
#11980 = CARTESIAN_POINT('',(-3.417338920217,2.155295132473,12.3204));
#11981 = VECTOR('',#11982,1.);
#11982 = DIRECTION('',(0.504784003649,0.863245683256,-0.));
#11983 = PCURVE('',#7105,#11984);
#11984 = DEFINITIONAL_REPRESENTATION('',(#11985),#11988);
#11985 = B_SPLINE_CURVE_WITH_KNOTS('',1,(#11986,#11987),.UNSPECIFIED.,
  .F.,.F.,(2,2),(-0.406677102178,0.135531197279),
  .PIECEWISE_BEZIER_KNOTS.);
#11986 = CARTESIAN_POINT('',(0.542208299457,-5.E-02));
#11987 = CARTESIAN_POINT('',(0.,-5.E-02));
#11988 = ( GEOMETRIC_REPRESENTATION_CONTEXT(2) 
PARAMETRIC_REPRESENTATION_CONTEXT() REPRESENTATION_CONTEXT('2D SPACE',''
  ) );
#11989 = PCURVE('',#11824,#11990);
#11990 = DEFINITIONAL_REPRESENTATION('',(#11991),#11994);
#11991 = B_SPLINE_CURVE_WITH_KNOTS('',1,(#11992,#11993),.UNSPECIFIED.,
  .F.,.F.,(2,2),(-0.406677102178,0.135531197279),
  .PIECEWISE_BEZIER_KNOTS.);
#11992 = CARTESIAN_POINT('',(-3.622623016047,1.804232879538));
#11993 = CARTESIAN_POINT('',(-3.348924939836,2.27229185347));
#11994 = ( GEOMETRIC_REPRESENTATION_CONTEXT(2) 
PARAMETRIC_REPRESENTATION_CONTEXT() REPRESENTATION_CONTEXT('2D SPACE',''
  ) );
#11995 = ORIENTED_EDGE('',*,*,#11996,.T.);
#11996 = EDGE_CURVE('',#11976,#7062,#11997,.T.);
#11997 = SURFACE_CURVE('',#11998,(#12002,#12009),.PCURVE_S1.);
#11998 = LINE('',#11999,#12000);
#11999 = CARTESIAN_POINT('',(-3.348924939836,2.27229185347,12.2704));
#12000 = VECTOR('',#12001,1.);
#12001 = DIRECTION('',(0.,0.,1.));
#12002 = PCURVE('',#7105,#12003);
#12003 = DEFINITIONAL_REPRESENTATION('',(#12004),#12008);
#12004 = LINE('',#12005,#12006);
#12005 = CARTESIAN_POINT('',(0.,0.));
#12006 = VECTOR('',#12007,1.);
#12007 = DIRECTION('',(0.,-1.));
#12008 = ( GEOMETRIC_REPRESENTATION_CONTEXT(2) 
PARAMETRIC_REPRESENTATION_CONTEXT() REPRESENTATION_CONTEXT('2D SPACE',''
  ) );
#12009 = PCURVE('',#7077,#12010);
#12010 = DEFINITIONAL_REPRESENTATION('',(#12011),#12015);
#12011 = LINE('',#12012,#12013);
#12012 = CARTESIAN_POINT('',(0.542069552733,0.));
#12013 = VECTOR('',#12014,1.);
#12014 = DIRECTION('',(0.,-1.));
#12015 = ( GEOMETRIC_REPRESENTATION_CONTEXT(2) 
PARAMETRIC_REPRESENTATION_CONTEXT() REPRESENTATION_CONTEXT('2D SPACE',''
  ) );
#12016 = ORIENTED_EDGE('',*,*,#7089,.T.);
#12017 = ORIENTED_EDGE('',*,*,#11902,.F.);
#12018 = ADVANCED_FACE('',(#12019),#6797,.F.);
#12019 = FACE_BOUND('',#12020,.F.);
#12020 = EDGE_LOOP('',(#12021,#12042,#12043,#12044));
#12021 = ORIENTED_EDGE('',*,*,#12022,.T.);
#12022 = EDGE_CURVE('',#12023,#11929,#12025,.T.);
#12023 = VERTEX_POINT('',#12024);
#12024 = CARTESIAN_POINT('',(-9.152503960195,3.180798124466,12.3204));
#12025 = SURFACE_CURVE('',#12026,(#12030,#12036),.PCURVE_S1.);
#12026 = LINE('',#12027,#12028);
#12027 = CARTESIAN_POINT('',(-9.333169970103,2.577936581219,12.3204));
#12028 = VECTOR('',#12029,1.);
#12029 = DIRECTION('',(-0.287067326227,-0.957910408239,0.));
#12030 = PCURVE('',#6797,#12031);
#12031 = DEFINITIONAL_REPRESENTATION('',(#12032),#12035);
#12032 = B_SPLINE_CURVE_WITH_KNOTS('',1,(#12033,#12034),.UNSPECIFIED.,
  .F.,.F.,(2,2),(-0.629350655408,0.209815865612),
  .PIECEWISE_BEZIER_KNOTS.);
#12033 = CARTESIAN_POINT('',(0.83916652102,-5.E-02));
#12034 = CARTESIAN_POINT('',(0.,-5.E-02));
#12035 = ( GEOMETRIC_REPRESENTATION_CONTEXT(2) 
PARAMETRIC_REPRESENTATION_CONTEXT() REPRESENTATION_CONTEXT('2D SPACE',''
  ) );
#12036 = PCURVE('',#11824,#12037);
#12037 = DEFINITIONAL_REPRESENTATION('',(#12038),#12041);
#12038 = B_SPLINE_CURVE_WITH_KNOTS('',1,(#12039,#12040),.UNSPECIFIED.,
  .F.,.F.,(2,2),(-0.629350655408,0.209815865612),
  .PIECEWISE_BEZIER_KNOTS.);
#12039 = CARTESIAN_POINT('',(-9.152503960195,3.180798124466));
#12040 = CARTESIAN_POINT('',(-9.393401249644,2.376951779736));
#12041 = ( GEOMETRIC_REPRESENTATION_CONTEXT(2) 
PARAMETRIC_REPRESENTATION_CONTEXT() REPRESENTATION_CONTEXT('2D SPACE',''
  ) );
#12042 = ORIENTED_EDGE('',*,*,#11951,.T.);
#12043 = ORIENTED_EDGE('',*,*,#6781,.T.);
#12044 = ORIENTED_EDGE('',*,*,#12045,.F.);
#12045 = EDGE_CURVE('',#12023,#6782,#12046,.T.);
#12046 = SURFACE_CURVE('',#12047,(#12051,#12058),.PCURVE_S1.);
#12047 = LINE('',#12048,#12049);
#12048 = CARTESIAN_POINT('',(-9.152503960195,3.180798124466,12.2704));
#12049 = VECTOR('',#12050,1.);
#12050 = DIRECTION('',(0.,0.,1.));
#12051 = PCURVE('',#6797,#12052);
#12052 = DEFINITIONAL_REPRESENTATION('',(#12053),#12057);
#12053 = LINE('',#12054,#12055);
#12054 = CARTESIAN_POINT('',(0.83916652102,0.));
#12055 = VECTOR('',#12056,1.);
#12056 = DIRECTION('',(0.,-1.));
#12057 = ( GEOMETRIC_REPRESENTATION_CONTEXT(2) 
PARAMETRIC_REPRESENTATION_CONTEXT() REPRESENTATION_CONTEXT('2D SPACE',''
  ) );
#12058 = PCURVE('',#6825,#12059);
#12059 = DEFINITIONAL_REPRESENTATION('',(#12060),#12064);
#12060 = LINE('',#12061,#12062);
#12061 = CARTESIAN_POINT('',(0.,0.));
#12062 = VECTOR('',#12063,1.);
#12063 = DIRECTION('',(0.,-1.));
#12064 = ( GEOMETRIC_REPRESENTATION_CONTEXT(2) 
PARAMETRIC_REPRESENTATION_CONTEXT() REPRESENTATION_CONTEXT('2D SPACE',''
  ) );
#12065 = ADVANCED_FACE('',(#12066),#7077,.F.);
#12066 = FACE_BOUND('',#12067,.F.);
#12067 = EDGE_LOOP('',(#12068,#12089,#12110,#12111));
#12068 = ORIENTED_EDGE('',*,*,#12069,.T.);
#12069 = EDGE_CURVE('',#11976,#12070,#12072,.T.);
#12070 = VERTEX_POINT('',#12071);
#12071 = CARTESIAN_POINT('',(-3.01522662439,2.699474290222,12.3204));
#12072 = SURFACE_CURVE('',#12073,(#12077,#12083),.PCURVE_S1.);
#12073 = LINE('',#12074,#12075);
#12074 = CARTESIAN_POINT('',(-3.098692234237,2.592626155398,12.3204));
#12075 = VECTOR('',#12076,1.);
#12076 = DIRECTION('',(0.615600551189,0.788058348966,-0.));
#12077 = PCURVE('',#7077,#12078);
#12078 = DEFINITIONAL_REPRESENTATION('',(#12079),#12082);
#12079 = B_SPLINE_CURVE_WITH_KNOTS('',1,(#12080,#12081),.UNSPECIFIED.,
  .F.,.F.,(2,2),(-0.406485512586,0.135584040147),
  .PIECEWISE_BEZIER_KNOTS.);
#12080 = CARTESIAN_POINT('',(0.542069552733,-5.E-02));
#12081 = CARTESIAN_POINT('',(0.,-5.E-02));
#12082 = ( GEOMETRIC_REPRESENTATION_CONTEXT(2) 
PARAMETRIC_REPRESENTATION_CONTEXT() REPRESENTATION_CONTEXT('2D SPACE',''
  ) );
#12083 = PCURVE('',#11824,#12084);
#12084 = DEFINITIONAL_REPRESENTATION('',(#12085),#12088);
#12085 = B_SPLINE_CURVE_WITH_KNOTS('',1,(#12086,#12087),.UNSPECIFIED.,
  .F.,.F.,(2,2),(-0.406485512586,0.135584040147),
  .PIECEWISE_BEZIER_KNOTS.);
#12086 = CARTESIAN_POINT('',(-3.348924939836,2.27229185347));
#12087 = CARTESIAN_POINT('',(-3.01522662439,2.699474290222));
#12088 = ( GEOMETRIC_REPRESENTATION_CONTEXT(2) 
PARAMETRIC_REPRESENTATION_CONTEXT() REPRESENTATION_CONTEXT('2D SPACE',''
  ) );
#12089 = ORIENTED_EDGE('',*,*,#12090,.T.);
#12090 = EDGE_CURVE('',#12070,#7034,#12091,.T.);
#12091 = SURFACE_CURVE('',#12092,(#12096,#12103),.PCURVE_S1.);
#12092 = LINE('',#12093,#12094);
#12093 = CARTESIAN_POINT('',(-3.01522662439,2.699474290222,12.2704));
#12094 = VECTOR('',#12095,1.);
#12095 = DIRECTION('',(0.,0.,1.));
#12096 = PCURVE('',#7077,#12097);
#12097 = DEFINITIONAL_REPRESENTATION('',(#12098),#12102);
#12098 = LINE('',#12099,#12100);
#12099 = CARTESIAN_POINT('',(0.,0.));
#12100 = VECTOR('',#12101,1.);
#12101 = DIRECTION('',(0.,-1.));
#12102 = ( GEOMETRIC_REPRESENTATION_CONTEXT(2) 
PARAMETRIC_REPRESENTATION_CONTEXT() REPRESENTATION_CONTEXT('2D SPACE',''
  ) );
#12103 = PCURVE('',#7049,#12104);
#12104 = DEFINITIONAL_REPRESENTATION('',(#12105),#12109);
#12105 = LINE('',#12106,#12107);
#12106 = CARTESIAN_POINT('',(0.54207182181,0.));
#12107 = VECTOR('',#12108,1.);
#12108 = DIRECTION('',(0.,-1.));
#12109 = ( GEOMETRIC_REPRESENTATION_CONTEXT(2) 
PARAMETRIC_REPRESENTATION_CONTEXT() REPRESENTATION_CONTEXT('2D SPACE',''
  ) );
#12110 = ORIENTED_EDGE('',*,*,#7061,.T.);
#12111 = ORIENTED_EDGE('',*,*,#11996,.F.);
#12112 = ADVANCED_FACE('',(#12113),#6825,.F.);
#12113 = FACE_BOUND('',#12114,.F.);
#12114 = EDGE_LOOP('',(#12115,#12136,#12137,#12138));
#12115 = ORIENTED_EDGE('',*,*,#12116,.T.);
#12116 = EDGE_CURVE('',#12117,#12023,#12119,.T.);
#12117 = VERTEX_POINT('',#12118);
#12118 = CARTESIAN_POINT('',(-8.842922456917,3.960809017228,12.3204));
#12119 = SURFACE_CURVE('',#12120,(#12124,#12130),.PCURVE_S1.);
#12120 = LINE('',#12121,#12122);
#12121 = CARTESIAN_POINT('',(-9.075051460234,3.375944775676,12.3204));
#12122 = VECTOR('',#12123,1.);
#12123 = DIRECTION('',(-0.368900465084,-0.929468905806,0.));
#12124 = PCURVE('',#6825,#12125);
#12125 = DEFINITIONAL_REPRESENTATION('',(#12126),#12129);
#12126 = B_SPLINE_CURVE_WITH_KNOTS('',1,(#12127,#12128),.UNSPECIFIED.,
  .F.,.F.,(2,2),(-0.629245623925,0.209955007629),
  .PIECEWISE_BEZIER_KNOTS.);
#12127 = CARTESIAN_POINT('',(0.839200631554,-5.E-02));
#12128 = CARTESIAN_POINT('',(0.,-5.E-02));
#12129 = ( GEOMETRIC_REPRESENTATION_CONTEXT(2) 
PARAMETRIC_REPRESENTATION_CONTEXT() REPRESENTATION_CONTEXT('2D SPACE',''
  ) );
#12130 = PCURVE('',#11824,#12131);
#12131 = DEFINITIONAL_REPRESENTATION('',(#12132),#12135);
#12132 = B_SPLINE_CURVE_WITH_KNOTS('',1,(#12133,#12134),.UNSPECIFIED.,
  .F.,.F.,(2,2),(-0.629245623925,0.209955007629),
  .PIECEWISE_BEZIER_KNOTS.);
#12133 = CARTESIAN_POINT('',(-8.842922456917,3.960809017228));
#12134 = CARTESIAN_POINT('',(-9.152503960195,3.180798124466));
#12135 = ( GEOMETRIC_REPRESENTATION_CONTEXT(2) 
PARAMETRIC_REPRESENTATION_CONTEXT() REPRESENTATION_CONTEXT('2D SPACE',''
  ) );
#12136 = ORIENTED_EDGE('',*,*,#12045,.T.);
#12137 = ORIENTED_EDGE('',*,*,#6809,.T.);
#12138 = ORIENTED_EDGE('',*,*,#12139,.F.);
#12139 = EDGE_CURVE('',#12117,#6810,#12140,.T.);
#12140 = SURFACE_CURVE('',#12141,(#12145,#12152),.PCURVE_S1.);
#12141 = LINE('',#12142,#12143);
#12142 = CARTESIAN_POINT('',(-8.842922456917,3.960809017228,12.2704));
#12143 = VECTOR('',#12144,1.);
#12144 = DIRECTION('',(0.,0.,1.));
#12145 = PCURVE('',#6825,#12146);
#12146 = DEFINITIONAL_REPRESENTATION('',(#12147),#12151);
#12147 = LINE('',#12148,#12149);
#12148 = CARTESIAN_POINT('',(0.839200631554,0.));
#12149 = VECTOR('',#12150,1.);
#12150 = DIRECTION('',(0.,-1.));
#12151 = ( GEOMETRIC_REPRESENTATION_CONTEXT(2) 
PARAMETRIC_REPRESENTATION_CONTEXT() REPRESENTATION_CONTEXT('2D SPACE',''
  ) );
#12152 = PCURVE('',#6853,#12153);
#12153 = DEFINITIONAL_REPRESENTATION('',(#12154),#12158);
#12154 = LINE('',#12155,#12156);
#12155 = CARTESIAN_POINT('',(0.,0.));
#12156 = VECTOR('',#12157,1.);
#12157 = DIRECTION('',(0.,-1.));
#12158 = ( GEOMETRIC_REPRESENTATION_CONTEXT(2) 
PARAMETRIC_REPRESENTATION_CONTEXT() REPRESENTATION_CONTEXT('2D SPACE',''
  ) );
#12159 = ADVANCED_FACE('',(#12160),#7049,.F.);
#12160 = FACE_BOUND('',#12161,.F.);
#12161 = EDGE_LOOP('',(#12162,#12183,#12204,#12205));
#12162 = ORIENTED_EDGE('',*,*,#12163,.T.);
#12163 = EDGE_CURVE('',#12070,#12164,#12166,.T.);
#12164 = VERTEX_POINT('',#12165);
#12165 = CARTESIAN_POINT('',(-2.627403902736,3.078202948457,12.3204));
#12166 = SURFACE_CURVE('',#12167,(#12171,#12177),.PCURVE_S1.);
#12167 = LINE('',#12168,#12169);
#12168 = CARTESIAN_POINT('',(-2.724304024702,2.983575039554,12.3204));
#12169 = VECTOR('',#12170,1.);
#12170 = DIRECTION('',(0.715445271366,0.698668779666,-0.));
#12171 = PCURVE('',#7049,#12172);
#12172 = DEFINITIONAL_REPRESENTATION('',(#12173),#12176);
#12173 = B_SPLINE_CURVE_WITH_KNOTS('',1,(#12174,#12175),.UNSPECIFIED.,
  .F.,.F.,(2,2),(-0.406631522119,0.135440299691),
  .PIECEWISE_BEZIER_KNOTS.);
#12174 = CARTESIAN_POINT('',(0.54207182181,-5.E-02));
#12175 = CARTESIAN_POINT('',(0.,-5.E-02));
#12176 = ( GEOMETRIC_REPRESENTATION_CONTEXT(2) 
PARAMETRIC_REPRESENTATION_CONTEXT() REPRESENTATION_CONTEXT('2D SPACE',''
  ) );
#12177 = PCURVE('',#11824,#12178);
#12178 = DEFINITIONAL_REPRESENTATION('',(#12179),#12182);
#12179 = B_SPLINE_CURVE_WITH_KNOTS('',1,(#12180,#12181),.UNSPECIFIED.,
  .F.,.F.,(2,2),(-0.406631522119,0.135440299691),
  .PIECEWISE_BEZIER_KNOTS.);
#12180 = CARTESIAN_POINT('',(-3.01522662439,2.699474290222));
#12181 = CARTESIAN_POINT('',(-2.627403902736,3.078202948457));
#12182 = ( GEOMETRIC_REPRESENTATION_CONTEXT(2) 
PARAMETRIC_REPRESENTATION_CONTEXT() REPRESENTATION_CONTEXT('2D SPACE',''
  ) );
#12183 = ORIENTED_EDGE('',*,*,#12184,.T.);
#12184 = EDGE_CURVE('',#12164,#7006,#12185,.T.);
#12185 = SURFACE_CURVE('',#12186,(#12190,#12197),.PCURVE_S1.);
#12186 = LINE('',#12187,#12188);
#12187 = CARTESIAN_POINT('',(-2.627403902736,3.078202948457,12.2704));
#12188 = VECTOR('',#12189,1.);
#12189 = DIRECTION('',(0.,0.,1.));
#12190 = PCURVE('',#7049,#12191);
#12191 = DEFINITIONAL_REPRESENTATION('',(#12192),#12196);
#12192 = LINE('',#12193,#12194);
#12193 = CARTESIAN_POINT('',(0.,0.));
#12194 = VECTOR('',#12195,1.);
#12195 = DIRECTION('',(0.,-1.));
#12196 = ( GEOMETRIC_REPRESENTATION_CONTEXT(2) 
PARAMETRIC_REPRESENTATION_CONTEXT() REPRESENTATION_CONTEXT('2D SPACE',''
  ) );
#12197 = PCURVE('',#7021,#12198);
#12198 = DEFINITIONAL_REPRESENTATION('',(#12199),#12203);
#12199 = LINE('',#12200,#12201);
#12200 = CARTESIAN_POINT('',(5.662513993802,0.));
#12201 = VECTOR('',#12202,1.);
#12202 = DIRECTION('',(0.,-1.));
#12203 = ( GEOMETRIC_REPRESENTATION_CONTEXT(2) 
PARAMETRIC_REPRESENTATION_CONTEXT() REPRESENTATION_CONTEXT('2D SPACE',''
  ) );
#12204 = ORIENTED_EDGE('',*,*,#7033,.T.);
#12205 = ORIENTED_EDGE('',*,*,#12090,.F.);
#12206 = ADVANCED_FACE('',(#12207),#6853,.F.);
#12207 = FACE_BOUND('',#12208,.F.);
#12208 = EDGE_LOOP('',(#12209,#12230,#12231,#12232));
#12209 = ORIENTED_EDGE('',*,*,#12210,.T.);
#12210 = EDGE_CURVE('',#12211,#12117,#12213,.T.);
#12211 = VERTEX_POINT('',#12212);
#12212 = CARTESIAN_POINT('',(-8.466977316944,4.711165100519,12.3204));
#12213 = SURFACE_CURVE('',#12214,(#12218,#12224),.PCURVE_S1.);
#12214 = LINE('',#12215,#12216);
#12215 = CARTESIAN_POINT('',(-8.748868900188,4.148532306994,12.3204));
#12216 = VECTOR('',#12217,1.);
#12217 = DIRECTION('',(-0.447944654008,-0.894061288137,0.));
#12218 = PCURVE('',#6853,#12219);
#12219 = DEFINITIONAL_REPRESENTATION('',(#12220),#12223);
#12220 = B_SPLINE_CURVE_WITH_KNOTS('',1,(#12221,#12222),.UNSPECIFIED.,
  .F.,.F.,(2,2),(-0.629300027851,0.209966914188),
  .PIECEWISE_BEZIER_KNOTS.);
#12221 = CARTESIAN_POINT('',(0.839266942039,-5.E-02));
#12222 = CARTESIAN_POINT('',(0.,-5.E-02));
#12223 = ( GEOMETRIC_REPRESENTATION_CONTEXT(2) 
PARAMETRIC_REPRESENTATION_CONTEXT() REPRESENTATION_CONTEXT('2D SPACE',''
  ) );
#12224 = PCURVE('',#11824,#12225);
#12225 = DEFINITIONAL_REPRESENTATION('',(#12226),#12229);
#12226 = B_SPLINE_CURVE_WITH_KNOTS('',1,(#12227,#12228),.UNSPECIFIED.,
  .F.,.F.,(2,2),(-0.629300027851,0.209966914188),
  .PIECEWISE_BEZIER_KNOTS.);
#12227 = CARTESIAN_POINT('',(-8.466977316944,4.711165100519));
#12228 = CARTESIAN_POINT('',(-8.842922456917,3.960809017228));
#12229 = ( GEOMETRIC_REPRESENTATION_CONTEXT(2) 
PARAMETRIC_REPRESENTATION_CONTEXT() REPRESENTATION_CONTEXT('2D SPACE',''
  ) );
#12230 = ORIENTED_EDGE('',*,*,#12139,.T.);
#12231 = ORIENTED_EDGE('',*,*,#6837,.T.);
#12232 = ORIENTED_EDGE('',*,*,#12233,.F.);
#12233 = EDGE_CURVE('',#12211,#6838,#12234,.T.);
#12234 = SURFACE_CURVE('',#12235,(#12239,#12246),.PCURVE_S1.);
#12235 = LINE('',#12236,#12237);
#12236 = CARTESIAN_POINT('',(-8.466977316944,4.711165100519,12.2704));
#12237 = VECTOR('',#12238,1.);
#12238 = DIRECTION('',(0.,0.,1.));
#12239 = PCURVE('',#6853,#12240);
#12240 = DEFINITIONAL_REPRESENTATION('',(#12241),#12245);
#12241 = LINE('',#12242,#12243);
#12242 = CARTESIAN_POINT('',(0.839266942039,0.));
#12243 = VECTOR('',#12244,1.);
#12244 = DIRECTION('',(0.,-1.));
#12245 = ( GEOMETRIC_REPRESENTATION_CONTEXT(2) 
PARAMETRIC_REPRESENTATION_CONTEXT() REPRESENTATION_CONTEXT('2D SPACE',''
  ) );
#12246 = PCURVE('',#6881,#12247);
#12247 = DEFINITIONAL_REPRESENTATION('',(#12248),#12252);
#12248 = LINE('',#12249,#12250);
#12249 = CARTESIAN_POINT('',(0.,0.));
#12250 = VECTOR('',#12251,1.);
#12251 = DIRECTION('',(0.,-1.));
#12252 = ( GEOMETRIC_REPRESENTATION_CONTEXT(2) 
PARAMETRIC_REPRESENTATION_CONTEXT() REPRESENTATION_CONTEXT('2D SPACE',''
  ) );
#12253 = ADVANCED_FACE('',(#12254),#7021,.F.);
#12254 = FACE_BOUND('',#12255,.F.);
#12255 = EDGE_LOOP('',(#12256,#12277,#12298,#12299));
#12256 = ORIENTED_EDGE('',*,*,#12257,.T.);
#12257 = EDGE_CURVE('',#12164,#12258,#12260,.T.);
#12258 = VERTEX_POINT('',#12259);
#12259 = CARTESIAN_POINT('',(-5.711361872449,7.827231056506,12.3204));
#12260 = SURFACE_CURVE('',#12261,(#12265,#12271),.PCURVE_S1.);
#12261 = LINE('',#12262,#12263);
#12262 = CARTESIAN_POINT('',(-3.076703912814,3.770086040822,12.3204));
#12263 = VECTOR('',#12264,1.);
#12264 = DIRECTION('',(-0.544626993079,0.838678387947,0.));
#12265 = PCURVE('',#7021,#12266);
#12266 = DEFINITIONAL_REPRESENTATION('',(#12267),#12270);
#12267 = B_SPLINE_CURVE_WITH_KNOTS('',1,(#12268,#12269),.UNSPECIFIED.,
  .F.,.F.,(2,2),(-0.824968310032,4.83754568377),
  .PIECEWISE_BEZIER_KNOTS.);
#12268 = CARTESIAN_POINT('',(5.662513993802,-5.E-02));
#12269 = CARTESIAN_POINT('',(0.,-5.E-02));
#12270 = ( GEOMETRIC_REPRESENTATION_CONTEXT(2) 
PARAMETRIC_REPRESENTATION_CONTEXT() REPRESENTATION_CONTEXT('2D SPACE',''
  ) );
#12271 = PCURVE('',#11824,#12272);
#12272 = DEFINITIONAL_REPRESENTATION('',(#12273),#12276);
#12273 = B_SPLINE_CURVE_WITH_KNOTS('',1,(#12274,#12275),.UNSPECIFIED.,
  .F.,.F.,(2,2),(-0.824968310032,4.83754568377),
  .PIECEWISE_BEZIER_KNOTS.);
#12274 = CARTESIAN_POINT('',(-2.627403902736,3.078202948457));
#12275 = CARTESIAN_POINT('',(-5.711361872449,7.827231056506));
#12276 = ( GEOMETRIC_REPRESENTATION_CONTEXT(2) 
PARAMETRIC_REPRESENTATION_CONTEXT() REPRESENTATION_CONTEXT('2D SPACE',''
  ) );
#12277 = ORIENTED_EDGE('',*,*,#12278,.T.);
#12278 = EDGE_CURVE('',#12258,#6978,#12279,.T.);
#12279 = SURFACE_CURVE('',#12280,(#12284,#12291),.PCURVE_S1.);
#12280 = LINE('',#12281,#12282);
#12281 = CARTESIAN_POINT('',(-5.711361872449,7.827231056506,12.2704));
#12282 = VECTOR('',#12283,1.);
#12283 = DIRECTION('',(0.,0.,1.));
#12284 = PCURVE('',#7021,#12285);
#12285 = DEFINITIONAL_REPRESENTATION('',(#12286),#12290);
#12286 = LINE('',#12287,#12288);
#12287 = CARTESIAN_POINT('',(0.,0.));
#12288 = VECTOR('',#12289,1.);
#12289 = DIRECTION('',(0.,-1.));
#12290 = ( GEOMETRIC_REPRESENTATION_CONTEXT(2) 
PARAMETRIC_REPRESENTATION_CONTEXT() REPRESENTATION_CONTEXT('2D SPACE',''
  ) );
#12291 = PCURVE('',#6993,#12292);
#12292 = DEFINITIONAL_REPRESENTATION('',(#12293),#12297);
#12293 = LINE('',#12294,#12295);
#12294 = CARTESIAN_POINT('',(0.834292544615,0.));
#12295 = VECTOR('',#12296,1.);
#12296 = DIRECTION('',(0.,-1.));
#12297 = ( GEOMETRIC_REPRESENTATION_CONTEXT(2) 
PARAMETRIC_REPRESENTATION_CONTEXT() REPRESENTATION_CONTEXT('2D SPACE',''
  ) );
#12298 = ORIENTED_EDGE('',*,*,#7005,.T.);
#12299 = ORIENTED_EDGE('',*,*,#12184,.F.);
#12300 = ADVANCED_FACE('',(#12301),#6881,.F.);
#12301 = FACE_BOUND('',#12302,.F.);
#12302 = EDGE_LOOP('',(#12303,#12324,#12325,#12326));
#12303 = ORIENTED_EDGE('',*,*,#12304,.T.);
#12304 = EDGE_CURVE('',#12305,#12211,#12307,.T.);
#12305 = VERTEX_POINT('',#12306);
#12306 = CARTESIAN_POINT('',(-8.027658732657,5.426087209213,12.3204));
#12307 = SURFACE_CURVE('',#12308,(#12312,#12318),.PCURVE_S1.);
#12308 = LINE('',#12309,#12310);
#12309 = CARTESIAN_POINT('',(-8.357295174319,4.889655588963,12.3204));
#12310 = VECTOR('',#12311,1.);
#12311 = DIRECTION('',(-0.523549742037,-0.851995110088,0.));
#12312 = PCURVE('',#6881,#12313);
#12313 = DEFINITIONAL_REPRESENTATION('',(#12314),#12317);
#12314 = B_SPLINE_CURVE_WITH_KNOTS('',1,(#12315,#12316),.UNSPECIFIED.,
  .F.,.F.,(2,2),(-0.629618191348,0.209497080829),
  .PIECEWISE_BEZIER_KNOTS.);
#12315 = CARTESIAN_POINT('',(0.839115272177,-5.E-02));
#12316 = CARTESIAN_POINT('',(0.,-5.E-02));
#12317 = ( GEOMETRIC_REPRESENTATION_CONTEXT(2) 
PARAMETRIC_REPRESENTATION_CONTEXT() REPRESENTATION_CONTEXT('2D SPACE',''
  ) );
#12318 = PCURVE('',#11824,#12319);
#12319 = DEFINITIONAL_REPRESENTATION('',(#12320),#12323);
#12320 = B_SPLINE_CURVE_WITH_KNOTS('',1,(#12321,#12322),.UNSPECIFIED.,
  .F.,.F.,(2,2),(-0.629618191348,0.209497080829),
  .PIECEWISE_BEZIER_KNOTS.);
#12321 = CARTESIAN_POINT('',(-8.027658732657,5.426087209213));
#12322 = CARTESIAN_POINT('',(-8.466977316944,4.711165100519));
#12323 = ( GEOMETRIC_REPRESENTATION_CONTEXT(2) 
PARAMETRIC_REPRESENTATION_CONTEXT() REPRESENTATION_CONTEXT('2D SPACE',''
  ) );
#12324 = ORIENTED_EDGE('',*,*,#12233,.T.);
#12325 = ORIENTED_EDGE('',*,*,#6865,.T.);
#12326 = ORIENTED_EDGE('',*,*,#12327,.F.);
#12327 = EDGE_CURVE('',#12305,#6866,#12328,.T.);
#12328 = SURFACE_CURVE('',#12329,(#12333,#12340),.PCURVE_S1.);
#12329 = LINE('',#12330,#12331);
#12330 = CARTESIAN_POINT('',(-8.027658732657,5.426087209213,12.2704));
#12331 = VECTOR('',#12332,1.);
#12332 = DIRECTION('',(0.,0.,1.));
#12333 = PCURVE('',#6881,#12334);
#12334 = DEFINITIONAL_REPRESENTATION('',(#12335),#12339);
#12335 = LINE('',#12336,#12337);
#12336 = CARTESIAN_POINT('',(0.839115272177,0.));
#12337 = VECTOR('',#12338,1.);
#12338 = DIRECTION('',(0.,-1.));
#12339 = ( GEOMETRIC_REPRESENTATION_CONTEXT(2) 
PARAMETRIC_REPRESENTATION_CONTEXT() REPRESENTATION_CONTEXT('2D SPACE',''
  ) );
#12340 = PCURVE('',#6909,#12341);
#12341 = DEFINITIONAL_REPRESENTATION('',(#12342),#12346);
#12342 = LINE('',#12343,#12344);
#12343 = CARTESIAN_POINT('',(0.,0.));
#12344 = VECTOR('',#12345,1.);
#12345 = DIRECTION('',(0.,-1.));
#12346 = ( GEOMETRIC_REPRESENTATION_CONTEXT(2) 
PARAMETRIC_REPRESENTATION_CONTEXT() REPRESENTATION_CONTEXT('2D SPACE',''
  ) );
#12347 = ADVANCED_FACE('',(#12348),#6993,.F.);
#12348 = FACE_BOUND('',#12349,.F.);
#12349 = EDGE_LOOP('',(#12350,#12371,#12392,#12393));
#12350 = ORIENTED_EDGE('',*,*,#12351,.T.);
#12351 = EDGE_CURVE('',#12258,#12352,#12354,.T.);
#12352 = VERTEX_POINT('',#12353);
#12353 = CARTESIAN_POINT('',(-6.363503210442,7.306889125387,12.3204));
#12354 = SURFACE_CURVE('',#12355,(#12359,#12365),.PCURVE_S1.);
#12355 = LINE('',#12356,#12357);
#12356 = CARTESIAN_POINT('',(-6.20056125227,7.436900103431,12.3204));
#12357 = VECTOR('',#12358,1.);
#12358 = DIRECTION('',(-0.781669861731,-0.623692413984,0.));
#12359 = PCURVE('',#6993,#12360);
#12360 = DEFINITIONAL_REPRESENTATION('',(#12361),#12364);
#12361 = B_SPLINE_CURVE_WITH_KNOTS('',1,(#12362,#12363),.UNSPECIFIED.,
  .F.,.F.,(2,2),(-0.625838865959,0.208453678656),
  .PIECEWISE_BEZIER_KNOTS.);
#12362 = CARTESIAN_POINT('',(0.834292544615,-5.E-02));
#12363 = CARTESIAN_POINT('',(0.,-5.E-02));
#12364 = ( GEOMETRIC_REPRESENTATION_CONTEXT(2) 
PARAMETRIC_REPRESENTATION_CONTEXT() REPRESENTATION_CONTEXT('2D SPACE',''
  ) );
#12365 = PCURVE('',#11824,#12366);
#12366 = DEFINITIONAL_REPRESENTATION('',(#12367),#12370);
#12367 = B_SPLINE_CURVE_WITH_KNOTS('',1,(#12368,#12369),.UNSPECIFIED.,
  .F.,.F.,(2,2),(-0.625838865959,0.208453678656),
  .PIECEWISE_BEZIER_KNOTS.);
#12368 = CARTESIAN_POINT('',(-5.711361872449,7.827231056506));
#12369 = CARTESIAN_POINT('',(-6.363503210442,7.306889125387));
#12370 = ( GEOMETRIC_REPRESENTATION_CONTEXT(2) 
PARAMETRIC_REPRESENTATION_CONTEXT() REPRESENTATION_CONTEXT('2D SPACE',''
  ) );
#12371 = ORIENTED_EDGE('',*,*,#12372,.T.);
#12372 = EDGE_CURVE('',#12352,#6950,#12373,.T.);
#12373 = SURFACE_CURVE('',#12374,(#12378,#12385),.PCURVE_S1.);
#12374 = LINE('',#12375,#12376);
#12375 = CARTESIAN_POINT('',(-6.363503210442,7.306889125387,12.2704));
#12376 = VECTOR('',#12377,1.);
#12377 = DIRECTION('',(0.,0.,1.));
#12378 = PCURVE('',#6993,#12379);
#12379 = DEFINITIONAL_REPRESENTATION('',(#12380),#12384);
#12380 = LINE('',#12381,#12382);
#12381 = CARTESIAN_POINT('',(0.,0.));
#12382 = VECTOR('',#12383,1.);
#12383 = DIRECTION('',(0.,-1.));
#12384 = ( GEOMETRIC_REPRESENTATION_CONTEXT(2) 
PARAMETRIC_REPRESENTATION_CONTEXT() REPRESENTATION_CONTEXT('2D SPACE',''
  ) );
#12385 = PCURVE('',#6965,#12386);
#12386 = DEFINITIONAL_REPRESENTATION('',(#12387),#12391);
#12387 = LINE('',#12388,#12389);
#12388 = CARTESIAN_POINT('',(0.839225506047,0.));
#12389 = VECTOR('',#12390,1.);
#12390 = DIRECTION('',(0.,-1.));
#12391 = ( GEOMETRIC_REPRESENTATION_CONTEXT(2) 
PARAMETRIC_REPRESENTATION_CONTEXT() REPRESENTATION_CONTEXT('2D SPACE',''
  ) );
#12392 = ORIENTED_EDGE('',*,*,#6977,.T.);
#12393 = ORIENTED_EDGE('',*,*,#12278,.F.);
#12394 = ADVANCED_FACE('',(#12395),#6909,.F.);
#12395 = FACE_BOUND('',#12396,.F.);
#12396 = EDGE_LOOP('',(#12397,#12418,#12419,#12420));
#12397 = ORIENTED_EDGE('',*,*,#12398,.T.);
#12398 = EDGE_CURVE('',#12399,#12305,#12401,.T.);
#12399 = VERTEX_POINT('',#12400);
#12400 = CARTESIAN_POINT('',(-7.527966704056,6.100379190889,12.3204));
#12401 = SURFACE_CURVE('',#12402,(#12406,#12412),.PCURVE_S1.);
#12402 = LINE('',#12403,#12404);
#12403 = CARTESIAN_POINT('',(-7.902590619671,5.594856012642,12.3204));
#12404 = VECTOR('',#12405,1.);
#12405 = DIRECTION('',(-0.595394096319,-0.803433799431,0.));
#12406 = PCURVE('',#6909,#12407);
#12407 = DEFINITIONAL_REPRESENTATION('',(#12408),#12411);
#12408 = B_SPLINE_CURVE_WITH_KNOTS('',1,(#12409,#12410),.UNSPECIFIED.,
  .F.,.F.,(2,2),(-0.629203275497,0.210059377073),
  .PIECEWISE_BEZIER_KNOTS.);
#12409 = CARTESIAN_POINT('',(0.839262652571,-5.E-02));
#12410 = CARTESIAN_POINT('',(0.,-5.E-02));
#12411 = ( GEOMETRIC_REPRESENTATION_CONTEXT(2) 
PARAMETRIC_REPRESENTATION_CONTEXT() REPRESENTATION_CONTEXT('2D SPACE',''
  ) );
#12412 = PCURVE('',#11824,#12413);
#12413 = DEFINITIONAL_REPRESENTATION('',(#12414),#12417);
#12414 = B_SPLINE_CURVE_WITH_KNOTS('',1,(#12415,#12416),.UNSPECIFIED.,
  .F.,.F.,(2,2),(-0.629203275497,0.210059377073),
  .PIECEWISE_BEZIER_KNOTS.);
#12415 = CARTESIAN_POINT('',(-7.527966704056,6.100379190889));
#12416 = CARTESIAN_POINT('',(-8.027658732657,5.426087209213));
#12417 = ( GEOMETRIC_REPRESENTATION_CONTEXT(2) 
PARAMETRIC_REPRESENTATION_CONTEXT() REPRESENTATION_CONTEXT('2D SPACE',''
  ) );
#12418 = ORIENTED_EDGE('',*,*,#12327,.T.);
#12419 = ORIENTED_EDGE('',*,*,#6893,.T.);
#12420 = ORIENTED_EDGE('',*,*,#12421,.F.);
#12421 = EDGE_CURVE('',#12399,#6894,#12422,.T.);
#12422 = SURFACE_CURVE('',#12423,(#12427,#12434),.PCURVE_S1.);
#12423 = LINE('',#12424,#12425);
#12424 = CARTESIAN_POINT('',(-7.527966704056,6.100379190889,12.2704));
#12425 = VECTOR('',#12426,1.);
#12426 = DIRECTION('',(0.,0.,1.));
#12427 = PCURVE('',#6909,#12428);
#12428 = DEFINITIONAL_REPRESENTATION('',(#12429),#12433);
#12429 = LINE('',#12430,#12431);
#12430 = CARTESIAN_POINT('',(0.839262652571,0.));
#12431 = VECTOR('',#12432,1.);
#12432 = DIRECTION('',(0.,-1.));
#12433 = ( GEOMETRIC_REPRESENTATION_CONTEXT(2) 
PARAMETRIC_REPRESENTATION_CONTEXT() REPRESENTATION_CONTEXT('2D SPACE',''
  ) );
#12434 = PCURVE('',#6937,#12435);
#12435 = DEFINITIONAL_REPRESENTATION('',(#12436),#12440);
#12436 = LINE('',#12437,#12438);
#12437 = CARTESIAN_POINT('',(0.,0.));
#12438 = VECTOR('',#12439,1.);
#12439 = DIRECTION('',(0.,-1.));
#12440 = ( GEOMETRIC_REPRESENTATION_CONTEXT(2) 
PARAMETRIC_REPRESENTATION_CONTEXT() REPRESENTATION_CONTEXT('2D SPACE',''
  ) );
#12441 = ADVANCED_FACE('',(#12442),#6965,.F.);
#12442 = FACE_BOUND('',#12443,.F.);
#12443 = EDGE_LOOP('',(#12444,#12465,#12486,#12487));
#12444 = ORIENTED_EDGE('',*,*,#12445,.T.);
#12445 = EDGE_CURVE('',#12352,#12446,#12448,.T.);
#12446 = VERTEX_POINT('',#12447);
#12447 = CARTESIAN_POINT('',(-6.971930654002,6.728861880421,12.3204));
#12448 = SURFACE_CURVE('',#12449,(#12453,#12459),.PCURVE_S1.);
#12449 = LINE('',#12450,#12451);
#12450 = CARTESIAN_POINT('',(-6.819694762422,6.873491275308,12.3204));
#12451 = VECTOR('',#12452,1.);
#12452 = DIRECTION('',(-0.724986835095,-0.68876272325,0.));
#12453 = PCURVE('',#6965,#12454);
#12454 = DEFINITIONAL_REPRESENTATION('',(#12455),#12458);
#12455 = B_SPLINE_CURVE_WITH_KNOTS('',1,(#12456,#12457),.UNSPECIFIED.,
  .F.,.F.,(2,2),(-0.629241152938,0.209984353109),
  .PIECEWISE_BEZIER_KNOTS.);
#12456 = CARTESIAN_POINT('',(0.839225506047,-5.E-02));
#12457 = CARTESIAN_POINT('',(0.,-5.E-02));
#12458 = ( GEOMETRIC_REPRESENTATION_CONTEXT(2) 
PARAMETRIC_REPRESENTATION_CONTEXT() REPRESENTATION_CONTEXT('2D SPACE',''
  ) );
#12459 = PCURVE('',#11824,#12460);
#12460 = DEFINITIONAL_REPRESENTATION('',(#12461),#12464);
#12461 = B_SPLINE_CURVE_WITH_KNOTS('',1,(#12462,#12463),.UNSPECIFIED.,
  .F.,.F.,(2,2),(-0.629241152938,0.209984353109),
  .PIECEWISE_BEZIER_KNOTS.);
#12462 = CARTESIAN_POINT('',(-6.363503210442,7.306889125387));
#12463 = CARTESIAN_POINT('',(-6.971930654002,6.728861880421));
#12464 = ( GEOMETRIC_REPRESENTATION_CONTEXT(2) 
PARAMETRIC_REPRESENTATION_CONTEXT() REPRESENTATION_CONTEXT('2D SPACE',''
  ) );
#12465 = ORIENTED_EDGE('',*,*,#12466,.T.);
#12466 = EDGE_CURVE('',#12446,#6922,#12467,.T.);
#12467 = SURFACE_CURVE('',#12468,(#12472,#12479),.PCURVE_S1.);
#12468 = LINE('',#12469,#12470);
#12469 = CARTESIAN_POINT('',(-6.971930654002,6.728861880421,12.2704));
#12470 = VECTOR('',#12471,1.);
#12471 = DIRECTION('',(0.,0.,1.));
#12472 = PCURVE('',#6965,#12473);
#12473 = DEFINITIONAL_REPRESENTATION('',(#12474),#12478);
#12474 = LINE('',#12475,#12476);
#12475 = CARTESIAN_POINT('',(0.,0.));
#12476 = VECTOR('',#12477,1.);
#12477 = DIRECTION('',(0.,-1.));
#12478 = ( GEOMETRIC_REPRESENTATION_CONTEXT(2) 
PARAMETRIC_REPRESENTATION_CONTEXT() REPRESENTATION_CONTEXT('2D SPACE',''
  ) );
#12479 = PCURVE('',#6937,#12480);
#12480 = DEFINITIONAL_REPRESENTATION('',(#12481),#12485);
#12481 = LINE('',#12482,#12483);
#12482 = CARTESIAN_POINT('',(0.839146340038,0.));
#12483 = VECTOR('',#12484,1.);
#12484 = DIRECTION('',(0.,-1.));
#12485 = ( GEOMETRIC_REPRESENTATION_CONTEXT(2) 
PARAMETRIC_REPRESENTATION_CONTEXT() REPRESENTATION_CONTEXT('2D SPACE',''
  ) );
#12486 = ORIENTED_EDGE('',*,*,#6949,.T.);
#12487 = ORIENTED_EDGE('',*,*,#12372,.F.);
#12488 = ADVANCED_FACE('',(#12489),#6937,.F.);
#12489 = FACE_BOUND('',#12490,.F.);
#12490 = EDGE_LOOP('',(#12491,#12510,#12511,#12512));
#12491 = ORIENTED_EDGE('',*,*,#12492,.T.);
#12492 = EDGE_CURVE('',#12446,#12399,#12493,.T.);
#12493 = SURFACE_CURVE('',#12494,(#12498,#12504),.PCURVE_S1.);
#12494 = LINE('',#12495,#12496);
#12495 = CARTESIAN_POINT('',(-7.389054477361,6.257390467107,12.3204));
#12496 = VECTOR('',#12497,1.);
#12497 = DIRECTION('',(-0.66262107516,-0.748954812224,0.));
#12498 = PCURVE('',#6937,#12499);
#12499 = DEFINITIONAL_REPRESENTATION('',(#12500),#12503);
#12500 = B_SPLINE_CURVE_WITH_KNOTS('',1,(#12501,#12502),.UNSPECIFIED.,
  .F.,.F.,(2,2),(-0.629505820136,0.209640519903),
  .PIECEWISE_BEZIER_KNOTS.);
#12501 = CARTESIAN_POINT('',(0.839146340038,-5.E-02));
#12502 = CARTESIAN_POINT('',(0.,-5.E-02));
#12503 = ( GEOMETRIC_REPRESENTATION_CONTEXT(2) 
PARAMETRIC_REPRESENTATION_CONTEXT() REPRESENTATION_CONTEXT('2D SPACE',''
  ) );
#12504 = PCURVE('',#11824,#12505);
#12505 = DEFINITIONAL_REPRESENTATION('',(#12506),#12509);
#12506 = B_SPLINE_CURVE_WITH_KNOTS('',1,(#12507,#12508),.UNSPECIFIED.,
  .F.,.F.,(2,2),(-0.629505820136,0.209640519903),
  .PIECEWISE_BEZIER_KNOTS.);
#12507 = CARTESIAN_POINT('',(-6.971930654002,6.728861880421));
#12508 = CARTESIAN_POINT('',(-7.527966704056,6.100379190889));
#12509 = ( GEOMETRIC_REPRESENTATION_CONTEXT(2) 
PARAMETRIC_REPRESENTATION_CONTEXT() REPRESENTATION_CONTEXT('2D SPACE',''
  ) );
#12510 = ORIENTED_EDGE('',*,*,#12421,.T.);
#12511 = ORIENTED_EDGE('',*,*,#6921,.T.);
#12512 = ORIENTED_EDGE('',*,*,#12466,.F.);
#12513 = ADVANCED_FACE('',(#12514),#7163,.F.);
#12514 = FACE_BOUND('',#12515,.F.);
#12515 = EDGE_LOOP('',(#12516,#12544,#12565,#12566));
#12516 = ORIENTED_EDGE('',*,*,#12517,.T.);
#12517 = EDGE_CURVE('',#12518,#12520,#12522,.T.);
#12518 = VERTEX_POINT('',#12519);
#12519 = CARTESIAN_POINT('',(-2.737822244159,1.197552771024,12.3204));
#12520 = VERTEX_POINT('',#12521);
#12521 = CARTESIAN_POINT('',(-1.359087792423,1.125190891576,12.3204));
#12522 = SURFACE_CURVE('',#12523,(#12527,#12533),.PCURVE_S1.);
#12523 = LINE('',#12524,#12525);
#12524 = CARTESIAN_POINT('',(-0.651964323337,1.088078028283,12.3204));
#12525 = VECTOR('',#12526,1.);
#12526 = DIRECTION('',(0.998625539304,-5.241213839119E-02,0.));
#12527 = PCURVE('',#7163,#12528);
#12528 = DEFINITIONAL_REPRESENTATION('',(#12529),#12532);
#12529 = B_SPLINE_CURVE_WITH_KNOTS('',1,(#12530,#12531),.UNSPECIFIED.,
  .F.,.F.,(2,2),(-2.088728796458,-0.708096720198),
  .PIECEWISE_BEZIER_KNOTS.);
#12530 = CARTESIAN_POINT('',(1.380632076261,-5.E-02));
#12531 = CARTESIAN_POINT('',(0.,-5.E-02));
#12532 = ( GEOMETRIC_REPRESENTATION_CONTEXT(2) 
PARAMETRIC_REPRESENTATION_CONTEXT() REPRESENTATION_CONTEXT('2D SPACE',''
  ) );
#12533 = PCURVE('',#12534,#12539);
#12534 = PLANE('',#12535);
#12535 = AXIS2_PLACEMENT_3D('',#12536,#12537,#12538);
#12536 = CARTESIAN_POINT('',(0.,0.,12.3204));
#12537 = DIRECTION('',(0.,0.,1.));
#12538 = DIRECTION('',(1.,0.,-0.));
#12539 = DEFINITIONAL_REPRESENTATION('',(#12540),#12543);
#12540 = B_SPLINE_CURVE_WITH_KNOTS('',1,(#12541,#12542),.UNSPECIFIED.,
  .F.,.F.,(2,2),(-2.088728796458,-0.708096720198),
  .PIECEWISE_BEZIER_KNOTS.);
#12541 = CARTESIAN_POINT('',(-2.737822244159,1.197552771024));
#12542 = CARTESIAN_POINT('',(-1.359087792423,1.125190891576));
#12543 = ( GEOMETRIC_REPRESENTATION_CONTEXT(2) 
PARAMETRIC_REPRESENTATION_CONTEXT() REPRESENTATION_CONTEXT('2D SPACE',''
  ) );
#12544 = ORIENTED_EDGE('',*,*,#12545,.T.);
#12545 = EDGE_CURVE('',#12520,#7146,#12546,.T.);
#12546 = SURFACE_CURVE('',#12547,(#12551,#12558),.PCURVE_S1.);
#12547 = LINE('',#12548,#12549);
#12548 = CARTESIAN_POINT('',(-1.359087792423,1.125190891576,12.2704));
#12549 = VECTOR('',#12550,1.);
#12550 = DIRECTION('',(0.,0.,1.));
#12551 = PCURVE('',#7163,#12552);
#12552 = DEFINITIONAL_REPRESENTATION('',(#12553),#12557);
#12553 = LINE('',#12554,#12555);
#12554 = CARTESIAN_POINT('',(0.,0.));
#12555 = VECTOR('',#12556,1.);
#12556 = DIRECTION('',(0.,-1.));
#12557 = ( GEOMETRIC_REPRESENTATION_CONTEXT(2) 
PARAMETRIC_REPRESENTATION_CONTEXT() REPRESENTATION_CONTEXT('2D SPACE',''
  ) );
#12558 = PCURVE('',#7273,#12559);
#12559 = DEFINITIONAL_REPRESENTATION('',(#12560),#12564);
#12560 = LINE('',#12561,#12562);
#12561 = CARTESIAN_POINT('',(1.257555986825,0.));
#12562 = VECTOR('',#12563,1.);
#12563 = DIRECTION('',(0.,-1.));
#12564 = ( GEOMETRIC_REPRESENTATION_CONTEXT(2) 
PARAMETRIC_REPRESENTATION_CONTEXT() REPRESENTATION_CONTEXT('2D SPACE',''
  ) );
#12565 = ORIENTED_EDGE('',*,*,#7145,.T.);
#12566 = ORIENTED_EDGE('',*,*,#12567,.F.);
#12567 = EDGE_CURVE('',#12518,#7148,#12568,.T.);
#12568 = SURFACE_CURVE('',#12569,(#12573,#12580),.PCURVE_S1.);
#12569 = LINE('',#12570,#12571);
#12570 = CARTESIAN_POINT('',(-2.737822244159,1.197552771024,12.2704));
#12571 = VECTOR('',#12572,1.);
#12572 = DIRECTION('',(0.,0.,1.));
#12573 = PCURVE('',#7163,#12574);
#12574 = DEFINITIONAL_REPRESENTATION('',(#12575),#12579);
#12575 = LINE('',#12576,#12577);
#12576 = CARTESIAN_POINT('',(1.380632076261,0.));
#12577 = VECTOR('',#12578,1.);
#12578 = DIRECTION('',(0.,-1.));
#12579 = ( GEOMETRIC_REPRESENTATION_CONTEXT(2) 
PARAMETRIC_REPRESENTATION_CONTEXT() REPRESENTATION_CONTEXT('2D SPACE',''
  ) );
#12580 = PCURVE('',#7191,#12581);
#12581 = DEFINITIONAL_REPRESENTATION('',(#12582),#12586);
#12582 = LINE('',#12583,#12584);
#12583 = CARTESIAN_POINT('',(0.,0.));
#12584 = VECTOR('',#12585,1.);
#12585 = DIRECTION('',(0.,-1.));
#12586 = ( GEOMETRIC_REPRESENTATION_CONTEXT(2) 
PARAMETRIC_REPRESENTATION_CONTEXT() REPRESENTATION_CONTEXT('2D SPACE',''
  ) );
#12587 = ADVANCED_FACE('',(#12588),#7273,.F.);
#12588 = FACE_BOUND('',#12589,.F.);
#12589 = EDGE_LOOP('',(#12590,#12611,#12632,#12633));
#12590 = ORIENTED_EDGE('',*,*,#12591,.T.);
#12591 = EDGE_CURVE('',#12520,#12592,#12594,.T.);
#12592 = VERTEX_POINT('',#12593);
#12593 = CARTESIAN_POINT('',(-2.044019257364,2.179854794597,12.3204));
#12594 = SURFACE_CURVE('',#12595,(#12599,#12605),.PCURVE_S1.);
#12595 = LINE('',#12596,#12597);
#12596 = CARTESIAN_POINT('',(-1.242987015761,0.94641782518,12.3204));
#12597 = VECTOR('',#12598,1.);
#12598 = DIRECTION('',(-0.544652860084,0.838661589678,0.));
#12599 = PCURVE('',#7273,#12600);
#12600 = DEFINITIONAL_REPRESENTATION('',(#12601),#12604);
#12601 = B_SPLINE_CURVE_WITH_KNOTS('',1,(#12602,#12603),.UNSPECIFIED.,
  .F.,.F.,(2,2),(0.213164724122,1.470720710948),
  .PIECEWISE_BEZIER_KNOTS.);
#12602 = CARTESIAN_POINT('',(1.257555986825,-5.E-02));
#12603 = CARTESIAN_POINT('',(0.,-5.E-02));
#12604 = ( GEOMETRIC_REPRESENTATION_CONTEXT(2) 
PARAMETRIC_REPRESENTATION_CONTEXT() REPRESENTATION_CONTEXT('2D SPACE',''
  ) );
#12605 = PCURVE('',#12534,#12606);
#12606 = DEFINITIONAL_REPRESENTATION('',(#12607),#12610);
#12607 = B_SPLINE_CURVE_WITH_KNOTS('',1,(#12608,#12609),.UNSPECIFIED.,
  .F.,.F.,(2,2),(0.213164724122,1.470720710948),
  .PIECEWISE_BEZIER_KNOTS.);
#12608 = CARTESIAN_POINT('',(-1.359087792423,1.125190891576));
#12609 = CARTESIAN_POINT('',(-2.044019257364,2.179854794597));
#12610 = ( GEOMETRIC_REPRESENTATION_CONTEXT(2) 
PARAMETRIC_REPRESENTATION_CONTEXT() REPRESENTATION_CONTEXT('2D SPACE',''
  ) );
#12611 = ORIENTED_EDGE('',*,*,#12612,.T.);
#12612 = EDGE_CURVE('',#12592,#7232,#12613,.T.);
#12613 = SURFACE_CURVE('',#12614,(#12618,#12625),.PCURVE_S1.);
#12614 = LINE('',#12615,#12616);
#12615 = CARTESIAN_POINT('',(-2.044019257364,2.179854794597,12.2704));
#12616 = VECTOR('',#12617,1.);
#12617 = DIRECTION('',(0.,0.,1.));
#12618 = PCURVE('',#7273,#12619);
#12619 = DEFINITIONAL_REPRESENTATION('',(#12620),#12624);
#12620 = LINE('',#12621,#12622);
#12621 = CARTESIAN_POINT('',(0.,0.));
#12622 = VECTOR('',#12623,1.);
#12623 = DIRECTION('',(0.,-1.));
#12624 = ( GEOMETRIC_REPRESENTATION_CONTEXT(2) 
PARAMETRIC_REPRESENTATION_CONTEXT() REPRESENTATION_CONTEXT('2D SPACE',''
  ) );
#12625 = PCURVE('',#7247,#12626);
#12626 = DEFINITIONAL_REPRESENTATION('',(#12627),#12631);
#12627 = LINE('',#12628,#12629);
#12628 = CARTESIAN_POINT('',(0.278455759502,0.));
#12629 = VECTOR('',#12630,1.);
#12630 = DIRECTION('',(0.,-1.));
#12631 = ( GEOMETRIC_REPRESENTATION_CONTEXT(2) 
PARAMETRIC_REPRESENTATION_CONTEXT() REPRESENTATION_CONTEXT('2D SPACE',''
  ) );
#12632 = ORIENTED_EDGE('',*,*,#7259,.T.);
#12633 = ORIENTED_EDGE('',*,*,#12545,.F.);
#12634 = ADVANCED_FACE('',(#12635),#7191,.F.);
#12635 = FACE_BOUND('',#12636,.F.);
#12636 = EDGE_LOOP('',(#12637,#12658,#12659,#12660));
#12637 = ORIENTED_EDGE('',*,*,#12638,.T.);
#12638 = EDGE_CURVE('',#12639,#12518,#12641,.T.);
#12639 = VERTEX_POINT('',#12640);
#12640 = CARTESIAN_POINT('',(-2.518545637918,1.608350993946,12.3204));
#12641 = SURFACE_CURVE('',#12642,(#12646,#12652),.PCURVE_S1.);
#12642 = LINE('',#12643,#12644);
#12643 = CARTESIAN_POINT('',(-2.683018708811,1.300223070956,12.3204));
#12644 = VECTOR('',#12645,1.);
#12645 = DIRECTION('',(-0.470896210341,-0.882188618769,0.));
#12646 = PCURVE('',#7191,#12647);
#12647 = DEFINITIONAL_REPRESENTATION('',(#12648),#12651);
#12648 = B_SPLINE_CURVE_WITH_KNOTS('',1,(#12649,#12650),.UNSPECIFIED.,
  .F.,.F.,(2,2),(-0.349276692573,0.116381347194),
  .PIECEWISE_BEZIER_KNOTS.);
#12649 = CARTESIAN_POINT('',(0.465658039767,-5.E-02));
#12650 = CARTESIAN_POINT('',(0.,-5.E-02));
#12651 = ( GEOMETRIC_REPRESENTATION_CONTEXT(2) 
PARAMETRIC_REPRESENTATION_CONTEXT() REPRESENTATION_CONTEXT('2D SPACE',''
  ) );
#12652 = PCURVE('',#12534,#12653);
#12653 = DEFINITIONAL_REPRESENTATION('',(#12654),#12657);
#12654 = B_SPLINE_CURVE_WITH_KNOTS('',1,(#12655,#12656),.UNSPECIFIED.,
  .F.,.F.,(2,2),(-0.349276692573,0.116381347194),
  .PIECEWISE_BEZIER_KNOTS.);
#12655 = CARTESIAN_POINT('',(-2.518545637918,1.608350993946));
#12656 = CARTESIAN_POINT('',(-2.737822244159,1.197552771024));
#12657 = ( GEOMETRIC_REPRESENTATION_CONTEXT(2) 
PARAMETRIC_REPRESENTATION_CONTEXT() REPRESENTATION_CONTEXT('2D SPACE',''
  ) );
#12658 = ORIENTED_EDGE('',*,*,#12567,.T.);
#12659 = ORIENTED_EDGE('',*,*,#7175,.T.);
#12660 = ORIENTED_EDGE('',*,*,#12661,.F.);
#12661 = EDGE_CURVE('',#12639,#7176,#12662,.T.);
#12662 = SURFACE_CURVE('',#12663,(#12667,#12674),.PCURVE_S1.);
#12663 = LINE('',#12664,#12665);
#12664 = CARTESIAN_POINT('',(-2.518545637918,1.608350993946,12.2704));
#12665 = VECTOR('',#12666,1.);
#12666 = DIRECTION('',(0.,0.,1.));
#12667 = PCURVE('',#7191,#12668);
#12668 = DEFINITIONAL_REPRESENTATION('',(#12669),#12673);
#12669 = LINE('',#12670,#12671);
#12670 = CARTESIAN_POINT('',(0.465658039767,0.));
#12671 = VECTOR('',#12672,1.);
#12672 = DIRECTION('',(0.,-1.));
#12673 = ( GEOMETRIC_REPRESENTATION_CONTEXT(2) 
PARAMETRIC_REPRESENTATION_CONTEXT() REPRESENTATION_CONTEXT('2D SPACE',''
  ) );
#12674 = PCURVE('',#7219,#12675);
#12675 = DEFINITIONAL_REPRESENTATION('',(#12676),#12680);
#12676 = LINE('',#12677,#12678);
#12677 = CARTESIAN_POINT('',(0.,0.));
#12678 = VECTOR('',#12679,1.);
#12679 = DIRECTION('',(0.,-1.));
#12680 = ( GEOMETRIC_REPRESENTATION_CONTEXT(2) 
PARAMETRIC_REPRESENTATION_CONTEXT() REPRESENTATION_CONTEXT('2D SPACE',''
  ) );
#12681 = ADVANCED_FACE('',(#12682),#7247,.F.);
#12682 = FACE_BOUND('',#12683,.F.);
#12683 = EDGE_LOOP('',(#12684,#12705,#12726,#12727));
#12684 = ORIENTED_EDGE('',*,*,#12685,.T.);
#12685 = EDGE_CURVE('',#12592,#12686,#12688,.T.);
#12686 = VERTEX_POINT('',#12687);
#12687 = CARTESIAN_POINT('',(-2.237995587362,1.980077935575,12.3204));
#12688 = SURFACE_CURVE('',#12689,(#12693,#12699),.PCURVE_S1.);
#12689 = LINE('',#12690,#12691);
#12690 = CARTESIAN_POINT('',(-2.18978217755,2.029733084608,12.3204));
#12691 = VECTOR('',#12692,1.);
#12692 = DIRECTION('',(-0.696614537061,-0.717445598464,0.));
#12693 = PCURVE('',#7247,#12694);
#12694 = DEFINITIONAL_REPRESENTATION('',(#12695),#12698);
#12695 = B_SPLINE_CURVE_WITH_KNOTS('',1,(#12696,#12697),.UNSPECIFIED.,
  .F.,.F.,(2,2),(-0.209244729231,6.921103027083E-02),
  .PIECEWISE_BEZIER_KNOTS.);
#12696 = CARTESIAN_POINT('',(0.278455759502,-5.E-02));
#12697 = CARTESIAN_POINT('',(0.,-5.E-02));
#12698 = ( GEOMETRIC_REPRESENTATION_CONTEXT(2) 
PARAMETRIC_REPRESENTATION_CONTEXT() REPRESENTATION_CONTEXT('2D SPACE',''
  ) );
#12699 = PCURVE('',#12534,#12700);
#12700 = DEFINITIONAL_REPRESENTATION('',(#12701),#12704);
#12701 = B_SPLINE_CURVE_WITH_KNOTS('',1,(#12702,#12703),.UNSPECIFIED.,
  .F.,.F.,(2,2),(-0.209244729231,6.921103027083E-02),
  .PIECEWISE_BEZIER_KNOTS.);
#12702 = CARTESIAN_POINT('',(-2.044019257364,2.179854794597));
#12703 = CARTESIAN_POINT('',(-2.237995587362,1.980077935575));
#12704 = ( GEOMETRIC_REPRESENTATION_CONTEXT(2) 
PARAMETRIC_REPRESENTATION_CONTEXT() REPRESENTATION_CONTEXT('2D SPACE',''
  ) );
#12705 = ORIENTED_EDGE('',*,*,#12706,.T.);
#12706 = EDGE_CURVE('',#12686,#7204,#12707,.T.);
#12707 = SURFACE_CURVE('',#12708,(#12712,#12719),.PCURVE_S1.);
#12708 = LINE('',#12709,#12710);
#12709 = CARTESIAN_POINT('',(-2.237995587362,1.980077935575,12.2704));
#12710 = VECTOR('',#12711,1.);
#12711 = DIRECTION('',(0.,0.,1.));
#12712 = PCURVE('',#7247,#12713);
#12713 = DEFINITIONAL_REPRESENTATION('',(#12714),#12718);
#12714 = LINE('',#12715,#12716);
#12715 = CARTESIAN_POINT('',(0.,0.));
#12716 = VECTOR('',#12717,1.);
#12717 = DIRECTION('',(0.,-1.));
#12718 = ( GEOMETRIC_REPRESENTATION_CONTEXT(2) 
PARAMETRIC_REPRESENTATION_CONTEXT() REPRESENTATION_CONTEXT('2D SPACE',''
  ) );
#12719 = PCURVE('',#7219,#12720);
#12720 = DEFINITIONAL_REPRESENTATION('',(#12721),#12725);
#12721 = LINE('',#12722,#12723);
#12722 = CARTESIAN_POINT('',(0.465713699605,0.));
#12723 = VECTOR('',#12724,1.);
#12724 = DIRECTION('',(0.,-1.));
#12725 = ( GEOMETRIC_REPRESENTATION_CONTEXT(2) 
PARAMETRIC_REPRESENTATION_CONTEXT() REPRESENTATION_CONTEXT('2D SPACE',''
  ) );
#12726 = ORIENTED_EDGE('',*,*,#7231,.T.);
#12727 = ORIENTED_EDGE('',*,*,#12612,.F.);
#12728 = ADVANCED_FACE('',(#12729),#7219,.F.);
#12729 = FACE_BOUND('',#12730,.F.);
#12730 = EDGE_LOOP('',(#12731,#12750,#12751,#12752));
#12731 = ORIENTED_EDGE('',*,*,#12732,.T.);
#12732 = EDGE_CURVE('',#12686,#12639,#12733,.T.);
#12733 = SURFACE_CURVE('',#12734,(#12738,#12744),.PCURVE_S1.);
#12734 = LINE('',#12735,#12736);
#12735 = CARTESIAN_POINT('',(-2.44823603247,1.701510751173,12.3204));
#12736 = VECTOR('',#12737,1.);
#12737 = DIRECTION('',(-0.602408842158,-0.798187689012,0.));
#12738 = PCURVE('',#7219,#12739);
#12739 = DEFINITIONAL_REPRESENTATION('',(#12740),#12743);
#12740 = B_SPLINE_CURVE_WITH_KNOTS('',1,(#12741,#12742),.UNSPECIFIED.,
  .F.,.F.,(2,2),(-0.348999600265,0.116714099341),
  .PIECEWISE_BEZIER_KNOTS.);
#12741 = CARTESIAN_POINT('',(0.465713699605,-5.E-02));
#12742 = CARTESIAN_POINT('',(0.,-5.E-02));
#12743 = ( GEOMETRIC_REPRESENTATION_CONTEXT(2) 
PARAMETRIC_REPRESENTATION_CONTEXT() REPRESENTATION_CONTEXT('2D SPACE',''
  ) );
#12744 = PCURVE('',#12534,#12745);
#12745 = DEFINITIONAL_REPRESENTATION('',(#12746),#12749);
#12746 = B_SPLINE_CURVE_WITH_KNOTS('',1,(#12747,#12748),.UNSPECIFIED.,
  .F.,.F.,(2,2),(-0.348999600265,0.116714099341),
  .PIECEWISE_BEZIER_KNOTS.);
#12747 = CARTESIAN_POINT('',(-2.237995587362,1.980077935575));
#12748 = CARTESIAN_POINT('',(-2.518545637918,1.608350993946));
#12749 = ( GEOMETRIC_REPRESENTATION_CONTEXT(2) 
PARAMETRIC_REPRESENTATION_CONTEXT() REPRESENTATION_CONTEXT('2D SPACE',''
  ) );
#12750 = ORIENTED_EDGE('',*,*,#12661,.T.);
#12751 = ORIENTED_EDGE('',*,*,#7203,.T.);
#12752 = ORIENTED_EDGE('',*,*,#12706,.F.);
#12753 = ADVANCED_FACE('',(#12754),#7305,.F.);
#12754 = FACE_BOUND('',#12755,.F.);
#12755 = EDGE_LOOP('',(#12756,#12784,#12805,#12806));
#12756 = ORIENTED_EDGE('',*,*,#12757,.T.);
#12757 = EDGE_CURVE('',#12758,#12760,#12762,.T.);
#12758 = VERTEX_POINT('',#12759);
#12759 = CARTESIAN_POINT('',(-0.180723262896,2.982778126554,12.3204));
#12760 = VERTEX_POINT('',#12761);
#12761 = CARTESIAN_POINT('',(0.154222055837,2.467120436358,12.3204));
#12762 = SURFACE_CURVE('',#12763,(#12767,#12773),.PCURVE_S1.);
#12763 = LINE('',#12764,#12765);
#12764 = CARTESIAN_POINT('',(0.694848255942,1.634811274194,12.3204));
#12765 = VECTOR('',#12766,1.);
#12766 = DIRECTION('',(0.544722878596,-0.838616113328,0.));
#12767 = PCURVE('',#7305,#12768);
#12768 = DEFINITIONAL_REPRESENTATION('',(#12769),#12772);
#12769 = B_SPLINE_CURVE_WITH_KNOTS('',1,(#12770,#12771),.UNSPECIFIED.,
  .F.,.F.,(2,2),(-1.607370560779,-0.992479334626),
  .PIECEWISE_BEZIER_KNOTS.);
#12770 = CARTESIAN_POINT('',(0.614891226153,-5.E-02));
#12771 = CARTESIAN_POINT('',(0.,-5.E-02));
#12772 = ( GEOMETRIC_REPRESENTATION_CONTEXT(2) 
PARAMETRIC_REPRESENTATION_CONTEXT() REPRESENTATION_CONTEXT('2D SPACE',''
  ) );
#12773 = PCURVE('',#12774,#12779);
#12774 = PLANE('',#12775);
#12775 = AXIS2_PLACEMENT_3D('',#12776,#12777,#12778);
#12776 = CARTESIAN_POINT('',(0.,0.,12.3204));
#12777 = DIRECTION('',(0.,0.,1.));
#12778 = DIRECTION('',(1.,0.,-0.));
#12779 = DEFINITIONAL_REPRESENTATION('',(#12780),#12783);
#12780 = B_SPLINE_CURVE_WITH_KNOTS('',1,(#12781,#12782),.UNSPECIFIED.,
  .F.,.F.,(2,2),(-1.607370560779,-0.992479334626),
  .PIECEWISE_BEZIER_KNOTS.);
#12781 = CARTESIAN_POINT('',(-0.180723262896,2.982778126554));
#12782 = CARTESIAN_POINT('',(0.154222055837,2.467120436358));
#12783 = ( GEOMETRIC_REPRESENTATION_CONTEXT(2) 
PARAMETRIC_REPRESENTATION_CONTEXT() REPRESENTATION_CONTEXT('2D SPACE',''
  ) );
#12784 = ORIENTED_EDGE('',*,*,#12785,.T.);
#12785 = EDGE_CURVE('',#12760,#7288,#12786,.T.);
#12786 = SURFACE_CURVE('',#12787,(#12791,#12798),.PCURVE_S1.);
#12787 = LINE('',#12788,#12789);
#12788 = CARTESIAN_POINT('',(0.154222055837,2.467120436358,12.2704));
#12789 = VECTOR('',#12790,1.);
#12790 = DIRECTION('',(0.,0.,1.));
#12791 = PCURVE('',#7305,#12792);
#12792 = DEFINITIONAL_REPRESENTATION('',(#12793),#12797);
#12793 = LINE('',#12794,#12795);
#12794 = CARTESIAN_POINT('',(0.,0.));
#12795 = VECTOR('',#12796,1.);
#12796 = DIRECTION('',(0.,-1.));
#12797 = ( GEOMETRIC_REPRESENTATION_CONTEXT(2) 
PARAMETRIC_REPRESENTATION_CONTEXT() REPRESENTATION_CONTEXT('2D SPACE',''
  ) );
#12798 = PCURVE('',#7387,#12799);
#12799 = DEFINITIONAL_REPRESENTATION('',(#12800),#12804);
#12800 = LINE('',#12801,#12802);
#12801 = CARTESIAN_POINT('',(0.5647,0.));
#12802 = VECTOR('',#12803,1.);
#12803 = DIRECTION('',(0.,-1.));
#12804 = ( GEOMETRIC_REPRESENTATION_CONTEXT(2) 
PARAMETRIC_REPRESENTATION_CONTEXT() REPRESENTATION_CONTEXT('2D SPACE',''
  ) );
#12805 = ORIENTED_EDGE('',*,*,#7287,.T.);
#12806 = ORIENTED_EDGE('',*,*,#12807,.F.);
#12807 = EDGE_CURVE('',#12758,#7290,#12808,.T.);
#12808 = SURFACE_CURVE('',#12809,(#12813,#12820),.PCURVE_S1.);
#12809 = LINE('',#12810,#12811);
#12810 = CARTESIAN_POINT('',(-0.180723262896,2.982778126554,12.2704));
#12811 = VECTOR('',#12812,1.);
#12812 = DIRECTION('',(0.,0.,1.));
#12813 = PCURVE('',#7305,#12814);
#12814 = DEFINITIONAL_REPRESENTATION('',(#12815),#12819);
#12815 = LINE('',#12816,#12817);
#12816 = CARTESIAN_POINT('',(0.614891226153,0.));
#12817 = VECTOR('',#12818,1.);
#12818 = DIRECTION('',(0.,-1.));
#12819 = ( GEOMETRIC_REPRESENTATION_CONTEXT(2) 
PARAMETRIC_REPRESENTATION_CONTEXT() REPRESENTATION_CONTEXT('2D SPACE',''
  ) );
#12820 = PCURVE('',#7333,#12821);
#12821 = DEFINITIONAL_REPRESENTATION('',(#12822),#12826);
#12822 = LINE('',#12823,#12824);
#12823 = CARTESIAN_POINT('',(0.,0.));
#12824 = VECTOR('',#12825,1.);
#12825 = DIRECTION('',(0.,-1.));
#12826 = ( GEOMETRIC_REPRESENTATION_CONTEXT(2) 
PARAMETRIC_REPRESENTATION_CONTEXT() REPRESENTATION_CONTEXT('2D SPACE',''
  ) );
#12827 = ADVANCED_FACE('',(#12828),#7387,.F.);
#12828 = FACE_BOUND('',#12829,.F.);
#12829 = EDGE_LOOP('',(#12830,#12851,#12872,#12873));
#12830 = ORIENTED_EDGE('',*,*,#12831,.T.);
#12831 = EDGE_CURVE('',#12760,#12832,#12834,.T.);
#12832 = VERTEX_POINT('',#12833);
#12833 = CARTESIAN_POINT('',(0.436572055837,2.956164981875,12.3204));
#12834 = SURFACE_CURVE('',#12835,(#12839,#12845),.PCURVE_S1.);
#12835 = LINE('',#12836,#12837);
#12836 = CARTESIAN_POINT('',(-0.258027944163,1.753082490937,12.3204));
#12837 = VECTOR('',#12838,1.);
#12838 = DIRECTION('',(0.5,0.866025403784,-0.));
#12839 = PCURVE('',#7387,#12840);
#12840 = DEFINITIONAL_REPRESENTATION('',(#12841),#12844);
#12841 = B_SPLINE_CURVE_WITH_KNOTS('',1,(#12842,#12843),.UNSPECIFIED.,
  .F.,.F.,(2,2),(0.8245,1.3892),.PIECEWISE_BEZIER_KNOTS.);
#12842 = CARTESIAN_POINT('',(0.5647,-5.E-02));
#12843 = CARTESIAN_POINT('',(0.,-5.E-02));
#12844 = ( GEOMETRIC_REPRESENTATION_CONTEXT(2) 
PARAMETRIC_REPRESENTATION_CONTEXT() REPRESENTATION_CONTEXT('2D SPACE',''
  ) );
#12845 = PCURVE('',#12774,#12846);
#12846 = DEFINITIONAL_REPRESENTATION('',(#12847),#12850);
#12847 = B_SPLINE_CURVE_WITH_KNOTS('',1,(#12848,#12849),.UNSPECIFIED.,
  .F.,.F.,(2,2),(0.8245,1.3892),.PIECEWISE_BEZIER_KNOTS.);
#12848 = CARTESIAN_POINT('',(0.154222055837,2.467120436358));
#12849 = CARTESIAN_POINT('',(0.436572055837,2.956164981875));
#12850 = ( GEOMETRIC_REPRESENTATION_CONTEXT(2) 
PARAMETRIC_REPRESENTATION_CONTEXT() REPRESENTATION_CONTEXT('2D SPACE',''
  ) );
#12851 = ORIENTED_EDGE('',*,*,#12852,.T.);
#12852 = EDGE_CURVE('',#12832,#7346,#12853,.T.);
#12853 = SURFACE_CURVE('',#12854,(#12858,#12865),.PCURVE_S1.);
#12854 = LINE('',#12855,#12856);
#12855 = CARTESIAN_POINT('',(0.436572055837,2.956164981875,12.2704));
#12856 = VECTOR('',#12857,1.);
#12857 = DIRECTION('',(0.,0.,1.));
#12858 = PCURVE('',#7387,#12859);
#12859 = DEFINITIONAL_REPRESENTATION('',(#12860),#12864);
#12860 = LINE('',#12861,#12862);
#12861 = CARTESIAN_POINT('',(0.,0.));
#12862 = VECTOR('',#12863,1.);
#12863 = DIRECTION('',(0.,-1.));
#12864 = ( GEOMETRIC_REPRESENTATION_CONTEXT(2) 
PARAMETRIC_REPRESENTATION_CONTEXT() REPRESENTATION_CONTEXT('2D SPACE',''
  ) );
#12865 = PCURVE('',#7361,#12866);
#12866 = DEFINITIONAL_REPRESENTATION('',(#12867),#12871);
#12867 = LINE('',#12868,#12869);
#12868 = CARTESIAN_POINT('',(0.152696725571,0.));
#12869 = VECTOR('',#12870,1.);
#12870 = DIRECTION('',(0.,-1.));
#12871 = ( GEOMETRIC_REPRESENTATION_CONTEXT(2) 
PARAMETRIC_REPRESENTATION_CONTEXT() REPRESENTATION_CONTEXT('2D SPACE',''
  ) );
#12872 = ORIENTED_EDGE('',*,*,#7373,.T.);
#12873 = ORIENTED_EDGE('',*,*,#12785,.F.);
#12874 = ADVANCED_FACE('',(#12875),#7333,.F.);
#12875 = FACE_BOUND('',#12876,.F.);
#12876 = EDGE_LOOP('',(#12877,#12898,#12899,#12900));
#12877 = ORIENTED_EDGE('',*,*,#12878,.T.);
#12878 = EDGE_CURVE('',#12879,#12758,#12881,.T.);
#12879 = VERTEX_POINT('',#12880);
#12880 = CARTESIAN_POINT('',(0.284995486605,2.974626662728,12.3204));
#12881 = SURFACE_CURVE('',#12882,(#12886,#12892),.PCURVE_S1.);
#12882 = LINE('',#12883,#12884);
#12883 = CARTESIAN_POINT('',(-6.429355405532E-02,2.980740260222,12.3204)
  );
#12884 = VECTOR('',#12885,1.);
#12885 = DIRECTION('',(-0.999846858112,1.750029498196E-02,0.));
#12886 = PCURVE('',#7333,#12887);
#12887 = DEFINITIONAL_REPRESENTATION('',(#12888),#12891);
#12888 = B_SPLINE_CURVE_WITH_KNOTS('',1,(#12889,#12890),.UNSPECIFIED.,
  .F.,.F.,(2,2),(-0.349342539637,0.116447541838),
  .PIECEWISE_BEZIER_KNOTS.);
#12889 = CARTESIAN_POINT('',(0.465790081474,-5.E-02));
#12890 = CARTESIAN_POINT('',(0.,-5.E-02));
#12891 = ( GEOMETRIC_REPRESENTATION_CONTEXT(2) 
PARAMETRIC_REPRESENTATION_CONTEXT() REPRESENTATION_CONTEXT('2D SPACE',''
  ) );
#12892 = PCURVE('',#12774,#12893);
#12893 = DEFINITIONAL_REPRESENTATION('',(#12894),#12897);
#12894 = B_SPLINE_CURVE_WITH_KNOTS('',1,(#12895,#12896),.UNSPECIFIED.,
  .F.,.F.,(2,2),(-0.349342539637,0.116447541838),
  .PIECEWISE_BEZIER_KNOTS.);
#12895 = CARTESIAN_POINT('',(0.284995486605,2.974626662728));
#12896 = CARTESIAN_POINT('',(-0.180723262896,2.982778126554));
#12897 = ( GEOMETRIC_REPRESENTATION_CONTEXT(2) 
PARAMETRIC_REPRESENTATION_CONTEXT() REPRESENTATION_CONTEXT('2D SPACE',''
  ) );
#12898 = ORIENTED_EDGE('',*,*,#12807,.T.);
#12899 = ORIENTED_EDGE('',*,*,#7317,.T.);
#12900 = ORIENTED_EDGE('',*,*,#12901,.F.);
#12901 = EDGE_CURVE('',#12879,#7318,#12902,.T.);
#12902 = SURFACE_CURVE('',#12903,(#12907,#12914),.PCURVE_S1.);
#12903 = LINE('',#12904,#12905);
#12904 = CARTESIAN_POINT('',(0.284995486605,2.974626662728,12.2704));
#12905 = VECTOR('',#12906,1.);
#12906 = DIRECTION('',(0.,0.,1.));
#12907 = PCURVE('',#7333,#12908);
#12908 = DEFINITIONAL_REPRESENTATION('',(#12909),#12913);
#12909 = LINE('',#12910,#12911);
#12910 = CARTESIAN_POINT('',(0.465790081474,0.));
#12911 = VECTOR('',#12912,1.);
#12912 = DIRECTION('',(0.,-1.));
#12913 = ( GEOMETRIC_REPRESENTATION_CONTEXT(2) 
PARAMETRIC_REPRESENTATION_CONTEXT() REPRESENTATION_CONTEXT('2D SPACE',''
  ) );
#12914 = PCURVE('',#7361,#12915);
#12915 = DEFINITIONAL_REPRESENTATION('',(#12916),#12920);
#12916 = LINE('',#12917,#12918);
#12917 = CARTESIAN_POINT('',(0.,0.));
#12918 = VECTOR('',#12919,1.);
#12919 = DIRECTION('',(0.,-1.));
#12920 = ( GEOMETRIC_REPRESENTATION_CONTEXT(2) 
PARAMETRIC_REPRESENTATION_CONTEXT() REPRESENTATION_CONTEXT('2D SPACE',''
  ) );
#12921 = ADVANCED_FACE('',(#12922),#7361,.F.);
#12922 = FACE_BOUND('',#12923,.F.);
#12923 = EDGE_LOOP('',(#12924,#12943,#12944,#12945));
#12924 = ORIENTED_EDGE('',*,*,#12925,.T.);
#12925 = EDGE_CURVE('',#12832,#12879,#12926,.T.);
#12926 = SURFACE_CURVE('',#12927,(#12931,#12937),.PCURVE_S1.);
#12927 = LINE('',#12928,#12929);
#12928 = CARTESIAN_POINT('',(0.323084086699,2.969987558,12.3204));
#12929 = VECTOR('',#12930,1.);
#12930 = DIRECTION('',(-0.992664175772,0.120904235403,0.));
#12931 = PCURVE('',#7361,#12932);
#12932 = DEFINITIONAL_REPRESENTATION('',(#12933),#12936);
#12933 = B_SPLINE_CURVE_WITH_KNOTS('',1,(#12934,#12935),.UNSPECIFIED.,
  .F.,.F.,(2,2),(-0.114326649342,3.837007622857E-02),
  .PIECEWISE_BEZIER_KNOTS.);
#12934 = CARTESIAN_POINT('',(0.152696725571,-5.E-02));
#12935 = CARTESIAN_POINT('',(0.,-5.E-02));
#12936 = ( GEOMETRIC_REPRESENTATION_CONTEXT(2) 
PARAMETRIC_REPRESENTATION_CONTEXT() REPRESENTATION_CONTEXT('2D SPACE',''
  ) );
#12937 = PCURVE('',#12774,#12938);
#12938 = DEFINITIONAL_REPRESENTATION('',(#12939),#12942);
#12939 = B_SPLINE_CURVE_WITH_KNOTS('',1,(#12940,#12941),.UNSPECIFIED.,
  .F.,.F.,(2,2),(-0.114326649342,3.837007622857E-02),
  .PIECEWISE_BEZIER_KNOTS.);
#12940 = CARTESIAN_POINT('',(0.436572055837,2.956164981875));
#12941 = CARTESIAN_POINT('',(0.284995486605,2.974626662728));
#12942 = ( GEOMETRIC_REPRESENTATION_CONTEXT(2) 
PARAMETRIC_REPRESENTATION_CONTEXT() REPRESENTATION_CONTEXT('2D SPACE',''
  ) );
#12943 = ORIENTED_EDGE('',*,*,#12901,.T.);
#12944 = ORIENTED_EDGE('',*,*,#7345,.T.);
#12945 = ORIENTED_EDGE('',*,*,#12852,.F.);
#12946 = ADVANCED_FACE('',(#12947),#7419,.F.);
#12947 = FACE_BOUND('',#12948,.F.);
#12948 = EDGE_LOOP('',(#12949,#12977,#12998,#12999));
#12949 = ORIENTED_EDGE('',*,*,#12950,.T.);
#12950 = EDGE_CURVE('',#12951,#12953,#12955,.T.);
#12951 = VERTEX_POINT('',#12952);
#12952 = CARTESIAN_POINT('',(2.456013918868,-1.077459108424,12.3204));
#12953 = VERTEX_POINT('',#12954);
#12954 = CARTESIAN_POINT('',(2.651395637918,-1.37824804416,12.3204));
#12955 = SURFACE_CURVE('',#12956,(#12960,#12966),.PCURVE_S1.);
#12956 = LINE('',#12957,#12958);
#12957 = CARTESIAN_POINT('',(1.94321436165,-0.288007394046,12.3204));
#12958 = VECTOR('',#12959,1.);
#12959 = DIRECTION('',(0.544731396053,-0.838610580755,0.));
#12960 = PCURVE('',#7419,#12961);
#12961 = DEFINITIONAL_REPRESENTATION('',(#12962),#12965);
#12962 = B_SPLINE_CURVE_WITH_KNOTS('',1,(#12963,#12964),.UNSPECIFIED.,
  .F.,.F.,(2,2),(0.941380579372,1.300055920035),
  .PIECEWISE_BEZIER_KNOTS.);
#12963 = CARTESIAN_POINT('',(0.358675340663,-5.E-02));
#12964 = CARTESIAN_POINT('',(0.,-5.E-02));
#12965 = ( GEOMETRIC_REPRESENTATION_CONTEXT(2) 
PARAMETRIC_REPRESENTATION_CONTEXT() REPRESENTATION_CONTEXT('2D SPACE',''
  ) );
#12966 = PCURVE('',#12967,#12972);
#12967 = PLANE('',#12968);
#12968 = AXIS2_PLACEMENT_3D('',#12969,#12970,#12971);
#12969 = CARTESIAN_POINT('',(0.,0.,12.3204));
#12970 = DIRECTION('',(0.,0.,1.));
#12971 = DIRECTION('',(1.,0.,-0.));
#12972 = DEFINITIONAL_REPRESENTATION('',(#12973),#12976);
#12973 = B_SPLINE_CURVE_WITH_KNOTS('',1,(#12974,#12975),.UNSPECIFIED.,
  .F.,.F.,(2,2),(0.941380579372,1.300055920035),
  .PIECEWISE_BEZIER_KNOTS.);
#12974 = CARTESIAN_POINT('',(2.456013918868,-1.077459108424));
#12975 = CARTESIAN_POINT('',(2.651395637918,-1.37824804416));
#12976 = ( GEOMETRIC_REPRESENTATION_CONTEXT(2) 
PARAMETRIC_REPRESENTATION_CONTEXT() REPRESENTATION_CONTEXT('2D SPACE',''
  ) );
#12977 = ORIENTED_EDGE('',*,*,#12978,.T.);
#12978 = EDGE_CURVE('',#12953,#7402,#12979,.T.);
#12979 = SURFACE_CURVE('',#12980,(#12984,#12991),.PCURVE_S1.);
#12980 = LINE('',#12981,#12982);
#12981 = CARTESIAN_POINT('',(2.651395637918,-1.37824804416,12.2704));
#12982 = VECTOR('',#12983,1.);
#12983 = DIRECTION('',(0.,0.,1.));
#12984 = PCURVE('',#7419,#12985);
#12985 = DEFINITIONAL_REPRESENTATION('',(#12986),#12990);
#12986 = LINE('',#12987,#12988);
#12987 = CARTESIAN_POINT('',(0.,0.));
#12988 = VECTOR('',#12989,1.);
#12989 = DIRECTION('',(0.,-1.));
#12990 = ( GEOMETRIC_REPRESENTATION_CONTEXT(2) 
PARAMETRIC_REPRESENTATION_CONTEXT() REPRESENTATION_CONTEXT('2D SPACE',''
  ) );
#12991 = PCURVE('',#7473,#12992);
#12992 = DEFINITIONAL_REPRESENTATION('',(#12993),#12997);
#12993 = LINE('',#12994,#12995);
#12994 = CARTESIAN_POINT('',(0.311846372434,0.));
#12995 = VECTOR('',#12996,1.);
#12996 = DIRECTION('',(0.,-1.));
#12997 = ( GEOMETRIC_REPRESENTATION_CONTEXT(2) 
PARAMETRIC_REPRESENTATION_CONTEXT() REPRESENTATION_CONTEXT('2D SPACE',''
  ) );
#12998 = ORIENTED_EDGE('',*,*,#7401,.T.);
#12999 = ORIENTED_EDGE('',*,*,#13000,.F.);
#13000 = EDGE_CURVE('',#12951,#7404,#13001,.T.);
#13001 = SURFACE_CURVE('',#13002,(#13006,#13013),.PCURVE_S1.);
#13002 = LINE('',#13003,#13004);
#13003 = CARTESIAN_POINT('',(2.456013918868,-1.077459108424,12.2704));
#13004 = VECTOR('',#13005,1.);
#13005 = DIRECTION('',(0.,0.,1.));
#13006 = PCURVE('',#7419,#13007);
#13007 = DEFINITIONAL_REPRESENTATION('',(#13008),#13012);
#13008 = LINE('',#13009,#13010);
#13009 = CARTESIAN_POINT('',(0.358675340663,0.));
#13010 = VECTOR('',#13011,1.);
#13011 = DIRECTION('',(0.,-1.));
#13012 = ( GEOMETRIC_REPRESENTATION_CONTEXT(2) 
PARAMETRIC_REPRESENTATION_CONTEXT() REPRESENTATION_CONTEXT('2D SPACE',''
  ) );
#13013 = PCURVE('',#7447,#13014);
#13014 = DEFINITIONAL_REPRESENTATION('',(#13015),#13019);
#13015 = LINE('',#13016,#13017);
#13016 = CARTESIAN_POINT('',(0.,0.));
#13017 = VECTOR('',#13018,1.);
#13018 = DIRECTION('',(0.,-1.));
#13019 = ( GEOMETRIC_REPRESENTATION_CONTEXT(2) 
PARAMETRIC_REPRESENTATION_CONTEXT() REPRESENTATION_CONTEXT('2D SPACE',''
  ) );
#13020 = ADVANCED_FACE('',(#13021),#7473,.F.);
#13021 = FACE_BOUND('',#13022,.F.);
#13022 = EDGE_LOOP('',(#13023,#13044,#13065,#13066));
#13023 = ORIENTED_EDGE('',*,*,#13024,.T.);
#13024 = EDGE_CURVE('',#12953,#13025,#13027,.T.);
#13025 = VERTEX_POINT('',#13026);
#13026 = CARTESIAN_POINT('',(2.780614875804,-1.094433758825,12.3204));
#13027 = SURFACE_CURVE('',#13028,(#13032,#13038),.PCURVE_S1.);
#13028 = LINE('',#13029,#13030);
#13029 = CARTESIAN_POINT('',(2.748264277343,-1.165487900085,12.3204));
#13030 = VECTOR('',#13031,1.);
#13031 = DIRECTION('',(0.414368257287,0.910109305168,-0.));
#13032 = PCURVE('',#7473,#13033);
#13033 = DEFINITIONAL_REPRESENTATION('',(#13034),#13037);
#13034 = B_SPLINE_CURVE_WITH_KNOTS('',1,(#13035,#13036),.UNSPECIFIED.,
  .F.,.F.,(2,2),(-0.233774276196,7.807209623765E-02),
  .PIECEWISE_BEZIER_KNOTS.);
#13035 = CARTESIAN_POINT('',(0.311846372434,-5.E-02));
#13036 = CARTESIAN_POINT('',(0.,-5.E-02));
#13037 = ( GEOMETRIC_REPRESENTATION_CONTEXT(2) 
PARAMETRIC_REPRESENTATION_CONTEXT() REPRESENTATION_CONTEXT('2D SPACE',''
  ) );
#13038 = PCURVE('',#12967,#13039);
#13039 = DEFINITIONAL_REPRESENTATION('',(#13040),#13043);
#13040 = B_SPLINE_CURVE_WITH_KNOTS('',1,(#13041,#13042),.UNSPECIFIED.,
  .F.,.F.,(2,2),(-0.233774276196,7.807209623765E-02),
  .PIECEWISE_BEZIER_KNOTS.);
#13041 = CARTESIAN_POINT('',(2.651395637918,-1.37824804416));
#13042 = CARTESIAN_POINT('',(2.780614875804,-1.094433758825));
#13043 = ( GEOMETRIC_REPRESENTATION_CONTEXT(2) 
PARAMETRIC_REPRESENTATION_CONTEXT() REPRESENTATION_CONTEXT('2D SPACE',''
  ) );
#13044 = ORIENTED_EDGE('',*,*,#13045,.T.);
#13045 = EDGE_CURVE('',#13025,#7432,#13046,.T.);
#13046 = SURFACE_CURVE('',#13047,(#13051,#13058),.PCURVE_S1.);
#13047 = LINE('',#13048,#13049);
#13048 = CARTESIAN_POINT('',(2.780614875804,-1.094433758825,12.2704));
#13049 = VECTOR('',#13050,1.);
#13050 = DIRECTION('',(0.,0.,1.));
#13051 = PCURVE('',#7473,#13052);
#13052 = DEFINITIONAL_REPRESENTATION('',(#13053),#13057);
#13053 = LINE('',#13054,#13055);
#13054 = CARTESIAN_POINT('',(0.,0.));
#13055 = VECTOR('',#13056,1.);
#13056 = DIRECTION('',(0.,-1.));
#13057 = ( GEOMETRIC_REPRESENTATION_CONTEXT(2) 
PARAMETRIC_REPRESENTATION_CONTEXT() REPRESENTATION_CONTEXT('2D SPACE',''
  ) );
#13058 = PCURVE('',#7447,#13059);
#13059 = DEFINITIONAL_REPRESENTATION('',(#13060),#13064);
#13060 = LINE('',#13061,#13062);
#13061 = CARTESIAN_POINT('',(0.325044489263,0.));
#13062 = VECTOR('',#13063,1.);
#13063 = DIRECTION('',(0.,-1.));
#13064 = ( GEOMETRIC_REPRESENTATION_CONTEXT(2) 
PARAMETRIC_REPRESENTATION_CONTEXT() REPRESENTATION_CONTEXT('2D SPACE',''
  ) );
#13065 = ORIENTED_EDGE('',*,*,#7459,.T.);
#13066 = ORIENTED_EDGE('',*,*,#12978,.F.);
#13067 = ADVANCED_FACE('',(#13068),#7447,.F.);
#13068 = FACE_BOUND('',#13069,.F.);
#13069 = EDGE_LOOP('',(#13070,#13089,#13090,#13091));
#13070 = ORIENTED_EDGE('',*,*,#13071,.T.);
#13071 = EDGE_CURVE('',#13025,#12951,#13072,.T.);
#13072 = SURFACE_CURVE('',#13073,(#13077,#13083),.PCURVE_S1.);
#13073 = LINE('',#13074,#13075);
#13074 = CARTESIAN_POINT('',(1.203260533993,-1.011947746572,12.3204));
#13075 = VECTOR('',#13076,1.);
#13076 = DIRECTION('',(-0.998635471939,5.222254479663E-02,0.));
#13077 = PCURVE('',#7447,#13078);
#13078 = DEFINITIONAL_REPRESENTATION('',(#13079),#13082);
#13079 = B_SPLINE_CURVE_WITH_KNOTS('',1,(#13080,#13081),.UNSPECIFIED.,
  .F.,.F.,(2,2),(-1.57950962702,-1.254465137757),
  .PIECEWISE_BEZIER_KNOTS.);
#13080 = CARTESIAN_POINT('',(0.325044489263,-5.E-02));
#13081 = CARTESIAN_POINT('',(0.,-5.E-02));
#13082 = ( GEOMETRIC_REPRESENTATION_CONTEXT(2) 
PARAMETRIC_REPRESENTATION_CONTEXT() REPRESENTATION_CONTEXT('2D SPACE',''
  ) );
#13083 = PCURVE('',#12967,#13084);
#13084 = DEFINITIONAL_REPRESENTATION('',(#13085),#13088);
#13085 = B_SPLINE_CURVE_WITH_KNOTS('',1,(#13086,#13087),.UNSPECIFIED.,
  .F.,.F.,(2,2),(-1.57950962702,-1.254465137757),
  .PIECEWISE_BEZIER_KNOTS.);
#13086 = CARTESIAN_POINT('',(2.780614875804,-1.094433758825));
#13087 = CARTESIAN_POINT('',(2.456013918868,-1.077459108424));
#13088 = ( GEOMETRIC_REPRESENTATION_CONTEXT(2) 
PARAMETRIC_REPRESENTATION_CONTEXT() REPRESENTATION_CONTEXT('2D SPACE',''
  ) );
#13089 = ORIENTED_EDGE('',*,*,#13000,.T.);
#13090 = ORIENTED_EDGE('',*,*,#7431,.T.);
#13091 = ORIENTED_EDGE('',*,*,#13045,.F.);
#13092 = ADVANCED_FACE('',(#13093),#7505,.F.);
#13093 = FACE_BOUND('',#13094,.F.);
#13094 = EDGE_LOOP('',(#13095,#13123,#13144,#13145));
#13095 = ORIENTED_EDGE('',*,*,#13096,.T.);
#13096 = EDGE_CURVE('',#13097,#13099,#13101,.T.);
#13097 = VERTEX_POINT('',#13098);
#13098 = CARTESIAN_POINT('',(3.288430711201,-2.359070931029,12.3204));
#13099 = VERTEX_POINT('',#13100);
#13100 = CARTESIAN_POINT('',(6.451255958003,-7.229496908107,12.3204));
#13101 = SURFACE_CURVE('',#13102,(#13106,#13112),.PCURVE_S1.);
#13102 = LINE('',#13103,#13104);
#13103 = CARTESIAN_POINT('',(3.843356334871,-3.213599386435,12.3204));
#13104 = VECTOR('',#13105,1.);
#13105 = DIRECTION('',(0.544630996992,-0.838675787844,0.));
#13106 = PCURVE('',#7505,#13107);
#13107 = DEFINITIONAL_REPRESENTATION('',(#13108),#13111);
#13108 = B_SPLINE_CURVE_WITH_KNOTS('',1,(#13109,#13110),.UNSPECIFIED.,
  .F.,.F.,(2,2),(-1.018902021248,4.78837898969),
  .PIECEWISE_BEZIER_KNOTS.);
#13109 = CARTESIAN_POINT('',(5.807281010938,-5.E-02));
#13110 = CARTESIAN_POINT('',(0.,-5.E-02));
#13111 = ( GEOMETRIC_REPRESENTATION_CONTEXT(2) 
PARAMETRIC_REPRESENTATION_CONTEXT() REPRESENTATION_CONTEXT('2D SPACE',''
  ) );
#13112 = PCURVE('',#13113,#13118);
#13113 = PLANE('',#13114);
#13114 = AXIS2_PLACEMENT_3D('',#13115,#13116,#13117);
#13115 = CARTESIAN_POINT('',(0.,0.,12.3204));
#13116 = DIRECTION('',(0.,0.,1.));
#13117 = DIRECTION('',(1.,0.,-0.));
#13118 = DEFINITIONAL_REPRESENTATION('',(#13119),#13122);
#13119 = B_SPLINE_CURVE_WITH_KNOTS('',1,(#13120,#13121),.UNSPECIFIED.,
  .F.,.F.,(2,2),(-1.018902021248,4.78837898969),
  .PIECEWISE_BEZIER_KNOTS.);
#13120 = CARTESIAN_POINT('',(3.288430711201,-2.359070931029));
#13121 = CARTESIAN_POINT('',(6.451255958003,-7.229496908107));
#13122 = ( GEOMETRIC_REPRESENTATION_CONTEXT(2) 
PARAMETRIC_REPRESENTATION_CONTEXT() REPRESENTATION_CONTEXT('2D SPACE',''
  ) );
#13123 = ORIENTED_EDGE('',*,*,#13124,.T.);
#13124 = EDGE_CURVE('',#13099,#7488,#13125,.T.);
#13125 = SURFACE_CURVE('',#13126,(#13130,#13137),.PCURVE_S1.);
#13126 = LINE('',#13127,#13128);
#13127 = CARTESIAN_POINT('',(6.451255958003,-7.229496908107,12.2704));
#13128 = VECTOR('',#13129,1.);
#13129 = DIRECTION('',(0.,0.,1.));
#13130 = PCURVE('',#7505,#13131);
#13131 = DEFINITIONAL_REPRESENTATION('',(#13132),#13136);
#13132 = LINE('',#13133,#13134);
#13133 = CARTESIAN_POINT('',(0.,0.));
#13134 = VECTOR('',#13135,1.);
#13135 = DIRECTION('',(0.,-1.));
#13136 = ( GEOMETRIC_REPRESENTATION_CONTEXT(2) 
PARAMETRIC_REPRESENTATION_CONTEXT() REPRESENTATION_CONTEXT('2D SPACE',''
  ) );
#13137 = PCURVE('',#7839,#13138);
#13138 = DEFINITIONAL_REPRESENTATION('',(#13139),#13143);
#13139 = LINE('',#13140,#13141);
#13140 = CARTESIAN_POINT('',(0.827929296498,0.));
#13141 = VECTOR('',#13142,1.);
#13142 = DIRECTION('',(0.,-1.));
#13143 = ( GEOMETRIC_REPRESENTATION_CONTEXT(2) 
PARAMETRIC_REPRESENTATION_CONTEXT() REPRESENTATION_CONTEXT('2D SPACE',''
  ) );
#13144 = ORIENTED_EDGE('',*,*,#7487,.T.);
#13145 = ORIENTED_EDGE('',*,*,#13146,.F.);
#13146 = EDGE_CURVE('',#13097,#7490,#13147,.T.);
#13147 = SURFACE_CURVE('',#13148,(#13152,#13159),.PCURVE_S1.);
#13148 = LINE('',#13149,#13150);
#13149 = CARTESIAN_POINT('',(3.288430711201,-2.359070931029,12.2704));
#13150 = VECTOR('',#13151,1.);
#13151 = DIRECTION('',(0.,0.,1.));
#13152 = PCURVE('',#7505,#13153);
#13153 = DEFINITIONAL_REPRESENTATION('',(#13154),#13158);
#13154 = LINE('',#13155,#13156);
#13155 = CARTESIAN_POINT('',(5.807281010938,0.));
#13156 = VECTOR('',#13157,1.);
#13157 = DIRECTION('',(0.,-1.));
#13158 = ( GEOMETRIC_REPRESENTATION_CONTEXT(2) 
PARAMETRIC_REPRESENTATION_CONTEXT() REPRESENTATION_CONTEXT('2D SPACE',''
  ) );
#13159 = PCURVE('',#7533,#13160);
#13160 = DEFINITIONAL_REPRESENTATION('',(#13161),#13165);
#13161 = LINE('',#13162,#13163);
#13162 = CARTESIAN_POINT('',(0.,0.));
#13163 = VECTOR('',#13164,1.);
#13164 = DIRECTION('',(0.,-1.));
#13165 = ( GEOMETRIC_REPRESENTATION_CONTEXT(2) 
PARAMETRIC_REPRESENTATION_CONTEXT() REPRESENTATION_CONTEXT('2D SPACE',''
  ) );
#13166 = ADVANCED_FACE('',(#13167),#7839,.F.);
#13167 = FACE_BOUND('',#13168,.F.);
#13168 = EDGE_LOOP('',(#13169,#13190,#13211,#13212));
#13169 = ORIENTED_EDGE('',*,*,#13170,.T.);
#13170 = EDGE_CURVE('',#13099,#13171,#13173,.T.);
#13171 = VERTEX_POINT('',#13172);
#13172 = CARTESIAN_POINT('',(7.044931289097,-6.652421071452,12.3204));
#13173 = SURFACE_CURVE('',#13174,(#13178,#13184),.PCURVE_S1.);
#13174 = LINE('',#13175,#13176);
#13175 = CARTESIAN_POINT('',(6.896201963432,-6.796991841953,12.3204));
#13176 = VECTOR('',#13177,1.);
#13177 = DIRECTION('',(0.717060422436,0.697011011804,-0.));
#13178 = PCURVE('',#7839,#13179);
#13179 = DEFINITIONAL_REPRESENTATION('',(#13180),#13183);
#13180 = B_SPLINE_CURVE_WITH_KNOTS('',1,(#13181,#13182),.UNSPECIFIED.,
  .F.,.F.,(2,2),(-0.620513964384,0.207415332114),
  .PIECEWISE_BEZIER_KNOTS.);
#13181 = CARTESIAN_POINT('',(0.827929296498,-5.E-02));
#13182 = CARTESIAN_POINT('',(0.,-5.E-02));
#13183 = ( GEOMETRIC_REPRESENTATION_CONTEXT(2) 
PARAMETRIC_REPRESENTATION_CONTEXT() REPRESENTATION_CONTEXT('2D SPACE',''
  ) );
#13184 = PCURVE('',#13113,#13185);
#13185 = DEFINITIONAL_REPRESENTATION('',(#13186),#13189);
#13186 = B_SPLINE_CURVE_WITH_KNOTS('',1,(#13187,#13188),.UNSPECIFIED.,
  .F.,.F.,(2,2),(-0.620513964384,0.207415332114),
  .PIECEWISE_BEZIER_KNOTS.);
#13187 = CARTESIAN_POINT('',(6.451255958003,-7.229496908107));
#13188 = CARTESIAN_POINT('',(7.044931289097,-6.652421071452));
#13189 = ( GEOMETRIC_REPRESENTATION_CONTEXT(2) 
PARAMETRIC_REPRESENTATION_CONTEXT() REPRESENTATION_CONTEXT('2D SPACE',''
  ) );
#13190 = ORIENTED_EDGE('',*,*,#13191,.T.);
#13191 = EDGE_CURVE('',#13171,#7798,#13192,.T.);
#13192 = SURFACE_CURVE('',#13193,(#13197,#13204),.PCURVE_S1.);
#13193 = LINE('',#13194,#13195);
#13194 = CARTESIAN_POINT('',(7.044931289097,-6.652421071452,12.2704));
#13195 = VECTOR('',#13196,1.);
#13196 = DIRECTION('',(0.,0.,1.));
#13197 = PCURVE('',#7839,#13198);
#13198 = DEFINITIONAL_REPRESENTATION('',(#13199),#13203);
#13199 = LINE('',#13200,#13201);
#13200 = CARTESIAN_POINT('',(0.,0.));
#13201 = VECTOR('',#13202,1.);
#13202 = DIRECTION('',(0.,-1.));
#13203 = ( GEOMETRIC_REPRESENTATION_CONTEXT(2) 
PARAMETRIC_REPRESENTATION_CONTEXT() REPRESENTATION_CONTEXT('2D SPACE',''
  ) );
#13204 = PCURVE('',#7813,#13205);
#13205 = DEFINITIONAL_REPRESENTATION('',(#13206),#13210);
#13206 = LINE('',#13207,#13208);
#13207 = CARTESIAN_POINT('',(0.839166074147,0.));
#13208 = VECTOR('',#13209,1.);
#13209 = DIRECTION('',(0.,-1.));
#13210 = ( GEOMETRIC_REPRESENTATION_CONTEXT(2) 
PARAMETRIC_REPRESENTATION_CONTEXT() REPRESENTATION_CONTEXT('2D SPACE',''
  ) );
#13211 = ORIENTED_EDGE('',*,*,#7825,.T.);
#13212 = ORIENTED_EDGE('',*,*,#13124,.F.);
#13213 = ADVANCED_FACE('',(#13214),#7533,.F.);
#13214 = FACE_BOUND('',#13215,.F.);
#13215 = EDGE_LOOP('',(#13216,#13237,#13238,#13239));
#13216 = ORIENTED_EDGE('',*,*,#13217,.T.);
#13217 = EDGE_CURVE('',#13218,#13097,#13220,.T.);
#13218 = VERTEX_POINT('',#13219);
#13219 = CARTESIAN_POINT('',(3.504891411656,-2.02355,12.3204));
#13220 = SURFACE_CURVE('',#13221,(#13225,#13231),.PCURVE_S1.);
#13221 = LINE('',#13222,#13223);
#13222 = CARTESIAN_POINT('',(3.342536989853,-2.275204488069,12.3204));
#13223 = VECTOR('',#13224,1.);
#13224 = DIRECTION('',(-0.542119059939,-0.840301686807,0.));
#13225 = PCURVE('',#7533,#13226);
#13226 = DEFINITIONAL_REPRESENTATION('',(#13227),#13230);
#13227 = B_SPLINE_CURVE_WITH_KNOTS('',1,(#13228,#13229),.UNSPECIFIED.,
  .F.,.F.,(2,2),(-0.299481117342,9.980515840529E-02),
  .PIECEWISE_BEZIER_KNOTS.);
#13228 = CARTESIAN_POINT('',(0.399286275747,-5.E-02));
#13229 = CARTESIAN_POINT('',(0.,-5.E-02));
#13230 = ( GEOMETRIC_REPRESENTATION_CONTEXT(2) 
PARAMETRIC_REPRESENTATION_CONTEXT() REPRESENTATION_CONTEXT('2D SPACE',''
  ) );
#13231 = PCURVE('',#13113,#13232);
#13232 = DEFINITIONAL_REPRESENTATION('',(#13233),#13236);
#13233 = B_SPLINE_CURVE_WITH_KNOTS('',1,(#13234,#13235),.UNSPECIFIED.,
  .F.,.F.,(2,2),(-0.299481117342,9.980515840529E-02),
  .PIECEWISE_BEZIER_KNOTS.);
#13234 = CARTESIAN_POINT('',(3.504891411656,-2.02355));
#13235 = CARTESIAN_POINT('',(3.288430711201,-2.359070931029));
#13236 = ( GEOMETRIC_REPRESENTATION_CONTEXT(2) 
PARAMETRIC_REPRESENTATION_CONTEXT() REPRESENTATION_CONTEXT('2D SPACE',''
  ) );
#13237 = ORIENTED_EDGE('',*,*,#13146,.T.);
#13238 = ORIENTED_EDGE('',*,*,#7517,.T.);
#13239 = ORIENTED_EDGE('',*,*,#13240,.F.);
#13240 = EDGE_CURVE('',#13218,#7518,#13241,.T.);
#13241 = SURFACE_CURVE('',#13242,(#13246,#13253),.PCURVE_S1.);
#13242 = LINE('',#13243,#13244);
#13243 = CARTESIAN_POINT('',(3.504891411656,-2.02355,12.2704));
#13244 = VECTOR('',#13245,1.);
#13245 = DIRECTION('',(0.,0.,1.));
#13246 = PCURVE('',#7533,#13247);
#13247 = DEFINITIONAL_REPRESENTATION('',(#13248),#13252);
#13248 = LINE('',#13249,#13250);
#13249 = CARTESIAN_POINT('',(0.399286275747,0.));
#13250 = VECTOR('',#13251,1.);
#13251 = DIRECTION('',(0.,-1.));
#13252 = ( GEOMETRIC_REPRESENTATION_CONTEXT(2) 
PARAMETRIC_REPRESENTATION_CONTEXT() REPRESENTATION_CONTEXT('2D SPACE',''
  ) );
#13253 = PCURVE('',#7561,#13254);
#13254 = DEFINITIONAL_REPRESENTATION('',(#13255),#13259);
#13255 = LINE('',#13256,#13257);
#13256 = CARTESIAN_POINT('',(0.,0.));
#13257 = VECTOR('',#13258,1.);
#13258 = DIRECTION('',(0.,-1.));
#13259 = ( GEOMETRIC_REPRESENTATION_CONTEXT(2) 
PARAMETRIC_REPRESENTATION_CONTEXT() REPRESENTATION_CONTEXT('2D SPACE',''
  ) );
#13260 = ADVANCED_FACE('',(#13261),#7813,.F.);
#13261 = FACE_BOUND('',#13262,.F.);
#13262 = EDGE_LOOP('',(#13263,#13284,#13305,#13306));
#13263 = ORIENTED_EDGE('',*,*,#13264,.T.);
#13264 = EDGE_CURVE('',#13171,#13265,#13267,.T.);
#13265 = VERTEX_POINT('',#13266);
#13266 = CARTESIAN_POINT('',(7.594073110516,-6.017879536193,12.3204));
#13267 = SURFACE_CURVE('',#13268,(#13272,#13278),.PCURVE_S1.);
#13268 = LINE('',#13269,#13270);
#13269 = CARTESIAN_POINT('',(7.456971390045,-6.176302611619,12.3204));
#13270 = VECTOR('',#13271,1.);
#13271 = DIRECTION('',(0.654389921538,0.756157279003,-0.));
#13272 = PCURVE('',#7813,#13273);
#13273 = DEFINITIONAL_REPRESENTATION('',(#13274),#13277);
#13274 = B_SPLINE_CURVE_WITH_KNOTS('',1,(#13275,#13276),.UNSPECIFIED.,
  .F.,.F.,(2,2),(-0.629655328401,0.209510745747),
  .PIECEWISE_BEZIER_KNOTS.);
#13275 = CARTESIAN_POINT('',(0.839166074147,-5.E-02));
#13276 = CARTESIAN_POINT('',(0.,-5.E-02));
#13277 = ( GEOMETRIC_REPRESENTATION_CONTEXT(2) 
PARAMETRIC_REPRESENTATION_CONTEXT() REPRESENTATION_CONTEXT('2D SPACE',''
  ) );
#13278 = PCURVE('',#13113,#13279);
#13279 = DEFINITIONAL_REPRESENTATION('',(#13280),#13283);
#13280 = B_SPLINE_CURVE_WITH_KNOTS('',1,(#13281,#13282),.UNSPECIFIED.,
  .F.,.F.,(2,2),(-0.629655328401,0.209510745747),
  .PIECEWISE_BEZIER_KNOTS.);
#13281 = CARTESIAN_POINT('',(7.044931289097,-6.652421071452));
#13282 = CARTESIAN_POINT('',(7.594073110516,-6.017879536193));
#13283 = ( GEOMETRIC_REPRESENTATION_CONTEXT(2) 
PARAMETRIC_REPRESENTATION_CONTEXT() REPRESENTATION_CONTEXT('2D SPACE',''
  ) );
#13284 = ORIENTED_EDGE('',*,*,#13285,.T.);
#13285 = EDGE_CURVE('',#13265,#7770,#13286,.T.);
#13286 = SURFACE_CURVE('',#13287,(#13291,#13298),.PCURVE_S1.);
#13287 = LINE('',#13288,#13289);
#13288 = CARTESIAN_POINT('',(7.594073110516,-6.017879536193,12.2704));
#13289 = VECTOR('',#13290,1.);
#13290 = DIRECTION('',(0.,0.,1.));
#13291 = PCURVE('',#7813,#13292);
#13292 = DEFINITIONAL_REPRESENTATION('',(#13293),#13297);
#13293 = LINE('',#13294,#13295);
#13294 = CARTESIAN_POINT('',(0.,0.));
#13295 = VECTOR('',#13296,1.);
#13296 = DIRECTION('',(0.,-1.));
#13297 = ( GEOMETRIC_REPRESENTATION_CONTEXT(2) 
PARAMETRIC_REPRESENTATION_CONTEXT() REPRESENTATION_CONTEXT('2D SPACE',''
  ) );
#13298 = PCURVE('',#7785,#13299);
#13299 = DEFINITIONAL_REPRESENTATION('',(#13300),#13304);
#13300 = LINE('',#13301,#13302);
#13301 = CARTESIAN_POINT('',(0.839269497837,0.));
#13302 = VECTOR('',#13303,1.);
#13303 = DIRECTION('',(0.,-1.));
#13304 = ( GEOMETRIC_REPRESENTATION_CONTEXT(2) 
PARAMETRIC_REPRESENTATION_CONTEXT() REPRESENTATION_CONTEXT('2D SPACE',''
  ) );
#13305 = ORIENTED_EDGE('',*,*,#7797,.T.);
#13306 = ORIENTED_EDGE('',*,*,#13191,.F.);
#13307 = ADVANCED_FACE('',(#13308),#7561,.F.);
#13308 = FACE_BOUND('',#13309,.F.);
#13309 = EDGE_LOOP('',(#13310,#13331,#13332,#13333));
#13310 = ORIENTED_EDGE('',*,*,#13311,.T.);
#13311 = EDGE_CURVE('',#13312,#13218,#13314,.T.);
#13312 = VERTEX_POINT('',#13313);
#13313 = CARTESIAN_POINT('',(3.743904689499,-1.536966859093,12.3204));
#13314 = SURFACE_CURVE('',#13315,(#13319,#13325),.PCURVE_S1.);
#13315 = LINE('',#13316,#13317);
#13316 = CARTESIAN_POINT('',(3.564630287384,-1.901933619319,12.3204));
#13317 = VECTOR('',#13318,1.);
#13318 = DIRECTION('',(-0.440888990358,-0.897561640324,0.));
#13319 = PCURVE('',#7561,#13320);
#13320 = DEFINITIONAL_REPRESENTATION('',(#13321),#13324);
#13321 = B_SPLINE_CURVE_WITH_KNOTS('',1,(#13322,#13323),.UNSPECIFIED.,
  .F.,.F.,(2,2),(-0.406620274117,0.135496410739),
  .PIECEWISE_BEZIER_KNOTS.);
#13322 = CARTESIAN_POINT('',(0.542116684857,-5.E-02));
#13323 = CARTESIAN_POINT('',(0.,-5.E-02));
#13324 = ( GEOMETRIC_REPRESENTATION_CONTEXT(2) 
PARAMETRIC_REPRESENTATION_CONTEXT() REPRESENTATION_CONTEXT('2D SPACE',''
  ) );
#13325 = PCURVE('',#13113,#13326);
#13326 = DEFINITIONAL_REPRESENTATION('',(#13327),#13330);
#13327 = B_SPLINE_CURVE_WITH_KNOTS('',1,(#13328,#13329),.UNSPECIFIED.,
  .F.,.F.,(2,2),(-0.406620274117,0.135496410739),
  .PIECEWISE_BEZIER_KNOTS.);
#13328 = CARTESIAN_POINT('',(3.743904689499,-1.536966859093));
#13329 = CARTESIAN_POINT('',(3.504891411656,-2.02355));
#13330 = ( GEOMETRIC_REPRESENTATION_CONTEXT(2) 
PARAMETRIC_REPRESENTATION_CONTEXT() REPRESENTATION_CONTEXT('2D SPACE',''
  ) );
#13331 = ORIENTED_EDGE('',*,*,#13240,.T.);
#13332 = ORIENTED_EDGE('',*,*,#7545,.T.);
#13333 = ORIENTED_EDGE('',*,*,#13334,.F.);
#13334 = EDGE_CURVE('',#13312,#7546,#13335,.T.);
#13335 = SURFACE_CURVE('',#13336,(#13340,#13347),.PCURVE_S1.);
#13336 = LINE('',#13337,#13338);
#13337 = CARTESIAN_POINT('',(3.743904689499,-1.536966859093,12.2704));
#13338 = VECTOR('',#13339,1.);
#13339 = DIRECTION('',(0.,0.,1.));
#13340 = PCURVE('',#7561,#13341);
#13341 = DEFINITIONAL_REPRESENTATION('',(#13342),#13346);
#13342 = LINE('',#13343,#13344);
#13343 = CARTESIAN_POINT('',(0.542116684857,0.));
#13344 = VECTOR('',#13345,1.);
#13345 = DIRECTION('',(0.,-1.));
#13346 = ( GEOMETRIC_REPRESENTATION_CONTEXT(2) 
PARAMETRIC_REPRESENTATION_CONTEXT() REPRESENTATION_CONTEXT('2D SPACE',''
  ) );
#13347 = PCURVE('',#7589,#13348);
#13348 = DEFINITIONAL_REPRESENTATION('',(#13349),#13353);
#13349 = LINE('',#13350,#13351);
#13350 = CARTESIAN_POINT('',(0.,0.));
#13351 = VECTOR('',#13352,1.);
#13352 = DIRECTION('',(0.,-1.));
#13353 = ( GEOMETRIC_REPRESENTATION_CONTEXT(2) 
PARAMETRIC_REPRESENTATION_CONTEXT() REPRESENTATION_CONTEXT('2D SPACE',''
  ) );
#13354 = ADVANCED_FACE('',(#13355),#7785,.F.);
#13355 = FACE_BOUND('',#13356,.F.);
#13356 = EDGE_LOOP('',(#13357,#13378,#13399,#13400));
#13357 = ORIENTED_EDGE('',*,*,#13358,.T.);
#13358 = EDGE_CURVE('',#13265,#13359,#13361,.T.);
#13359 = VERTEX_POINT('',#13360);
#13360 = CARTESIAN_POINT('',(8.086384307943,-5.338171529114,12.3204));
#13361 = SURFACE_CURVE('',#13362,(#13366,#13372),.PCURVE_S1.);
#13362 = LINE('',#13363,#13364);
#13363 = CARTESIAN_POINT('',(7.963155201375,-5.508307432742,12.3204));
#13364 = VECTOR('',#13365,1.);
#13365 = DIRECTION('',(0.586594888407,0.809880507788,-0.));
#13366 = PCURVE('',#7785,#13367);
#13367 = DEFINITIONAL_REPRESENTATION('',(#13368),#13371);
#13368 = B_SPLINE_CURVE_WITH_KNOTS('',1,(#13369,#13370),.UNSPECIFIED.,
  .F.,.F.,(2,2),(-0.629194181798,0.210075316039),
  .PIECEWISE_BEZIER_KNOTS.);
#13369 = CARTESIAN_POINT('',(0.839269497837,-5.E-02));
#13370 = CARTESIAN_POINT('',(0.,-5.E-02));
#13371 = ( GEOMETRIC_REPRESENTATION_CONTEXT(2) 
PARAMETRIC_REPRESENTATION_CONTEXT() REPRESENTATION_CONTEXT('2D SPACE',''
  ) );
#13372 = PCURVE('',#13113,#13373);
#13373 = DEFINITIONAL_REPRESENTATION('',(#13374),#13377);
#13374 = B_SPLINE_CURVE_WITH_KNOTS('',1,(#13375,#13376),.UNSPECIFIED.,
  .F.,.F.,(2,2),(-0.629194181798,0.210075316039),
  .PIECEWISE_BEZIER_KNOTS.);
#13375 = CARTESIAN_POINT('',(7.594073110516,-6.017879536193));
#13376 = CARTESIAN_POINT('',(8.086384307943,-5.338171529114));
#13377 = ( GEOMETRIC_REPRESENTATION_CONTEXT(2) 
PARAMETRIC_REPRESENTATION_CONTEXT() REPRESENTATION_CONTEXT('2D SPACE',''
  ) );
#13378 = ORIENTED_EDGE('',*,*,#13379,.T.);
#13379 = EDGE_CURVE('',#13359,#7742,#13380,.T.);
#13380 = SURFACE_CURVE('',#13381,(#13385,#13392),.PCURVE_S1.);
#13381 = LINE('',#13382,#13383);
#13382 = CARTESIAN_POINT('',(8.086384307943,-5.338171529114,12.2704));
#13383 = VECTOR('',#13384,1.);
#13384 = DIRECTION('',(0.,0.,1.));
#13385 = PCURVE('',#7785,#13386);
#13386 = DEFINITIONAL_REPRESENTATION('',(#13387),#13391);
#13387 = LINE('',#13388,#13389);
#13388 = CARTESIAN_POINT('',(0.,0.));
#13389 = VECTOR('',#13390,1.);
#13390 = DIRECTION('',(0.,-1.));
#13391 = ( GEOMETRIC_REPRESENTATION_CONTEXT(2) 
PARAMETRIC_REPRESENTATION_CONTEXT() REPRESENTATION_CONTEXT('2D SPACE',''
  ) );
#13392 = PCURVE('',#7757,#13393);
#13393 = DEFINITIONAL_REPRESENTATION('',(#13394),#13398);
#13394 = LINE('',#13395,#13396);
#13395 = CARTESIAN_POINT('',(0.839115135127,0.));
#13396 = VECTOR('',#13397,1.);
#13397 = DIRECTION('',(0.,-1.));
#13398 = ( GEOMETRIC_REPRESENTATION_CONTEXT(2) 
PARAMETRIC_REPRESENTATION_CONTEXT() REPRESENTATION_CONTEXT('2D SPACE',''
  ) );
#13399 = ORIENTED_EDGE('',*,*,#7769,.T.);
#13400 = ORIENTED_EDGE('',*,*,#13285,.F.);
#13401 = ADVANCED_FACE('',(#13402),#7589,.F.);
#13402 = FACE_BOUND('',#13403,.F.);
#13403 = EDGE_LOOP('',(#13404,#13425,#13426,#13427));
#13404 = ORIENTED_EDGE('',*,*,#13405,.T.);
#13405 = EDGE_CURVE('',#13406,#13312,#13408,.T.);
#13406 = VERTEX_POINT('',#13407);
#13407 = CARTESIAN_POINT('',(3.879639386755,-1.152067467095,12.3204));
#13408 = SURFACE_CURVE('',#13409,(#13413,#13419),.PCURVE_S1.);
#13409 = LINE('',#13410,#13411);
#13410 = CARTESIAN_POINT('',(3.77788485847,-1.440610167389,12.3204));
#13411 = VECTOR('',#13412,1.);
#13412 = DIRECTION('',(-0.332575762509,-0.943076541004,0.));
#13413 = PCURVE('',#7589,#13414);
#13414 = DEFINITIONAL_REPRESENTATION('',(#13415),#13418);
#13415 = B_SPLINE_CURVE_WITH_KNOTS('',1,(#13416,#13417),.UNSPECIFIED.,
  .F.,.F.,(2,2),(-0.305958941558,0.102172716121),
  .PIECEWISE_BEZIER_KNOTS.);
#13416 = CARTESIAN_POINT('',(0.408131657679,-5.E-02));
#13417 = CARTESIAN_POINT('',(0.,-5.E-02));
#13418 = ( GEOMETRIC_REPRESENTATION_CONTEXT(2) 
PARAMETRIC_REPRESENTATION_CONTEXT() REPRESENTATION_CONTEXT('2D SPACE',''
  ) );
#13419 = PCURVE('',#13113,#13420);
#13420 = DEFINITIONAL_REPRESENTATION('',(#13421),#13424);
#13421 = B_SPLINE_CURVE_WITH_KNOTS('',1,(#13422,#13423),.UNSPECIFIED.,
  .F.,.F.,(2,2),(-0.305958941558,0.102172716121),
  .PIECEWISE_BEZIER_KNOTS.);
#13422 = CARTESIAN_POINT('',(3.879639386755,-1.152067467095));
#13423 = CARTESIAN_POINT('',(3.743904689499,-1.536966859093));
#13424 = ( GEOMETRIC_REPRESENTATION_CONTEXT(2) 
PARAMETRIC_REPRESENTATION_CONTEXT() REPRESENTATION_CONTEXT('2D SPACE',''
  ) );
#13425 = ORIENTED_EDGE('',*,*,#13334,.T.);
#13426 = ORIENTED_EDGE('',*,*,#7573,.T.);
#13427 = ORIENTED_EDGE('',*,*,#13428,.F.);
#13428 = EDGE_CURVE('',#13406,#7574,#13429,.T.);
#13429 = SURFACE_CURVE('',#13430,(#13434,#13441),.PCURVE_S1.);
#13430 = LINE('',#13431,#13432);
#13431 = CARTESIAN_POINT('',(3.879639386755,-1.152067467095,12.2704));
#13432 = VECTOR('',#13433,1.);
#13433 = DIRECTION('',(0.,0.,1.));
#13434 = PCURVE('',#7589,#13435);
#13435 = DEFINITIONAL_REPRESENTATION('',(#13436),#13440);
#13436 = LINE('',#13437,#13438);
#13437 = CARTESIAN_POINT('',(0.408131657679,0.));
#13438 = VECTOR('',#13439,1.);
#13439 = DIRECTION('',(0.,-1.));
#13440 = ( GEOMETRIC_REPRESENTATION_CONTEXT(2) 
PARAMETRIC_REPRESENTATION_CONTEXT() REPRESENTATION_CONTEXT('2D SPACE',''
  ) );
#13441 = PCURVE('',#7617,#13442);
#13442 = DEFINITIONAL_REPRESENTATION('',(#13443),#13447);
#13443 = LINE('',#13444,#13445);
#13444 = CARTESIAN_POINT('',(0.,0.));
#13445 = VECTOR('',#13446,1.);
#13446 = DIRECTION('',(0.,-1.));
#13447 = ( GEOMETRIC_REPRESENTATION_CONTEXT(2) 
PARAMETRIC_REPRESENTATION_CONTEXT() REPRESENTATION_CONTEXT('2D SPACE',''
  ) );
#13448 = ADVANCED_FACE('',(#13449),#7757,.F.);
#13449 = FACE_BOUND('',#13450,.F.);
#13450 = EDGE_LOOP('',(#13451,#13472,#13493,#13494));
#13451 = ORIENTED_EDGE('',*,*,#13452,.T.);
#13452 = EDGE_CURVE('',#13359,#13453,#13455,.T.);
#13453 = VERTEX_POINT('',#13454);
#13454 = CARTESIAN_POINT('',(8.517922061056,-4.618526215339,12.3204));
#13455 = SURFACE_CURVE('',#13456,(#13460,#13466),.PCURVE_S1.);
#13456 = LINE('',#13457,#13458);
#13457 = CARTESIAN_POINT('',(8.410023190978,-4.798461610685,12.3204));
#13458 = VECTOR('',#13459,1.);
#13459 = DIRECTION('',(0.51427716537,0.857624041861,-0.));
#13460 = PCURVE('',#7757,#13461);
#13461 = DEFINITIONAL_REPRESENTATION('',(#13462),#13465);
#13462 = B_SPLINE_CURVE_WITH_KNOTS('',1,(#13463,#13464),.UNSPECIFIED.,
  .F.,.F.,(2,2),(-0.629308289046,0.209806846081),
  .PIECEWISE_BEZIER_KNOTS.);
#13463 = CARTESIAN_POINT('',(0.839115135127,-5.E-02));
#13464 = CARTESIAN_POINT('',(0.,-5.E-02));
#13465 = ( GEOMETRIC_REPRESENTATION_CONTEXT(2) 
PARAMETRIC_REPRESENTATION_CONTEXT() REPRESENTATION_CONTEXT('2D SPACE',''
  ) );
#13466 = PCURVE('',#13113,#13467);
#13467 = DEFINITIONAL_REPRESENTATION('',(#13468),#13471);
#13468 = B_SPLINE_CURVE_WITH_KNOTS('',1,(#13469,#13470),.UNSPECIFIED.,
  .F.,.F.,(2,2),(-0.629308289046,0.209806846081),
  .PIECEWISE_BEZIER_KNOTS.);
#13469 = CARTESIAN_POINT('',(8.086384307943,-5.338171529114));
#13470 = CARTESIAN_POINT('',(8.517922061056,-4.618526215339));
#13471 = ( GEOMETRIC_REPRESENTATION_CONTEXT(2) 
PARAMETRIC_REPRESENTATION_CONTEXT() REPRESENTATION_CONTEXT('2D SPACE',''
  ) );
#13472 = ORIENTED_EDGE('',*,*,#13473,.T.);
#13473 = EDGE_CURVE('',#13453,#7714,#13474,.T.);
#13474 = SURFACE_CURVE('',#13475,(#13479,#13486),.PCURVE_S1.);
#13475 = LINE('',#13476,#13477);
#13476 = CARTESIAN_POINT('',(8.517922061056,-4.618526215339,12.2704));
#13477 = VECTOR('',#13478,1.);
#13478 = DIRECTION('',(0.,0.,1.));
#13479 = PCURVE('',#7757,#13480);
#13480 = DEFINITIONAL_REPRESENTATION('',(#13481),#13485);
#13481 = LINE('',#13482,#13483);
#13482 = CARTESIAN_POINT('',(0.,0.));
#13483 = VECTOR('',#13484,1.);
#13484 = DIRECTION('',(0.,-1.));
#13485 = ( GEOMETRIC_REPRESENTATION_CONTEXT(2) 
PARAMETRIC_REPRESENTATION_CONTEXT() REPRESENTATION_CONTEXT('2D SPACE',''
  ) );
#13486 = PCURVE('',#7729,#13487);
#13487 = DEFINITIONAL_REPRESENTATION('',(#13488),#13492);
#13488 = LINE('',#13489,#13490);
#13489 = CARTESIAN_POINT('',(0.839262342775,0.));
#13490 = VECTOR('',#13491,1.);
#13491 = DIRECTION('',(0.,-1.));
#13492 = ( GEOMETRIC_REPRESENTATION_CONTEXT(2) 
PARAMETRIC_REPRESENTATION_CONTEXT() REPRESENTATION_CONTEXT('2D SPACE',''
  ) );
#13493 = ORIENTED_EDGE('',*,*,#7741,.T.);
#13494 = ORIENTED_EDGE('',*,*,#13379,.F.);
#13495 = ADVANCED_FACE('',(#13496),#7617,.F.);
#13496 = FACE_BOUND('',#13497,.F.);
#13497 = EDGE_LOOP('',(#13498,#13519,#13520,#13521));
#13498 = ORIENTED_EDGE('',*,*,#13499,.T.);
#13499 = EDGE_CURVE('',#13500,#13406,#13502,.T.);
#13500 = VERTEX_POINT('',#13501);
#13501 = CARTESIAN_POINT('',(9.580217795484,-1.450776030647,12.3204));
#13502 = SURFACE_CURVE('',#13503,(#13507,#13513),.PCURVE_S1.);
#13503 = LINE('',#13504,#13505);
#13504 = CARTESIAN_POINT('',(1.915029984959,-1.049122535848,12.3204));
#13505 = VECTOR('',#13506,1.);
#13506 = DIRECTION('',(-0.998629956721,5.232790403084E-02,0.));
#13507 = PCURVE('',#7617,#13508);
#13508 = DEFINITIONAL_REPRESENTATION('',(#13509),#13512);
#13509 = B_SPLINE_CURVE_WITH_KNOTS('',1,(#13510,#13511),.UNSPECIFIED.,
  .F.,.F.,(2,2),(-7.675703857008,-1.967304694371),
  .PIECEWISE_BEZIER_KNOTS.);
#13510 = CARTESIAN_POINT('',(5.708399162637,-5.E-02));
#13511 = CARTESIAN_POINT('',(0.,-5.E-02));
#13512 = ( GEOMETRIC_REPRESENTATION_CONTEXT(2) 
PARAMETRIC_REPRESENTATION_CONTEXT() REPRESENTATION_CONTEXT('2D SPACE',''
  ) );
#13513 = PCURVE('',#13113,#13514);
#13514 = DEFINITIONAL_REPRESENTATION('',(#13515),#13518);
#13515 = B_SPLINE_CURVE_WITH_KNOTS('',1,(#13516,#13517),.UNSPECIFIED.,
  .F.,.F.,(2,2),(-7.675703857008,-1.967304694371),
  .PIECEWISE_BEZIER_KNOTS.);
#13516 = CARTESIAN_POINT('',(9.580217795484,-1.450776030647));
#13517 = CARTESIAN_POINT('',(3.879639386755,-1.152067467095));
#13518 = ( GEOMETRIC_REPRESENTATION_CONTEXT(2) 
PARAMETRIC_REPRESENTATION_CONTEXT() REPRESENTATION_CONTEXT('2D SPACE',''
  ) );
#13519 = ORIENTED_EDGE('',*,*,#13428,.T.);
#13520 = ORIENTED_EDGE('',*,*,#7601,.T.);
#13521 = ORIENTED_EDGE('',*,*,#13522,.F.);
#13522 = EDGE_CURVE('',#13500,#7602,#13523,.T.);
#13523 = SURFACE_CURVE('',#13524,(#13528,#13535),.PCURVE_S1.);
#13524 = LINE('',#13525,#13526);
#13525 = CARTESIAN_POINT('',(9.580217795484,-1.450776030647,12.2704));
#13526 = VECTOR('',#13527,1.);
#13527 = DIRECTION('',(0.,0.,1.));
#13528 = PCURVE('',#7617,#13529);
#13529 = DEFINITIONAL_REPRESENTATION('',(#13530),#13534);
#13530 = LINE('',#13531,#13532);
#13531 = CARTESIAN_POINT('',(5.708399162637,0.));
#13532 = VECTOR('',#13533,1.);
#13533 = DIRECTION('',(0.,-1.));
#13534 = ( GEOMETRIC_REPRESENTATION_CONTEXT(2) 
PARAMETRIC_REPRESENTATION_CONTEXT() REPRESENTATION_CONTEXT('2D SPACE',''
  ) );
#13535 = PCURVE('',#7645,#13536);
#13536 = DEFINITIONAL_REPRESENTATION('',(#13537),#13541);
#13537 = LINE('',#13538,#13539);
#13538 = CARTESIAN_POINT('',(0.,0.));
#13539 = VECTOR('',#13540,1.);
#13540 = DIRECTION('',(0.,-1.));
#13541 = ( GEOMETRIC_REPRESENTATION_CONTEXT(2) 
PARAMETRIC_REPRESENTATION_CONTEXT() REPRESENTATION_CONTEXT('2D SPACE',''
  ) );
#13542 = ADVANCED_FACE('',(#13543),#7729,.F.);
#13543 = FACE_BOUND('',#13544,.F.);
#13544 = EDGE_LOOP('',(#13545,#13566,#13587,#13588));
#13545 = ORIENTED_EDGE('',*,*,#13546,.T.);
#13546 = EDGE_CURVE('',#13453,#13547,#13549,.T.);
#13547 = VERTEX_POINT('',#13548);
#13548 = CARTESIAN_POINT('',(8.885599767314,-3.864089747291,12.3204));
#13549 = SURFACE_CURVE('',#13550,(#13554,#13560),.PCURVE_S1.);
#13550 = LINE('',#13551,#13552);
#13551 = CARTESIAN_POINT('',(8.79377271415,-4.052509323678,12.3204));
#13552 = VECTOR('',#13553,1.);
#13553 = DIRECTION('',(0.438096275167,0.898928058125,-0.));
#13554 = PCURVE('',#7729,#13555);
#13555 = DEFINITIONAL_REPRESENTATION('',(#13556),#13559);
#13556 = B_SPLINE_CURVE_WITH_KNOTS('',1,(#13557,#13558),.UNSPECIFIED.,
  .F.,.F.,(2,2),(-0.62965760891,0.209604733865),
  .PIECEWISE_BEZIER_KNOTS.);
#13557 = CARTESIAN_POINT('',(0.839262342775,-5.E-02));
#13558 = CARTESIAN_POINT('',(0.,-5.E-02));
#13559 = ( GEOMETRIC_REPRESENTATION_CONTEXT(2) 
PARAMETRIC_REPRESENTATION_CONTEXT() REPRESENTATION_CONTEXT('2D SPACE',''
  ) );
#13560 = PCURVE('',#13113,#13561);
#13561 = DEFINITIONAL_REPRESENTATION('',(#13562),#13565);
#13562 = B_SPLINE_CURVE_WITH_KNOTS('',1,(#13563,#13564),.UNSPECIFIED.,
  .F.,.F.,(2,2),(-0.62965760891,0.209604733865),
  .PIECEWISE_BEZIER_KNOTS.);
#13563 = CARTESIAN_POINT('',(8.517922061056,-4.618526215339));
#13564 = CARTESIAN_POINT('',(8.885599767314,-3.864089747291));
#13565 = ( GEOMETRIC_REPRESENTATION_CONTEXT(2) 
PARAMETRIC_REPRESENTATION_CONTEXT() REPRESENTATION_CONTEXT('2D SPACE',''
  ) );
#13566 = ORIENTED_EDGE('',*,*,#13567,.T.);
#13567 = EDGE_CURVE('',#13547,#7686,#13568,.T.);
#13568 = SURFACE_CURVE('',#13569,(#13573,#13580),.PCURVE_S1.);
#13569 = LINE('',#13570,#13571);
#13570 = CARTESIAN_POINT('',(8.885599767314,-3.864089747291,12.2704));
#13571 = VECTOR('',#13572,1.);
#13572 = DIRECTION('',(0.,0.,1.));
#13573 = PCURVE('',#7729,#13574);
#13574 = DEFINITIONAL_REPRESENTATION('',(#13575),#13579);
#13575 = LINE('',#13576,#13577);
#13576 = CARTESIAN_POINT('',(0.,0.));
#13577 = VECTOR('',#13578,1.);
#13578 = DIRECTION('',(0.,-1.));
#13579 = ( GEOMETRIC_REPRESENTATION_CONTEXT(2) 
PARAMETRIC_REPRESENTATION_CONTEXT() REPRESENTATION_CONTEXT('2D SPACE',''
  ) );
#13580 = PCURVE('',#7701,#13581);
#13581 = DEFINITIONAL_REPRESENTATION('',(#13582),#13586);
#13582 = LINE('',#13583,#13584);
#13583 = CARTESIAN_POINT('',(0.839187827605,0.));
#13584 = VECTOR('',#13585,1.);
#13585 = DIRECTION('',(0.,-1.));
#13586 = ( GEOMETRIC_REPRESENTATION_CONTEXT(2) 
PARAMETRIC_REPRESENTATION_CONTEXT() REPRESENTATION_CONTEXT('2D SPACE',''
  ) );
#13587 = ORIENTED_EDGE('',*,*,#7713,.T.);
#13588 = ORIENTED_EDGE('',*,*,#13473,.F.);
#13589 = ADVANCED_FACE('',(#13590),#7645,.F.);
#13590 = FACE_BOUND('',#13591,.F.);
#13591 = EDGE_LOOP('',(#13592,#13613,#13614,#13615));
#13592 = ORIENTED_EDGE('',*,*,#13593,.T.);
#13593 = EDGE_CURVE('',#13594,#13500,#13596,.T.);
#13594 = VERTEX_POINT('',#13595);
#13595 = CARTESIAN_POINT('',(9.418690102773,-2.274350201252,12.3204));
#13596 = SURFACE_CURVE('',#13597,(#13601,#13607),.PCURVE_S1.);
#13597 = LINE('',#13598,#13599);
#13598 = CARTESIAN_POINT('',(9.539782439322,-1.656942009712,12.3204));
#13599 = VECTOR('',#13600,1.);
#13600 = DIRECTION('',(0.192463295435,0.981304172981,-0.));
#13601 = PCURVE('',#7645,#13602);
#13602 = DEFINITIONAL_REPRESENTATION('',(#13603),#13606);
#13603 = B_SPLINE_CURVE_WITH_KNOTS('',1,(#13604,#13605),.UNSPECIFIED.,
  .F.,.F.,(2,2),(-0.629171064935,0.210093857482),
  .PIECEWISE_BEZIER_KNOTS.);
#13604 = CARTESIAN_POINT('',(0.839264922417,-5.E-02));
#13605 = CARTESIAN_POINT('',(0.,-5.E-02));
#13606 = ( GEOMETRIC_REPRESENTATION_CONTEXT(2) 
PARAMETRIC_REPRESENTATION_CONTEXT() REPRESENTATION_CONTEXT('2D SPACE',''
  ) );
#13607 = PCURVE('',#13113,#13608);
#13608 = DEFINITIONAL_REPRESENTATION('',(#13609),#13612);
#13609 = B_SPLINE_CURVE_WITH_KNOTS('',1,(#13610,#13611),.UNSPECIFIED.,
  .F.,.F.,(2,2),(-0.629171064935,0.210093857482),
  .PIECEWISE_BEZIER_KNOTS.);
#13610 = CARTESIAN_POINT('',(9.418690102773,-2.274350201252));
#13611 = CARTESIAN_POINT('',(9.580217795484,-1.450776030647));
#13612 = ( GEOMETRIC_REPRESENTATION_CONTEXT(2) 
PARAMETRIC_REPRESENTATION_CONTEXT() REPRESENTATION_CONTEXT('2D SPACE',''
  ) );
#13613 = ORIENTED_EDGE('',*,*,#13522,.T.);
#13614 = ORIENTED_EDGE('',*,*,#7629,.T.);
#13615 = ORIENTED_EDGE('',*,*,#13616,.F.);
#13616 = EDGE_CURVE('',#13594,#7630,#13617,.T.);
#13617 = SURFACE_CURVE('',#13618,(#13622,#13629),.PCURVE_S1.);
#13618 = LINE('',#13619,#13620);
#13619 = CARTESIAN_POINT('',(9.418690102773,-2.274350201252,12.2704));
#13620 = VECTOR('',#13621,1.);
#13621 = DIRECTION('',(0.,0.,1.));
#13622 = PCURVE('',#7645,#13623);
#13623 = DEFINITIONAL_REPRESENTATION('',(#13624),#13628);
#13624 = LINE('',#13625,#13626);
#13625 = CARTESIAN_POINT('',(0.839264922417,0.));
#13626 = VECTOR('',#13627,1.);
#13627 = DIRECTION('',(0.,-1.));
#13628 = ( GEOMETRIC_REPRESENTATION_CONTEXT(2) 
PARAMETRIC_REPRESENTATION_CONTEXT() REPRESENTATION_CONTEXT('2D SPACE',''
  ) );
#13629 = PCURVE('',#7673,#13630);
#13630 = DEFINITIONAL_REPRESENTATION('',(#13631),#13635);
#13631 = LINE('',#13632,#13633);
#13632 = CARTESIAN_POINT('',(0.,0.));
#13633 = VECTOR('',#13634,1.);
#13634 = DIRECTION('',(0.,-1.));
#13635 = ( GEOMETRIC_REPRESENTATION_CONTEXT(2) 
PARAMETRIC_REPRESENTATION_CONTEXT() REPRESENTATION_CONTEXT('2D SPACE',''
  ) );
#13636 = ADVANCED_FACE('',(#13637),#7701,.F.);
#13637 = FACE_BOUND('',#13638,.F.);
#13638 = EDGE_LOOP('',(#13639,#13660,#13681,#13682));
#13639 = ORIENTED_EDGE('',*,*,#13640,.T.);
#13640 = EDGE_CURVE('',#13547,#13641,#13643,.T.);
#13641 = VERTEX_POINT('',#13642);
#13642 = CARTESIAN_POINT('',(9.186600439418,-3.080741290094,12.3204));
#13643 = SURFACE_CURVE('',#13644,(#13648,#13654),.PCURVE_S1.);
#13644 = LINE('',#13645,#13646);
#13645 = CARTESIAN_POINT('',(9.111401376259,-3.27644540496,12.3204));
#13646 = VECTOR('',#13647,1.);
#13647 = DIRECTION('',(0.358680931971,0.933460223598,-0.));
#13648 = PCURVE('',#7701,#13649);
#13649 = DEFINITIONAL_REPRESENTATION('',(#13650),#13653);
#13650 = B_SPLINE_CURVE_WITH_KNOTS('',1,(#13651,#13652),.UNSPECIFIED.,
  .F.,.F.,(2,2),(-0.629533350725,0.209654476879),
  .PIECEWISE_BEZIER_KNOTS.);
#13651 = CARTESIAN_POINT('',(0.839187827605,-5.E-02));
#13652 = CARTESIAN_POINT('',(0.,-5.E-02));
#13653 = ( GEOMETRIC_REPRESENTATION_CONTEXT(2) 
PARAMETRIC_REPRESENTATION_CONTEXT() REPRESENTATION_CONTEXT('2D SPACE',''
  ) );
#13654 = PCURVE('',#13113,#13655);
#13655 = DEFINITIONAL_REPRESENTATION('',(#13656),#13659);
#13656 = B_SPLINE_CURVE_WITH_KNOTS('',1,(#13657,#13658),.UNSPECIFIED.,
  .F.,.F.,(2,2),(-0.629533350725,0.209654476879),
  .PIECEWISE_BEZIER_KNOTS.);
#13657 = CARTESIAN_POINT('',(8.885599767314,-3.864089747291));
#13658 = CARTESIAN_POINT('',(9.186600439418,-3.080741290094));
#13659 = ( GEOMETRIC_REPRESENTATION_CONTEXT(2) 
PARAMETRIC_REPRESENTATION_CONTEXT() REPRESENTATION_CONTEXT('2D SPACE',''
  ) );
#13660 = ORIENTED_EDGE('',*,*,#13661,.T.);
#13661 = EDGE_CURVE('',#13641,#7658,#13662,.T.);
#13662 = SURFACE_CURVE('',#13663,(#13667,#13674),.PCURVE_S1.);
#13663 = LINE('',#13664,#13665);
#13664 = CARTESIAN_POINT('',(9.186600439418,-3.080741290094,12.2704));
#13665 = VECTOR('',#13666,1.);
#13666 = DIRECTION('',(0.,0.,1.));
#13667 = PCURVE('',#7701,#13668);
#13668 = DEFINITIONAL_REPRESENTATION('',(#13669),#13673);
#13669 = LINE('',#13670,#13671);
#13670 = CARTESIAN_POINT('',(0.,0.));
#13671 = VECTOR('',#13672,1.);
#13672 = DIRECTION('',(0.,-1.));
#13673 = ( GEOMETRIC_REPRESENTATION_CONTEXT(2) 
PARAMETRIC_REPRESENTATION_CONTEXT() REPRESENTATION_CONTEXT('2D SPACE',''
  ) );
#13674 = PCURVE('',#7673,#13675);
#13675 = DEFINITIONAL_REPRESENTATION('',(#13676),#13680);
#13676 = LINE('',#13677,#13678);
#13677 = CARTESIAN_POINT('',(0.839125854685,0.));
#13678 = VECTOR('',#13679,1.);
#13679 = DIRECTION('',(0.,-1.));
#13680 = ( GEOMETRIC_REPRESENTATION_CONTEXT(2) 
PARAMETRIC_REPRESENTATION_CONTEXT() REPRESENTATION_CONTEXT('2D SPACE',''
  ) );
#13681 = ORIENTED_EDGE('',*,*,#7685,.T.);
#13682 = ORIENTED_EDGE('',*,*,#13567,.F.);
#13683 = ADVANCED_FACE('',(#13684),#7673,.F.);
#13684 = FACE_BOUND('',#13685,.F.);
#13685 = EDGE_LOOP('',(#13686,#13705,#13706,#13707));
#13686 = ORIENTED_EDGE('',*,*,#13687,.T.);
#13687 = EDGE_CURVE('',#13641,#13594,#13688,.T.);
#13688 = SURFACE_CURVE('',#13689,(#13693,#13699),.PCURVE_S1.);
#13689 = LINE('',#13690,#13691);
#13690 = CARTESIAN_POINT('',(9.360684368543,-2.475890013532,12.3204));
#13691 = VECTOR('',#13692,1.);
#13692 = DIRECTION('',(0.276585046283,0.960989444361,-0.));
#13693 = PCURVE('',#7673,#13694);
#13694 = DEFINITIONAL_REPRESENTATION('',(#13695),#13698);
#13695 = B_SPLINE_CURVE_WITH_KNOTS('',1,(#13696,#13697),.UNSPECIFIED.,
  .F.,.F.,(2,2),(-0.629404703778,0.209721150907),
  .PIECEWISE_BEZIER_KNOTS.);
#13696 = CARTESIAN_POINT('',(0.839125854685,-5.E-02));
#13697 = CARTESIAN_POINT('',(0.,-5.E-02));
#13698 = ( GEOMETRIC_REPRESENTATION_CONTEXT(2) 
PARAMETRIC_REPRESENTATION_CONTEXT() REPRESENTATION_CONTEXT('2D SPACE',''
  ) );
#13699 = PCURVE('',#13113,#13700);
#13700 = DEFINITIONAL_REPRESENTATION('',(#13701),#13704);
#13701 = B_SPLINE_CURVE_WITH_KNOTS('',1,(#13702,#13703),.UNSPECIFIED.,
  .F.,.F.,(2,2),(-0.629404703778,0.209721150907),
  .PIECEWISE_BEZIER_KNOTS.);
#13702 = CARTESIAN_POINT('',(9.186600439418,-3.080741290094));
#13703 = CARTESIAN_POINT('',(9.418690102773,-2.274350201252));
#13704 = ( GEOMETRIC_REPRESENTATION_CONTEXT(2) 
PARAMETRIC_REPRESENTATION_CONTEXT() REPRESENTATION_CONTEXT('2D SPACE',''
  ) );
#13705 = ORIENTED_EDGE('',*,*,#13616,.T.);
#13706 = ORIENTED_EDGE('',*,*,#7657,.T.);
#13707 = ORIENTED_EDGE('',*,*,#13661,.F.);
#13708 = ADVANCED_FACE('',(#13709),#7871,.F.);
#13709 = FACE_BOUND('',#13710,.F.);
#13710 = EDGE_LOOP('',(#13711,#13739,#13760,#13761));
#13711 = ORIENTED_EDGE('',*,*,#13712,.T.);
#13712 = EDGE_CURVE('',#13713,#13715,#13717,.T.);
#13713 = VERTEX_POINT('',#13714);
#13714 = CARTESIAN_POINT('',(2.204172863406,2.017739388084,12.3204));
#13715 = VERTEX_POINT('',#13716);
#13716 = CARTESIAN_POINT('',(1.599372863406,0.970195059666,12.3204));
#13717 = SURFACE_CURVE('',#13718,(#13722,#13728),.PCURVE_S1.);
#13718 = LINE('',#13719,#13720);
#13719 = CARTESIAN_POINT('',(1.189397863406,0.260097529833,12.3204));
#13720 = VECTOR('',#13721,1.);
#13721 = DIRECTION('',(-0.5,-0.866025403784,0.));
#13722 = PCURVE('',#7871,#13723);
#13723 = DEFINITIONAL_REPRESENTATION('',(#13724),#13727);
#13724 = B_SPLINE_CURVE_WITH_KNOTS('',1,(#13725,#13726),.UNSPECIFIED.,
  .F.,.F.,(2,2),(-2.02955,-0.81995),.PIECEWISE_BEZIER_KNOTS.);
#13725 = CARTESIAN_POINT('',(1.2096,-5.E-02));
#13726 = CARTESIAN_POINT('',(0.,-5.E-02));
#13727 = ( GEOMETRIC_REPRESENTATION_CONTEXT(2) 
PARAMETRIC_REPRESENTATION_CONTEXT() REPRESENTATION_CONTEXT('2D SPACE',''
  ) );
#13728 = PCURVE('',#13729,#13734);
#13729 = PLANE('',#13730);
#13730 = AXIS2_PLACEMENT_3D('',#13731,#13732,#13733);
#13731 = CARTESIAN_POINT('',(0.,0.,12.3204));
#13732 = DIRECTION('',(0.,0.,1.));
#13733 = DIRECTION('',(1.,0.,-0.));
#13734 = DEFINITIONAL_REPRESENTATION('',(#13735),#13738);
#13735 = B_SPLINE_CURVE_WITH_KNOTS('',1,(#13736,#13737),.UNSPECIFIED.,
  .F.,.F.,(2,2),(-2.02955,-0.81995),.PIECEWISE_BEZIER_KNOTS.);
#13736 = CARTESIAN_POINT('',(2.204172863406,2.017739388084));
#13737 = CARTESIAN_POINT('',(1.599372863406,0.970195059666));
#13738 = ( GEOMETRIC_REPRESENTATION_CONTEXT(2) 
PARAMETRIC_REPRESENTATION_CONTEXT() REPRESENTATION_CONTEXT('2D SPACE',''
  ) );
#13739 = ORIENTED_EDGE('',*,*,#13740,.T.);
#13740 = EDGE_CURVE('',#13715,#7854,#13741,.T.);
#13741 = SURFACE_CURVE('',#13742,(#13746,#13753),.PCURVE_S1.);
#13742 = LINE('',#13743,#13744);
#13743 = CARTESIAN_POINT('',(1.599372863406,0.970195059666,12.2704));
#13744 = VECTOR('',#13745,1.);
#13745 = DIRECTION('',(0.,0.,1.));
#13746 = PCURVE('',#7871,#13747);
#13747 = DEFINITIONAL_REPRESENTATION('',(#13748),#13752);
#13748 = LINE('',#13749,#13750);
#13749 = CARTESIAN_POINT('',(0.,0.));
#13750 = VECTOR('',#13751,1.);
#13751 = DIRECTION('',(0.,-1.));
#13752 = ( GEOMETRIC_REPRESENTATION_CONTEXT(2) 
PARAMETRIC_REPRESENTATION_CONTEXT() REPRESENTATION_CONTEXT('2D SPACE',''
  ) );
#13753 = PCURVE('',#7981,#13754);
#13754 = DEFINITIONAL_REPRESENTATION('',(#13755),#13759);
#13755 = LINE('',#13756,#13757);
#13756 = CARTESIAN_POINT('',(1.250266275639,0.));
#13757 = VECTOR('',#13758,1.);
#13758 = DIRECTION('',(0.,-1.));
#13759 = ( GEOMETRIC_REPRESENTATION_CONTEXT(2) 
PARAMETRIC_REPRESENTATION_CONTEXT() REPRESENTATION_CONTEXT('2D SPACE',''
  ) );
#13760 = ORIENTED_EDGE('',*,*,#7853,.T.);
#13761 = ORIENTED_EDGE('',*,*,#13762,.F.);
#13762 = EDGE_CURVE('',#13713,#7856,#13763,.T.);
#13763 = SURFACE_CURVE('',#13764,(#13768,#13775),.PCURVE_S1.);
#13764 = LINE('',#13765,#13766);
#13765 = CARTESIAN_POINT('',(2.204172863406,2.017739388084,12.2704));
#13766 = VECTOR('',#13767,1.);
#13767 = DIRECTION('',(0.,0.,1.));
#13768 = PCURVE('',#7871,#13769);
#13769 = DEFINITIONAL_REPRESENTATION('',(#13770),#13774);
#13770 = LINE('',#13771,#13772);
#13771 = CARTESIAN_POINT('',(1.2096,0.));
#13772 = VECTOR('',#13773,1.);
#13773 = DIRECTION('',(0.,-1.));
#13774 = ( GEOMETRIC_REPRESENTATION_CONTEXT(2) 
PARAMETRIC_REPRESENTATION_CONTEXT() REPRESENTATION_CONTEXT('2D SPACE',''
  ) );
#13775 = PCURVE('',#7899,#13776);
#13776 = DEFINITIONAL_REPRESENTATION('',(#13777),#13781);
#13777 = LINE('',#13778,#13779);
#13778 = CARTESIAN_POINT('',(0.,0.));
#13779 = VECTOR('',#13780,1.);
#13780 = DIRECTION('',(0.,-1.));
#13781 = ( GEOMETRIC_REPRESENTATION_CONTEXT(2) 
PARAMETRIC_REPRESENTATION_CONTEXT() REPRESENTATION_CONTEXT('2D SPACE',''
  ) );
#13782 = ADVANCED_FACE('',(#13783),#7981,.F.);
#13783 = FACE_BOUND('',#13784,.F.);
#13784 = EDGE_LOOP('',(#13785,#13806,#13827,#13828));
#13785 = ORIENTED_EDGE('',*,*,#13786,.T.);
#13786 = EDGE_CURVE('',#13715,#13787,#13789,.T.);
#13787 = VERTEX_POINT('',#13788);
#13788 = CARTESIAN_POINT('',(2.847925163222,0.904751078854,12.3204));
#13789 = SURFACE_CURVE('',#13790,(#13794,#13800),.PCURVE_S1.);
#13790 = LINE('',#13791,#13792);
#13791 = CARTESIAN_POINT('',(1.451510792994,0.977945381779,12.3204));
#13792 = VECTOR('',#13793,1.);
#13793 = DIRECTION('',(0.998629111369,-5.234403429662E-02,0.));
#13794 = PCURVE('',#7981,#13795);
#13795 = DEFINITIONAL_REPRESENTATION('',(#13796),#13799);
#13796 = B_SPLINE_CURVE_WITH_KNOTS('',1,(#13797,#13798),.UNSPECIFIED.,
  .F.,.F.,(2,2),(0.148065051107,1.398331326746),
  .PIECEWISE_BEZIER_KNOTS.);
#13797 = CARTESIAN_POINT('',(1.250266275639,-5.E-02));
#13798 = CARTESIAN_POINT('',(0.,-5.E-02));
#13799 = ( GEOMETRIC_REPRESENTATION_CONTEXT(2) 
PARAMETRIC_REPRESENTATION_CONTEXT() REPRESENTATION_CONTEXT('2D SPACE',''
  ) );
#13800 = PCURVE('',#13729,#13801);
#13801 = DEFINITIONAL_REPRESENTATION('',(#13802),#13805);
#13802 = B_SPLINE_CURVE_WITH_KNOTS('',1,(#13803,#13804),.UNSPECIFIED.,
  .F.,.F.,(2,2),(0.148065051107,1.398331326746),
  .PIECEWISE_BEZIER_KNOTS.);
#13803 = CARTESIAN_POINT('',(1.599372863406,0.970195059666));
#13804 = CARTESIAN_POINT('',(2.847925163222,0.904751078854));
#13805 = ( GEOMETRIC_REPRESENTATION_CONTEXT(2) 
PARAMETRIC_REPRESENTATION_CONTEXT() REPRESENTATION_CONTEXT('2D SPACE',''
  ) );
#13806 = ORIENTED_EDGE('',*,*,#13807,.T.);
#13807 = EDGE_CURVE('',#13787,#7940,#13808,.T.);
#13808 = SURFACE_CURVE('',#13809,(#13813,#13820),.PCURVE_S1.);
#13809 = LINE('',#13810,#13811);
#13810 = CARTESIAN_POINT('',(2.847925163222,0.904751078854,12.2704));
#13811 = VECTOR('',#13812,1.);
#13812 = DIRECTION('',(0.,0.,1.));
#13813 = PCURVE('',#7981,#13814);
#13814 = DEFINITIONAL_REPRESENTATION('',(#13815),#13819);
#13815 = LINE('',#13816,#13817);
#13816 = CARTESIAN_POINT('',(0.,0.));
#13817 = VECTOR('',#13818,1.);
#13818 = DIRECTION('',(0.,-1.));
#13819 = ( GEOMETRIC_REPRESENTATION_CONTEXT(2) 
PARAMETRIC_REPRESENTATION_CONTEXT() REPRESENTATION_CONTEXT('2D SPACE',''
  ) );
#13820 = PCURVE('',#7955,#13821);
#13821 = DEFINITIONAL_REPRESENTATION('',(#13822),#13826);
#13822 = LINE('',#13823,#13824);
#13823 = CARTESIAN_POINT('',(0.363247711624,0.));
#13824 = VECTOR('',#13825,1.);
#13825 = DIRECTION('',(0.,-1.));
#13826 = ( GEOMETRIC_REPRESENTATION_CONTEXT(2) 
PARAMETRIC_REPRESENTATION_CONTEXT() REPRESENTATION_CONTEXT('2D SPACE',''
  ) );
#13827 = ORIENTED_EDGE('',*,*,#7967,.T.);
#13828 = ORIENTED_EDGE('',*,*,#13740,.F.);
#13829 = ADVANCED_FACE('',(#13830),#7899,.F.);
#13830 = FACE_BOUND('',#13831,.F.);
#13831 = EDGE_LOOP('',(#13832,#13853,#13854,#13855));
#13832 = ORIENTED_EDGE('',*,*,#13833,.T.);
#13833 = EDGE_CURVE('',#13834,#13713,#13836,.T.);
#13834 = VERTEX_POINT('',#13835);
#13835 = CARTESIAN_POINT('',(2.49092263276,1.650804557664,12.3204));
#13836 = SURFACE_CURVE('',#13837,(#13841,#13847),.PCURVE_S1.);
#13837 = LINE('',#13838,#13839);
#13838 = CARTESIAN_POINT('',(2.275793863167,1.926090702678,12.3204));
#13839 = VECTOR('',#13840,1.);
#13840 = DIRECTION('',(-0.615753291299,0.787939010491,0.));
#13841 = PCURVE('',#7899,#13842);
#13842 = DEFINITIONAL_REPRESENTATION('',(#13843),#13846);
#13843 = B_SPLINE_CURVE_WITH_KNOTS('',1,(#13844,#13845),.UNSPECIFIED.,
  .F.,.F.,(2,2),(-0.349374940635,0.116314440821),
  .PIECEWISE_BEZIER_KNOTS.);
#13844 = CARTESIAN_POINT('',(0.465689381455,-5.E-02));
#13845 = CARTESIAN_POINT('',(0.,-5.E-02));
#13846 = ( GEOMETRIC_REPRESENTATION_CONTEXT(2) 
PARAMETRIC_REPRESENTATION_CONTEXT() REPRESENTATION_CONTEXT('2D SPACE',''
  ) );
#13847 = PCURVE('',#13729,#13848);
#13848 = DEFINITIONAL_REPRESENTATION('',(#13849),#13852);
#13849 = B_SPLINE_CURVE_WITH_KNOTS('',1,(#13850,#13851),.UNSPECIFIED.,
  .F.,.F.,(2,2),(-0.349374940635,0.116314440821),
  .PIECEWISE_BEZIER_KNOTS.);
#13850 = CARTESIAN_POINT('',(2.49092263276,1.650804557664));
#13851 = CARTESIAN_POINT('',(2.204172863406,2.017739388084));
#13852 = ( GEOMETRIC_REPRESENTATION_CONTEXT(2) 
PARAMETRIC_REPRESENTATION_CONTEXT() REPRESENTATION_CONTEXT('2D SPACE',''
  ) );
#13853 = ORIENTED_EDGE('',*,*,#13762,.T.);
#13854 = ORIENTED_EDGE('',*,*,#7883,.T.);
#13855 = ORIENTED_EDGE('',*,*,#13856,.F.);
#13856 = EDGE_CURVE('',#13834,#7884,#13857,.T.);
#13857 = SURFACE_CURVE('',#13858,(#13862,#13869),.PCURVE_S1.);
#13858 = LINE('',#13859,#13860);
#13859 = CARTESIAN_POINT('',(2.49092263276,1.650804557664,12.2704));
#13860 = VECTOR('',#13861,1.);
#13861 = DIRECTION('',(0.,0.,1.));
#13862 = PCURVE('',#7899,#13863);
#13863 = DEFINITIONAL_REPRESENTATION('',(#13864),#13868);
#13864 = LINE('',#13865,#13866);
#13865 = CARTESIAN_POINT('',(0.465689381455,0.));
#13866 = VECTOR('',#13867,1.);
#13867 = DIRECTION('',(0.,-1.));
#13868 = ( GEOMETRIC_REPRESENTATION_CONTEXT(2) 
PARAMETRIC_REPRESENTATION_CONTEXT() REPRESENTATION_CONTEXT('2D SPACE',''
  ) );
#13869 = PCURVE('',#7927,#13870);
#13870 = DEFINITIONAL_REPRESENTATION('',(#13871),#13875);
#13871 = LINE('',#13872,#13873);
#13872 = CARTESIAN_POINT('',(0.,0.));
#13873 = VECTOR('',#13874,1.);
#13874 = DIRECTION('',(0.,-1.));
#13875 = ( GEOMETRIC_REPRESENTATION_CONTEXT(2) 
PARAMETRIC_REPRESENTATION_CONTEXT() REPRESENTATION_CONTEXT('2D SPACE',''
  ) );
#13876 = ADVANCED_FACE('',(#13877),#7955,.F.);
#13877 = FACE_BOUND('',#13878,.F.);
#13878 = EDGE_LOOP('',(#13879,#13900,#13921,#13922));
#13879 = ORIENTED_EDGE('',*,*,#13880,.T.);
#13880 = EDGE_CURVE('',#13787,#13881,#13883,.T.);
#13881 = VERTEX_POINT('',#13882);
#13882 = CARTESIAN_POINT('',(2.717149781572,1.243641473457,12.3204));
#13883 = SURFACE_CURVE('',#13884,(#13888,#13894),.PCURVE_S1.);
#13884 = LINE('',#13885,#13886);
#13885 = CARTESIAN_POINT('',(2.749916671516,1.158729587726,12.3204));
#13886 = VECTOR('',#13887,1.);
#13887 = DIRECTION('',(-0.360017083288,0.932945711036,0.));
#13888 = PCURVE('',#7955,#13889);
#13889 = DEFINITIONAL_REPRESENTATION('',(#13890),#13893);
#13890 = B_SPLINE_CURVE_WITH_KNOTS('',1,(#13891,#13892),.UNSPECIFIED.,
  .F.,.F.,(2,2),(-0.272232891869,9.101481975537E-02),
  .PIECEWISE_BEZIER_KNOTS.);
#13891 = CARTESIAN_POINT('',(0.363247711624,-5.E-02));
#13892 = CARTESIAN_POINT('',(0.,-5.E-02));
#13893 = ( GEOMETRIC_REPRESENTATION_CONTEXT(2) 
PARAMETRIC_REPRESENTATION_CONTEXT() REPRESENTATION_CONTEXT('2D SPACE',''
  ) );
#13894 = PCURVE('',#13729,#13895);
#13895 = DEFINITIONAL_REPRESENTATION('',(#13896),#13899);
#13896 = B_SPLINE_CURVE_WITH_KNOTS('',1,(#13897,#13898),.UNSPECIFIED.,
  .F.,.F.,(2,2),(-0.272232891869,9.101481975537E-02),
  .PIECEWISE_BEZIER_KNOTS.);
#13897 = CARTESIAN_POINT('',(2.847925163222,0.904751078854));
#13898 = CARTESIAN_POINT('',(2.717149781572,1.243641473457));
#13899 = ( GEOMETRIC_REPRESENTATION_CONTEXT(2) 
PARAMETRIC_REPRESENTATION_CONTEXT() REPRESENTATION_CONTEXT('2D SPACE',''
  ) );
#13900 = ORIENTED_EDGE('',*,*,#13901,.T.);
#13901 = EDGE_CURVE('',#13881,#7912,#13902,.T.);
#13902 = SURFACE_CURVE('',#13903,(#13907,#13914),.PCURVE_S1.);
#13903 = LINE('',#13904,#13905);
#13904 = CARTESIAN_POINT('',(2.717149781572,1.243641473457,12.2704));
#13905 = VECTOR('',#13906,1.);
#13906 = DIRECTION('',(0.,0.,1.));
#13907 = PCURVE('',#7955,#13908);
#13908 = DEFINITIONAL_REPRESENTATION('',(#13909),#13913);
#13909 = LINE('',#13910,#13911);
#13910 = CARTESIAN_POINT('',(0.,0.));
#13911 = VECTOR('',#13912,1.);
#13912 = DIRECTION('',(0.,-1.));
#13913 = ( GEOMETRIC_REPRESENTATION_CONTEXT(2) 
PARAMETRIC_REPRESENTATION_CONTEXT() REPRESENTATION_CONTEXT('2D SPACE',''
  ) );
#13914 = PCURVE('',#7927,#13915);
#13915 = DEFINITIONAL_REPRESENTATION('',(#13916),#13920);
#13916 = LINE('',#13917,#13918);
#13917 = CARTESIAN_POINT('',(0.465790188819,0.));
#13918 = VECTOR('',#13919,1.);
#13919 = DIRECTION('',(0.,-1.));
#13920 = ( GEOMETRIC_REPRESENTATION_CONTEXT(2) 
PARAMETRIC_REPRESENTATION_CONTEXT() REPRESENTATION_CONTEXT('2D SPACE',''
  ) );
#13921 = ORIENTED_EDGE('',*,*,#7939,.T.);
#13922 = ORIENTED_EDGE('',*,*,#13807,.F.);
#13923 = ADVANCED_FACE('',(#13924),#7927,.F.);
#13924 = FACE_BOUND('',#13925,.F.);
#13925 = EDGE_LOOP('',(#13926,#13945,#13946,#13947));
#13926 = ORIENTED_EDGE('',*,*,#13927,.T.);
#13927 = EDGE_CURVE('',#13881,#13834,#13928,.T.);
#13928 = SURFACE_CURVE('',#13929,(#13933,#13939),.PCURVE_S1.);
#13929 = LINE('',#13930,#13931);
#13930 = CARTESIAN_POINT('',(2.547558718152,1.548871065921,12.3204));
#13931 = VECTOR('',#13932,1.);
#13932 = DIRECTION('',(-0.485684658549,0.874134092946,0.));
#13933 = PCURVE('',#7927,#13934);
#13934 = DEFINITIONAL_REPRESENTATION('',(#13935),#13938);
#13935 = B_SPLINE_CURVE_WITH_KNOTS('',1,(#13936,#13937),.UNSPECIFIED.,
  .F.,.F.,(2,2),(-0.349179370678,0.116610818141),
  .PIECEWISE_BEZIER_KNOTS.);
#13936 = CARTESIAN_POINT('',(0.465790188819,-5.E-02));
#13937 = CARTESIAN_POINT('',(0.,-5.E-02));
#13938 = ( GEOMETRIC_REPRESENTATION_CONTEXT(2) 
PARAMETRIC_REPRESENTATION_CONTEXT() REPRESENTATION_CONTEXT('2D SPACE',''
  ) );
#13939 = PCURVE('',#13729,#13940);
#13940 = DEFINITIONAL_REPRESENTATION('',(#13941),#13944);
#13941 = B_SPLINE_CURVE_WITH_KNOTS('',1,(#13942,#13943),.UNSPECIFIED.,
  .F.,.F.,(2,2),(-0.349179370678,0.116610818141),
  .PIECEWISE_BEZIER_KNOTS.);
#13942 = CARTESIAN_POINT('',(2.717149781572,1.243641473457));
#13943 = CARTESIAN_POINT('',(2.49092263276,1.650804557664));
#13944 = ( GEOMETRIC_REPRESENTATION_CONTEXT(2) 
PARAMETRIC_REPRESENTATION_CONTEXT() REPRESENTATION_CONTEXT('2D SPACE',''
  ) );
#13945 = ORIENTED_EDGE('',*,*,#13856,.T.);
#13946 = ORIENTED_EDGE('',*,*,#7911,.T.);
#13947 = ORIENTED_EDGE('',*,*,#13901,.F.);
#13948 = ADVANCED_FACE('',(#13949),#9344,.F.);
#13949 = FACE_BOUND('',#13950,.F.);
#13950 = EDGE_LOOP('',(#13951,#13980,#14001,#14002));
#13951 = ORIENTED_EDGE('',*,*,#13952,.F.);
#13952 = EDGE_CURVE('',#13953,#13953,#13955,.T.);
#13953 = VERTEX_POINT('',#13954);
#13954 = CARTESIAN_POINT('',(-10.4,1.20627709716E-15,11.1704));
#13955 = SURFACE_CURVE('',#13956,(#13961,#13968),.PCURVE_S1.);
#13956 = CIRCLE('',#13957,0.55);
#13957 = AXIS2_PLACEMENT_3D('',#13958,#13959,#13960);
#13958 = CARTESIAN_POINT('',(-10.95,1.340988245066E-15,11.1704));
#13959 = DIRECTION('',(0.,0.,1.));
#13960 = DIRECTION('',(1.,0.,-0.));
#13961 = PCURVE('',#9344,#13962);
#13962 = DEFINITIONAL_REPRESENTATION('',(#13963),#13967);
#13963 = LINE('',#13964,#13965);
#13964 = CARTESIAN_POINT('',(0.,0.65));
#13965 = VECTOR('',#13966,1.);
#13966 = DIRECTION('',(1.,0.));
#13967 = ( GEOMETRIC_REPRESENTATION_CONTEXT(2) 
PARAMETRIC_REPRESENTATION_CONTEXT() REPRESENTATION_CONTEXT('2D SPACE',''
  ) );
#13968 = PCURVE('',#13969,#13974);
#13969 = PLANE('',#13970);
#13970 = AXIS2_PLACEMENT_3D('',#13971,#13972,#13973);
#13971 = CARTESIAN_POINT('',(0.,0.,11.1704));
#13972 = DIRECTION('',(0.,0.,1.));
#13973 = DIRECTION('',(1.,0.,-0.));
#13974 = DEFINITIONAL_REPRESENTATION('',(#13975),#13979);
#13975 = CIRCLE('',#13976,0.55);
#13976 = AXIS2_PLACEMENT_2D('',#13977,#13978);
#13977 = CARTESIAN_POINT('',(-10.95,1.340988245066E-15));
#13978 = DIRECTION('',(1.,0.));
#13979 = ( GEOMETRIC_REPRESENTATION_CONTEXT(2) 
PARAMETRIC_REPRESENTATION_CONTEXT() REPRESENTATION_CONTEXT('2D SPACE',''
  ) );
#13980 = ORIENTED_EDGE('',*,*,#13981,.F.);
#13981 = EDGE_CURVE('',#9328,#13953,#13982,.T.);
#13982 = SEAM_CURVE('',#13983,(#13987,#13994),.PCURVE_S1.);
#13983 = LINE('',#13984,#13985);
#13984 = CARTESIAN_POINT('',(-10.4,1.20627709716E-15,10.5204));
#13985 = VECTOR('',#13986,1.);
#13986 = DIRECTION('',(0.,0.,1.));
#13987 = PCURVE('',#9344,#13988);
#13988 = DEFINITIONAL_REPRESENTATION('',(#13989),#13993);
#13989 = LINE('',#13990,#13991);
#13990 = CARTESIAN_POINT('',(6.28318530718,-0.));
#13991 = VECTOR('',#13992,1.);
#13992 = DIRECTION('',(0.,1.));
#13993 = ( GEOMETRIC_REPRESENTATION_CONTEXT(2) 
PARAMETRIC_REPRESENTATION_CONTEXT() REPRESENTATION_CONTEXT('2D SPACE',''
  ) );
#13994 = PCURVE('',#9344,#13995);
#13995 = DEFINITIONAL_REPRESENTATION('',(#13996),#14000);
#13996 = LINE('',#13997,#13998);
#13997 = CARTESIAN_POINT('',(0.,-0.));
#13998 = VECTOR('',#13999,1.);
#13999 = DIRECTION('',(0.,1.));
#14000 = ( GEOMETRIC_REPRESENTATION_CONTEXT(2) 
PARAMETRIC_REPRESENTATION_CONTEXT() REPRESENTATION_CONTEXT('2D SPACE',''
  ) );
#14001 = ORIENTED_EDGE('',*,*,#9327,.T.);
#14002 = ORIENTED_EDGE('',*,*,#13981,.T.);
#14003 = ADVANCED_FACE('',(#14004),#9375,.F.);
#14004 = FACE_BOUND('',#14005,.F.);
#14005 = EDGE_LOOP('',(#14006,#14035,#14056,#14057));
#14006 = ORIENTED_EDGE('',*,*,#14007,.F.);
#14007 = EDGE_CURVE('',#14008,#14008,#14010,.T.);
#14008 = VERTEX_POINT('',#14009);
#14009 = CARTESIAN_POINT('',(11.5,-1.347111479062E-16,11.1704));
#14010 = SURFACE_CURVE('',#14011,(#14016,#14023),.PCURVE_S1.);
#14011 = CIRCLE('',#14012,0.55);
#14012 = AXIS2_PLACEMENT_3D('',#14013,#14014,#14015);
#14013 = CARTESIAN_POINT('',(10.95,0.,11.1704));
#14014 = DIRECTION('',(0.,0.,1.));
#14015 = DIRECTION('',(1.,0.,-0.));
#14016 = PCURVE('',#9375,#14017);
#14017 = DEFINITIONAL_REPRESENTATION('',(#14018),#14022);
#14018 = LINE('',#14019,#14020);
#14019 = CARTESIAN_POINT('',(0.,0.65));
#14020 = VECTOR('',#14021,1.);
#14021 = DIRECTION('',(1.,0.));
#14022 = ( GEOMETRIC_REPRESENTATION_CONTEXT(2) 
PARAMETRIC_REPRESENTATION_CONTEXT() REPRESENTATION_CONTEXT('2D SPACE',''
  ) );
#14023 = PCURVE('',#14024,#14029);
#14024 = PLANE('',#14025);
#14025 = AXIS2_PLACEMENT_3D('',#14026,#14027,#14028);
#14026 = CARTESIAN_POINT('',(0.,0.,11.1704));
#14027 = DIRECTION('',(0.,0.,1.));
#14028 = DIRECTION('',(1.,0.,-0.));
#14029 = DEFINITIONAL_REPRESENTATION('',(#14030),#14034);
#14030 = CIRCLE('',#14031,0.55);
#14031 = AXIS2_PLACEMENT_2D('',#14032,#14033);
#14032 = CARTESIAN_POINT('',(10.95,0.));
#14033 = DIRECTION('',(1.,0.));
#14034 = ( GEOMETRIC_REPRESENTATION_CONTEXT(2) 
PARAMETRIC_REPRESENTATION_CONTEXT() REPRESENTATION_CONTEXT('2D SPACE',''
  ) );
#14035 = ORIENTED_EDGE('',*,*,#14036,.F.);
#14036 = EDGE_CURVE('',#9359,#14008,#14037,.T.);
#14037 = SEAM_CURVE('',#14038,(#14042,#14049),.PCURVE_S1.);
#14038 = LINE('',#14039,#14040);
#14039 = CARTESIAN_POINT('',(11.5,-1.347111479062E-16,10.5204));
#14040 = VECTOR('',#14041,1.);
#14041 = DIRECTION('',(0.,0.,1.));
#14042 = PCURVE('',#9375,#14043);
#14043 = DEFINITIONAL_REPRESENTATION('',(#14044),#14048);
#14044 = LINE('',#14045,#14046);
#14045 = CARTESIAN_POINT('',(6.28318530718,-0.));
#14046 = VECTOR('',#14047,1.);
#14047 = DIRECTION('',(0.,1.));
#14048 = ( GEOMETRIC_REPRESENTATION_CONTEXT(2) 
PARAMETRIC_REPRESENTATION_CONTEXT() REPRESENTATION_CONTEXT('2D SPACE',''
  ) );
#14049 = PCURVE('',#9375,#14050);
#14050 = DEFINITIONAL_REPRESENTATION('',(#14051),#14055);
#14051 = LINE('',#14052,#14053);
#14052 = CARTESIAN_POINT('',(0.,-0.));
#14053 = VECTOR('',#14054,1.);
#14054 = DIRECTION('',(0.,1.));
#14055 = ( GEOMETRIC_REPRESENTATION_CONTEXT(2) 
PARAMETRIC_REPRESENTATION_CONTEXT() REPRESENTATION_CONTEXT('2D SPACE',''
  ) );
#14056 = ORIENTED_EDGE('',*,*,#9358,.T.);
#14057 = ORIENTED_EDGE('',*,*,#14036,.T.);
#14058 = ADVANCED_FACE('',(#14059),#9406,.T.);
#14059 = FACE_BOUND('',#14060,.T.);
#14060 = EDGE_LOOP('',(#14061,#14084,#14112,#14133));
#14061 = ORIENTED_EDGE('',*,*,#14062,.T.);
#14062 = EDGE_CURVE('',#9390,#14063,#14065,.T.);
#14063 = VERTEX_POINT('',#14064);
#14064 = CARTESIAN_POINT('',(3.585770366866,-8.350833530066,11.9204));
#14065 = SURFACE_CURVE('',#14066,(#14070,#14077),.PCURVE_S1.);
#14066 = LINE('',#14067,#14068);
#14067 = CARTESIAN_POINT('',(3.585770366866,-8.350833530066,10.5204));
#14068 = VECTOR('',#14069,1.);
#14069 = DIRECTION('',(0.,0.,1.));
#14070 = PCURVE('',#9406,#14071);
#14071 = DEFINITIONAL_REPRESENTATION('',(#14072),#14076);
#14072 = LINE('',#14073,#14074);
#14073 = CARTESIAN_POINT('',(3.432458691026,-0.75));
#14074 = VECTOR('',#14075,1.);
#14075 = DIRECTION('',(0.,1.));
#14076 = ( GEOMETRIC_REPRESENTATION_CONTEXT(2) 
PARAMETRIC_REPRESENTATION_CONTEXT() REPRESENTATION_CONTEXT('2D SPACE',''
  ) );
#14077 = PCURVE('',#9433,#14078);
#14078 = DEFINITIONAL_REPRESENTATION('',(#14079),#14083);
#14079 = LINE('',#14080,#14081);
#14080 = CARTESIAN_POINT('',(1.706724468128,0.75));
#14081 = VECTOR('',#14082,1.);
#14082 = DIRECTION('',(0.,-1.));
#14083 = ( GEOMETRIC_REPRESENTATION_CONTEXT(2) 
PARAMETRIC_REPRESENTATION_CONTEXT() REPRESENTATION_CONTEXT('2D SPACE',''
  ) );
#14084 = ORIENTED_EDGE('',*,*,#14085,.T.);
#14085 = EDGE_CURVE('',#14063,#14086,#14088,.T.);
#14086 = VERTEX_POINT('',#14087);
#14087 = CARTESIAN_POINT('',(8.44,-3.496603896932,11.9204));
#14088 = SURFACE_CURVE('',#14089,(#14093,#14100),.PCURVE_S1.);
#14089 = LINE('',#14090,#14091);
#14090 = CARTESIAN_POINT('',(7.204150974233,-4.732452922699,11.9204));
#14091 = VECTOR('',#14092,1.);
#14092 = DIRECTION('',(0.707106781187,0.707106781187,-0.));
#14093 = PCURVE('',#9406,#14094);
#14094 = DEFINITIONAL_REPRESENTATION('',(#14095),#14099);
#14095 = LINE('',#14096,#14097);
#14096 = CARTESIAN_POINT('',(-1.684704237741,0.65));
#14097 = VECTOR('',#14098,1.);
#14098 = DIRECTION('',(-1.,0.));
#14099 = ( GEOMETRIC_REPRESENTATION_CONTEXT(2) 
PARAMETRIC_REPRESENTATION_CONTEXT() REPRESENTATION_CONTEXT('2D SPACE',''
  ) );
#14100 = PCURVE('',#14101,#14106);
#14101 = PLANE('',#14102);
#14102 = AXIS2_PLACEMENT_3D('',#14103,#14104,#14105);
#14103 = CARTESIAN_POINT('',(0.,0.,11.9204));
#14104 = DIRECTION('',(0.,0.,1.));
#14105 = DIRECTION('',(1.,0.,-0.));
#14106 = DEFINITIONAL_REPRESENTATION('',(#14107),#14111);
#14107 = LINE('',#14108,#14109);
#14108 = CARTESIAN_POINT('',(7.204150974233,-4.732452922699));
#14109 = VECTOR('',#14110,1.);
#14110 = DIRECTION('',(0.707106781187,0.707106781187));
#14111 = ( GEOMETRIC_REPRESENTATION_CONTEXT(2) 
PARAMETRIC_REPRESENTATION_CONTEXT() REPRESENTATION_CONTEXT('2D SPACE',''
  ) );
#14112 = ORIENTED_EDGE('',*,*,#14113,.F.);
#14113 = EDGE_CURVE('',#9392,#14086,#14114,.T.);
#14114 = SURFACE_CURVE('',#14115,(#14119,#14126),.PCURVE_S1.);
#14115 = LINE('',#14116,#14117);
#14116 = CARTESIAN_POINT('',(8.44,-3.496603896932,11.1204));
#14117 = VECTOR('',#14118,1.);
#14118 = DIRECTION('',(0.,0.,1.));
#14119 = PCURVE('',#9406,#14120);
#14120 = DEFINITIONAL_REPRESENTATION('',(#14121),#14125);
#14121 = LINE('',#14122,#14123);
#14122 = CARTESIAN_POINT('',(-3.432458691026,-0.15));
#14123 = VECTOR('',#14124,1.);
#14124 = DIRECTION('',(0.,1.));
#14125 = ( GEOMETRIC_REPRESENTATION_CONTEXT(2) 
PARAMETRIC_REPRESENTATION_CONTEXT() REPRESENTATION_CONTEXT('2D SPACE',''
  ) );
#14126 = PCURVE('',#9728,#14127);
#14127 = DEFINITIONAL_REPRESENTATION('',(#14128),#14132);
#14128 = LINE('',#14129,#14130);
#14129 = CARTESIAN_POINT('',(0.15,3.623603896932));
#14130 = VECTOR('',#14131,1.);
#14131 = DIRECTION('',(-1.,0.));
#14132 = ( GEOMETRIC_REPRESENTATION_CONTEXT(2) 
PARAMETRIC_REPRESENTATION_CONTEXT() REPRESENTATION_CONTEXT('2D SPACE',''
  ) );
#14133 = ORIENTED_EDGE('',*,*,#9389,.F.);
#14134 = ADVANCED_FACE('',(#14135),#9728,.T.);
#14135 = FACE_BOUND('',#14136,.T.);
#14136 = EDGE_LOOP('',(#14137,#14138,#14161,#14182));
#14137 = ORIENTED_EDGE('',*,*,#14113,.T.);
#14138 = ORIENTED_EDGE('',*,*,#14139,.T.);
#14139 = EDGE_CURVE('',#14086,#14140,#14142,.T.);
#14140 = VERTEX_POINT('',#14141);
#14141 = CARTESIAN_POINT('',(8.44,3.750603896932,11.9204));
#14142 = SURFACE_CURVE('',#14143,(#14147,#14154),.PCURVE_S1.);
#14143 = LINE('',#14144,#14145);
#14144 = CARTESIAN_POINT('',(8.44,1.875301948466,11.9204));
#14145 = VECTOR('',#14146,1.);
#14146 = DIRECTION('',(-0.,1.,0.));
#14147 = PCURVE('',#9728,#14148);
#14148 = DEFINITIONAL_REPRESENTATION('',(#14149),#14153);
#14149 = LINE('',#14150,#14151);
#14150 = CARTESIAN_POINT('',(-0.65,-1.748301948466));
#14151 = VECTOR('',#14152,1.);
#14152 = DIRECTION('',(0.,-1.));
#14153 = ( GEOMETRIC_REPRESENTATION_CONTEXT(2) 
PARAMETRIC_REPRESENTATION_CONTEXT() REPRESENTATION_CONTEXT('2D SPACE',''
  ) );
#14154 = PCURVE('',#14101,#14155);
#14155 = DEFINITIONAL_REPRESENTATION('',(#14156),#14160);
#14156 = LINE('',#14157,#14158);
#14157 = CARTESIAN_POINT('',(8.44,1.875301948466));
#14158 = VECTOR('',#14159,1.);
#14159 = DIRECTION('',(0.,1.));
#14160 = ( GEOMETRIC_REPRESENTATION_CONTEXT(2) 
PARAMETRIC_REPRESENTATION_CONTEXT() REPRESENTATION_CONTEXT('2D SPACE',''
  ) );
#14161 = ORIENTED_EDGE('',*,*,#14162,.F.);
#14162 = EDGE_CURVE('',#9689,#14140,#14163,.T.);
#14163 = SURFACE_CURVE('',#14164,(#14168,#14175),.PCURVE_S1.);
#14164 = LINE('',#14165,#14166);
#14165 = CARTESIAN_POINT('',(8.44,3.750603896932,11.1204));
#14166 = VECTOR('',#14167,1.);
#14167 = DIRECTION('',(0.,0.,1.));
#14168 = PCURVE('',#9728,#14169);
#14169 = DEFINITIONAL_REPRESENTATION('',(#14170),#14174);
#14170 = LINE('',#14171,#14172);
#14171 = CARTESIAN_POINT('',(0.15,-3.623603896932));
#14172 = VECTOR('',#14173,1.);
#14173 = DIRECTION('',(-1.,0.));
#14174 = ( GEOMETRIC_REPRESENTATION_CONTEXT(2) 
PARAMETRIC_REPRESENTATION_CONTEXT() REPRESENTATION_CONTEXT('2D SPACE',''
  ) );
#14175 = PCURVE('',#9703,#14176);
#14176 = DEFINITIONAL_REPRESENTATION('',(#14177),#14181);
#14177 = LINE('',#14178,#14179);
#14178 = CARTESIAN_POINT('',(3.421705153112,-0.15));
#14179 = VECTOR('',#14180,1.);
#14180 = DIRECTION('',(0.,1.));
#14181 = ( GEOMETRIC_REPRESENTATION_CONTEXT(2) 
PARAMETRIC_REPRESENTATION_CONTEXT() REPRESENTATION_CONTEXT('2D SPACE',''
  ) );
#14182 = ORIENTED_EDGE('',*,*,#9715,.F.);
#14183 = ADVANCED_FACE('',(#14184),#9703,.T.);
#14184 = FACE_BOUND('',#14185,.T.);
#14185 = EDGE_LOOP('',(#14186,#14187,#14210,#14231));
#14186 = ORIENTED_EDGE('',*,*,#14162,.T.);
#14187 = ORIENTED_EDGE('',*,*,#14188,.T.);
#14188 = EDGE_CURVE('',#14140,#14189,#14191,.T.);
#14189 = VERTEX_POINT('',#14190);
#14190 = CARTESIAN_POINT('',(3.600978166027,8.589625730905,11.9204));
#14191 = SURFACE_CURVE('',#14192,(#14196,#14203),.PCURVE_S1.);
#14192 = LINE('',#14193,#14194);
#14193 = CARTESIAN_POINT('',(4.848140057247,7.342463839685,11.9204));
#14194 = VECTOR('',#14195,1.);
#14195 = DIRECTION('',(-0.707106781187,0.707106781187,0.));
#14196 = PCURVE('',#9703,#14197);
#14197 = DEFINITIONAL_REPRESENTATION('',(#14198),#14202);
#14198 = LINE('',#14199,#14200);
#14199 = CARTESIAN_POINT('',(-1.657951892075,0.65));
#14200 = VECTOR('',#14201,1.);
#14201 = DIRECTION('',(-1.,0.));
#14202 = ( GEOMETRIC_REPRESENTATION_CONTEXT(2) 
PARAMETRIC_REPRESENTATION_CONTEXT() REPRESENTATION_CONTEXT('2D SPACE',''
  ) );
#14203 = PCURVE('',#14101,#14204);
#14204 = DEFINITIONAL_REPRESENTATION('',(#14205),#14209);
#14205 = LINE('',#14206,#14207);
#14206 = CARTESIAN_POINT('',(4.848140057247,7.342463839685));
#14207 = VECTOR('',#14208,1.);
#14208 = DIRECTION('',(-0.707106781187,0.707106781187));
#14209 = ( GEOMETRIC_REPRESENTATION_CONTEXT(2) 
PARAMETRIC_REPRESENTATION_CONTEXT() REPRESENTATION_CONTEXT('2D SPACE',''
  ) );
#14210 = ORIENTED_EDGE('',*,*,#14211,.F.);
#14211 = EDGE_CURVE('',#9662,#14189,#14212,.T.);
#14212 = SURFACE_CURVE('',#14213,(#14217,#14224),.PCURVE_S1.);
#14213 = LINE('',#14214,#14215);
#14214 = CARTESIAN_POINT('',(3.600978166027,8.589625730905,11.1204));
#14215 = VECTOR('',#14216,1.);
#14216 = DIRECTION('',(0.,0.,1.));
#14217 = PCURVE('',#9703,#14218);
#14218 = DEFINITIONAL_REPRESENTATION('',(#14219),#14223);
#14219 = LINE('',#14220,#14221);
#14220 = CARTESIAN_POINT('',(-3.421705153112,-0.15));
#14221 = VECTOR('',#14222,1.);
#14222 = DIRECTION('',(0.,1.));
#14223 = ( GEOMETRIC_REPRESENTATION_CONTEXT(2) 
PARAMETRIC_REPRESENTATION_CONTEXT() REPRESENTATION_CONTEXT('2D SPACE',''
  ) );
#14224 = PCURVE('',#9676,#14225);
#14225 = DEFINITIONAL_REPRESENTATION('',(#14226),#14230);
#14226 = LINE('',#14227,#14228);
#14227 = CARTESIAN_POINT('',(-1.912419806047,0.178062849415));
#14228 = VECTOR('',#14229,1.);
#14229 = DIRECTION('',(0.,-1.));
#14230 = ( GEOMETRIC_REPRESENTATION_CONTEXT(2) 
PARAMETRIC_REPRESENTATION_CONTEXT() REPRESENTATION_CONTEXT('2D SPACE',''
  ) );
#14231 = ORIENTED_EDGE('',*,*,#9688,.F.);
#14232 = ADVANCED_FACE('',(#14233),#9676,.T.);
#14233 = FACE_BOUND('',#14234,.T.);
#14234 = EDGE_LOOP('',(#14235,#14236,#14237,#14260,#14283,#14309));
#14235 = ORIENTED_EDGE('',*,*,#9661,.F.);
#14236 = ORIENTED_EDGE('',*,*,#14211,.T.);
#14237 = ORIENTED_EDGE('',*,*,#14238,.T.);
#14238 = EDGE_CURVE('',#14189,#14239,#14241,.T.);
#14239 = VERTEX_POINT('',#14240);
#14240 = CARTESIAN_POINT('',(-0.250017852295,9.071000233195,11.9204));
#14241 = SURFACE_CURVE('',#14242,(#14246,#14253),.PCURVE_S1.);
#14242 = LINE('',#14243,#14244);
#14243 = CARTESIAN_POINT('',(0.43128325857,8.985837594337,11.9204));
#14244 = VECTOR('',#14245,1.);
#14245 = DIRECTION('',(-0.992277876714,0.124034734589,0.));
#14246 = PCURVE('',#9676,#14247);
#14247 = DEFINITIONAL_REPRESENTATION('',(#14248),#14252);
#14248 = LINE('',#14249,#14250);
#14249 = CARTESIAN_POINT('',(1.281942359877,-0.621937150585));
#14250 = VECTOR('',#14251,1.);
#14251 = DIRECTION('',(1.,-4.06799065285E-32));
#14252 = ( GEOMETRIC_REPRESENTATION_CONTEXT(2) 
PARAMETRIC_REPRESENTATION_CONTEXT() REPRESENTATION_CONTEXT('2D SPACE',''
  ) );
#14253 = PCURVE('',#14101,#14254);
#14254 = DEFINITIONAL_REPRESENTATION('',(#14255),#14259);
#14255 = LINE('',#14256,#14257);
#14256 = CARTESIAN_POINT('',(0.43128325857,8.985837594337));
#14257 = VECTOR('',#14258,1.);
#14258 = DIRECTION('',(-0.992277876714,0.124034734589));
#14259 = ( GEOMETRIC_REPRESENTATION_CONTEXT(2) 
PARAMETRIC_REPRESENTATION_CONTEXT() REPRESENTATION_CONTEXT('2D SPACE',''
  ) );
#14260 = ORIENTED_EDGE('',*,*,#14261,.F.);
#14261 = EDGE_CURVE('',#14262,#14239,#14264,.T.);
#14262 = VERTEX_POINT('',#14263);
#14263 = CARTESIAN_POINT('',(-0.250017852295,9.071000233195,11.5204));
#14264 = SURFACE_CURVE('',#14265,(#14269,#14276),.PCURVE_S1.);
#14265 = LINE('',#14266,#14267);
#14266 = CARTESIAN_POINT('',(-0.250017852295,9.071000233195,11.1204));
#14267 = VECTOR('',#14268,1.);
#14268 = DIRECTION('',(0.,0.,1.));
#14269 = PCURVE('',#9676,#14270);
#14270 = DEFINITIONAL_REPRESENTATION('',(#14271),#14275);
#14271 = LINE('',#14272,#14273);
#14272 = CARTESIAN_POINT('',(1.968545504877,0.178062849415));
#14273 = VECTOR('',#14274,1.);
#14274 = DIRECTION('',(0.,-1.));
#14275 = ( GEOMETRIC_REPRESENTATION_CONTEXT(2) 
PARAMETRIC_REPRESENTATION_CONTEXT() REPRESENTATION_CONTEXT('2D SPACE',''
  ) );
#14276 = PCURVE('',#9568,#14277);
#14277 = DEFINITIONAL_REPRESENTATION('',(#14278),#14282);
#14278 = LINE('',#14279,#14280);
#14279 = CARTESIAN_POINT('',(-1.695392374848,0.154472719459));
#14280 = VECTOR('',#14281,1.);
#14281 = DIRECTION('',(0.,-1.));
#14282 = ( GEOMETRIC_REPRESENTATION_CONTEXT(2) 
PARAMETRIC_REPRESENTATION_CONTEXT() REPRESENTATION_CONTEXT('2D SPACE',''
  ) );
#14283 = ORIENTED_EDGE('',*,*,#14284,.F.);
#14284 = EDGE_CURVE('',#14285,#14262,#14287,.T.);
#14285 = VERTEX_POINT('',#14286);
#14286 = CARTESIAN_POINT('',(0.2746,9.005423001658,11.5204));
#14287 = SURFACE_CURVE('',#14288,(#14292,#14298),.PCURVE_S1.);
#14288 = LINE('',#14289,#14290);
#14289 = CARTESIAN_POINT('',(0.811266104697,8.938339738571,11.5204));
#14290 = VECTOR('',#14291,1.);
#14291 = DIRECTION('',(-0.992277876714,0.124034734589,0.));
#14292 = PCURVE('',#9676,#14293);
#14293 = DEFINITIONAL_REPRESENTATION('',(#14294),#14297);
#14294 = B_SPLINE_CURVE_WITH_KNOTS('',1,(#14295,#14296),.UNSPECIFIED.,
  .F.,.F.,(2,2),(0.540842557606,1.069543100676),
  .PIECEWISE_BEZIER_KNOTS.);
#14295 = CARTESIAN_POINT('',(1.439844961806,-0.221937150585));
#14296 = CARTESIAN_POINT('',(1.968545504877,-0.221937150585));
#14297 = ( GEOMETRIC_REPRESENTATION_CONTEXT(2) 
PARAMETRIC_REPRESENTATION_CONTEXT() REPRESENTATION_CONTEXT('2D SPACE',''
  ) );
#14298 = PCURVE('',#14299,#14304);
#14299 = PLANE('',#14300);
#14300 = AXIS2_PLACEMENT_3D('',#14301,#14302,#14303);
#14301 = CARTESIAN_POINT('',(-0.3254,7.093,11.5204));
#14302 = DIRECTION('',(0.,0.,1.));
#14303 = DIRECTION('',(1.,0.,-0.));
#14304 = DEFINITIONAL_REPRESENTATION('',(#14305),#14308);
#14305 = B_SPLINE_CURVE_WITH_KNOTS('',1,(#14306,#14307),.UNSPECIFIED.,
  .F.,.F.,(2,2),(0.540842557606,1.069543100676),
  .PIECEWISE_BEZIER_KNOTS.);
#14306 = CARTESIAN_POINT('',(0.6,1.912423001658));
#14307 = CARTESIAN_POINT('',(7.538214770502E-02,1.978000233195));
#14308 = ( GEOMETRIC_REPRESENTATION_CONTEXT(2) 
PARAMETRIC_REPRESENTATION_CONTEXT() REPRESENTATION_CONTEXT('2D SPACE',''
  ) );
#14309 = ORIENTED_EDGE('',*,*,#14310,.F.);
#14310 = EDGE_CURVE('',#9635,#14285,#14311,.T.);
#14311 = SURFACE_CURVE('',#14312,(#14316,#14323),.PCURVE_S1.);
#14312 = LINE('',#14313,#14314);
#14313 = CARTESIAN_POINT('',(0.2746,9.005423001658,10.954431424707));
#14314 = VECTOR('',#14315,1.);
#14315 = DIRECTION('',(0.,-4.118035518837E-16,1.));
#14316 = PCURVE('',#9676,#14317);
#14317 = DEFINITIONAL_REPRESENTATION('',(#14318),#14322);
#14318 = LINE('',#14319,#14320);
#14319 = CARTESIAN_POINT('',(1.439844961806,0.344031424707));
#14320 = VECTOR('',#14321,1.);
#14321 = DIRECTION('',(-5.107794426079E-17,-1.));
#14322 = ( GEOMETRIC_REPRESENTATION_CONTEXT(2) 
PARAMETRIC_REPRESENTATION_CONTEXT() REPRESENTATION_CONTEXT('2D SPACE',''
  ) );
#14323 = PCURVE('',#9649,#14324);
#14324 = DEFINITIONAL_REPRESENTATION('',(#14325),#14329);
#14325 = LINE('',#14326,#14327);
#14326 = CARTESIAN_POINT('',(0.344031424707,-1.912423001658));
#14327 = VECTOR('',#14328,1.);
#14328 = DIRECTION('',(1.,4.118035518837E-16));
#14329 = ( GEOMETRIC_REPRESENTATION_CONTEXT(2) 
PARAMETRIC_REPRESENTATION_CONTEXT() REPRESENTATION_CONTEXT('2D SPACE',''
  ) );
#14330 = ADVANCED_FACE('',(#14331),#9568,.T.);
#14331 = FACE_BOUND('',#14332,.T.);
#14332 = EDGE_LOOP('',(#14333,#14334,#14357,#14376,#14377,#14400));
#14333 = ORIENTED_EDGE('',*,*,#9553,.F.);
#14334 = ORIENTED_EDGE('',*,*,#14335,.F.);
#14335 = EDGE_CURVE('',#14336,#9554,#14338,.T.);
#14336 = VERTEX_POINT('',#14337);
#14337 = CARTESIAN_POINT('',(-0.3254,9.060231354952,11.5204));
#14338 = SURFACE_CURVE('',#14339,(#14343,#14350),.PCURVE_S1.);
#14339 = LINE('',#14340,#14341);
#14340 = CARTESIAN_POINT('',(-0.3254,9.060231354952,10.5654));
#14341 = VECTOR('',#14342,1.);
#14342 = DIRECTION('',(-0.,0.,-1.));
#14343 = PCURVE('',#9568,#14344);
#14344 = DEFINITIONAL_REPRESENTATION('',(#14345),#14349);
#14345 = LINE('',#14346,#14347);
#14346 = CARTESIAN_POINT('',(-1.61924490653,0.709472719459));
#14347 = VECTOR('',#14348,1.);
#14348 = DIRECTION('',(0.,1.));
#14349 = ( GEOMETRIC_REPRESENTATION_CONTEXT(2) 
PARAMETRIC_REPRESENTATION_CONTEXT() REPRESENTATION_CONTEXT('2D SPACE',''
  ) );
#14350 = PCURVE('',#9595,#14351);
#14351 = DEFINITIONAL_REPRESENTATION('',(#14352),#14356);
#14352 = LINE('',#14353,#14354);
#14353 = CARTESIAN_POINT('',(-4.5E-02,-1.967231354952));
#14354 = VECTOR('',#14355,1.);
#14355 = DIRECTION('',(-1.,-0.));
#14356 = ( GEOMETRIC_REPRESENTATION_CONTEXT(2) 
PARAMETRIC_REPRESENTATION_CONTEXT() REPRESENTATION_CONTEXT('2D SPACE',''
  ) );
#14357 = ORIENTED_EDGE('',*,*,#14358,.F.);
#14358 = EDGE_CURVE('',#14262,#14336,#14359,.T.);
#14359 = SURFACE_CURVE('',#14360,(#14364,#14370),.PCURVE_S1.);
#14360 = LINE('',#14361,#14362);
#14361 = CARTESIAN_POINT('',(-1.264591532513,8.926061136021,11.5204));
#14362 = VECTOR('',#14363,1.);
#14363 = DIRECTION('',(-0.989949493661,-0.141421356237,0.));
#14364 = PCURVE('',#9568,#14365);
#14365 = DEFINITIONAL_REPRESENTATION('',(#14366),#14369);
#14366 = B_SPLINE_CURVE_WITH_KNOTS('',1,(#14367,#14368),.UNSPECIFIED.,
  .F.,.F.,(2,2),(-1.024874184708,-0.94872671639),
  .PIECEWISE_BEZIER_KNOTS.);
#14367 = CARTESIAN_POINT('',(-1.695392374848,-0.245527280541));
#14368 = CARTESIAN_POINT('',(-1.61924490653,-0.245527280541));
#14369 = ( GEOMETRIC_REPRESENTATION_CONTEXT(2) 
PARAMETRIC_REPRESENTATION_CONTEXT() REPRESENTATION_CONTEXT('2D SPACE',''
  ) );
#14370 = PCURVE('',#14299,#14371);
#14371 = DEFINITIONAL_REPRESENTATION('',(#14372),#14375);
#14372 = B_SPLINE_CURVE_WITH_KNOTS('',1,(#14373,#14374),.UNSPECIFIED.,
  .F.,.F.,(2,2),(-1.024874184708,-0.94872671639),
  .PIECEWISE_BEZIER_KNOTS.);
#14373 = CARTESIAN_POINT('',(7.538214770502E-02,1.978000233195));
#14374 = CARTESIAN_POINT('',(1.110223024625E-16,1.967231354951));
#14375 = ( GEOMETRIC_REPRESENTATION_CONTEXT(2) 
PARAMETRIC_REPRESENTATION_CONTEXT() REPRESENTATION_CONTEXT('2D SPACE',''
  ) );
#14376 = ORIENTED_EDGE('',*,*,#14261,.T.);
#14377 = ORIENTED_EDGE('',*,*,#14378,.T.);
#14378 = EDGE_CURVE('',#14239,#14379,#14381,.T.);
#14379 = VERTEX_POINT('',#14380);
#14380 = CARTESIAN_POINT('',(-3.597867965644,8.592735931288,11.9204));
#14381 = SURFACE_CURVE('',#14382,(#14386,#14393),.PCURVE_S1.);
#14382 = LINE('',#14383,#14384);
#14383 = CARTESIAN_POINT('',(-2.436404177669,8.75865932957,11.9204));
#14384 = VECTOR('',#14385,1.);
#14385 = DIRECTION('',(-0.989949493661,-0.141421356237,0.));
#14386 = PCURVE('',#9568,#14387);
#14387 = DEFINITIONAL_REPRESENTATION('',(#14388),#14392);
#14388 = LINE('',#14389,#14390);
#14389 = CARTESIAN_POINT('',(0.513191335102,-0.645527280541));
#14390 = VECTOR('',#14391,1.);
#14391 = DIRECTION('',(1.,2.056522630121E-34));
#14392 = ( GEOMETRIC_REPRESENTATION_CONTEXT(2) 
PARAMETRIC_REPRESENTATION_CONTEXT() REPRESENTATION_CONTEXT('2D SPACE',''
  ) );
#14393 = PCURVE('',#14101,#14394);
#14394 = DEFINITIONAL_REPRESENTATION('',(#14395),#14399);
#14395 = LINE('',#14396,#14397);
#14396 = CARTESIAN_POINT('',(-2.436404177669,8.75865932957));
#14397 = VECTOR('',#14398,1.);
#14398 = DIRECTION('',(-0.989949493661,-0.141421356237));
#14399 = ( GEOMETRIC_REPRESENTATION_CONTEXT(2) 
PARAMETRIC_REPRESENTATION_CONTEXT() REPRESENTATION_CONTEXT('2D SPACE',''
  ) );
#14400 = ORIENTED_EDGE('',*,*,#14401,.F.);
#14401 = EDGE_CURVE('',#9527,#14379,#14402,.T.);
#14402 = SURFACE_CURVE('',#14403,(#14407,#14414),.PCURVE_S1.);
#14403 = LINE('',#14404,#14405);
#14404 = CARTESIAN_POINT('',(-3.597867965644,8.592735931288,11.1204));
#14405 = VECTOR('',#14406,1.);
#14406 = DIRECTION('',(0.,0.,1.));
#14407 = PCURVE('',#9568,#14408);
#14408 = DEFINITIONAL_REPRESENTATION('',(#14409),#14413);
#14409 = LINE('',#14410,#14411);
#14410 = CARTESIAN_POINT('',(1.686446935931,0.154472719459));
#14411 = VECTOR('',#14412,1.);
#14412 = DIRECTION('',(0.,-1.));
#14413 = ( GEOMETRIC_REPRESENTATION_CONTEXT(2) 
PARAMETRIC_REPRESENTATION_CONTEXT() REPRESENTATION_CONTEXT('2D SPACE',''
  ) );
#14414 = PCURVE('',#9541,#14415);
#14415 = DEFINITIONAL_REPRESENTATION('',(#14416),#14420);
#14416 = LINE('',#14417,#14418);
#14417 = CARTESIAN_POINT('',(-3.423904396894,0.15));
#14418 = VECTOR('',#14419,1.);
#14419 = DIRECTION('',(0.,-1.));
#14420 = ( GEOMETRIC_REPRESENTATION_CONTEXT(2) 
PARAMETRIC_REPRESENTATION_CONTEXT() REPRESENTATION_CONTEXT('2D SPACE',''
  ) );
#14421 = ADVANCED_FACE('',(#14422),#9541,.T.);
#14422 = FACE_BOUND('',#14423,.T.);
#14423 = EDGE_LOOP('',(#14424,#14425,#14448,#14469));
#14424 = ORIENTED_EDGE('',*,*,#14401,.T.);
#14425 = ORIENTED_EDGE('',*,*,#14426,.T.);
#14426 = EDGE_CURVE('',#14379,#14427,#14429,.T.);
#14427 = VERTEX_POINT('',#14428);
#14428 = CARTESIAN_POINT('',(-8.44,3.750603896932,11.9204));
#14429 = SURFACE_CURVE('',#14430,(#14434,#14441),.PCURVE_S1.);
#14430 = LINE('',#14431,#14432);
#14431 = CARTESIAN_POINT('',(-7.267650974233,4.922952922699,11.9204));
#14432 = VECTOR('',#14433,1.);
#14433 = DIRECTION('',(-0.707106781187,-0.707106781187,0.));
#14434 = PCURVE('',#9541,#14435);
#14435 = DEFINITIONAL_REPRESENTATION('',(#14436),#14440);
#14436 = LINE('',#14437,#14438);
#14437 = CARTESIAN_POINT('',(1.765952504819,-0.65));
#14438 = VECTOR('',#14439,1.);
#14439 = DIRECTION('',(1.,-3.277094423997E-33));
#14440 = ( GEOMETRIC_REPRESENTATION_CONTEXT(2) 
PARAMETRIC_REPRESENTATION_CONTEXT() REPRESENTATION_CONTEXT('2D SPACE',''
  ) );
#14441 = PCURVE('',#14101,#14442);
#14442 = DEFINITIONAL_REPRESENTATION('',(#14443),#14447);
#14443 = LINE('',#14444,#14445);
#14444 = CARTESIAN_POINT('',(-7.267650974233,4.922952922699));
#14445 = VECTOR('',#14446,1.);
#14446 = DIRECTION('',(-0.707106781187,-0.707106781187));
#14447 = ( GEOMETRIC_REPRESENTATION_CONTEXT(2) 
PARAMETRIC_REPRESENTATION_CONTEXT() REPRESENTATION_CONTEXT('2D SPACE',''
  ) );
#14448 = ORIENTED_EDGE('',*,*,#14449,.F.);
#14449 = EDGE_CURVE('',#9500,#14427,#14450,.T.);
#14450 = SURFACE_CURVE('',#14451,(#14455,#14462),.PCURVE_S1.);
#14451 = LINE('',#14452,#14453);
#14452 = CARTESIAN_POINT('',(-8.44,3.750603896932,11.1204));
#14453 = VECTOR('',#14454,1.);
#14454 = DIRECTION('',(0.,0.,1.));
#14455 = PCURVE('',#9541,#14456);
#14456 = DEFINITIONAL_REPRESENTATION('',(#14457),#14461);
#14457 = LINE('',#14458,#14459);
#14458 = CARTESIAN_POINT('',(3.423904396894,0.15));
#14459 = VECTOR('',#14460,1.);
#14460 = DIRECTION('',(0.,-1.));
#14461 = ( GEOMETRIC_REPRESENTATION_CONTEXT(2) 
PARAMETRIC_REPRESENTATION_CONTEXT() REPRESENTATION_CONTEXT('2D SPACE',''
  ) );
#14462 = PCURVE('',#9514,#14463);
#14463 = DEFINITIONAL_REPRESENTATION('',(#14464),#14468);
#14464 = LINE('',#14465,#14466);
#14465 = CARTESIAN_POINT('',(-0.15,-3.623603896932));
#14466 = VECTOR('',#14467,1.);
#14467 = DIRECTION('',(1.,0.));
#14468 = ( GEOMETRIC_REPRESENTATION_CONTEXT(2) 
PARAMETRIC_REPRESENTATION_CONTEXT() REPRESENTATION_CONTEXT('2D SPACE',''
  ) );
#14469 = ORIENTED_EDGE('',*,*,#9526,.F.);
#14470 = ADVANCED_FACE('',(#14471),#9514,.T.);
#14471 = FACE_BOUND('',#14472,.T.);
#14472 = EDGE_LOOP('',(#14473,#14474,#14497,#14518));
#14473 = ORIENTED_EDGE('',*,*,#14449,.T.);
#14474 = ORIENTED_EDGE('',*,*,#14475,.T.);
#14475 = EDGE_CURVE('',#14427,#14476,#14478,.T.);
#14476 = VERTEX_POINT('',#14477);
#14477 = CARTESIAN_POINT('',(-8.44,-3.496603896932,11.9204));
#14478 = SURFACE_CURVE('',#14479,(#14483,#14490),.PCURVE_S1.);
#14479 = LINE('',#14480,#14481);
#14480 = CARTESIAN_POINT('',(-8.44,-1.748301948466,11.9204));
#14481 = VECTOR('',#14482,1.);
#14482 = DIRECTION('',(0.,-1.,0.));
#14483 = PCURVE('',#9514,#14484);
#14484 = DEFINITIONAL_REPRESENTATION('',(#14485),#14489);
#14485 = LINE('',#14486,#14487);
#14486 = CARTESIAN_POINT('',(0.65,1.875301948466));
#14487 = VECTOR('',#14488,1.);
#14488 = DIRECTION('',(0.,1.));
#14489 = ( GEOMETRIC_REPRESENTATION_CONTEXT(2) 
PARAMETRIC_REPRESENTATION_CONTEXT() REPRESENTATION_CONTEXT('2D SPACE',''
  ) );
#14490 = PCURVE('',#14101,#14491);
#14491 = DEFINITIONAL_REPRESENTATION('',(#14492),#14496);
#14492 = LINE('',#14493,#14494);
#14493 = CARTESIAN_POINT('',(-8.44,-1.748301948466));
#14494 = VECTOR('',#14495,1.);
#14495 = DIRECTION('',(0.,-1.));
#14496 = ( GEOMETRIC_REPRESENTATION_CONTEXT(2) 
PARAMETRIC_REPRESENTATION_CONTEXT() REPRESENTATION_CONTEXT('2D SPACE',''
  ) );
#14497 = ORIENTED_EDGE('',*,*,#14498,.F.);
#14498 = EDGE_CURVE('',#9473,#14476,#14499,.T.);
#14499 = SURFACE_CURVE('',#14500,(#14504,#14511),.PCURVE_S1.);
#14500 = LINE('',#14501,#14502);
#14501 = CARTESIAN_POINT('',(-8.44,-3.496603896932,11.1204));
#14502 = VECTOR('',#14503,1.);
#14503 = DIRECTION('',(0.,0.,1.));
#14504 = PCURVE('',#9514,#14505);
#14505 = DEFINITIONAL_REPRESENTATION('',(#14506),#14510);
#14506 = LINE('',#14507,#14508);
#14507 = CARTESIAN_POINT('',(-0.15,3.623603896932));
#14508 = VECTOR('',#14509,1.);
#14509 = DIRECTION('',(1.,0.));
#14510 = ( GEOMETRIC_REPRESENTATION_CONTEXT(2) 
PARAMETRIC_REPRESENTATION_CONTEXT() REPRESENTATION_CONTEXT('2D SPACE',''
  ) );
#14511 = PCURVE('',#9487,#14512);
#14512 = DEFINITIONAL_REPRESENTATION('',(#14513),#14517);
#14513 = LINE('',#14514,#14515);
#14514 = CARTESIAN_POINT('',(-3.429297551128,0.15));
#14515 = VECTOR('',#14516,1.);
#14516 = DIRECTION('',(0.,-1.));
#14517 = ( GEOMETRIC_REPRESENTATION_CONTEXT(2) 
PARAMETRIC_REPRESENTATION_CONTEXT() REPRESENTATION_CONTEXT('2D SPACE',''
  ) );
#14518 = ORIENTED_EDGE('',*,*,#9499,.F.);
#14519 = ADVANCED_FACE('',(#14520),#9487,.T.);
#14520 = FACE_BOUND('',#14521,.T.);
#14521 = EDGE_LOOP('',(#14522,#14523,#14546,#14567));
#14522 = ORIENTED_EDGE('',*,*,#14498,.T.);
#14523 = ORIENTED_EDGE('',*,*,#14524,.T.);
#14524 = EDGE_CURVE('',#14476,#14525,#14527,.T.);
#14525 = VERTEX_POINT('',#14526);
#14526 = CARTESIAN_POINT('',(-3.590240893781,-8.346363003151,11.9204));
#14527 = SURFACE_CURVE('',#14528,(#14532,#14539),.PCURVE_S1.);
#14528 = LINE('',#14529,#14530);
#14529 = CARTESIAN_POINT('',(-4.779271421124,-7.157332475808,11.9204));
#14530 = VECTOR('',#14531,1.);
#14531 = DIRECTION('',(0.707106781187,-0.707106781187,0.));
#14532 = PCURVE('',#9487,#14533);
#14533 = DEFINITIONAL_REPRESENTATION('',(#14534),#14538);
#14534 = LINE('',#14535,#14536);
#14535 = CARTESIAN_POINT('',(1.747754453285,-0.65));
#14536 = VECTOR('',#14537,1.);
#14537 = DIRECTION('',(1.,0.));
#14538 = ( GEOMETRIC_REPRESENTATION_CONTEXT(2) 
PARAMETRIC_REPRESENTATION_CONTEXT() REPRESENTATION_CONTEXT('2D SPACE',''
  ) );
#14539 = PCURVE('',#14101,#14540);
#14540 = DEFINITIONAL_REPRESENTATION('',(#14541),#14545);
#14541 = LINE('',#14542,#14543);
#14542 = CARTESIAN_POINT('',(-4.779271421124,-7.157332475808));
#14543 = VECTOR('',#14544,1.);
#14544 = DIRECTION('',(0.707106781187,-0.707106781187));
#14545 = ( GEOMETRIC_REPRESENTATION_CONTEXT(2) 
PARAMETRIC_REPRESENTATION_CONTEXT() REPRESENTATION_CONTEXT('2D SPACE',''
  ) );
#14546 = ORIENTED_EDGE('',*,*,#14547,.F.);
#14547 = EDGE_CURVE('',#9446,#14525,#14548,.T.);
#14548 = SURFACE_CURVE('',#14549,(#14553,#14560),.PCURVE_S1.);
#14549 = LINE('',#14550,#14551);
#14550 = CARTESIAN_POINT('',(-3.590240893781,-8.346363003151,11.1204));
#14551 = VECTOR('',#14552,1.);
#14552 = DIRECTION('',(0.,0.,1.));
#14553 = PCURVE('',#9487,#14554);
#14554 = DEFINITIONAL_REPRESENTATION('',(#14555),#14559);
#14555 = LINE('',#14556,#14557);
#14556 = CARTESIAN_POINT('',(3.429297551128,0.15));
#14557 = VECTOR('',#14558,1.);
#14558 = DIRECTION('',(0.,-1.));
#14559 = ( GEOMETRIC_REPRESENTATION_CONTEXT(2) 
PARAMETRIC_REPRESENTATION_CONTEXT() REPRESENTATION_CONTEXT('2D SPACE',''
  ) );
#14560 = PCURVE('',#9460,#14561);
#14561 = DEFINITIONAL_REPRESENTATION('',(#14562),#14566);
#14562 = LINE('',#14563,#14564);
#14563 = CARTESIAN_POINT('',(-1.952610268899,0.15));
#14564 = VECTOR('',#14565,1.);
#14565 = DIRECTION('',(0.,-1.));
#14566 = ( GEOMETRIC_REPRESENTATION_CONTEXT(2) 
PARAMETRIC_REPRESENTATION_CONTEXT() REPRESENTATION_CONTEXT('2D SPACE',''
  ) );
#14567 = ORIENTED_EDGE('',*,*,#9472,.F.);
#14568 = ADVANCED_FACE('',(#14569),#9460,.T.);
#14569 = FACE_BOUND('',#14570,.T.);
#14570 = EDGE_LOOP('',(#14571,#14572,#14595,#14616));
#14571 = ORIENTED_EDGE('',*,*,#14547,.T.);
#14572 = ORIENTED_EDGE('',*,*,#14573,.T.);
#14573 = EDGE_CURVE('',#14525,#14574,#14576,.T.);
#14574 = VERTEX_POINT('',#14575);
#14575 = CARTESIAN_POINT('',(0.248091756665,-9.066050375109,11.9204));
#14576 = SURFACE_CURVE('',#14577,(#14581,#14588),.PCURVE_S1.);
#14577 = LINE('',#14578,#14579);
#14578 = CARTESIAN_POINT('',(-0.692817503168,-8.889629888891,11.9204));
#14579 = VECTOR('',#14580,1.);
#14580 = DIRECTION('',(0.982872186934,-0.18428853505,0.));
#14581 = PCURVE('',#9460,#14582);
#14582 = DEFINITIONAL_REPRESENTATION('',(#14583),#14587);
#14583 = LINE('',#14584,#14585);
#14584 = CARTESIAN_POINT('',(0.995304454022,-0.65));
#14585 = VECTOR('',#14586,1.);
#14586 = DIRECTION('',(1.,2.118887643277E-33));
#14587 = ( GEOMETRIC_REPRESENTATION_CONTEXT(2) 
PARAMETRIC_REPRESENTATION_CONTEXT() REPRESENTATION_CONTEXT('2D SPACE',''
  ) );
#14588 = PCURVE('',#14101,#14589);
#14589 = DEFINITIONAL_REPRESENTATION('',(#14590),#14594);
#14590 = LINE('',#14591,#14592);
#14591 = CARTESIAN_POINT('',(-0.692817503168,-8.889629888891));
#14592 = VECTOR('',#14593,1.);
#14593 = DIRECTION('',(0.982872186934,-0.18428853505));
#14594 = ( GEOMETRIC_REPRESENTATION_CONTEXT(2) 
PARAMETRIC_REPRESENTATION_CONTEXT() REPRESENTATION_CONTEXT('2D SPACE',''
  ) );
#14595 = ORIENTED_EDGE('',*,*,#14596,.F.);
#14596 = EDGE_CURVE('',#9419,#14574,#14597,.T.);
#14597 = SURFACE_CURVE('',#14598,(#14602,#14609),.PCURVE_S1.);
#14598 = LINE('',#14599,#14600);
#14599 = CARTESIAN_POINT('',(0.248091756665,-9.066050375109,11.1204));
#14600 = VECTOR('',#14601,1.);
#14601 = DIRECTION('',(0.,0.,1.));
#14602 = PCURVE('',#9460,#14603);
#14603 = DEFINITIONAL_REPRESENTATION('',(#14604),#14608);
#14604 = LINE('',#14605,#14606);
#14605 = CARTESIAN_POINT('',(1.952610268899,0.15));
#14606 = VECTOR('',#14607,1.);
#14607 = DIRECTION('',(0.,-1.));
#14608 = ( GEOMETRIC_REPRESENTATION_CONTEXT(2) 
PARAMETRIC_REPRESENTATION_CONTEXT() REPRESENTATION_CONTEXT('2D SPACE',''
  ) );
#14609 = PCURVE('',#9433,#14610);
#14610 = DEFINITIONAL_REPRESENTATION('',(#14611),#14615);
#14611 = LINE('',#14612,#14613);
#14612 = CARTESIAN_POINT('',(-1.706724468128,0.15));
#14613 = VECTOR('',#14614,1.);
#14614 = DIRECTION('',(0.,-1.));
#14615 = ( GEOMETRIC_REPRESENTATION_CONTEXT(2) 
PARAMETRIC_REPRESENTATION_CONTEXT() REPRESENTATION_CONTEXT('2D SPACE',''
  ) );
#14616 = ORIENTED_EDGE('',*,*,#9445,.F.);
#14617 = ADVANCED_FACE('',(#14618),#9433,.T.);
#14618 = FACE_BOUND('',#14619,.T.);
#14619 = EDGE_LOOP('',(#14620,#14621,#14642,#14643));
#14620 = ORIENTED_EDGE('',*,*,#14596,.T.);
#14621 = ORIENTED_EDGE('',*,*,#14622,.T.);
#14622 = EDGE_CURVE('',#14574,#14063,#14623,.T.);
#14623 = SURFACE_CURVE('',#14624,(#14628,#14635),.PCURVE_S1.);
#14624 = LINE('',#14625,#14626);
#14625 = CARTESIAN_POINT('',(2.727048455542,-8.534845368207,11.9204));
#14626 = VECTOR('',#14627,1.);
#14627 = DIRECTION('',(0.977802414077,0.209529088731,-0.));
#14628 = PCURVE('',#9433,#14629);
#14629 = DEFINITIONAL_REPRESENTATION('',(#14630),#14634);
#14630 = LINE('',#14631,#14632);
#14631 = CARTESIAN_POINT('',(0.828508277453,-0.65));
#14632 = VECTOR('',#14633,1.);
#14633 = DIRECTION('',(1.,0.));
#14634 = ( GEOMETRIC_REPRESENTATION_CONTEXT(2) 
PARAMETRIC_REPRESENTATION_CONTEXT() REPRESENTATION_CONTEXT('2D SPACE',''
  ) );
#14635 = PCURVE('',#14101,#14636);
#14636 = DEFINITIONAL_REPRESENTATION('',(#14637),#14641);
#14637 = LINE('',#14638,#14639);
#14638 = CARTESIAN_POINT('',(2.727048455542,-8.534845368207));
#14639 = VECTOR('',#14640,1.);
#14640 = DIRECTION('',(0.977802414077,0.209529088731));
#14641 = ( GEOMETRIC_REPRESENTATION_CONTEXT(2) 
PARAMETRIC_REPRESENTATION_CONTEXT() REPRESENTATION_CONTEXT('2D SPACE',''
  ) );
#14642 = ORIENTED_EDGE('',*,*,#14062,.F.);
#14643 = ORIENTED_EDGE('',*,*,#9418,.F.);
#14644 = ADVANCED_FACE('',(#14645),#11297,.T.);
#14645 = FACE_BOUND('',#14646,.T.);
#14646 = EDGE_LOOP('',(#14647,#14648,#14649,#14650,#14651));
#14647 = ORIENTED_EDGE('',*,*,#11401,.T.);
#14648 = ORIENTED_EDGE('',*,*,#11280,.T.);
#14649 = ORIENTED_EDGE('',*,*,#11354,.T.);
#14650 = ORIENTED_EDGE('',*,*,#11448,.T.);
#14651 = ORIENTED_EDGE('',*,*,#11495,.T.);
#14652 = ADVANCED_FACE('',(#14653),#11537,.T.);
#14653 = FACE_BOUND('',#14654,.T.);
#14654 = EDGE_LOOP('',(#14655,#14656,#14657,#14658,#14659,#14660));
#14655 = ORIENTED_EDGE('',*,*,#11641,.T.);
#14656 = ORIENTED_EDGE('',*,*,#11520,.T.);
#14657 = ORIENTED_EDGE('',*,*,#11594,.T.);
#14658 = ORIENTED_EDGE('',*,*,#11688,.T.);
#14659 = ORIENTED_EDGE('',*,*,#11782,.T.);
#14660 = ORIENTED_EDGE('',*,*,#11735,.T.);
#14661 = ADVANCED_FACE('',(#14662),#11824,.T.);
#14662 = FACE_BOUND('',#14663,.T.);
#14663 = EDGE_LOOP('',(#14664,#14665,#14666,#14667,#14668,#14669,#14670,
    #14671,#14672,#14673,#14674,#14675,#14676,#14677,#14678));
#14664 = ORIENTED_EDGE('',*,*,#11928,.T.);
#14665 = ORIENTED_EDGE('',*,*,#11807,.T.);
#14666 = ORIENTED_EDGE('',*,*,#11881,.T.);
#14667 = ORIENTED_EDGE('',*,*,#11975,.T.);
#14668 = ORIENTED_EDGE('',*,*,#12069,.T.);
#14669 = ORIENTED_EDGE('',*,*,#12163,.T.);
#14670 = ORIENTED_EDGE('',*,*,#12257,.T.);
#14671 = ORIENTED_EDGE('',*,*,#12351,.T.);
#14672 = ORIENTED_EDGE('',*,*,#12445,.T.);
#14673 = ORIENTED_EDGE('',*,*,#12492,.T.);
#14674 = ORIENTED_EDGE('',*,*,#12398,.T.);
#14675 = ORIENTED_EDGE('',*,*,#12304,.T.);
#14676 = ORIENTED_EDGE('',*,*,#12210,.T.);
#14677 = ORIENTED_EDGE('',*,*,#12116,.T.);
#14678 = ORIENTED_EDGE('',*,*,#12022,.T.);
#14679 = ADVANCED_FACE('',(#14680),#12534,.T.);
#14680 = FACE_BOUND('',#14681,.T.);
#14681 = EDGE_LOOP('',(#14682,#14683,#14684,#14685,#14686));
#14682 = ORIENTED_EDGE('',*,*,#12638,.T.);
#14683 = ORIENTED_EDGE('',*,*,#12517,.T.);
#14684 = ORIENTED_EDGE('',*,*,#12591,.T.);
#14685 = ORIENTED_EDGE('',*,*,#12685,.T.);
#14686 = ORIENTED_EDGE('',*,*,#12732,.T.);
#14687 = ADVANCED_FACE('',(#14688),#12774,.T.);
#14688 = FACE_BOUND('',#14689,.T.);
#14689 = EDGE_LOOP('',(#14690,#14691,#14692,#14693));
#14690 = ORIENTED_EDGE('',*,*,#12878,.T.);
#14691 = ORIENTED_EDGE('',*,*,#12757,.T.);
#14692 = ORIENTED_EDGE('',*,*,#12831,.T.);
#14693 = ORIENTED_EDGE('',*,*,#12925,.T.);
#14694 = ADVANCED_FACE('',(#14695),#12967,.T.);
#14695 = FACE_BOUND('',#14696,.T.);
#14696 = EDGE_LOOP('',(#14697,#14698,#14699));
#14697 = ORIENTED_EDGE('',*,*,#13071,.T.);
#14698 = ORIENTED_EDGE('',*,*,#12950,.T.);
#14699 = ORIENTED_EDGE('',*,*,#13024,.T.);
#14700 = ADVANCED_FACE('',(#14701),#13113,.T.);
#14701 = FACE_BOUND('',#14702,.T.);
#14702 = EDGE_LOOP('',(#14703,#14704,#14705,#14706,#14707,#14708,#14709,
    #14710,#14711,#14712,#14713,#14714,#14715));
#14703 = ORIENTED_EDGE('',*,*,#13217,.T.);
#14704 = ORIENTED_EDGE('',*,*,#13096,.T.);
#14705 = ORIENTED_EDGE('',*,*,#13170,.T.);
#14706 = ORIENTED_EDGE('',*,*,#13264,.T.);
#14707 = ORIENTED_EDGE('',*,*,#13358,.T.);
#14708 = ORIENTED_EDGE('',*,*,#13452,.T.);
#14709 = ORIENTED_EDGE('',*,*,#13546,.T.);
#14710 = ORIENTED_EDGE('',*,*,#13640,.T.);
#14711 = ORIENTED_EDGE('',*,*,#13687,.T.);
#14712 = ORIENTED_EDGE('',*,*,#13593,.T.);
#14713 = ORIENTED_EDGE('',*,*,#13499,.T.);
#14714 = ORIENTED_EDGE('',*,*,#13405,.T.);
#14715 = ORIENTED_EDGE('',*,*,#13311,.T.);
#14716 = ADVANCED_FACE('',(#14717),#13729,.T.);
#14717 = FACE_BOUND('',#14718,.T.);
#14718 = EDGE_LOOP('',(#14719,#14720,#14721,#14722,#14723));
#14719 = ORIENTED_EDGE('',*,*,#13833,.T.);
#14720 = ORIENTED_EDGE('',*,*,#13712,.T.);
#14721 = ORIENTED_EDGE('',*,*,#13786,.T.);
#14722 = ORIENTED_EDGE('',*,*,#13880,.T.);
#14723 = ORIENTED_EDGE('',*,*,#13927,.T.);
#14724 = ADVANCED_FACE('',(#14725),#13969,.F.);
#14725 = FACE_BOUND('',#14726,.F.);
#14726 = EDGE_LOOP('',(#14727));
#14727 = ORIENTED_EDGE('',*,*,#13952,.T.);
#14728 = ADVANCED_FACE('',(#14729),#14024,.F.);
#14729 = FACE_BOUND('',#14730,.F.);
#14730 = EDGE_LOOP('',(#14731));
#14731 = ORIENTED_EDGE('',*,*,#14007,.T.);
#14732 = ADVANCED_FACE('',(#14733),#14101,.F.);
#14733 = FACE_BOUND('',#14734,.F.);
#14734 = EDGE_LOOP('',(#14735,#14736,#14737,#14738,#14739,#14740,#14741,
    #14742,#14743,#14744));
#14735 = ORIENTED_EDGE('',*,*,#14622,.T.);
#14736 = ORIENTED_EDGE('',*,*,#14085,.T.);
#14737 = ORIENTED_EDGE('',*,*,#14139,.T.);
#14738 = ORIENTED_EDGE('',*,*,#14188,.T.);
#14739 = ORIENTED_EDGE('',*,*,#14238,.T.);
#14740 = ORIENTED_EDGE('',*,*,#14378,.T.);
#14741 = ORIENTED_EDGE('',*,*,#14426,.T.);
#14742 = ORIENTED_EDGE('',*,*,#14475,.T.);
#14743 = ORIENTED_EDGE('',*,*,#14524,.T.);
#14744 = ORIENTED_EDGE('',*,*,#14573,.T.);
#14745 = ADVANCED_FACE('',(#14746),#14299,.F.);
#14746 = FACE_BOUND('',#14747,.F.);
#14747 = EDGE_LOOP('',(#14748,#14771,#14772,#14773,#14796));
#14748 = ORIENTED_EDGE('',*,*,#14749,.F.);
#14749 = EDGE_CURVE('',#14336,#14750,#14752,.T.);
#14750 = VERTEX_POINT('',#14751);
#14751 = CARTESIAN_POINT('',(-0.3254,10.9,11.5204));
#14752 = SURFACE_CURVE('',#14753,(#14757,#14764),.PCURVE_S1.);
#14753 = LINE('',#14754,#14755);
#14754 = CARTESIAN_POINT('',(-0.3254,7.093,11.5204));
#14755 = VECTOR('',#14756,1.);
#14756 = DIRECTION('',(-0.,1.,0.));
#14757 = PCURVE('',#14299,#14758);
#14758 = DEFINITIONAL_REPRESENTATION('',(#14759),#14763);
#14759 = LINE('',#14760,#14761);
#14760 = CARTESIAN_POINT('',(0.,0.));
#14761 = VECTOR('',#14762,1.);
#14762 = DIRECTION('',(0.,1.));
#14763 = ( GEOMETRIC_REPRESENTATION_CONTEXT(2) 
PARAMETRIC_REPRESENTATION_CONTEXT() REPRESENTATION_CONTEXT('2D SPACE',''
  ) );
#14764 = PCURVE('',#9595,#14765);
#14765 = DEFINITIONAL_REPRESENTATION('',(#14766),#14770);
#14766 = LINE('',#14767,#14768);
#14767 = CARTESIAN_POINT('',(0.91,0.));
#14768 = VECTOR('',#14769,1.);
#14769 = DIRECTION('',(0.,-1.));
#14770 = ( GEOMETRIC_REPRESENTATION_CONTEXT(2) 
PARAMETRIC_REPRESENTATION_CONTEXT() REPRESENTATION_CONTEXT('2D SPACE',''
  ) );
#14771 = ORIENTED_EDGE('',*,*,#14358,.F.);
#14772 = ORIENTED_EDGE('',*,*,#14284,.F.);
#14773 = ORIENTED_EDGE('',*,*,#14774,.T.);
#14774 = EDGE_CURVE('',#14285,#14775,#14777,.T.);
#14775 = VERTEX_POINT('',#14776);
#14776 = CARTESIAN_POINT('',(0.2746,10.9,11.5204));
#14777 = SURFACE_CURVE('',#14778,(#14782,#14789),.PCURVE_S1.);
#14778 = LINE('',#14779,#14780);
#14779 = CARTESIAN_POINT('',(0.2746,7.093,11.5204));
#14780 = VECTOR('',#14781,1.);
#14781 = DIRECTION('',(-0.,1.,0.));
#14782 = PCURVE('',#14299,#14783);
#14783 = DEFINITIONAL_REPRESENTATION('',(#14784),#14788);
#14784 = LINE('',#14785,#14786);
#14785 = CARTESIAN_POINT('',(0.6,0.));
#14786 = VECTOR('',#14787,1.);
#14787 = DIRECTION('',(0.,1.));
#14788 = ( GEOMETRIC_REPRESENTATION_CONTEXT(2) 
PARAMETRIC_REPRESENTATION_CONTEXT() REPRESENTATION_CONTEXT('2D SPACE',''
  ) );
#14789 = PCURVE('',#9649,#14790);
#14790 = DEFINITIONAL_REPRESENTATION('',(#14791),#14795);
#14791 = LINE('',#14792,#14793);
#14792 = CARTESIAN_POINT('',(0.91,0.));
#14793 = VECTOR('',#14794,1.);
#14794 = DIRECTION('',(0.,-1.));
#14795 = ( GEOMETRIC_REPRESENTATION_CONTEXT(2) 
PARAMETRIC_REPRESENTATION_CONTEXT() REPRESENTATION_CONTEXT('2D SPACE',''
  ) );
#14796 = ORIENTED_EDGE('',*,*,#14797,.F.);
#14797 = EDGE_CURVE('',#14750,#14775,#14798,.T.);
#14798 = SURFACE_CURVE('',#14799,(#14803,#14810),.PCURVE_S1.);
#14799 = LINE('',#14800,#14801);
#14800 = CARTESIAN_POINT('',(-0.3254,10.9,11.5204));
#14801 = VECTOR('',#14802,1.);
#14802 = DIRECTION('',(1.,0.,-0.));
#14803 = PCURVE('',#14299,#14804);
#14804 = DEFINITIONAL_REPRESENTATION('',(#14805),#14809);
#14805 = LINE('',#14806,#14807);
#14806 = CARTESIAN_POINT('',(0.,3.807));
#14807 = VECTOR('',#14808,1.);
#14808 = DIRECTION('',(1.,0.));
#14809 = ( GEOMETRIC_REPRESENTATION_CONTEXT(2) 
PARAMETRIC_REPRESENTATION_CONTEXT() REPRESENTATION_CONTEXT('2D SPACE',''
  ) );
#14810 = PCURVE('',#9622,#14811);
#14811 = DEFINITIONAL_REPRESENTATION('',(#14812),#14816);
#14812 = LINE('',#14813,#14814);
#14813 = CARTESIAN_POINT('',(0.91,0.));
#14814 = VECTOR('',#14815,1.);
#14815 = DIRECTION('',(0.,1.));
#14816 = ( GEOMETRIC_REPRESENTATION_CONTEXT(2) 
PARAMETRIC_REPRESENTATION_CONTEXT() REPRESENTATION_CONTEXT('2D SPACE',''
  ) );
#14817 = ADVANCED_FACE('',(#14818),#9649,.F.);
#14818 = FACE_BOUND('',#14819,.T.);
#14819 = EDGE_LOOP('',(#14820,#14821,#14822,#14823));
#14820 = ORIENTED_EDGE('',*,*,#9634,.F.);
#14821 = ORIENTED_EDGE('',*,*,#14310,.T.);
#14822 = ORIENTED_EDGE('',*,*,#14774,.T.);
#14823 = ORIENTED_EDGE('',*,*,#14824,.F.);
#14824 = EDGE_CURVE('',#9608,#14775,#14825,.T.);
#14825 = SURFACE_CURVE('',#14826,(#14830,#14837),.PCURVE_S1.);
#14826 = LINE('',#14827,#14828);
#14827 = CARTESIAN_POINT('',(0.2746,10.9,10.6104));
#14828 = VECTOR('',#14829,1.);
#14829 = DIRECTION('',(0.,0.,1.));
#14830 = PCURVE('',#9649,#14831);
#14831 = DEFINITIONAL_REPRESENTATION('',(#14832),#14836);
#14832 = LINE('',#14833,#14834);
#14833 = CARTESIAN_POINT('',(0.,-3.807));
#14834 = VECTOR('',#14835,1.);
#14835 = DIRECTION('',(1.,0.));
#14836 = ( GEOMETRIC_REPRESENTATION_CONTEXT(2) 
PARAMETRIC_REPRESENTATION_CONTEXT() REPRESENTATION_CONTEXT('2D SPACE',''
  ) );
#14837 = PCURVE('',#9622,#14838);
#14838 = DEFINITIONAL_REPRESENTATION('',(#14839),#14843);
#14839 = LINE('',#14840,#14841);
#14840 = CARTESIAN_POINT('',(0.,0.6));
#14841 = VECTOR('',#14842,1.);
#14842 = DIRECTION('',(1.,0.));
#14843 = ( GEOMETRIC_REPRESENTATION_CONTEXT(2) 
PARAMETRIC_REPRESENTATION_CONTEXT() REPRESENTATION_CONTEXT('2D SPACE',''
  ) );
#14844 = ADVANCED_FACE('',(#14845),#9622,.F.);
#14845 = FACE_BOUND('',#14846,.T.);
#14846 = EDGE_LOOP('',(#14847,#14848,#14849,#14870));
#14847 = ORIENTED_EDGE('',*,*,#14824,.T.);
#14848 = ORIENTED_EDGE('',*,*,#14797,.F.);
#14849 = ORIENTED_EDGE('',*,*,#14850,.F.);
#14850 = EDGE_CURVE('',#9581,#14750,#14851,.T.);
#14851 = SURFACE_CURVE('',#14852,(#14856,#14863),.PCURVE_S1.);
#14852 = LINE('',#14853,#14854);
#14853 = CARTESIAN_POINT('',(-0.3254,10.9,10.6104));
#14854 = VECTOR('',#14855,1.);
#14855 = DIRECTION('',(0.,0.,1.));
#14856 = PCURVE('',#9622,#14857);
#14857 = DEFINITIONAL_REPRESENTATION('',(#14858),#14862);
#14858 = LINE('',#14859,#14860);
#14859 = CARTESIAN_POINT('',(0.,0.));
#14860 = VECTOR('',#14861,1.);
#14861 = DIRECTION('',(1.,0.));
#14862 = ( GEOMETRIC_REPRESENTATION_CONTEXT(2) 
PARAMETRIC_REPRESENTATION_CONTEXT() REPRESENTATION_CONTEXT('2D SPACE',''
  ) );
#14863 = PCURVE('',#9595,#14864);
#14864 = DEFINITIONAL_REPRESENTATION('',(#14865),#14869);
#14865 = LINE('',#14866,#14867);
#14866 = CARTESIAN_POINT('',(0.,-3.807));
#14867 = VECTOR('',#14868,1.);
#14868 = DIRECTION('',(1.,0.));
#14869 = ( GEOMETRIC_REPRESENTATION_CONTEXT(2) 
PARAMETRIC_REPRESENTATION_CONTEXT() REPRESENTATION_CONTEXT('2D SPACE',''
  ) );
#14870 = ORIENTED_EDGE('',*,*,#9607,.F.);
#14871 = ADVANCED_FACE('',(#14872),#9595,.T.);
#14872 = FACE_BOUND('',#14873,.T.);
#14873 = EDGE_LOOP('',(#14874,#14875,#14876,#14877));
#14874 = ORIENTED_EDGE('',*,*,#9580,.T.);
#14875 = ORIENTED_EDGE('',*,*,#14850,.T.);
#14876 = ORIENTED_EDGE('',*,*,#14749,.F.);
#14877 = ORIENTED_EDGE('',*,*,#14335,.T.);
#14878 = ADVANCED_FACE('',(#14879),#103,.F.);
#14879 = FACE_BOUND('',#14880,.F.);
#14880 = EDGE_LOOP('',(#14881,#14882,#14883,#14884,#14885,#14886,#14887,
    #14888,#14889,#14890));
#14881 = ORIENTED_EDGE('',*,*,#11257,.F.);
#14882 = ORIENTED_EDGE('',*,*,#8043,.F.);
#14883 = ORIENTED_EDGE('',*,*,#4615,.F.);
#14884 = ORIENTED_EDGE('',*,*,#9274,.T.);
#14885 = ORIENTED_EDGE('',*,*,#9298,.T.);
#14886 = ORIENTED_EDGE('',*,*,#4665,.T.);
#14887 = ORIENTED_EDGE('',*,*,#86,.F.);
#14888 = ORIENTED_EDGE('',*,*,#4445,.T.);
#14889 = ORIENTED_EDGE('',*,*,#4691,.F.);
#14890 = ORIENTED_EDGE('',*,*,#4715,.F.);
#14891 = ( GEOMETRIC_REPRESENTATION_CONTEXT(3) 
GLOBAL_UNCERTAINTY_ASSIGNED_CONTEXT((#14895)) 
GLOBAL_UNIT_ASSIGNED_CONTEXT((#14892,#14893,#14894)) 
REPRESENTATION_CONTEXT('Context #1',
  '3D Context with UNIT and UNCERTAINTY') );
#14892 = ( LENGTH_UNIT() NAMED_UNIT(*) SI_UNIT(.MILLI.,.METRE.) );
#14893 = ( NAMED_UNIT(*) PLANE_ANGLE_UNIT() SI_UNIT($,.RADIAN.) );
#14894 = ( NAMED_UNIT(*) SI_UNIT($,.STERADIAN.) SOLID_ANGLE_UNIT() );
#14895 = UNCERTAINTY_MEASURE_WITH_UNIT(LENGTH_MEASURE(2.E-07),#14892,
  'distance_accuracy_value','confusion accuracy');
#14896 = PRODUCT_RELATED_PRODUCT_CATEGORY('part',$,(#7));
ENDSEC;
END-ISO-10303-21;
